PassageID,Title,Author,Total termFreq,Publication Year,Volume Number,Total Volumes,Imprint,Publication Place,Total Pages,Gender,Birth Year,Death Year,Popular Authors
0593000100_000129,"A journey made in the summer of 1794, through Holland and the western frontier of Germany, with a return down the Rhine: to which are added Observations during a tour to the lakes of Lancashire, Westmoreland, and Cumberland. By Ann Radcliffe.",Ann Radcliffe,23,1795,1,1,"London : printed for G. G. and J. Robinson, Paternoster-Row, MDCCXCV. [1795].",London,508,female,1764,1823,True
0129100101_000019,"Poems and plays. By Mrs. West, Author of ``a Tale of the Times,'' ``a Gossip's Story,'' &c. &c. ...",Jane West,17,1799,1,4,"London : printed by C. Whittingham; for T. N. Longman and O. Rees, Paternoster-Row, 1799.",London,224,female,1758,1852,False
0405901203_000021,"The romance of the forest: interspersed with some pieces of poetry. In three volumes. ... . The second edition. By Ann Radcliffe, Author of ``a Sicilian-Romance,'' &c.",Ann Radcliffe,15,1792,3,3,"London : printed for T. Hookham and J. Carpenter, New and Old Bond Street, M.DCC.XCII. [1792].",London,349,female,1764,1823,True
0463500601_000038,"A journey made in the summer of 1794, through Holland and the western frontier of Germany, with a return down the Rhine: to which are added Observations during a tour to the lakes of Lancashire, Westmoreland, and Cumberland. In two volumes. ... . Second edition. By Ann Radcliffe.",Ann Radcliffe,25,1795,1,2,"London : printed for G. G. and J. Robinson, Paternoster-Row, MDCCXCV. [1795].",London,482,female,1764,1823,True
0363500104_000028,"Tales of the castle: or, stories of instruction and delight. Being Les veillees du chateau, written in French by Madame la Comtesse de Genlis, Author of the Theatre of Education, Adela and Theodore, &c. Translated into English by Thomas Holcroft,",Stéphanie Félicité du Crest de Saint-Aubin,20,1793,4,5,"London : printed for G. G. J. and J. Robinson, No. 25, Pater-Noster-Row, 1793.",London,257,female,1746,1830,True
0545000203_000011,"The romance of the forest: interspersed with some pieces of poetry. In three volumes. ... The fifth edition. By Ann Radcliffe, ...",Ann Radcliffe,17,1796,3,3,"London : printed for Hookham and Carpenter, 1796.",London,313,female,1764,1823,True
0850800102_000003,"The mysteries of Udolpho, a romance; interspersed with some pieces of poetry. By Ann Radcliffe, Author of the romance of the Forest, etc. The third edition. In four volumes. ...",Ann Radcliffe,16,1795,2,4,"London : printed for G. G. and J. Robinson, Paternoster-Row, 1795.",London,481,female,1764,1823,True
0883300303_000072,"The mysteries of Udolpho, a romance; interspersed with some pieces of poetry. By Ann Radcliffe, ... In three volumes, ...",Ann Radcliffe,15,1795,3,3,"Dublin : printed by N. Kelly, for Messrs. P. Wogan, W. Jones. H. Colbert, and J. Milliken, 1795.",Dublin,358,female,1764,1823,True
0137000100_000026,"An essay on the writings and genius of Shakespear, compared with the Greek and French dramatic poets. With some remarks upon the misrepresentations of Mons. de Voltaire.",Elizabeth Montagu,14,1770,1,1,"London : printed by J. and H. Hughs, near Lincoln's-Inn-Fields: and sold by J. Dodsley, Pall-Mall; Mess. Baker and Leigh, York-Street, Covent-Garden; T. Becket, and T. Cadell, in the Strand; J. Walter, Charing-Cross; H. Denoyer, Lisle-Street; and J. Wilkie, No 71. St. Paul's Church-Yard, M.DCC.LXX. [1770].",London,277,female,1720,1800,False
0842900102_000003,"The mysteries of Udolpho, a romance; interspersed with some pieces of poetry. By Ann Radcliffe, ...",Ann Radcliffe,16,1794,2,4,"London : printed for G.G. and J. Robinson, 1794.",London,484,female,1764,1823,True
0593000100_000039,"A journey made in the summer of 1794, through Holland and the western frontier of Germany, with a return down the Rhine: to which are added Observations during a tour to the lakes of Lancashire, Westmoreland, and Cumberland. By Ann Radcliffe.",Ann Radcliffe,22,1795,1,1,"London : printed for G. G. and J. Robinson, Paternoster-Row, MDCCXCV. [1795].",London,508,female,1764,1823,True
0364000204_000028,"Tales of the castle: or, stories of instruction and delight. Being Les veillees du chateau, written in French by Madame la Comtesse de Genlis, Author of the Theatre of Education, Adela and Theodore, &c. Translated into English by Thomas Holcroft,",Stéphanie Félicité du Crest de Saint-Aubin,19,1787,4,5,"London : printed for G. G. J. and J. Robinson, No. 25, Pater-Noster-Row, 1787.",London,258,female,1746,1830,True
0496901502_000010,"The mysteries of Udolpho, a romance; interspersed with some pieces of poetry. By Ann Radcliffe, author of the Romance of the forest, etc. In three volumes. ...",Ann Radcliffe,15,1800,2,3,"Dublin : printed by Thomas Burnside. For P. Wogan, No. 23, Old Bridge, 1800.",Dublin,349,female,1764,1823,True
0463500602_000054,"A journey made in the summer of 1794, through Holland and the western frontier of Germany, with a return down the Rhine: to which are added Observations during a tour to the lakes of Lancashire, Westmoreland, and Cumberland. In two volumes. ... . Second edition. By Ann Radcliffe.",Ann Radcliffe,17,1795,2,2,"London : printed for G. G. and J. Robinson, Paternoster-Row, MDCCXCV. [1795].",London,423,female,1764,1823,True
0281300502_000003,"The mysteries of Udolpho, a romance; interspersed with some pieces of poetry. By Ann Radcliffe, Author of the Romance of the Forest, Etc. In three volumes. ...",Ann Radcliffe,16,1794,2,3,"Dublin : printed by Hillary and Barlow, for Messrs. P. Wogan, W. Jones, and H. Colbert, 1794.",Dublin,322,female,1764,1823,True
0463500602_000039,"A journey made in the summer of 1794, through Holland and the western frontier of Germany, with a return down the Rhine: to which are added Observations during a tour to the lakes of Lancashire, Westmoreland, and Cumberland. In two volumes. ... . Second edition. By Ann Radcliffe.",Ann Radcliffe,12,1795,2,2,"London : printed for G. G. and J. Robinson, Paternoster-Row, MDCCXCV. [1795].",London,423,female,1764,1823,True
0601201300_000021,"Poetical sketches, by Ann Batten Cristall.",Ann Batten Cristall,18,1795,1,1,"London : printed for J. Johnson, St. Paul's Church yard, 1795.",London,203,female,1769,1848,False
0247300302_000029,"The mysteries of Udolpho, a romance; interspersed with some pieces of poetry. By Ann Radcliffe, author of the romance of the forest, etc. In four volumes. ...",Ann Radcliffe,16,1794,2,4,"London : printed for G. G. and J. Robinson, Paternoster-Row, 1794.",London,480,female,1764,1823,True
0373400800_000003,Poems by Anne Bannerman.,Anne Bannerman,13,1800,1,1,"Edinburgh : printed by Mundell & Son, Royal Bank Close; for Mundell & Son Edinburgh; and Longman & Rees, and J. Wright, London, 1800.",Edinburgh,111,female,1765,1829,False
0496901502_000003,"The mysteries of Udolpho, a romance; interspersed with some pieces of poetry. By Ann Radcliffe, author of the Romance of the forest, etc. In three volumes. ...",Ann Radcliffe,17,1800,2,3,"Dublin : printed by Thomas Burnside. For P. Wogan, No. 23, Old Bridge, 1800.",Dublin,349,female,1764,1823,True
0337501000_000015,"Devout exercises of the heart, in meditation and soliloquy, prayer and praise.",Elizabeth Rowe,15,1775,1,1,"Dublin : printed for W. Whitestone, No. 33, in Skinner-Row, MDCCLXXV. [1775].",Dublin,191,female,1674,1737,True
0971500800_000019,"Poems, by Mrs. Mary Robinson.",Mary Robinson,13,1795,1,1,"London : printed by T. Spilsbury and Son; and sold by J. Evans, Paternoster Row, and T. Becket, Pall Mall, [1795?].",London,233,female,1758,1800,True
0247300302_000036,"The mysteries of Udolpho, a romance; interspersed with some pieces of poetry. By Ann Radcliffe, author of the romance of the forest, etc. In four volumes. ...",Ann Radcliffe,14,1794,2,4,"London : printed for G. G. and J. Robinson, Paternoster-Row, 1794.",London,480,female,1764,1823,True
0393800102_000003,"The mysteries of Udolpho, a romance; interspersed with some pieces of poetry. By Ann Ratcliffe [sic], author of The romance of the forest, A Sicilian romance, &c. In three volumes. ...",Ann Radcliffe,17,1795,2,3,"Boston : Printed by Samuel Etheridge, for J. White, W. Spotswood, Thomas & Andrews, D. West, E. Larkin, W.P. Blake, J. West, and J.W. Folsom, 1795.",Boston,224,female,1764,1823,True
1620200102_000017,A sicilian romance by the authoress of the Castle of Athlin and Dunbayne. In two volumes. Volume I.,Ann Radcliffe,12,1791,2,2,"Dublin : Printed by B. Smith, for J. Moore, No. 45, College-Green, M,DCC,XCI. [1791].",Dublin,222,female,1764,1823,True
0373400800_000006,Poems by Anne Bannerman.,Anne Bannerman,12,1800,1,1,"Edinburgh : printed by Mundell & Son, Royal Bank Close; for Mundell & Son Edinburgh; and Longman & Rees, and J. Wright, London, 1800.",Edinburgh,111,female,1765,1829,False
0703000502_000019,Poems by Mrs. M. Robinson.,Mary Robinson,13,1791,2,2,"London : printed by J. Bell, British-Library, Strand, Bookseller to His Royal Highness the Prince of Wales, MDCCXCI. [1791].",London,234,female,1758,1800,True
0601201300_000016,"Poetical sketches, by Ann Batten Cristall.",Ann Batten Cristall,11,1795,1,1,"London : printed for J. Johnson, St. Paul's Church yard, 1795.",London,203,female,1769,1848,False
0593000100_000125,"A journey made in the summer of 1794, through Holland and the western frontier of Germany, with a return down the Rhine: to which are added Observations during a tour to the lakes of Lancashire, Westmoreland, and Cumberland. By Ann Radcliffe.",Ann Radcliffe,14,1795,1,1,"London : printed for G. G. and J. Robinson, Paternoster-Row, MDCCXCV. [1795].",London,508,female,1764,1823,True
0850800102_000029,"The mysteries of Udolpho, a romance; interspersed with some pieces of poetry. By Ann Radcliffe, Author of the romance of the Forest, etc. The third edition. In four volumes. ...",Ann Radcliffe,12,1795,2,4,"London : printed for G. G. and J. Robinson, Paternoster-Row, 1795.",London,481,female,1764,1823,True
0405901203_000017,"The romance of the forest: interspersed with some pieces of poetry. In three volumes. ... . The second edition. By Ann Radcliffe, Author of ``a Sicilian-Romance,'' &c.",Ann Radcliffe,16,1792,3,3,"London : printed for T. Hookham and J. Carpenter, New and Old Bond Street, M.DCC.XCII. [1792].",London,349,female,1764,1823,True
0842900102_000036,"The mysteries of Udolpho, a romance; interspersed with some pieces of poetry. By Ann Radcliffe, ...",Ann Radcliffe,13,1794,2,4,"London : printed for G.G. and J. Robinson, 1794.",London,484,female,1764,1823,True
1469600500_000039,Poems on several occasions. Together with the song of the three children paraphras'd. By the Lady Chudleigh.,Lady Mary Chudleigh,11,1703,1,1,"London : Printed by W.B. for Bernard Lintott at the Middle Temple Gate in Fleetstreet, 1703.",London,222,female,1656,1710,False
0933900400_000004,"Remarks on the speech of M. Dupont, made in the National Convention of France, on the subjects of religion and public education. By Hannah More.",Hannah More,11,1793,1,1,"London : printed for T. Cadell in the Strand, MDCCXCIII. [1793].",London,63,female,1745,1833,True
0355800101_000044,"Tales of the castle: or, stories of instruction and delight. Being Les veillées du chateau, written in French by Madame la Comtesse de Genlis, Author of the Theatre of Education, Adela and Theodore, &c. Translated into English by Thomas Holcroft. ...",Stéphanie Félicité du Crest de Saint-Aubin,13,1785,1,4,"Dublin : printed for Messrs. Price, Moncrieffe, Jenkin, Walker, Burton, Exshaw, White, Byrne, Parker, H. White-Stone, and Cash, MDCCLXXXV. [1785].",Dublin,302,female,1746,1830,True
0883300302_000003,"The mysteries of Udolpho, a romance; interspersed with some pieces of poetry. By Ann Radcliffe, ... In three volumes, ...",Ann Radcliffe,16,1795,2,3,"Dublin : printed by N. Kelly, for Messrs. P. Wogan, W. Jones. H. Colbert, and J. Milliken, 1795.",Dublin,326,female,1764,1823,True
0463500602_000051,"A journey made in the summer of 1794, through Holland and the western frontier of Germany, with a return down the Rhine: to which are added Observations during a tour to the lakes of Lancashire, Westmoreland, and Cumberland. In two volumes. ... . Second edition. By Ann Radcliffe.",Ann Radcliffe,15,1795,2,2,"London : printed for G. G. and J. Robinson, Paternoster-Row, MDCCXCV. [1795].",London,423,female,1764,1823,True
0373400800_000013,Poems by Anne Bannerman.,Anne Bannerman,11,1800,1,1,"Edinburgh : printed by Mundell & Son, Royal Bank Close; for Mundell & Son Edinburgh; and Longman & Rees, and J. Wright, London, 1800.",Edinburgh,111,female,1765,1829,False
0390200600_000129,"A journey made in the summer of 1794, through Holland and the western frontier of Germany, with a Return down the Rhine: to which are added, observations during a tour to the lakes of Lancashire, Westmoreland, and Cumberland. By Ann Radcliffe.",Ann Radcliffe,15,1795,1,1,"Dublin : printed by William Porter, for P. Wogan, P. Byrne, H. Colbert, W. Porter, W. Jones, J. Rice, H. Fitzpatrick, and G. Folingsby. 1795.",Dublin,512,female,1764,1823,True
0247300302_000002,"The mysteries of Udolpho, a romance; interspersed with some pieces of poetry. By Ann Radcliffe, author of the romance of the forest, etc. In four volumes. ...",Ann Radcliffe,15,1794,2,4,"London : printed for G. G. and J. Robinson, Paternoster-Row, 1794.",London,480,female,1764,1823,True
1429102403_000025,"Letters containing a sketch of the scenes which passed in various departments of France, During the tyranny of Roberspierre, and of the events which took place in Paris on the tenth of thermidor, By Helen Maria Williams. Vol III.",Helen Maria Williams,10,1795,3,3,"London : Printed for G.G. and J. Robinson, Paternoster-Row, 1795.",London,230,female,1762,1827,True
0373400800_000008,Poems by Anne Bannerman.,Anne Bannerman,12,1800,1,1,"Edinburgh : printed by Mundell & Son, Royal Bank Close; for Mundell & Son Edinburgh; and Longman & Rees, and J. Wright, London, 1800.",Edinburgh,111,female,1765,1829,False
0023600101_000007,"The romance of the forest: interspersed with some pieces of poetry. In three volumes. ... . The fourth edition. By Ann Radcliffe, author of ``a Sicilian Romance,'' &c.",Ann Radcliffe,13,1794,1,3,"London : printed for T. Hookham and J. Carpenter, new and old Bond Street, M,DCC,XCIV. [1794].",London,284,female,1764,1823,True
0137000200_000026,"An essay on the writings and genius of Shakespear, compared with the Greek and French dramatic poets. With some remarks upon the misrepresentations of Mons. de Voltaire.",Elizabeth Montagu,13,1772,1,1,"London : printed by H. Hughs, near Lincoln's-Inn-Fields; for Edward and Charles Dilly, in the Poultry, M.DCC.LXXII. [1772].",London,277,female,1720,1800,False
0758500400_000019,"Poems, on various subjects. By Eliza Daye.","Day, Eliza",13,1798,1,1,"Liverpool : printed by J. M'creery; and published for the author, at the Subscription Library, Lancaster; also for Mr. Walmsley and Mr. Holt; for Mr. Jones, Mr. Gore, and Messrs. Wright and Ormandy, Liverpool; and for Mr. Johnson, St. Paul's Church Yard, London, 1798.",Liverpool,273,female,,,False
0703000501_000017,Poems by Mrs. M. Robinson.,Mary Robinson,15,1791,1,2,"London : printed by J. Bell, British-Library, Strand, Bookseller to His Royal Highness the Prince of Wales, MDCCXCI. [1791].",London,248,female,1758,1800,True
0393800102_000010,"The mysteries of Udolpho, a romance; interspersed with some pieces of poetry. By Ann Ratcliffe [sic], author of The romance of the forest, A Sicilian romance, &c. In three volumes. ...",Ann Radcliffe,14,1795,2,3,"Boston : Printed by Samuel Etheridge, for J. White, W. Spotswood, Thomas & Andrews, D. West, E. Larkin, W.P. Blake, J. West, and J.W. Folsom, 1795.",Boston,224,female,1764,1823,True
0381500604_000028,"Tales of the castle: or, stories of instruction and delight. Being Les veillées du chateau, written in French by Madame la comtesse de Genlis, Author of the Theatre of Education, Adela and Theodore, &c. Translated into English by Thomas Holcroft. ...",Stéphanie Félicité du Crest de Saint-Aubin,15,1785,4,5,"London : printed for G. Robinson, No 25, Pater-Noster-Row, MDCCLXXXV. [1785].",London,281,female,1746,1830,True
0390200600_000133,"A journey made in the summer of 1794, through Holland and the western frontier of Germany, with a Return down the Rhine: to which are added, observations during a tour to the lakes of Lancashire, Westmoreland, and Cumberland. By Ann Radcliffe.",Ann Radcliffe,18,1795,1,1,"Dublin : printed by William Porter, for P. Wogan, P. Byrne, H. Colbert, W. Porter, W. Jones, J. Rice, H. Fitzpatrick, and G. Folingsby. 1795.",Dublin,512,female,1764,1823,True
0296200200_000026,"An essay on the writings and genius of Shakespear, compared with the Greek and French dramatic poets. With some remarks upon the misrepresentations of Mons. de Voltaire.",Elizabeth Montagu,16,1769,1,1,"Dublin : printed for H. Saunders, J. Potts, W. Sleater, D. Chamberlaine, and J. Williams, M,DCC,LXIX. [1769].",Dublin,233,female,1720,1800,False
0187100100_000026,"An essay on the writings and genius of Shakespear, compared with the Greek and French dramatic poets. With some remarks upon the misrepresentations of Mons. de Voltaire.",Elizabeth Montagu,13,1769,1,1,"London : printed for J. Dodsley, Pall-Mall; Mess. Baker and Leigh, York-Street, Covent-Garden; J. Walter, Charing-Cross; T. Cadell, in the Strand; and J. Wilkie, No 71. St. Paul's Church-Yard, M.DCC.LXIX. [1769].",London,278,female,1720,1800,False
1206301802_000017,A Sicilian romance. By the authoress of The Castles of Athlin and Dunbayne. In two volumes. ...,Ann Radcliffe,10,1792,2,2,"London : printed for T. Hookham, 1792.",London,219,female,1764,1823,True
0373400800_000009,Poems by Anne Bannerman.,Anne Bannerman,12,1800,1,1,"Edinburgh : printed by Mundell & Son, Royal Bank Close; for Mundell & Son Edinburgh; and Longman & Rees, and J. Wright, London, 1800.",Edinburgh,111,female,1765,1829,False
0191900202_000054,Epistles for the ladies ...,Eliza Haywood,12,1749,2,2,"London : printed and published by T. Gardner, at Cowley's-Head opposite St. Clement's Church in the Strand, 1749-50.",London,399,female,1693,1756,True
0163900500_000011,"Poetic laurels for characters of distinguished merit; interspersed with Poems, Moral and Entertaining: dedicated to his Royal Highness George Prince of Wales, By Maria and Harriet Falconar, authors of a collection of poems, and slavery, a tract.","Falconar, Harriet",12,1791,1,1,"London : printed at the Logographic Press; and sold by J. Walter, No 169, Piccadilly, opposite Old Bond Street, M.DCC.XCI. [1791].",London,103,female,,,False
0842900102_000030,"The mysteries of Udolpho, a romance; interspersed with some pieces of poetry. By Ann Radcliffe, ...",Ann Radcliffe,12,1794,2,4,"London : printed for G.G. and J. Robinson, 1794.",London,484,female,1764,1823,True
0168800401_000025,"A tour in Switzerland; or, a view of the present state of the governments and manners of those cantons: with comparative sketches of the present state of Paris. By Helen Maria Williams. ...",Helen Maria Williams,20,1798,1,2,"London : printed for G. G. and J. Robinson, Paternoster-Row, M,DCC,XCVIII. [1798].",London,373,female,1762,1827,True
0463500602_000055,"A journey made in the summer of 1794, through Holland and the western frontier of Germany, with a return down the Rhine: to which are added Observations during a tour to the lakes of Lancashire, Westmoreland, and Cumberland. In two volumes. ... . Second edition. By Ann Radcliffe.",Ann Radcliffe,14,1795,2,2,"London : printed for G. G. and J. Robinson, Paternoster-Row, MDCCXCV. [1795].",London,423,female,1764,1823,True
0883300302_000013,"The mysteries of Udolpho, a romance; interspersed with some pieces of poetry. By Ann Radcliffe, ... In three volumes, ...",Ann Radcliffe,11,1795,2,3,"Dublin : printed by N. Kelly, for Messrs. P. Wogan, W. Jones. H. Colbert, and J. Milliken, 1795.",Dublin,326,female,1764,1823,True
0721401700_000015,"Devout exercises of the heart, in meditation and soliloquy, prayer and praise. By the late pious and ingenious Mrs Rowe. Revised and published, at her request, by I. Watts, D.D.",Elizabeth Rowe,15,1766,1,1,"Edinburgh : printed for C. Buglas bookseller in Berwick, MDCCLXVI. [1766].",Edinburgh,184,female,1674,1737,True
1192400103_000038,"Emmeline, the orphan of the castle. By Charlotte Smith. In four volumes. ...",Charlotte Turner Smith,10,1789,3,4,"London : printed for T. Cadell, in the Strand, MDCCLXXXIX. [1789].",London,325,female,1749,1806,True
0463500602_000044,"A journey made in the summer of 1794, through Holland and the western frontier of Germany, with a return down the Rhine: to which are added Observations during a tour to the lakes of Lancashire, Westmoreland, and Cumberland. In two volumes. ... . Second edition. By Ann Radcliffe.",Ann Radcliffe,15,1795,2,2,"London : printed for G. G. and J. Robinson, Paternoster-Row, MDCCXCV. [1795].",London,423,female,1764,1823,True
1589900400_000015,"Devout exercises of the heart in meditation and soliloquy, prayer and praise. By the late pious and ingenious Mrs. Rowe. Review'd and published at her request by I. Watts, D.D.",Elizabeth Rowe,14,1750,1,1,"Glasgow : Printed by John Duncan, MDCCL. [1750].",Glasgow,218,female,1674,1737,True
0405901201_000007,"The romance of the forest: interspersed with some pieces of poetry. In three volumes. ... . The second edition. By Ann Radcliffe, Author of ``a Sicilian-Romance,'' &c.",Ann Radcliffe,13,1792,1,3,"London : printed for T. Hookham and J. Carpenter, New and Old Bond Street, M.DCC.XCII. [1792].",London,279,female,1764,1823,True
0240601000_000015,"Devout exercises of the heart in meditation and soliloquy, prayer and praise. By the late pious and ingenious Mrs. Rowe. Review'd and published at her request, by I. Watts, D.D.",Elizabeth Rowe,14,1738,1,1,"London : printed for R. Hett, at the Bible and Crown in the Poultry, M.DCC.XXXVIII. [1738].",London,192,female,1674,1737,True
0016900101_000021,"Reuben and Rachel; or, tales of old times. A novel. In two volumes. By Mrs. Rowson, ...",Susanna Rowson,14,1799,1,2,"London : printed at the Minerva-Press, for William Lane, 1799.",London,286,female,1762,1824,True
0343200202_000047,"Religion considered as the only basis of happiness and of true philosophy. A work written for the instruction of the children of his most serene highness the Duke of Orleans; ... By Madame the Marchioness of Sillery, ... In two volumes.",Stéphanie Félicité du Crest de Saint-Aubin,14,1787,2,2,"Dublin : printed by William Porter, for H. Chamberlaine, White, Byrne, Colbert, W. Porter, and Moore, 1787.",Dublin,151,female,1746,1830,True
0310901102_000029,"The abbey of Saint Asaph. A novel. In three volumes. By the author of Madeline, of [sic] the castle of Montgomery. ...",Isabella Kelly,14,1795,2,3,"London : printed for William Lane, at the Minerva-Press, 1795.",London,242,female,1759,1857,False
0463500602_000049,"A journey made in the summer of 1794, through Holland and the western frontier of Germany, with a return down the Rhine: to which are added Observations during a tour to the lakes of Lancashire, Westmoreland, and Cumberland. In two volumes. ... . Second edition. By Ann Radcliffe.",Ann Radcliffe,18,1795,2,2,"London : printed for G. G. and J. Robinson, Paternoster-Row, MDCCXCV. [1795].",London,423,female,1764,1823,True
0593000100_000110,"A journey made in the summer of 1794, through Holland and the western frontier of Germany, with a return down the Rhine: to which are added Observations during a tour to the lakes of Lancashire, Westmoreland, and Cumberland. By Ann Radcliffe.",Ann Radcliffe,16,1795,1,1,"London : printed for G. G. and J. Robinson, Paternoster-Row, MDCCXCV. [1795].",London,508,female,1764,1823,True
0364000201_000044,"Tales of the castle: or, stories of instruction and delight. Being Les veillees du chateau, written in French by Madame la Comtesse de Genlis, Author of the Theatre of Education, Adela and Theodore, &c. Translated into English by Thomas Holcroft,",Stéphanie Félicité du Crest de Saint-Aubin,10,1787,1,5,"London : printed for G. G. J. and J. Robinson, No. 25, Pater-Noster-Row, 1787.",London,305,female,1746,1830,True
0363000200_000014,"Poems; wherein it is attempted to describe certain views of nature and of rustic manners ; and also, to point out, in some instances, the different influence which the same circumstances produce on different characters.",Joanna Baillie,14,1790,1,1,"London : printed for J. Johnson, Saint Paul's Church-Yard, MDCCXC. [1790].",London,183,female,1762,1851,False
0793800202_000017,A sicilian romance. By the authoress of the castles of Athlin and Dunbayne. In two volumes. ...,Ann Radcliffe,11,1790,2,2,"London : printed for T. Hookham, New Bond-Street, MDCCLXC [1790].",London,220,female,1764,1823,True
1429102403_000008,"Letters containing a sketch of the scenes which passed in various departments of France, During the tyranny of Roberspierre, and of the events which took place in Paris on the tenth of thermidor, By Helen Maria Williams. Vol III.",Helen Maria Williams,12,1795,3,3,"London : Printed for G.G. and J. Robinson, Paternoster-Row, 1795.",London,230,female,1762,1827,True
0666502601_000025,"Adelaide and Theodore; or letters on education: containing all the principles relative to three different plans of education; to that of Princes, and to those of young Persons of both Sexes. Translated from the French of Madame la Comtesse de Genlis.",Stéphanie Félicité du Crest de Saint-Aubin,11,1783,1,3,"London : printed for C. Bathurst, in Fleet-Street; and T. Cadell, in the Strand, MDCCLXXXIII. [1783].",London,310,female,1746,1830,True
0029300202_000004,"Hubert de Sevrac, a romance, of the eighteenth century; by Mary Robinson, author of Poems, Angelina, the Sicilian Lover, the Widow, &c. &c. &c. In three volumes, ...",Mary Robinson,14,1796,2,3,"London : printed for the author, by Hookham and Carpenter, Old-Bond-Street, 1796.",London,305,female,1758,1800,True
1133500201_000024,"Adelaide and Theodore; or, letters on education: containing all the principles relative to three different plans of education; Containing All the Principles relative to three different Plans of Education; to that of Princes, and to those of young Persons of both Sexes. Translated from the French of Madame la Comtesse de Genlis. ...",Stéphanie Félicité du Crest de Saint-Aubin,11,1783,1,3,"Dublin : printed for Luke White, (no. 86.) Dame-Street, MDCCLXXXIII. [1783].",Dublin,304,female,1746,1830,True
1143200100_000042,"Poems, dramatic and miscellaneous. By Mrs. M. Warren. [Two lines from Pope].",Mercy Otis Warren,13,1790,1,1,"Printed at Boston : by I. Thomas and E.T. Andrews. At Faust's Statue, no. 45, Newbury Street, MDCCXC. [1790].",Boston,251,female,1728,1814,False
0593000100_000118,"A journey made in the summer of 1794, through Holland and the western frontier of Germany, with a return down the Rhine: to which are added Observations during a tour to the lakes of Lancashire, Westmoreland, and Cumberland. By Ann Radcliffe.",Ann Radcliffe,14,1795,1,1,"London : printed for G. G. and J. Robinson, Paternoster-Row, MDCCXCV. [1795].",London,508,female,1764,1823,True
1301000602_000042,"The romance of the forest. Interspersed with some pieces of poetry. By Mrs. Ratcliffe. Authoress of ""A Sicilian romance,"" &c. In two volumes. Vo. I.",Ann Radcliffe,11,1793,2,2,"Dublin : Printed for Messers. P. Wogan, P. Byrne, W. M'Kenzie, J. Moore, J. Jones, and W. Jones, 1793.",Dublin,326,female,1764,1823,True
0463500602_000037,"A journey made in the summer of 1794, through Holland and the western frontier of Germany, with a return down the Rhine: to which are added Observations during a tour to the lakes of Lancashire, Westmoreland, and Cumberland. In two volumes. ... . Second edition. By Ann Radcliffe.",Ann Radcliffe,14,1795,2,2,"London : printed for G. G. and J. Robinson, Paternoster-Row, MDCCXCV. [1795].",London,423,female,1764,1823,True
0834100300_000077,"A companion, and useful guide to the beauties of Scotland, to the lakes of Westmoreland, Cumberland, and Lancashire; and to the curiosities in the district of Craven, in the West riding of Yorkshire. To which is added, a more particular description of Scotland, especially that part of it, called the highlands. By the Hon. Mrs. Murray, of Kensington.",Sarah Murray,25,1799,1,1,"London : printed for the author; and sold by George Nicol, bookseller to his Majesty, Pall-Mall, 1799.",London,402,female,1744,1811,False
0390200600_000127,"A journey made in the summer of 1794, through Holland and the western frontier of Germany, with a Return down the Rhine: to which are added, observations during a tour to the lakes of Lancashire, Westmoreland, and Cumberland. By Ann Radcliffe.",Ann Radcliffe,17,1795,1,1,"Dublin : printed by William Porter, for P. Wogan, P. Byrne, H. Colbert, W. Porter, W. Jones, J. Rice, H. Fitzpatrick, and G. Folingsby. 1795.",Dublin,512,female,1764,1823,True
0842900104_000040,"The mysteries of Udolpho, a romance; interspersed with some pieces of poetry. By Ann Radcliffe, ...",Ann Radcliffe,16,1794,4,4,"London : printed for G.G. and J. Robinson, 1794.",London,430,female,1764,1823,True
0850800104_000040,"The mysteries of Udolpho, a romance; interspersed with some pieces of poetry. By Ann Radcliffe, Author of the romance of the Forest, etc. The third edition. In four volumes. ...",Ann Radcliffe,16,1795,4,4,"London : printed for G. G. and J. Robinson, Paternoster-Row, 1795.",London,429,female,1764,1823,True
0516500600_000026,"An essay on the writings and genius of Shakespear, compared with the Greek and French dramatic poets. With some remarks upon the misrepresentations of Mons. de Voltaire. The fifth edition, corrected. To which are added, three dialogues of the dead. By Mrs. Montagu.",Elizabeth Montagu,9,1785,1,1,"London : printed for Charles Dilly, M,DCC,LXXXV. [1785].",London,305,female,1720,1800,False
0622500502_000038,The romance of the forest. Interspersed with some pieces of poetry. By Mrs. Ratcliffe [sic]. ... In two volumes. ...,Ann Radcliffe,14,1800,2,2,"Dublin : printed by J. Stockdale for Pat. Wogan, 1800-01.",Dublin,273,female,1764,1823,True
0463500602_000036,"A journey made in the summer of 1794, through Holland and the western frontier of Germany, with a return down the Rhine: to which are added Observations during a tour to the lakes of Lancashire, Westmoreland, and Cumberland. In two volumes. ... . Second edition. By Ann Radcliffe.",Ann Radcliffe,15,1795,2,2,"London : printed for G. G. and J. Robinson, Paternoster-Row, MDCCXCV. [1795].",London,423,female,1764,1823,True
0593000100_000112,"A journey made in the summer of 1794, through Holland and the western frontier of Germany, with a return down the Rhine: to which are added Observations during a tour to the lakes of Lancashire, Westmoreland, and Cumberland. By Ann Radcliffe.",Ann Radcliffe,16,1795,1,1,"London : printed for G. G. and J. Robinson, Paternoster-Row, MDCCXCV. [1795].",London,508,female,1764,1823,True
1419500201_000025,A tour in Switzerland; or A view of the present state of the governments and manners of those cantons: With comparative sketches of the present state of Paris. By Helen Maria Williams.,Helen Maria Williams,16,1798,1,2,"Dublin : Printed for P. Wogan, J. Moore, W. Porter, and B. Fitzpatrick, 1798.",Dublin,249,female,1762,1827,True
1014300600_000119,"The beauties of Genlis; being a select collection of the most beautiful tales and other striking extracts, from Adela and Theodore; The tales of the castle; The Theatre of Education and Sacred Dramas. Written by the Countess of Genlis.",Stéphanie Félicité du Crest de Saint-Aubin,10,1791,1,1,"Dublin : printed by Bernard Dornin, No. 35, College-Green, M.DCC.XCI. [1791].",Dublin,356,female,1746,1830,True
1175001001_000016,Calaf; a Persian tale. In two volumes. ...,Margaret Holford,13,1798,1,2,"London : printed for Hookham and Carpenter, Old Bond Street, 1798.",London,232,female,1757,1834,False
0644301000_000001,"An elegy on the death of the Right Honourable Edmund Burke. By Mrs. West, Author Of The Gossip's Story, Miscellaneous Poems, A Tragedy, &c.",Jane West,15,1797,1,1,"London : printed for T. N. Longman, No. 39, Paternoster-Row, 1797.",London,22,female,1758,1852,False
0247300304_000040,"The mysteries of Udolpho, a romance; interspersed with some pieces of poetry. By Ann Radcliffe, author of the romance of the forest, etc. In four volumes. ...",Ann Radcliffe,15,1794,4,4,"London : printed for G. G. and J. Robinson, Paternoster-Row, 1794.",London,434,female,1764,1823,True
0545000203_000001,"The romance of the forest: interspersed with some pieces of poetry. In three volumes. ... The fifth edition. By Ann Radcliffe, ...",Ann Radcliffe,10,1796,3,3,"London : printed for Hookham and Carpenter, 1796.",London,313,female,1764,1823,True
0744200900_000005,"Odes, &c. on various occasions. By Mary Heron, Authoress Of The Conflict, &c.","Heron, Mary",11,1792,1,1,"Newcastle : printed by Hall and Elliot, 1792.",Newcastle upon Tyne,54,female,,,False
0601201300_000017,"Poetical sketches, by Ann Batten Cristall.",Ann Batten Cristall,14,1795,1,1,"London : printed for J. Johnson, St. Paul's Church yard, 1795.",London,203,female,1769,1848,False
1141400400_000089,"Friendship in death: in twenty letters from the dead to the living. To which are added, letters moral and entertaining, in prose and verse. In three parts. By Mrs Elizabeth Rowe.",Elizabeth Rowe,10,1777,1,1,"Edinburgh : printed by and for W. Darling, Advocates Close, M.DCC.LXXVII. [1777].",Edinburgh,344,female,1674,1737,True
0273300102_000011,Rural walks: in dialogues. Intended for the use of young persons. By Charlotte Smith. In two volumes. ...,Charlotte Turner Smith,9,1795,2,2,"London : printed for T. Cadell jun. and W. Davies, (successors to Mr. Cadell,) in the Strand, 1795.",London,188,female,1749,1806,True
0281300502_000010,"The mysteries of Udolpho, a romance; interspersed with some pieces of poetry. By Ann Radcliffe, Author of the Romance of the Forest, Etc. In three volumes. ...",Ann Radcliffe,12,1794,2,3,"Dublin : printed by Hillary and Barlow, for Messrs. P. Wogan, W. Jones, and H. Colbert, 1794.",Dublin,322,female,1764,1823,True
1196500100_000025,Joseph. In five books. By A. M. Cox.,"Mackenzie, Anna Maria",12,1783,1,1,"London : printed for the author, by H. D. Steel, No. 51, Lothbury, near Coleman-Street, and sold by the following booksellers: Mr. Dodsley, Pall-Mall; Mr. Flexney; Holborn; and Mr. Fielding, Pater-Noster-Row, M.DCC.LXXXIII. [1783].",London,246,female,,,False
0149005001_000024,"Reginald, or the house of Mirandola. A romance. In three volumes. By the author of Melbourne, &c. ...","Martin, Mrs",10,1799,1,3,"London : printed at the Minerva-Press, for William Lane, Leadenhall-Street, 1799.",London,301,female,,,False
0410800200_000023,"Letters containing a sketch of the scenes which passed in various Departments of France during the tyranny of Robespierre, and of the events which took place in Paris on the 28th of July 1794. By Helen Maria Williams. Vol.III.",Helen Maria Williams,10,1795,1,1,"London : printed for G. G. and J. Robinson, Paternoster-Row, 1795.",London,231,female,1762,1827,True
0516500600_000023,"An essay on the writings and genius of Shakespear, compared with the Greek and French dramatic poets. With some remarks upon the misrepresentations of Mons. de Voltaire. The fifth edition, corrected. To which are added, three dialogues of the dead. By Mrs. Montagu.",Elizabeth Montagu,10,1785,1,1,"London : printed for Charles Dilly, M,DCC,LXXXV. [1785].",London,305,female,1720,1800,False
0663901800_000018,"Miscellaneous pieces, in prose, by J. and A. L. Aikin.",Anna Laetitia Barbauld,16,1773,1,1,"London : printed for J. Johnson, in St. Paul's Church-Yard, MDCCLXXIII. [1773].",London,224,female,1743,1825,True
0475700700_000018,"Miscellaneous pieces, in prose, by John Aikin, M.D. and Anna Lætitia Barbauld.",Anna Laetitia Barbauld,16,1792,1,1,"London : printed for J. Johnson, 1792.",London,272,female,1743,1825,True
0622500501_000006,The romance of the forest. Interspersed with some pieces of poetry. By Mrs. Ratcliffe [sic]. ... In two volumes. ...,Ann Radcliffe,11,1800,1,2,"Dublin : printed by J. Stockdale for Pat. Wogan, 1800-01.",Dublin,265,female,1764,1823,True
0850800102_000036,"The mysteries of Udolpho, a romance; interspersed with some pieces of poetry. By Ann Radcliffe, Author of the romance of the Forest, etc. The third edition. In four volumes. ...",Ann Radcliffe,10,1795,2,4,"London : printed for G. G. and J. Robinson, Paternoster-Row, 1795.",London,481,female,1764,1823,True
0463500602_000047,"A journey made in the summer of 1794, through Holland and the western frontier of Germany, with a return down the Rhine: to which are added Observations during a tour to the lakes of Lancashire, Westmoreland, and Cumberland. In two volumes. ... . Second edition. By Ann Radcliffe.",Ann Radcliffe,13,1795,2,2,"London : printed for G. G. and J. Robinson, Paternoster-Row, MDCCXCV. [1795].",London,423,female,1764,1823,True
1144200400_000026,"An essay on the writings and genius of Shakespear, compared with the Greek and French dramatic poets. With some remarks upon the misrepresentations of Mons. de Voltaire.",Elizabeth Montagu,12,1778,1,1,"Dublin : printed for J. Potts, W. Sleater, D. Chamberlaine, J. Williams, and W. Colles, M,DCC,LXXVIII. [1778].",Dublin,232,female,1720,1800,False
1144200400_000023,"An essay on the writings and genius of Shakespear, compared with the Greek and French dramatic poets. With some remarks upon the misrepresentations of Mons. de Voltaire.",Elizabeth Montagu,11,1778,1,1,"Dublin : printed for J. Potts, W. Sleater, D. Chamberlaine, J. Williams, and W. Colles, M,DCC,LXXVIII. [1778].",Dublin,232,female,1720,1800,False
0936800202_000016,"Adelaide and Theodore; or, letters on education: containing all the principles relative to three different plans of education; to that of princes, and to those of young persons of both sexes. Translated from the French of Madame la Comtesse de Genlis.",Stéphanie Félicité du Crest de Saint-Aubin,9,1796,2,3,"London : printed for T. Cadell, jun. and W. Davies, (successors to Mr. Cadell) in the Strand, 1796.",London,257,female,1746,1830,True
0393800103_000072,"The mysteries of Udolpho, a romance; interspersed with some pieces of poetry. By Ann Ratcliffe [sic], author of The romance of the forest, A Sicilian romance, &c. In three volumes. ...",Ann Radcliffe,15,1795,3,3,"Boston : Printed by Samuel Etheridge, for J. White, W. Spotswood, Thomas & Andrews, D. West, E. Larkin, W.P. Blake, J. West, and J.W. Folsom, 1795.",Boston,231,female,1764,1823,True
0041201900_000004,"Remarks on the speech of M. Dupont, made in the National Convention of France, on the subjects of religion and public education. By Hannah More.",Hannah More,10,1793,1,1,"London : printed for T. Cadell in the Strand, MDCCXCIII. [1793].",London,63,female,1745,1833,True
1698000202_000058,"A journey made in the summer of 1794, through Holland and the western frontier of Germany, with a return down the Rhine: to which are added observations during a tour to the lakes of Lancashire, Westmoreland, and Cumberland. In two volumes. ... Second edition. By Ann Radcliffe.",Ann Radcliffe,14,1796,2,2,"London : printed for G.G. and J. Robinson, Paternoster-Row, MDCCXCVI. [1796].",London,451,female,1764,1823,True
0971500800_000005,"Poems, by Mrs. Mary Robinson.",Mary Robinson,12,1795,1,1,"London : printed by T. Spilsbury and Son; and sold by J. Evans, Paternoster Row, and T. Becket, Pall Mall, [1795?].",London,233,female,1758,1800,True
0433700301_000028,The history of Ned Evans. Interspersed with moral and critical remarks; anecdotes and characters of many persons ... In two volumes. ...,"Hervey, Elizabeth",15,1796,1,2,"Dublin : printed by John Rice; and sold by H. and P. Rice, Philadelphia, 1796.",Dublin,286,female,1748,1820,False
0438801301_000028,The history of Ned Evans. Second edition. In four volumes. ...,"Hervey, Elizabeth",14,1797,1,4,"London : printed for G. G. and J. Robinson, Paternoster-Row, M.DCC.XCVII. [1797].",London,288,female,1748,1820,False
0405901203_000007,"The romance of the forest: interspersed with some pieces of poetry. In three volumes. ... . The second edition. By Ann Radcliffe, Author of ``a Sicilian-Romance,'' &c.",Ann Radcliffe,10,1792,3,3,"London : printed for T. Hookham and J. Carpenter, New and Old Bond Street, M.DCC.XCII. [1792].",London,349,female,1764,1823,True
0023600103_000007,"The romance of the forest: interspersed with some pieces of poetry. In three volumes. ... . The fourth edition. By Ann Radcliffe, author of ``a Sicilian Romance,'' &c.",Ann Radcliffe,10,1794,3,3,"London : printed for T. Hookham and J. Carpenter, new and old Bond Street, M,DCC,XCIV. [1794].",London,352,female,1764,1823,True
1419500201_000011,A tour in Switzerland; or A view of the present state of the governments and manners of those cantons: With comparative sketches of the present state of Paris. By Helen Maria Williams.,Helen Maria Williams,10,1798,1,2,"Dublin : Printed for P. Wogan, J. Moore, W. Porter, and B. Fitzpatrick, 1798.",Dublin,249,female,1762,1827,True
1175001002_000016,Calaf; a Persian tale. In two volumes. ...,Margaret Holford,11,1798,2,2,"London : printed for Hookham and Carpenter, Old Bond Street, 1798.",London,233,female,1757,1834,False
0023600103_000022,"The romance of the forest: interspersed with some pieces of poetry. In three volumes. ... . The fourth edition. By Ann Radcliffe, author of ``a Sicilian Romance,'' &c.",Ann Radcliffe,10,1794,3,3,"London : printed for T. Hookham and J. Carpenter, new and old Bond Street, M,DCC,XCIV. [1794].",London,352,female,1764,1823,True
0850800102_000002,"The mysteries of Udolpho, a romance; interspersed with some pieces of poetry. By Ann Radcliffe, Author of the romance of the Forest, etc. The third edition. In four volumes. ...",Ann Radcliffe,13,1795,2,4,"London : printed for G. G. and J. Robinson, Paternoster-Row, 1795.",London,481,female,1764,1823,True
1129300402_000018,"A sicilian romance. By Ann Radcliffe, author of the Romance of the Forest, Castles of Athlin and Dunbayne, &c. &c.",Ann Radcliffe,9,1796,2,2,"London : printed for Hookham and Carpenter, Bond-Street, 1796.",London,220,female,1764,1823,True
0343200101_000022,"Religion considered as the only basis of happiness, and of true philosophy. A work written for the instruction of the children of his Most Serene Highness the Duke of Orleans; And in which the Principles of modern pretended Philosophers are laid open and refuted. By Madame the Marchioness of Sillery, heretofore countess of genlis. In two volumes. ...",Stéphanie Félicité du Crest de Saint-Aubin,11,1787,1,2,"London : printed for T. Payne and Son, at the Mews Gate; T. Cadell, and P. Elmsly, in the Strand, M.DCC.LXXXVII. [1787].",London,312,female,1746,1830,True
0381500605_000032,"Tales of the castle: or, stories of instruction and delight. Being Les veillées du chateau, written in French by Madame la comtesse de Genlis, Author of the Theatre of Education, Adela and Theodore, &c. Translated into English by Thomas Holcroft. ...",Stéphanie Félicité du Crest de Saint-Aubin,11,1785,5,5,"London : printed for G. Robinson, No 25, Pater-Noster-Row, MDCCLXXXV. [1785].",London,286,female,1746,1830,True
0556000400_000018,"Cleomelia: or, the generous mistress. Being the secret history of a lady lately arriv'd from Bengall, a kingdom in the East-Indies. By Mrs. Eliza Haywood. To which is added, I. The lucky rape: or, fate the best disposer. II. The capricious lover: or, no trifling with a woman.",Eliza Haywood,11,1727,1,1,"London : printed for J. Millan, at Locke's-Head in New Street, near the Upper End of the Hay-Market, and sold by J. Roberts in Warwick Lane, H. Northoock at Cicero's-Head Tavistock Street, and the next bookseller to the Horse-Guards , [1727].",London,107,female,1693,1756,True
0834100300_000033,"A companion, and useful guide to the beauties of Scotland, to the lakes of Westmoreland, Cumberland, and Lancashire; and to the curiosities in the district of Craven, in the West riding of Yorkshire. To which is added, a more particular description of Scotland, especially that part of it, called the highlands. By the Hon. Mrs. Murray, of Kensington.",Sarah Murray,10,1799,1,1,"London : printed for the author; and sold by George Nicol, bookseller to his Majesty, Pall-Mall, 1799.",London,402,female,1744,1811,False
0036500304_000008,"The false friend: a domestic story. By Mary Robinson, Author of Poems, Walsingham, Angelina, Hubert de Sevrac, &c. &c. In four volumes. ...",Mary Robinson,9,1799,4,4,"London : printed for T. N. Longman and O. Rees, Paternoster-Row, 1799.",London,372,female,1758,1800,True
0593000100_000119,"A journey made in the summer of 1794, through Holland and the western frontier of Germany, with a return down the Rhine: to which are added Observations during a tour to the lakes of Lancashire, Westmoreland, and Cumberland. By Ann Radcliffe.",Ann Radcliffe,19,1795,1,1,"London : printed for G. G. and J. Robinson, Paternoster-Row, MDCCXCV. [1795].",London,508,female,1764,1823,True
0137000200_000023,"An essay on the writings and genius of Shakespear, compared with the Greek and French dramatic poets. With some remarks upon the misrepresentations of Mons. de Voltaire.",Elizabeth Montagu,10,1772,1,1,"London : printed by H. Hughs, near Lincoln's-Inn-Fields; for Edward and Charles Dilly, in the Poultry, M.DCC.LXXII. [1772].",London,277,female,1720,1800,False
0850800104_000041,"The mysteries of Udolpho, a romance; interspersed with some pieces of poetry. By Ann Radcliffe, Author of the romance of the Forest, etc. The third edition. In four volumes. ...",Ann Radcliffe,14,1795,4,4,"London : printed for G. G. and J. Robinson, Paternoster-Row, 1795.",London,429,female,1764,1823,True
0364000205_000032,"Tales of the castle: or, stories of instruction and delight. Being Les veillees du chateau, written in French by Madame la Comtesse de Genlis, Author of the Theatre of Education, Adela and Theodore, &c. Translated into English by Thomas Holcroft,",Stéphanie Félicité du Crest de Saint-Aubin,11,1787,5,5,"London : printed for G. G. J. and J. Robinson, No. 25, Pater-Noster-Row, 1787.",London,263,female,1746,1830,True
0593000100_000113,"A journey made in the summer of 1794, through Holland and the western frontier of Germany, with a return down the Rhine: to which are added Observations during a tour to the lakes of Lancashire, Westmoreland, and Cumberland. By Ann Radcliffe.",Ann Radcliffe,12,1795,1,1,"London : printed for G. G. and J. Robinson, Paternoster-Row, MDCCXCV. [1795].",London,508,female,1764,1823,True
0390200600_000037,"A journey made in the summer of 1794, through Holland and the western frontier of Germany, with a Return down the Rhine: to which are added, observations during a tour to the lakes of Lancashire, Westmoreland, and Cumberland. By Ann Radcliffe.",Ann Radcliffe,14,1795,1,1,"Dublin : printed by William Porter, for P. Wogan, P. Byrne, H. Colbert, W. Porter, W. Jones, J. Rice, H. Fitzpatrick, and G. Folingsby. 1795.",Dublin,512,female,1764,1823,True
0027800201_000042,"The twin sisters; or, the effects of education. A novel; in a series of letters. By a lady. ...",Lady,8,1792,1,3,"Dublin : printed for H. Colbert, No. 136, Capel-Street, M,DCC,XCII. [1792].",Dublin,269,female,,,False
0206900204_000035,Celestina. A novel. In four volumes. By Charlotte Smith. ...,Charlotte Turner Smith,15,1791,4,4,"London : printed for T. Cadell, in the Strand, M.DCC.XCI. [1791].",London,356,female,1749,1806,True
0016300103_000025,"Rosina: a novel. In five volumes. By the author of Delia, an interesting tale, in Four Volumes. ...",Mary Pilkington,14,1793,3,5,"London : printed for William Lane, at the Minerva, Leadenhall-Street, MDCCXCIII. [1793].",London,293,female,1766,1839,True
0687400803_000048,Celestina. A novel. In three volumes. By Charlotte Smith. ...,Charlotte Turner Smith,15,1791,3,3,"Dublin : printed for R. Cross, P. Wogan, P. Byrne, J. Moore, J. Halpen, H. Colbert, W. Sleater, B. Dornin, W. Porter. A. Grueber, J. Jones, J. Rice, W. Jones, R. White, R. M'alister, and A. Porter, 1791.",Dublin,303,female,1749,1806,True
0146400100_000002,"Sight, the cavern of woe, and solitude. Poems by Mrs. Mary Robinson, author of poems, &c. Ainsi Va Le Monde, the Monody to the memory of sir Joshua Reynolds, Vancenza, &c. &c. &c.",Mary Robinson,11,1793,1,1,"London : printed by T. Spilsbury and son, Snow-Hill; and sold by J. Evans, No. 32, Paternoster-Row; and T. Becket, Pall-Mall, M.DCC.XCIII. [1793].",London,35,female,1758,1800,True
0463500602_000006,"A journey made in the summer of 1794, through Holland and the western frontier of Germany, with a return down the Rhine: to which are added Observations during a tour to the lakes of Lancashire, Westmoreland, and Cumberland. In two volumes. ... . Second edition. By Ann Radcliffe.",Ann Radcliffe,14,1795,2,2,"London : printed for G. G. and J. Robinson, Paternoster-Row, MDCCXCV. [1795].",London,423,female,1764,1823,True
1098500104_000036,Celestina. A novel. In four volumes. By Charlotte Smith. ...,Charlotte Turner Smith,14,1791,4,4,"London : printed for T. Cadell, in the Strand, M.DCC.XCI. [1791].",London,359,female,1749,1806,True
0168800401_000050,"A tour in Switzerland; or, a view of the present state of the governments and manners of those cantons: with comparative sketches of the present state of Paris. By Helen Maria Williams. ...",Helen Maria Williams,23,1798,1,2,"London : printed for G. G. and J. Robinson, Paternoster-Row, M,DCC,XCVIII. [1798].",London,373,female,1762,1827,True
1698000202_000054,"A journey made in the summer of 1794, through Holland and the western frontier of Germany, with a return down the Rhine: to which are added observations during a tour to the lakes of Lancashire, Westmoreland, and Cumberland. In two volumes. ... Second edition. By Ann Radcliffe.",Ann Radcliffe,12,1796,2,2,"London : printed for G.G. and J. Robinson, Paternoster-Row, MDCCXCVI. [1796].",London,451,female,1764,1823,True
0191600300_000003,"Mary Queen of Scots, an historical ballad; with Other Poems. By a lady.",Lady,9,1800,1,1,"London : printed [by S. Gosnell] for John Stockdale, Piccadilly, 1800.",London,91,female,,,False
0687300603_000009,"Clermont. A tale. In four volumes. By Regina Maria Roche, ...",Regina Maria Roche,12,1798,3,4,"London : printed at the Minerva-Press, for William Lane, 1798.",London,256,female,1764,1845,False
1129300402_000005,"A sicilian romance. By Ann Radcliffe, author of the Romance of the Forest, Castles of Athlin and Dunbayne, &c. &c.",Ann Radcliffe,10,1796,2,2,"London : printed for Hookham and Carpenter, Bond-Street, 1796.",London,220,female,1764,1823,True
0381401100_000025,Dialogues of the dead.,Elizabeth Montagu,10,1768,1,1,"London : printed for J. Murray (successor to Mr. Sandby) at No. 32, opposite St. Dunstan's Church, in Fleet-Street, M.DCC.LXVIII. [1768].",London,452,female,1720,1800,False
0957900600_000009,"The description of Bath. A poem. Humbly Inscrib'd To Her Royal Highness the Princess Amelia. By Mrs. Mary Chandler. To which are added, several poems by the same author.",Mary Chandler,10,1741,1,1,"London : printed for James Leake, bookseller in Bath, M.DCC.XLI. [1741].",London,94,female,1687,1745,False
0146400100_000001,"Sight, the cavern of woe, and solitude. Poems by Mrs. Mary Robinson, author of poems, &c. Ainsi Va Le Monde, the Monody to the memory of sir Joshua Reynolds, Vancenza, &c. &c. &c.",Mary Robinson,12,1793,1,1,"London : printed by T. Spilsbury and son, Snow-Hill; and sold by J. Evans, No. 32, Paternoster-Row; and T. Becket, Pall-Mall, M.DCC.XCIII. [1793].",London,35,female,1758,1800,True
0029300203_000030,"Hubert de Sevrac, a romance, of the eighteenth century; by Mary Robinson, author of Poems, Angelina, the Sicilian Lover, the Widow, &c. &c. &c. In three volumes, ...",Mary Robinson,9,1796,3,3,"London : printed for the author, by Hookham and Carpenter, Old-Bond-Street, 1796.",London,322,female,1758,1800,True
0363000200_000015,"Poems; wherein it is attempted to describe certain views of nature and of rustic manners ; and also, to point out, in some instances, the different influence which the same circumstances produce on different characters.",Joanna Baillie,14,1790,1,1,"London : printed for J. Johnson, Saint Paul's Church-Yard, MDCCXC. [1790].",London,183,female,1762,1851,False
0106200902_000014,The works of Mrs Elizabeth Rowe: in four volumes. ... . Containing Letters from the Dead to the Living. In Twenty Letters. Letters Moral & Entertaining Parts First & Second.,Elizabeth Rowe,10,1796,2,4,"London : printed for John & Arthur Arch, Grace-Church Street, & for Silvester Doig, Edinburgh, 1796.",London,322,female,1674,1737,True
0883300301_000076,"The mysteries of Udolpho, a romance; interspersed with some pieces of poetry. By Ann Radcliffe, ... In three volumes, ...",Ann Radcliffe,15,1795,1,3,"Dublin : printed by N. Kelly, for Messrs. P. Wogan, W. Jones. H. Colbert, and J. Milliken, 1795.",Dublin,311,female,1764,1823,True
0842900102_000029,"The mysteries of Udolpho, a romance; interspersed with some pieces of poetry. By Ann Radcliffe, ...",Ann Radcliffe,15,1794,2,4,"London : printed for G.G. and J. Robinson, 1794.",London,484,female,1764,1823,True
0703000502_000005,Poems by Mrs. M. Robinson.,Mary Robinson,12,1791,2,2,"London : printed by J. Bell, British-Library, Strand, Bookseller to His Royal Highness the Prince of Wales, MDCCXCI. [1791].",London,234,female,1758,1800,True
0026901000_000039,The castles of Athlin and Dunbayne. A Highland story.,Ann Radcliffe,13,1793,1,1,"London : printed for Hookham and Carpenter, Bond-Street, M.DCC.XCIII. [1793].",London,283,female,1764,1823,True
1144100201_000006,"The romance of the forest: interspersed with some pieces of poetry. By the authoress of ""A Sicilian romance,"" &c. In two volumes. ...",Ann Radcliffe,10,1792,1,2,"Dublin : printed for Messrs. P. Wogan, P Byrne, A. Grueber, W. M'Kenzie, W. Sleater, J. Moore, J. Jones, J. Mehain, B. Dornin, J. Halpen, W. Jones, R. M'allister, J. Rice, R. White, A. Porter, 1792.",Dublin,288,female,1764,1823,True
1041800401_000089,"Walsingham; or, the pupil of nature, a domestic story. By Mary Robinson, author of Angelina-Hubert de sevrac-the Widow-Vancenza, &c. &c. &c. In two volumes. ...",Mary Robinson,9,1798,1,2,"Dublin : printed by B. Smith, for P. Wogan, C. Brown, H. Colbert, W. Porter, and J. Rice, 1798.",Dublin,337,female,1758,1800,True
0615100601_000001,The morality of Shakespeare's drama illustrated. In two volumes. ... By Mrs. Griffith.,Elizabeth Griffith,12,1777,1,2,"Dublin : printed for J. Beatty, 1777.",Dublin,305,female,1720,1793,True
0296200200_000023,"An essay on the writings and genius of Shakespear, compared with the Greek and French dramatic poets. With some remarks upon the misrepresentations of Mons. de Voltaire.",Elizabeth Montagu,9,1769,1,1,"Dublin : printed for H. Saunders, J. Potts, W. Sleater, D. Chamberlaine, and J. Williams, M,DCC,LXIX. [1769].",Dublin,233,female,1720,1800,False
1027702000_000006,"Miscellaneous. Poems, by Mary Heron.","Heron, Mary",8,1786,1,1,"Newcastle : printed for the author; sold by T. Saint, MDCCLXXXVI. [1786].",Newcastle upon Tyne,85,female,,,False
0012900801_000022,"The excursion. In two volumes. By Mrs. Brooke; Author of the History of Lady Julia Mandeville, and of Emily Montague. ...",Frances Brooke,10,1777,1,2,"London : printed for T. Cadell, in the Strand, MDCCLXXVII. [1777].",London,216,female,1724,1789,True
0555600101_000051,"Hubert de Sevrac, a romance, of the eighteenth century. By Mrs. Robinson. ...",Mary Robinson,11,1797,1,2,"Dublin : printed by B. Smith, C. Browne, and H. Colbert, 1797.",Dublin,257,female,1758,1800,True
0622500502_000042,The romance of the forest. Interspersed with some pieces of poetry. By Mrs. Ratcliffe [sic]. ... In two volumes. ...,Ann Radcliffe,9,1800,2,2,"Dublin : printed by J. Stockdale for Pat. Wogan, 1800-01.",Dublin,273,female,1764,1823,True
0343200201_000022,"Religion considered as the only basis of happiness and of true philosophy. A work written for the instruction of the children of his most serene highness the Duke of Orleans; ... By Madame the Marchioness of Sillery, ... In two volumes.",Stéphanie Félicité du Crest de Saint-Aubin,10,1787,1,2,"Dublin : printed by William Porter, for H. Chamberlaine, White, Byrne, Colbert, W. Porter, and Moore, 1787.",Dublin,160,female,1746,1830,True
0458500201_000008,"Letters on different subjects, in four volumes; amongst which are interspers'd The adventures of Alphonso, after the destruction of Lisbon. By the author of The unfortunate mother's advice to her absent daughters. The second edition. Vol. I.",Sarah Pennington,12,1767,1,2,"London : to be had by the subscribers of those booksellers to whom they have subscribed, and at W. Bristow's, at his house in Roll's Buildings, Fetter-Lane, M.DCCLXVII. [1767].",London,199,female,1720,1783,True
0024400300_000095,Memoirs of a certain island adjacent to the Kingdom of Utopia. Written by a celebrated author of that country. Now translated into English.,Eliza Haywood,13,1725,1,1,"London : printed , and sold by the booksellers of London and Westminster, M.DCC.XXV. [1725].",London,299,female,1693,1756,True
0201200303_000037,"Emmeline, the orphan of the castle. By Charlotte Smith. In four volumes. ...",Charlotte Turner Smith,9,1788,3,4,"London : printed for T. Cadell, in the Strand, 1788.",London,321,female,1749,1806,True
0883300302_000010,"The mysteries of Udolpho, a romance; interspersed with some pieces of poetry. By Ann Radcliffe, ... In three volumes, ...",Ann Radcliffe,11,1795,2,3,"Dublin : printed by N. Kelly, for Messrs. P. Wogan, W. Jones. H. Colbert, and J. Milliken, 1795.",Dublin,326,female,1764,1823,True
0817200501_000001,Austenburn Castle. In two volumes. By an unpatronized female. ...,Unpatronized Female,9,1796,1,2,"Dublin : printed by Thomas Burnside, for Messrs. P. Wogan, P. Byrne, J. Rice, J. Boyce, and W. Porter, 1796.",Dublin,314,female,,,False
0646400401_000031,"The girl of the mountains. A novel, in four volumes, by Mrs. Parsons, ...",Eliza Parsons,11,1797,1,4,"London : printed for William Lane, at the Minerva-Press, 1797.",London,281,female,1738,1811,True
0496100102_000011,Rural walks: in dialogues. Intended for the use of young persons. By Charlotte Smith. In two volumes. ...,Charlotte Turner Smith,8,1798,2,2,"London : printed for T. Cadell Jun. and W. Davies, 1798.",London,186,female,1749,1806,True
0415900900_000003,The search after happiness: a pastoral drama.,Hannah More,8,1796,1,1,"London : printed for T. Cadell, Junior, and W. Davies (successors to Mr. Cadell) in the Strand, 1796.",London,62,female,1745,1833,True
0593000100_000123,"A journey made in the summer of 1794, through Holland and the western frontier of Germany, with a return down the Rhine: to which are added Observations during a tour to the lakes of Lancashire, Westmoreland, and Cumberland. By Ann Radcliffe.",Ann Radcliffe,17,1795,1,1,"London : printed for G. G. and J. Robinson, Paternoster-Row, MDCCXCV. [1795].",London,508,female,1764,1823,True
0951001100_000051,Poems on several occasions. Together with The song of the three children paraphras'd. By the Lady Chudleigh.,Lady Mary Chudleigh,10,1713,1,1,"London : printed for Bernard Lintott, at the Cross Keys between the two Temple Gates: and sold by Charles Rivington, at the Bible and Crown near the Chapter House in St. Paul's Church-Yard, 1713.",London,269,female,1656,1710,False
1206301802_000005,A Sicilian romance. By the authoress of The Castles of Athlin and Dunbayne. In two volumes. ...,Ann Radcliffe,10,1792,2,2,"London : printed for T. Hookham, 1792.",London,219,female,1764,1823,True
1698000202_000052,"A journey made in the summer of 1794, through Holland and the western frontier of Germany, with a return down the Rhine: to which are added observations during a tour to the lakes of Lancashire, Westmoreland, and Cumberland. In two volumes. ... Second edition. By Ann Radcliffe.",Ann Radcliffe,18,1796,2,2,"London : printed for G.G. and J. Robinson, Paternoster-Row, MDCCXCVI. [1796].",London,451,female,1764,1823,True
1696600500_000059,"A chronological account and brief history of the events of the French revolution, From the taking of the Bastile, in 1789, to the conquest of Holland, in 1795, including a period of nearly six years, by J. Talma, a native of Paris, and now a dentist in Chester.","Talma, Julie",8,1795,1,1,"London : Printed for the author, and sold by G. Sael, Newcastle-Street, Strand, [1795]",London,254,female,1756,1805,False
0817200501_000039,Austenburn Castle. In two volumes. By an unpatronized female. ...,Unpatronized Female,11,1796,1,2,"Dublin : printed by Thomas Burnside, for Messrs. P. Wogan, P. Byrne, J. Rice, J. Boyce, and W. Porter, 1796.",Dublin,314,female,,,False
0106200902_000076,The works of Mrs Elizabeth Rowe: in four volumes. ... . Containing Letters from the Dead to the Living. In Twenty Letters. Letters Moral & Entertaining Parts First & Second.,Elizabeth Rowe,9,1796,2,4,"London : printed for John & Arthur Arch, Grace-Church Street, & for Silvester Doig, Edinburgh, 1796.",London,322,female,1674,1737,True
0393800102_000013,"The mysteries of Udolpho, a romance; interspersed with some pieces of poetry. By Ann Ratcliffe [sic], author of The romance of the forest, A Sicilian romance, &c. In three volumes. ...",Ann Radcliffe,9,1795,2,3,"Boston : Printed by Samuel Etheridge, for J. White, W. Spotswood, Thomas & Andrews, D. West, E. Larkin, W.P. Blake, J. West, and J.W. Folsom, 1795.",Boston,224,female,1764,1823,True
0023600103_000021,"The romance of the forest: interspersed with some pieces of poetry. In three volumes. ... . The fourth edition. By Ann Radcliffe, author of ``a Sicilian Romance,'' &c.",Ann Radcliffe,9,1794,3,3,"London : printed for T. Hookham and J. Carpenter, new and old Bond Street, M,DCC,XCIV. [1794].",London,352,female,1764,1823,True
1620200102_000018,A sicilian romance by the authoress of the Castle of Athlin and Dunbayne. In two volumes. Volume I.,Ann Radcliffe,8,1791,2,2,"Dublin : Printed by B. Smith, for J. Moore, No. 45, College-Green, M,DCC,XCI. [1791].",Dublin,222,female,1764,1823,True
0247300302_000039,"The mysteries of Udolpho, a romance; interspersed with some pieces of poetry. By Ann Radcliffe, author of the romance of the forest, etc. In four volumes. ...",Ann Radcliffe,9,1794,2,4,"London : printed for G. G. and J. Robinson, Paternoster-Row, 1794.",London,480,female,1764,1823,True
0523600403_000024,"Letters containing a sketch of the politics of France, from the thirty-first of May 1793, till the twenty-eighth of July 1794, and of the scenes which have passed in the prisons of Paris. By Helen Maria Williams. Vols. I. and II.",Helen Maria Williams,9,1796,3,3,"Dublin : printed by J. Chambers, No. 5, Abbey-Street, 1796.",Dublin,238,female,1762,1827,True
0730800400_000001,"Elegy on Captain Cook. To which is added, an Ode to the sun. By Miss Seward.",Anna Seward,10,1780,1,1,"London : printed for J. Dodsley, in Pall-Mall, M.DCC.LXXX. [1780].",London,22,female,1742,1809,False
0134202300_000001,"Elegy on Captain Cook. To which is added, an ode to the sun. By Miss Seward.",Anna Seward,10,1780,1,1,"London : printed for J. Dodsley, in Pall-Mall, M.DCC.LXXX. [1780].",London,22,female,1742,1809,False
0545000203_000015,"The romance of the forest: interspersed with some pieces of poetry. In three volumes. ... The fifth edition. By Ann Radcliffe, ...",Ann Radcliffe,8,1796,3,3,"London : printed for Hookham and Carpenter, 1796.",London,313,female,1764,1823,True
1768300200_000024,Dialogues of the dead.,Elizabeth Montagu,10,1760,1,1,"London : printed for W. Sandby, 1760.",London,330,female,1718,1800,False
0129100103_000033,"Poems and plays. By Mrs. West, Author of ``a Tale of the Times,'' ``a Gossip's Story,'' &c. &c. ...",Jane West,12,1799,3,4,"London : printed by C. Whittingham; for T. N. Longman and O. Rees, Paternoster-Row, 1799.",London,268,female,1758,1852,False
1144100202_000038,"The romance of the forest: interspersed with some pieces of poetry. By the authoress of ""A Sicilian romance,"" &c. In two volumes. ...",Ann Radcliffe,12,1792,2,2,"Dublin : printed for Messrs. P. Wogan, P Byrne, A. Grueber, W. M'Kenzie, W. Sleater, J. Moore, J. Jones, J. Mehain, B. Dornin, J. Halpen, W. Jones, R. M'allister, J. Rice, R. White, A. Porter, 1792.",Dublin,335,female,1764,1823,True
0355800104_000004,"Tales of the castle: or, stories of instruction and delight. Being Les veillées du chateau, written in French by Madame la Comtesse de Genlis, Author of the Theatre of Education, Adela and Theodore, &c. Translated into English by Thomas Holcroft. ...",Stéphanie Félicité du Crest de Saint-Aubin,13,1785,4,4,"Dublin : printed for Messrs. Price, Moncrieffe, Jenkin, Walker, Burton, Exshaw, White, Byrne, Parker, H. White-Stone, and Cash, MDCCLXXXV. [1785].",Dublin,285,female,1746,1830,True
0035201100_000041,"Letters and essays, moral, and miscellaneous. By Mary Hays.",Mary Hays,9,1793,1,1,"London : printed for T. Knott, No. 47, Lombard-Street, MDCCXCIII. [1793].",London,271,female,1759,1843,True
0878900400_000020,"Devout exercises of the heart in Meditation and Soliloquy, Prayer and Praise. By the late Pious and Ingenious Mrs. Rowe. Reviewed and published at her request, by I. Watts, D. D.",Elizabeth Rowe,11,1761,1,1,"London : printed for T. Longman, J. Buckland, and W. Fenner, in Pater-Noster-Row; J. Waugh in Lombard-Street; E. Dilly in the Poultry, and T. Field in Cheapside, MDCCLXI. [1761].",London,159,female,1674,1737,True
0287201800_000019,"Devout exercises of the heart in meditation and soliloquy, prayer and praise. By the late pious and ingenious Mrs Rowe. Reviewed and published at her request, by I. Watts, D.D.",Elizabeth Rowe,11,1777,1,1,"London : printed for J. F. and C. Rivington, J. Buckland, T. Caslon, T. Longman, T. Field, and E. and C. Dilly, MDCCLXXVII. [1777].",London,156,female,1674,1737,True
0381500604_000016,"Tales of the castle: or, stories of instruction and delight. Being Les veillées du chateau, written in French by Madame la comtesse de Genlis, Author of the Theatre of Education, Adela and Theodore, &c. Translated into English by Thomas Holcroft. ...",Stéphanie Félicité du Crest de Saint-Aubin,12,1785,4,5,"London : printed for G. Robinson, No 25, Pater-Noster-Row, MDCCLXXXV. [1785].",London,281,female,1746,1830,True
0545000201_000007,"The romance of the forest: interspersed with some pieces of poetry. In three volumes. ... The fifth edition. By Ann Radcliffe, ...",Ann Radcliffe,11,1796,1,3,"London : printed for Hookham and Carpenter, 1796.",London,324,female,1764,1823,True
0833200400_000019,"Devout exercises of the heart in meditation and soliloquy, prayer and praise. By the late pious and ingenious Mrs. Rowe. Review'd and published at her request, by I. Watts, D.D.",Elizabeth Rowe,11,1754,1,1,"London : printed for T. and T. Longman, and J. Buckland in Pater-Noster Row; J. Oswald in the Poultry; J. Waugh and W. Fenner in Lombard-Street; and J. Ward in Cornhill, MDCCLIV. [1754].",London,158,female,1674,1737,True
0545000203_000014,"The romance of the forest: interspersed with some pieces of poetry. In three volumes. ... The fifth edition. By Ann Radcliffe, ...",Ann Radcliffe,10,1796,3,3,"London : printed for Hookham and Carpenter, 1796.",London,313,female,1764,1823,True
0393800101_000076,"The mysteries of Udolpho, a romance; interspersed with some pieces of poetry. By Ann Ratcliffe [sic], author of The romance of the forest, A Sicilian romance, &c. In three volumes. ...",Ann Radcliffe,11,1795,1,3,"Boston : Printed by Samuel Etheridge, for J. White, W. Spotswood, Thomas & Andrews, D. West, E. Larkin, W.P. Blake, J. West, and J.W. Folsom, 1795.",Boston,230,female,1764,1823,True
0496901503_000071,"The mysteries of Udolpho, a romance; interspersed with some pieces of poetry. By Ann Radcliffe, author of the Romance of the forest, etc. In three volumes. ...",Ann Radcliffe,13,1800,3,3,"Dublin : printed by Thomas Burnside. For P. Wogan, No. 23, Old Bridge, 1800.",Dublin,359,female,1764,1823,True
0842900102_000002,"The mysteries of Udolpho, a romance; interspersed with some pieces of poetry. By Ann Radcliffe, ...",Ann Radcliffe,11,1794,2,4,"London : printed for G.G. and J. Robinson, 1794.",London,484,female,1764,1823,True
0063500102_000015,"Literary amusements; or, evening entertainer. By a female hand. Containing, The history of Mr. Allen. The life of an authoress. The Enchanted Rose. History of Nouzharel. Fatal Curiosity. The Fox-Hunters. Effects of Seduction. Letter on Suicide. On the Studies of Women. William and Phebe. Thoughts on Friendship. On Rural Simplicity. In two volumes. ...",Female Hand,9,1782,2,2,"Dublin : printed by T. Henshall, for S. Price, W. & H. Whitestone, T. Walker, J. Beatty, E. Cross and R. Burton, MDCCLXXXII. [1782].",Dublin,239,female,,,False
0106200902_000043,The works of Mrs Elizabeth Rowe: in four volumes. ... . Containing Letters from the Dead to the Living. In Twenty Letters. Letters Moral & Entertaining Parts First & Second.,Elizabeth Rowe,13,1796,2,4,"London : printed for John & Arthur Arch, Grace-Church Street, & for Silvester Doig, Edinburgh, 1796.",London,322,female,1674,1737,True
1084200300_000043,"Instructions for a young lady, in every sphere and period of life. Containing, I. A mother's advice to her daughters. II. Two letters to a Lady upon the subject of religion, by a Clergyman. III. A Letter to a Young Lady on her Marriage. IV. A Letter on Temper. V. On Oeconomy. VI. On Politeness. Vii. An Epistle upon the Cultivation of Taste. Viii. Fables for the female sex. Compiled by a lady.",Sarah Pennington,10,1777,1,1,"London : printed for John Donaldson, the Corner of Arundel Street, No 188. in the Strand, M.DCC.LXXVII. [1777].",London,293,female,1720,1783,True
0058301300_000022,"Sacred dramas; chiefly intended for young persons: the subjects taken from the Bible. To which is added, Sensibility, a poem.",Hannah More,11,1783,1,1,"London : printed for T. Cadell in the Strand, MDCCLXXXIII. [1783].",London,298,female,1745,1833,True
0430400500_000022,"Sacred dramas; chiefly intended for young persons: the subjects taken from the Bible. To which is added, Sensibility, a poem.",Hannah More,11,1785,1,1,"London : printed for T. Cadell in the Strand, MDCCLXXXV. [1785].",London,297,female,1745,1833,True
0850800102_000028,"The mysteries of Udolpho, a romance; interspersed with some pieces of poetry. By Ann Radcliffe, Author of the romance of the Forest, etc. The third edition. In four volumes. ...",Ann Radcliffe,14,1795,2,4,"London : printed for G. G. and J. Robinson, Paternoster-Row, 1795.",London,481,female,1764,1823,True
0259600200_000094,"Friendship in death; in twenty letters from the dead to the living. To which are added, letters moral and entertaining, in prose and verse. In three parts. By Mrs. Elizabeth Rowe.",Elizabeth Rowe,9,1750,1,1,"London : printed for Henry Lintot, M.DCC.L. [1750].",London,505,female,1674,1737,True
0393800101_000019,"The mysteries of Udolpho, a romance; interspersed with some pieces of poetry. By Ann Ratcliffe [sic], author of The romance of the forest, A Sicilian romance, &c. In three volumes. ...",Ann Radcliffe,14,1795,1,3,"Boston : Printed by Samuel Etheridge, for J. White, W. Spotswood, Thomas & Andrews, D. West, E. Larkin, W.P. Blake, J. West, and J.W. Folsom, 1795.",Boston,230,female,1764,1823,True
0610801000_000006,A journey to the Highlands of Scotland. With occasional remarks on Dr. Johnson's tour: by a lady.,Mary Ann Hanway,11,1776,1,1,"London : printed for Fielding and Walker, No. 20, Pater-Noster Row, [1776?].",London,178,female,,,False
0636200100_000110,"Friendship in death: in twenty letters from the dead to the living. To which are added, letters moral and entertaining, in prose and verse. In three parts. By Mrs Elizabeth Rowe. To which is prefix'd, an account of the author's life.",Elizabeth Rowe,9,1760,1,1,"Glasgow : printed by James Knox, and sold at his shop near the Head of the Salt-Mercat, MDCCLX. [1760].",Glasgow,361,female,1674,1737,True
0834100300_000042,"A companion, and useful guide to the beauties of Scotland, to the lakes of Westmoreland, Cumberland, and Lancashire; and to the curiosities in the district of Craven, in the West riding of Yorkshire. To which is added, a more particular description of Scotland, especially that part of it, called the highlands. By the Hon. Mrs. Murray, of Kensington.",Sarah Murray,11,1799,1,1,"London : printed for the author; and sold by George Nicol, bookseller to his Majesty, Pall-Mall, 1799.",London,402,female,1744,1811,False
0633000200_000091,"Friendship in death: in twenty letters from the dead to the living. To which are added, letters moral and entertaining, in prose and verse. In three parts. By Mrs Elisabeth Rowe.",Elizabeth Rowe,9,1790,1,1,"London [i.e. York?] : printed for J. Hodges, W. Millar, R. Tonson, T. French, J. Ottridge, G. Wade, and J. Wren, M.DCC.XC. [1790].",York,311,female,1674,1737,True
0095100802_000013,"Memoirs of Mrs. Lætitia Pilkington, wife to the Rev. Mr. Matthew Pilkington. Written by herself. Wherein are occasionally interspersed, all her poems; with anecdotes of several eminent persons, living and dead. Among others, Dean Swift, Alexander Pope, Esq; &c. &c. &c.",Laetitia Pilkington,9,1748,2,3,"[London] : Dublin printed; London reprinted: and sold by R. Griffiths, at the Dunciad in Ludgate-Street, and G. Woodfall, at the King's Arms at Charing-Cross, 1748.",London,371,female,1712,1750,False
1014300600_000008,"The beauties of Genlis; being a select collection of the most beautiful tales and other striking extracts, from Adela and Theodore; The tales of the castle; The Theatre of Education and Sacred Dramas. Written by the Countess of Genlis.",Stéphanie Félicité du Crest de Saint-Aubin,11,1791,1,1,"Dublin : printed by Bernard Dornin, No. 35, College-Green, M.DCC.XCI. [1791].",Dublin,356,female,1746,1830,True
0817200502_000030,Austenburn Castle. In two volumes. By an unpatronized female. ...,Unpatronized Female,9,1796,2,2,"Dublin : printed by Thomas Burnside, for Messrs. P. Wogan, P. Byrne, J. Rice, J. Boyce, and W. Porter, 1796.",Dublin,285,female,,,False
0463500601_000035,"A journey made in the summer of 1794, through Holland and the western frontier of Germany, with a return down the Rhine: to which are added Observations during a tour to the lakes of Lancashire, Westmoreland, and Cumberland. In two volumes. ... . Second edition. By Ann Radcliffe.",Ann Radcliffe,11,1795,1,2,"London : printed for G. G. and J. Robinson, Paternoster-Row, MDCCXCV. [1795].",London,482,female,1764,1823,True
0363500101_000044,"Tales of the castle: or, stories of instruction and delight. Being Les veillees du chateau, written in French by Madame la Comtesse de Genlis, Author of the Theatre of Education, Adela and Theodore, &c. Translated into English by Thomas Holcroft,",Stéphanie Félicité du Crest de Saint-Aubin,9,1793,1,5,"London : printed for G. G. J. and J. Robinson, No. 25, Pater-Noster-Row, 1793.",London,305,female,1746,1830,True
0919300701_000023,Dialogues of the dead. In two volumes. ...,Elizabeth Montagu,12,1775,1,2,"London : printed for T. Pridden, Fleet Street, M.DCC.LXXV. [1775].",London,152,female,1720,1800,False
0390200600_000114,"A journey made in the summer of 1794, through Holland and the western frontier of Germany, with a Return down the Rhine: to which are added, observations during a tour to the lakes of Lancashire, Westmoreland, and Cumberland. By Ann Radcliffe.",Ann Radcliffe,12,1795,1,1,"Dublin : printed by William Porter, for P. Wogan, P. Byrne, H. Colbert, W. Porter, W. Jones, J. Rice, H. Fitzpatrick, and G. Folingsby. 1795.",Dublin,512,female,1764,1823,True
0075801400_000002,A dialogue on friendship and society. by the Translator of the Life of Petrarch.,"Dobson, Mrs. (Susannah)           1795",9,1777,1,1,"London : printed for T. Becket, the Corner of the Adelphi, Strand, 1777.",London,189,female,,,False
0217500400_000110,"An appeal to impartial posterity, by Citizenness Roland, wife of the Minister of the Home Department: or, a collection of pieces written by her during her confinement in the prisons of the Abbey, and St. Pélagie: Published for the Benefit of her only Daughter, deprinted of the Fortune of her Parents, whose Property is still in Sequestration. Part I. Translated from the French.",Manon Roland,8,1795,1,1,"London : printed for J. Johnson, St. Paul's Church-Yard, 1795.",London,552,female,1754,1793,False
0882900201_000028,"The italian, or the confessional of the black penitents. A romance. By Ann Radcliffe, Author of the Mysteries of Udolpho, &c. &c. In three volumes. ...",Ann Radcliffe,14,1797,1,3,"London : printed for T. Cadell jun. and W. Davies (successors to Mr. Cadell) in the Strand, 1797.",London,383,female,1764,1823,True
0373400800_000004,Poems by Anne Bannerman.,Anne Bannerman,9,1800,1,1,"Edinburgh : printed by Mundell & Son, Royal Bank Close; for Mundell & Son Edinburgh; and Longman & Rees, and J. Wright, London, 1800.",Edinburgh,111,female,1765,1829,False
0387400202_000010,"Rosella, or modern occurrences. A novel. In four volumes. By Mary Charlton, ...",Mary Charlton,10,1799,2,4,"London : printed at the Minerva-Press, for William Lane, 1799.",London,298,female,1770,1830,False
0610400400_000017,"A tour to Milford Haven, in the year 1791. By Mrs. Morgan.","Morgan, Mary, Mrs",11,1795,1,1,"London : printed for John Stockdale, in Piccadilly, M.DCC.XCV. [1795].",London,483,female,,,False
0032700402_000034,"Translation of the letters of a Hindoo Rajah; written previous to, and during the period of his residence in England. To which is prefixed a preliminary dissertation on the history, religion, and manners, of the Hindoos. In two volumes. By Eliza Hamilton, ...",Elizabeth Hamilton,9,1796,2,2,"London : printed for G.G. and J. Robinson, No. 25, Paternoster Row, 1796.",London,348,female,1758,1816,False
1240500600_000004,"Poems on slavery: by Maria Falconar, aged 17, and Harriet Falconar, aged 14.","Falconar, Harriet",11,1788,1,1,"London : printed for Messrs. Egertons, Charing-Cross; Mr. Murray, Temple-Bar; and Mr. J. Johnson, No. 72, St. Paul's Church-Yard, M.DCC.LXXXVIII. [1788].",London,29,female,,,False
1287800103_000064,"The works of Mrs Elisabeth Rowe. ... . Containing, friendship in death. Letters moral and entertaining, Part I. To which is prefixed, An account of the author's life.",Elizabeth Rowe,12,1770,3,4,"Edinburgh : printed by and for Gray & Alston, M.DCC.LXX. [1770].",Edinburgh,308,female,1674,1737,True
0038701500_000038,"Instructions for a young lady, in every sphere and period of life. Containing, I. A mother's advice to her daughters. II. Two letters to a Lady upon the subject of religion, by a Clergyman. III. A letter to a Young Lady on her Marriage. IV. An Eristle upon the Cultivation of Taste. V. Fables for the Female-Sex.",Sarah Pennington,10,1773,1,1,"Edinburgh : printed by A. Donaldson, and sold at his shop, No. 48, East corner of St. Paul's Church-Yard, London; and at Edinburgh, M.DCC.LXXIII. [1773].",Edinburgh,286,female,1720,1783,True
1103001200_000011,"The history of Joseph. A poem in ten books. To which is added, David's lamentation over Saul and Jonathan. By that distinguished Historian and Poet. Mr. Thomas Rowe, Author of the eight Lives published as a Supplement to Plutarch, and Husband to the celebrated Mrs. Eliz. Rowe.",Elizabeth Rowe,12,1783,1,1,"Glasgow : printed by William Smith; and sold by the booksellers in town and country, MDCCLXXXIII. [1783].",Glasgow,74,female,1674,1737,True
0937801100_000002,"Poems, on several occasions. By Ann Yearsley, a Milkwoman of Bristol.",Ann Yearsley,10,1786,1,1,"London : printed for G. G. J. and J. Robinson, Pater-Noster Row, MDCCLXXXVI. [1786].",London,140,female,1756,1806,True
1583200502_000001,"Observations and reflections made in the course of a Journey through France, Italy, and Germany. By Hester Lynch Piozzi. In two volumes.",Hester Thrale,11,1789,2,2,"London : printed for A. Strahan; and T. Cadell in the Strand, M DCC LXXXIX. [1789].",London,398,female,1741,1821,True
0842900104_000041,"The mysteries of Udolpho, a romance; interspersed with some pieces of poetry. By Ann Radcliffe, ...",Ann Radcliffe,13,1794,4,4,"London : printed for G.G. and J. Robinson, 1794.",London,430,female,1764,1823,True
0793800202_000005,A sicilian romance. By the authoress of the castles of Athlin and Dunbayne. In two volumes. ...,Ann Radcliffe,9,1790,2,2,"London : printed for T. Hookham, New Bond-Street, MDCCLXC [1790].",London,220,female,1764,1823,True
1554401200_000065,"The Psalms of David, imitated in the language of the New Testament, and applied to the Christian state and worship. By Isaac Watts, D.D. [Six lines of Scripture texts]","Mills, Lucy, MWA BI",11,1792,1,1,"Boston : From the press of J. Bumstead. For John Boyle, and David West, Marlborough-Street, M.DCC.XCII. [1792]",Boston,578,female,,,False
0393800103_000071,"The mysteries of Udolpho, a romance; interspersed with some pieces of poetry. By Ann Ratcliffe [sic], author of The romance of the forest, A Sicilian romance, &c. In three volumes. ...",Ann Radcliffe,15,1795,3,3,"Boston : Printed by Samuel Etheridge, for J. White, W. Spotswood, Thomas & Andrews, D. West, E. Larkin, W.P. Blake, J. West, and J.W. Folsom, 1795.",Boston,231,female,1764,1823,True
0187100100_000023,"An essay on the writings and genius of Shakespear, compared with the Greek and French dramatic poets. With some remarks upon the misrepresentations of Mons. de Voltaire.",Elizabeth Montagu,10,1769,1,1,"London : printed for J. Dodsley, Pall-Mall; Mess. Baker and Leigh, York-Street, Covent-Garden; J. Walter, Charing-Cross; T. Cadell, in the Strand; and J. Wilkie, No 71. St. Paul's Church-Yard, M.DCC.LXIX. [1769].",London,278,female,1720,1800,False
0584101001_000015,"The miscellaneous works, in prose and verse, of Mrs. Elizabeth Rowe: Published by her Order, By Mr. Theophilus Rowe. To which are added, Poems on several occasions, by Mr. Thomas Rowe. And to the Whole is prefixed, An Account of the Lives and Writings of the Authors. In two volumes. The third edition, corrected. To which is now first added, The history of Joseph, a Poem in Ten Books.",Elizabeth Rowe,9,1750,1,2,"London : printed for Henry Lintot: and sold by S. Birt, and B. Dod, in Ave-Mary-Lane, J. Ward over-against the Royal-Exchange, and W. Johnston in St. Paul's Church-Yard, MDCCL. [1750].",London,368,female,1674,1737,True
0751200202_000004,"British synonymy; or, an attempt at regulating the choice of words in familiar conversation. Inscribed, With Sentiments of Gratitude and Respect, to such of her Foreign Friends as have made English Literature their peculiar Study, By Hester Lynch Piozzi. In Two Volumes. ...",Hester Thrale,8,1794,2,2,"London : printed for G. G. and J. Robinson, Paternoster-Row, MDCCXCIV. [1794].",London,419,female,1741,1821,True
0137000100_000023,"An essay on the writings and genius of Shakespear, compared with the Greek and French dramatic poets. With some remarks upon the misrepresentations of Mons. de Voltaire.",Elizabeth Montagu,10,1770,1,1,"London : printed by J. and H. Hughs, near Lincoln's-Inn-Fields: and sold by J. Dodsley, Pall-Mall; Mess. Baker and Leigh, York-Street, Covent-Garden; T. Becket, and T. Cadell, in the Strand; J. Walter, Charing-Cross; H. Denoyer, Lisle-Street; and J. Wilkie, No 71. St. Paul's Church-Yard, M.DCC.LXX. [1770].",London,277,female,1720,1800,False
0041501800_000004,"Remarks on the speech of M. Dupont, made in The National Convention of France, on the subjects of religion and public education. By Hannah More.",Hannah More,10,1793,1,1,"London, : printed for T. Cadell in the Strand, MDCCXCIII. [1793].",London,63,female,1745,1833,True
0460000600_000018,"Miscellaneous pieces, in prose, by J. and A. L. Aikin.",Anna Laetitia Barbauld,13,1774,1,1,"Belfast : printed by James Magee, at the Bible and Crown in Bridge-Street, MDCCLXXIV. [1774].",Belfast,110,female,1743,1825,True
0364000205_000052,"Tales of the castle: or, stories of instruction and delight. Being Les veillees du chateau, written in French by Madame la Comtesse de Genlis, Author of the Theatre of Education, Adela and Theodore, &c. Translated into English by Thomas Holcroft,",Stéphanie Félicité du Crest de Saint-Aubin,14,1787,5,5,"London : printed for G. G. J. and J. Robinson, No. 25, Pater-Noster-Row, 1787.",London,263,female,1746,1830,True
1226501000_000006,Letters from Zilia to Aza. Taken from the French.,Françoise de Graffigny,12,1753,1,1,"Dublin : printed by and for Henry Saunders, at the Corner of Christ-Church-Lane, in High-Street, MDCCLIII. [1753].",Dublin,67,female,1695,1758,False
0255400102_000017,"The recess; or, a tale of other times. By the author of The chapter of accidents.",Sophia Lee,8,1785,2,3,"London : printed for T. Cadell, in the Strand, M.DCC.LXXXV. [1785].",London,300,female,1750,1824,True
1531305100_000011,"Letters written in France in the summer 1790, to a friend in England; Containing, various anecdotes relative to the French revolution; and memoirs of Mons. and Madame du F-, By Helen Maria Williams.",Helen Maria Williams,7,1791,1,1,"London : Printed for T. Cadell, in the Strand, M.DCC.XCI. [1791].",London,226,female,1762,1827,True
0593000100_000121,"A journey made in the summer of 1794, through Holland and the western frontier of Germany, with a return down the Rhine: to which are added Observations during a tour to the lakes of Lancashire, Westmoreland, and Cumberland. By Ann Radcliffe.",Ann Radcliffe,13,1795,1,1,"London : printed for G. G. and J. Robinson, Paternoster-Row, MDCCXCV. [1795].",London,508,female,1764,1823,True
0390200600_000122,"A journey made in the summer of 1794, through Holland and the western frontier of Germany, with a Return down the Rhine: to which are added, observations during a tour to the lakes of Lancashire, Westmoreland, and Cumberland. By Ann Radcliffe.",Ann Radcliffe,11,1795,1,1,"Dublin : printed by William Porter, for P. Wogan, P. Byrne, H. Colbert, W. Porter, W. Jones, J. Rice, H. Fitzpatrick, and G. Folingsby. 1795.",Dublin,512,female,1764,1823,True
0129100102_000032,"Poems and plays. By Mrs. West, Author of ``a Tale of the Times,'' ``a Gossip's Story,'' &c. &c. ...",Jane West,8,1799,2,4,"London : printed by C. Whittingham; for T. N. Longman and O. Rees, Paternoster-Row, 1799.",London,252,female,1758,1852,False
1698000202_000007,"A journey made in the summer of 1794, through Holland and the western frontier of Germany, with a return down the Rhine: to which are added observations during a tour to the lakes of Lancashire, Westmoreland, and Cumberland. In two volumes. ... Second edition. By Ann Radcliffe.",Ann Radcliffe,9,1796,2,2,"London : printed for G.G. and J. Robinson, Paternoster-Row, MDCCXCVI. [1796].",London,451,female,1764,1823,True
0247300302_000003,"The mysteries of Udolpho, a romance; interspersed with some pieces of poetry. By Ann Radcliffe, author of the romance of the forest, etc. In four volumes. ...",Ann Radcliffe,12,1794,2,4,"London : printed for G. G. and J. Robinson, Paternoster-Row, 1794.",London,480,female,1764,1823,True
1174600400_000050,Essays upon several subjects in prose and verse. Written by the Lady Chudleigh.,Lady Mary Chudleigh,9,1710,1,1,"London : printed by T.H. for R. Bonwicke, W. Freeman, T. Goodwin, J. Walthoe, M. Wotton, S. Manship, J. Nicholson, R. Parker, B. Tooke, and R. Smith, MDCCX. [1710].",London,257,female,1656,1710,False
1077300400_000018,"Cleomelia: or, the generous mistress. Being the secret history of a lady lately arriv'd from Bengall, a kingdom in the East-Indies. By Mrs. Eliza Haywood. To which is added, I. The lucky rape: or, fate the best disposer. II. The capricious lover: or, no trifling with a woman.",Eliza Haywood,9,1727,1,1,"London : printed for J. Millan, at Locke's Head in New Street, near the Upper End of the Hay-Market, and sold by J. Roberts in Warwick Lane, H. Northoock at Cicero's-Head Tavistock Street, and the next bookseller to the Horse Guards, 1727.",London,105,female,1693,1756,True
0622500502_000036,The romance of the forest. Interspersed with some pieces of poetry. By Mrs. Ratcliffe [sic]. ... In two volumes. ...,Ann Radcliffe,11,1800,2,2,"Dublin : printed by J. Stockdale for Pat. Wogan, 1800-01.",Dublin,273,female,1764,1823,True
1419500202_000050,A tour in Switzerland; or A view of the present state of the governments and manners of those cantons: With comparative sketches of the present state of Paris. By Helen Maria Williams.,Helen Maria Williams,6,1798,2,2,"Dublin : Printed for P. Wogan, J. Moore, W. Porter, and B. Fitzpatrick, 1798.",Dublin,246,female,1762,1827,True
0089502300_000007,"An original essay on woman, in four epistles. Written by a lady.","Montague, Mary Seymour",8,1771,1,1,"London : printed by A. Bridgman, at No. 3. in Playhouse-Yard, Blackfryars; and sold by John Swan, opposite Norfolk Street, in the Strand, M,DCC,LXXI. [1771].",London,65,female,,,False
0399001000_000002,An ode on the peace. By the author of Edwin and Eltruda.,Helen Maria Williams,8,1783,1,1,"London : printed for T. Cadell, in the Strand, M.DCC.LXXXIII. [1783].",London,19,female,1762,1827,True
1767000100_000003,"A collection of poems on several occasions, ... To which is added a pastoral, ... By Mrs. Sarah Fyge Egerton.",Sarah Fyge Egerton,11,1706,1,1,"London : printed, and are to be sold by the booksellers of London and Westminster, 1706.",London,152,female,1670,1723,False
1749800100_000091,"Friendship in death: in twenty letters from the dead to the living. To which are added, letters moral and entertaining, in prose and verse. In three parts. By Mrs. Elizabeth Rowe.",Elizabeth Rowe,8,1740,1,1,"London : printed for Henry Lintot, 1740.",London,491,female,1674,1737,False
0866500300_000028,"Miscellaneous pieces, in prose, by J. and A. L. Aikin.",Anna Laetitia Barbauld,9,1775,1,1,"London : printed for J. Johnson, in St. Paul's Church-Yard, MDCCLXXV. [1775].",London,221,female,1743,1825,True
0363500104_000015,"Tales of the castle: or, stories of instruction and delight. Being Les veillees du chateau, written in French by Madame la Comtesse de Genlis, Author of the Theatre of Education, Adela and Theodore, &c. Translated into English by Thomas Holcroft,",Stéphanie Félicité du Crest de Saint-Aubin,11,1793,4,5,"London : printed for G. G. J. and J. Robinson, No. 25, Pater-Noster-Row, 1793.",London,257,female,1746,1830,True
1144100202_000042,"The romance of the forest: interspersed with some pieces of poetry. By the authoress of ""A Sicilian romance,"" &c. In two volumes. ...",Ann Radcliffe,9,1792,2,2,"Dublin : printed for Messrs. P. Wogan, P Byrne, A. Grueber, W. M'Kenzie, W. Sleater, J. Moore, J. Jones, J. Mehain, B. Dornin, J. Halpen, W. Jones, R. M'allister, J. Rice, R. White, A. Porter, 1792.",Dublin,335,female,1764,1823,True
1287800104_000082,"The works of Mrs Elisabeth Rowe. ... . Containing, friendship in death. Letters moral and entertaining, Part I. To which is prefixed, An account of the author's life.",Elizabeth Rowe,8,1770,4,4,"Edinburgh : printed by and for Gray & Alston, M.DCC.LXX. [1770].",Edinburgh,327,female,1674,1737,True
0013200204_000011,"Delia, a pathetic and interesting tale. In Four Volumes ...",Mary Pilkington,9,1790,4,4,"London : printed for William Lane, Leadenhall Street, 1790.",London,292,female,1766,1839,True
0387600602_000015,"The ruins of Avondale Priory, a novel, in three volumes, by Mrs. Kelly, author of Madeline, Abbey St. Asaph, &c. ...",Isabella Kelly,11,1796,2,3,"London : printed for William Lane, at the Minerva-Press, Leadenhall-Street, M.DCC.XCVI. [1796].",London,243,female,1759,1857,False
0759800800_000015,"Devout exercises of the heart in meditation and soliloquy, prayer and praise. By the late Pious and Ingenious Mrs. Rowe. Review'd and published at her request, by I. Watts, D.D.",Elizabeth Rowe,11,1738,1,1,"London : printed for R. Hett, at the Bible and Crown in the Poultry, M.DCC.XXXVIII. [1738].",London,191,female,1674,1737,True
0146400100_000003,"Sight, the cavern of woe, and solitude. Poems by Mrs. Mary Robinson, author of poems, &c. Ainsi Va Le Monde, the Monody to the memory of sir Joshua Reynolds, Vancenza, &c. &c. &c.",Mary Robinson,10,1793,1,1,"London : printed by T. Spilsbury and son, Snow-Hill; and sold by J. Evans, No. 32, Paternoster-Row; and T. Becket, Pall-Mall, M.DCC.XCIII. [1793].",London,35,female,1758,1800,True
0247300304_000041,"The mysteries of Udolpho, a romance; interspersed with some pieces of poetry. By Ann Radcliffe, author of the romance of the forest, etc. In four volumes. ...",Ann Radcliffe,13,1794,4,4,"London : printed for G. G. and J. Robinson, Paternoster-Row, 1794.",London,434,female,1764,1823,True
0561500200_000002,"The breathings of genius. Being a collection of poems; to which are added, essays moral and philosophical. By Elizabeth Gilding, Woolwich, Kent.","Gilding, Elizabeth",8,1776,1,1,"London : printed by W. Faden, and sold by J. Wilkie, No. 62, St. Paul's Church-Yard; J. Walter, at Charing-Cross; and W. Domville, under the Royal Exchange, MDCCLXXVI. [1776].",London,159,female,,,False
1419500201_000024,A tour in Switzerland; or A view of the present state of the governments and manners of those cantons: With comparative sketches of the present state of Paris. By Helen Maria Williams.,Helen Maria Williams,16,1798,1,2,"Dublin : Printed for P. Wogan, J. Moore, W. Porter, and B. Fitzpatrick, 1798.",Dublin,249,female,1762,1827,True
0023600103_000015,"The romance of the forest: interspersed with some pieces of poetry. In three volumes. ... . The fourth edition. By Ann Radcliffe, author of ``a Sicilian Romance,'' &c.",Ann Radcliffe,7,1794,3,3,"London : printed for T. Hookham and J. Carpenter, new and old Bond Street, M,DCC,XCIV. [1794].",London,352,female,1764,1823,True
0405901203_000015,"The romance of the forest: interspersed with some pieces of poetry. In three volumes. ... . The second edition. By Ann Radcliffe, Author of ``a Sicilian-Romance,'' &c.",Ann Radcliffe,7,1792,3,3,"London : printed for T. Hookham and J. Carpenter, New and Old Bond Street, M.DCC.XCII. [1792].",London,349,female,1764,1823,True
0834100300_000030,"A companion, and useful guide to the beauties of Scotland, to the lakes of Westmoreland, Cumberland, and Lancashire; and to the curiosities in the district of Craven, in the West riding of Yorkshire. To which is added, a more particular description of Scotland, especially that part of it, called the highlands. By the Hon. Mrs. Murray, of Kensington.",Sarah Murray,9,1799,1,1,"London : printed for the author; and sold by George Nicol, bookseller to his Majesty, Pall-Mall, 1799.",London,402,female,1744,1811,False
0559000600_000002,"Elegy on Captain Cook. To which is added, an Ode to the sun. By Miss Seward.",Anna Seward,8,1784,1,1,"Lichfield : printed and sold by J. Jackson, and J. Dodsley, in Pall-Mall, London, MDCCLXXXIV. [1784].",Lichfield,25,female,1742,1809,False
0941400200_000013,"Poems, on several occasions. By Ann Yearsley, a Milkwoman of Bristol.",Ann Yearsley,10,1785,1,1,"London : printed for T. Cadell, in the Strand, MDCCLXXXV. [1785].",London,153,female,1756,1806,True
1017900300_000009,"The description of Bath. A poem. Humbly Inscribed To Her Royal Highness the Princess Amelia. With several other poems. By Mrs. Mary Chandler. To which is added, A true tale, by the same author.",Mary Chandler,9,1744,1,1,"London : printed for James Leake, bookseller in Bath, 1744.",London,102,female,1687,1745,False
0381500604_000015,"Tales of the castle: or, stories of instruction and delight. Being Les veillées du chateau, written in French by Madame la comtesse de Genlis, Author of the Theatre of Education, Adela and Theodore, &c. Translated into English by Thomas Holcroft. ...",Stéphanie Félicité du Crest de Saint-Aubin,10,1785,4,5,"London : printed for G. Robinson, No 25, Pater-Noster-Row, MDCCLXXXV. [1785].",London,281,female,1746,1830,True
0934100102_000079,"The miscellaneous works, in prose and verse, of Mrs. Elizabeth Rowe: Published by her Order, By Mr. Theophilus Rowe. To which are added, Poems on Several Occasions, By Mr. Thomas Rowe. And to the Whole is prefixed, An Account of the Lives and Writings of the Authors. In two volumes.",Elizabeth Rowe,9,1749,2,2,"London : printed for Henry Lintot, MDCCXLIX. [1749].",London,346,female,1674,1737,True
0535300500_000022,"Miscellanies, in prose and verse. By Miss Edwards.","Edwards, Miss",10,1776,1,1,"Edinburgh : printed for the author, and sold by C. Elliot, MDCCLXXVI. [1776].",Edinburgh,207,female,,,False
0982900800_000010,"Devout exercises of the heart; in meditation and soliloquy, prayer and praise. By the late pious and ingenious Mrs. Rowe. Reviewed and published at her request, by I. Watts, D.D.",Elizabeth Rowe,7,1792,1,1,"Printed at Windsor [Vt.] : by Alden Spooner, for Daniel Ralph, MDCCXCII. [1792].",Windsor,164,female,1674,1737,True
1301000601_000006,"The romance of the forest. Interspersed with some pieces of poetry. By Mrs. Ratcliffe. Authoress of ""A Sicilian romance,"" &c. In two volumes. Vo. I.",Ann Radcliffe,9,1793,1,2,"Dublin : Printed for Messers. P. Wogan, P. Byrne, W. M'Kenzie, J. Moore, J. Jones, and W. Jones, 1793.",Dublin,288,female,1764,1823,True
0287201800_000016,"Devout exercises of the heart in meditation and soliloquy, prayer and praise. By the late pious and ingenious Mrs Rowe. Reviewed and published at her request, by I. Watts, D.D.",Elizabeth Rowe,10,1777,1,1,"London : printed for J. F. and C. Rivington, J. Buckland, T. Caslon, T. Longman, T. Field, and E. and C. Dilly, MDCCLXXVII. [1777].",London,156,female,1674,1737,True
0381401000_000024,Dialogues of the dead.,Elizabeth Montagu,12,1760,1,1,"Dublin : printed by Oli. Nelson, in Skinner-Row, M,DCC,LX. [1760].",Dublin,335,female,1720,1800,False
0593000100_000038,"A journey made in the summer of 1794, through Holland and the western frontier of Germany, with a return down the Rhine: to which are added Observations during a tour to the lakes of Lancashire, Westmoreland, and Cumberland. By Ann Radcliffe.",Ann Radcliffe,14,1795,1,1,"London : printed for G. G. and J. Robinson, Paternoster-Row, MDCCXCV. [1795].",London,508,female,1764,1823,True
0772500400_000003,"A pindaric poem. Consisting of versified selections, from the Revelation of St. John. By Hannah Rowe.","Rowe, Hannah",12,1789,1,1,"Rochester : printed by W. Gillman, at the Phoenix Printing Office. And sold by James Evans, Paternoster Row, London, MDCCLXXXIX. [1789].",Rochester,49,female,,,False
0221801800_000002,The progress of poetry. By Mrs. Madan.,Judith Madan,11,1783,1,1,"London : printed for J. Dodsley, Pall-Mall, M.DCC.LXXXIII. [1783].",London,21,female,1702,1781,False
0381500602_000037,"Tales of the castle: or, stories of instruction and delight. Being Les veillées du chateau, written in French by Madame la comtesse de Genlis, Author of the Theatre of Education, Adela and Theodore, &c. Translated into English by Thomas Holcroft. ...",Stéphanie Félicité du Crest de Saint-Aubin,9,1785,2,5,"London : printed for G. Robinson, No 25, Pater-Noster-Row, MDCCLXXXV. [1785].",London,297,female,1746,1830,True
0798900302_000014,"Memoirs of Mrs. Letitia Pilkington, wife to the Rev. Mr. Matthew Pilkington. Written by herself. Wherein are occasionally interspersed, all her poems; with anecdotes of several eminent persons, living and dead. Among others, Dean Swift, Alexander Pope, Esq; &c. &c. &c.",Laetitia Pilkington,8,1749,2,2,"[London] : Dublin printed: London reprinted: and sold by R. Griffiths, at the Dunciad in Ludgate-Street, 1749.",London,381,female,1712,1750,False
0390200600_000115,"A journey made in the summer of 1794, through Holland and the western frontier of Germany, with a Return down the Rhine: to which are added, observations during a tour to the lakes of Lancashire, Westmoreland, and Cumberland. By Ann Radcliffe.",Ann Radcliffe,11,1795,1,1,"Dublin : printed by William Porter, for P. Wogan, P. Byrne, H. Colbert, W. Porter, W. Jones, J. Rice, H. Fitzpatrick, and G. Folingsby. 1795.",Dublin,512,female,1764,1823,True
1005700102_000014,"The memoirs of Mrs. Lætitia Pilkington, wife to the Rev. Mr. Matth. Pilkington. Written by herself. Wherein are occasionally interspersed, all her poems, with anecdotes of several eminent persons, living and dead. In two volumes. ...",Laetitia Pilkington,8,1748,2,2,"Dublin : printed for the author, 1748.",Dublin,314,female,1712,1750,False
0883300301_000075,"The mysteries of Udolpho, a romance; interspersed with some pieces of poetry. By Ann Radcliffe, ... In three volumes, ...",Ann Radcliffe,10,1795,1,3,"Dublin : printed by N. Kelly, for Messrs. P. Wogan, W. Jones. H. Colbert, and J. Milliken, 1795.",Dublin,311,female,1764,1823,True
0850800101_000020,"The mysteries of Udolpho, a romance; interspersed with some pieces of poetry. By Ann Radcliffe, Author of the romance of the Forest, etc. The third edition. In four volumes. ...",Ann Radcliffe,15,1795,1,4,"London : printed for G. G. and J. Robinson, Paternoster-Row, 1795.",London,430,female,1764,1823,True
0137000100_000002,"An essay on the writings and genius of Shakespear, compared with the Greek and French dramatic poets. With some remarks upon the misrepresentations of Mons. de Voltaire.",Elizabeth Montagu,12,1770,1,1,"London : printed by J. and H. Hughs, near Lincoln's-Inn-Fields: and sold by J. Dodsley, Pall-Mall; Mess. Baker and Leigh, York-Street, Covent-Garden; T. Becket, and T. Cadell, in the Strand; J. Walter, Charing-Cross; H. Denoyer, Lisle-Street; and J. Wilkie, No 71. St. Paul's Church-Yard, M.DCC.LXX. [1770].",London,277,female,1720,1800,False
0296200200_000002,"An essay on the writings and genius of Shakespear, compared with the Greek and French dramatic poets. With some remarks upon the misrepresentations of Mons. de Voltaire.",Elizabeth Montagu,12,1769,1,1,"Dublin : printed for H. Saunders, J. Potts, W. Sleater, D. Chamberlaine, and J. Williams, M,DCC,LXIX. [1769].",Dublin,233,female,1720,1800,False
0137000200_000002,"An essay on the writings and genius of Shakespear, compared with the Greek and French dramatic poets. With some remarks upon the misrepresentations of Mons. de Voltaire.",Elizabeth Montagu,12,1772,1,1,"London : printed by H. Hughs, near Lincoln's-Inn-Fields; for Edward and Charles Dilly, in the Poultry, M.DCC.LXXII. [1772].",London,277,female,1720,1800,False
0129100103_000016,"Poems and plays. By Mrs. West, Author of ``a Tale of the Times,'' ``a Gossip's Story,'' &c. &c. ...",Jane West,10,1799,3,4,"London : printed by C. Whittingham; for T. N. Longman and O. Rees, Paternoster-Row, 1799.",London,268,female,1758,1852,False
0437301301_000028,The shrine of Bertha. A novel. In two volumes. By Miss Robinson. ...,"Robinson, Mary Elizabeth",11,1796,1,2,"London : printed for the author, by G. Cawthorn, British Library, Strand, 1796.",London,268,female,1775,1818,False
0842900102_000039,"The mysteries of Udolpho, a romance; interspersed with some pieces of poetry. By Ann Radcliffe, ...",Ann Radcliffe,9,1794,2,4,"London : printed for G.G. and J. Robinson, 1794.",London,484,female,1764,1823,True
1445201000_000004,"A plan for the conduct of female education, in boarding schools, private families, and public seminaries. By Erasmus Darwin, M.D. F.R.S. author of Zoonomia, and of The botanic garden. To which are added, Rudiments of taste, in a series of letters from a mother to her daughters. Embellished with an elegant frontispiece.",Erasmus Darwin,11,1798,1,1,"Philadelphia: : Printed by John Ormrod, no. 41, Chesnut-Street, 1798.",Philadelphia,303,female,1731,1802,True
0463500602_000032,"A journey made in the summer of 1794, through Holland and the western frontier of Germany, with a return down the Rhine: to which are added Observations during a tour to the lakes of Lancashire, Westmoreland, and Cumberland. In two volumes. ... . Second edition. By Ann Radcliffe.",Ann Radcliffe,16,1795,2,2,"London : printed for G. G. and J. Robinson, Paternoster-Row, MDCCXCV. [1795].",London,423,female,1764,1823,True
0013100202_000023,Memoirs of Emma Courtney. By Mary Hays. In two volumes. ...,Mary Hays,9,1796,2,2,"London : printed for G. G. and J. Robinson, Paternoster-Row, 1796.",London,222,female,1759,1843,True
0934100102_000084,"The miscellaneous works, in prose and verse, of Mrs. Elizabeth Rowe: Published by her Order, By Mr. Theophilus Rowe. To which are added, Poems on Several Occasions, By Mr. Thomas Rowe. And to the Whole is prefixed, An Account of the Lives and Writings of the Authors. In two volumes.",Elizabeth Rowe,6,1749,2,2,"London : printed for Henry Lintot, MDCCXLIX. [1749].",London,346,female,1674,1737,True
0628900200_000005,"Letters for literary ladies. To which is added, an essay on the noble science of self-justification.",Maria Edgeworth,8,1795,1,1,"London : printed for J. Johnson, in St. Paul's Church-Yard, MDCCXCV. [1795].",London,201,female,1767,1849,True
0870100702_000040,"Friendship in death; in twenty letters from the dead to the living. To which are added, letters moral and entertaining, in prose and verse. In three parts. By Mrs. Elizabeth Rowe. In two volumes.",Elizabeth Rowe,8,1786,2,2,"London : printed for Harrison and Co. No 18, Paternoster Row, MDCCLXXXVI. [1786].",London,77,female,1674,1737,True
0168800402_000010,"A tour in Switzerland; or, a view of the present state of the governments and manners of those cantons: with comparative sketches of the present state of Paris. By Helen Maria Williams. ...",Helen Maria Williams,19,1798,2,2,"London : printed for G. G. and J. Robinson, Paternoster-Row, M,DCC,XCVIII. [1798].",London,359,female,1762,1827,True
0393201000_000039,"Instructions for a young lady, in every sphere and period of life. Containing, A mother's advice to her daughters. Two letters to a Lady, upon the subject of religion; by a Clergyman. A letter to a young Lady on her Marriage, and, An Epistle upon the Cultivation of Taste.",Sarah Pennington,9,1762,1,1,"Edinburgh : printed by A. Donaldson and J. Reid. For Alex. Donaldson, MDCCLXII. [1762].",Edinburgh,244,female,1720,1783,True
0112101200_000010,"Miscellanies in verse and prose. By Eliza Garrard, Of Bath.","Garrard, Eliza",9,1799,1,1,"Bath : printed by William Meyler, for the author: and sold by Messrs. Smart & Cowslade, Reading; and at Robinsons', and Rivingtons', London, 1799.",Bath,238,female,,,False
0882000202_000029,"The excursion, a novel, by Mrs. Brooke, Author of Julia Mandeville, Emily Montague, &c. In two volumes. ...",Frances Brooke,8,1785,2,2,"London : printed for T. Cadell, MDCCLXXXV. [1785].",London,266,female,1724,1789,True
1657601100_000005,The Sylphid.,Mary Robinson,9,1799,1,1,"[London, England : s.n., 1799-<1800>].",London,80,female,1758,1800,True
0016000301_000039,"He deceives himself. A domestic tale, in three volumes. By Marianne Chambers, Daughter of the late Mr. Charles Chambers, Many Years in the Service of the Hon. East-India Company, and unfortunately lost in the Winterton. ...","Chambers, Miss (Marianne)",8,1799,1,3,"London : printed for C. Dilly, in the Poultry, 1799.",London,313,female,,,False
0833200400_000015,"Devout exercises of the heart in meditation and soliloquy, prayer and praise. By the late pious and ingenious Mrs. Rowe. Review'd and published at her request, by I. Watts, D.D.",Elizabeth Rowe,11,1754,1,1,"London : printed for T. and T. Longman, and J. Buckland in Pater-Noster Row; J. Oswald in the Poultry; J. Waugh and W. Fenner in Lombard-Street; and J. Ward in Cornhill, MDCCLIV. [1754].",London,158,female,1674,1737,True
0485200502_000056,"Emmeline, the orphan of the castle. By Charlotte Smith. In three volumes. ...",Charlotte Turner Smith,9,1799,2,3,"Belfast : printed by Doherty and Simms, 1799.",Belfast,230,female,1749,1806,True
0168800402_000050,"A tour in Switzerland; or, a view of the present state of the governments and manners of those cantons: with comparative sketches of the present state of Paris. By Helen Maria Williams. ...",Helen Maria Williams,6,1798,2,2,"London : printed for G. G. and J. Robinson, Paternoster-Row, M,DCC,XCVIII. [1798].",London,359,female,1762,1827,True
0164000800_000007,The female advocate; a poem. Occasioned by reading Mr. Duncombe's Feminead. By Miss Scott.,"Scott, Mary, poet",11,1774,1,1,"London : printed for Joseph Johnson, No. 72, St. Paul's Church-Yard, M.DCC.LXXIV. [1774].",London,47,female,,,False
1144200400_000002,"An essay on the writings and genius of Shakespear, compared with the Greek and French dramatic poets. With some remarks upon the misrepresentations of Mons. de Voltaire.",Elizabeth Montagu,11,1778,1,1,"Dublin : printed for J. Potts, W. Sleater, D. Chamberlaine, J. Williams, and W. Colles, M,DCC,LXXVIII. [1778].",Dublin,232,female,1720,1800,False
0516500600_000002,"An essay on the writings and genius of Shakespear, compared with the Greek and French dramatic poets. With some remarks upon the misrepresentations of Mons. de Voltaire. The fifth edition, corrected. To which are added, three dialogues of the dead. By Mrs. Montagu.",Elizabeth Montagu,11,1785,1,1,"London : printed for Charles Dilly, M,DCC,LXXXV. [1785].",London,305,female,1720,1800,False
0103601000_000043,"The posthumous works of Ann Eliza Bleecker, in prose and verse. To which is added, a collection of essays, prose and poetical, by Margaretta V. Faugeres.","Faugeres, Margaretta V.",10,1793,1,1,"New-York : Printed by T. and J. Swords, no. 27, William-Street, --1793--",New York,387,female,1771,1801,False
0555600102_000054,"Hubert de Sevrac, a romance, of the eighteenth century. By Mrs. Robinson. ...",Mary Robinson,8,1797,2,2,"Dublin : printed by B. Smith, C. Browne, and H. Colbert, 1797.",Dublin,277,female,1758,1800,True
0496800101_000031,"Julia, a novel; interspersed with some poetical pieces. By Helen Maria Williams. In two volumes. ...",Helen Maria Williams,9,1790,1,2,"London : printed for T. Cadell, M.DCC.XC. [1790].",London,266,female,1762,1827,True
0364000204_000016,"Tales of the castle: or, stories of instruction and delight. Being Les veillees du chateau, written in French by Madame la Comtesse de Genlis, Author of the Theatre of Education, Adela and Theodore, &c. Translated into English by Thomas Holcroft,",Stéphanie Félicité du Crest de Saint-Aubin,9,1787,4,5,"London : printed for G. G. J. and J. Robinson, No. 25, Pater-Noster-Row, 1787.",London,258,female,1746,1830,True
0463500602_000045,"A journey made in the summer of 1794, through Holland and the western frontier of Germany, with a return down the Rhine: to which are added Observations during a tour to the lakes of Lancashire, Westmoreland, and Cumberland. In two volumes. ... . Second edition. By Ann Radcliffe.",Ann Radcliffe,14,1795,2,2,"London : printed for G. G. and J. Robinson, Paternoster-Row, MDCCXCV. [1795].",London,423,female,1764,1823,True
0644800700_000013,"Divine poems and essays on various subjects. Viz. Immanuel; or, the Godhead of Christ displayed. A Meditation written in a Bower at Lady Grove, Sutton. Elegies. Epithalamiums. Epistles to Miranda, &c. Hymns. A Poem on Redemption. A Walk at Enfield. Meditations on the Canticles. - for the Lord's Supper. Christ All in All. Meditations on Rev. xii. 6. A Summer Day's Excursion. Odes. Letters. A Soliloquy. By Maria De Fleury. With recommendatory prefaces, by the Rev. Mr Wills, Rev. Mr Towers, and Rev. Mr Ryland.",Maria de Fleury,8,1791,1,1,"London : printed for the author, and sold by T. Wilkins, Aldermanbury; by Bellamy and Roberts, No. 202, Strand; M. Trapp, No. 1, Pater-Noster Row; Mr. Nott, Lombard street; M. Gurney, No. 128, Holborn, and by the author, No. 31, Jewin-Street, [1791].",London,255,female,1773,1791,False
0381500605_000003,"Tales of the castle: or, stories of instruction and delight. Being Les veillées du chateau, written in French by Madame la comtesse de Genlis, Author of the Theatre of Education, Adela and Theodore, &c. Translated into English by Thomas Holcroft. ...",Stéphanie Félicité du Crest de Saint-Aubin,7,1785,5,5,"London : printed for G. Robinson, No 25, Pater-Noster-Row, MDCCLXXXV. [1785].",London,286,female,1746,1830,True
0168800401_000011,"A tour in Switzerland; or, a view of the present state of the governments and manners of those cantons: with comparative sketches of the present state of Paris. By Helen Maria Williams. ...",Helen Maria Williams,8,1798,1,2,"London : printed for G. G. and J. Robinson, Paternoster-Row, M,DCC,XCVIII. [1798].",London,373,female,1762,1827,True
1244600700_000019,"Friendship in death; in twenty letters from the dead to the living. To which are added, letters moral and entertaining. In prose and verse. In three parts. By Mrs. Elizabeth Rowe. With the Author's Life prefixt; And other additions.",Elizabeth Rowe,8,1752,1,1,"Dublin : printed for John Exshaw, at the Bible on Cork-Hill, MDCCLII. [1752].",Dublin,439,female,1674,1737,True
0201100101_000001,"Alan Fitz-Osborne, an historical tale. By Miss Fuller. In two volumes. ...",Anne Fuller,8,1787,1,2,"[ London ] : Dublin printed by P. Byrne, Grafton-Street. London: reprinted for the author, M,DCC,LXXXVII. [1787].",London,297,female,,1790,False
0425300200_000022,"Sacred dramas: chiefly intended for young persons: the subjects taken from the Bible. To which is added, Sensibility, a poem.",Hannah More,10,1782,1,1,"London : printed for T. Cadell In The Strand, MDCCLXXXII. [1782].",London,297,female,1745,1833,True
0622500502_000028,The romance of the forest. Interspersed with some pieces of poetry. By Mrs. Ratcliffe [sic]. ... In two volumes. ...,Ann Radcliffe,9,1800,2,2,"Dublin : printed by J. Stockdale for Pat. Wogan, 1800-01.",Dublin,273,female,1764,1823,True
0343200201_000017,"Religion considered as the only basis of happiness and of true philosophy. A work written for the instruction of the children of his most serene highness the Duke of Orleans; ... By Madame the Marchioness of Sillery, ... In two volumes.",Stéphanie Félicité du Crest de Saint-Aubin,7,1787,1,2,"Dublin : printed by William Porter, for H. Chamberlaine, White, Byrne, Colbert, W. Porter, and Moore, 1787.",Dublin,160,female,1746,1830,True
0032700401_000022,"Translation of the letters of a Hindoo Rajah; written previous to, and during the period of his residence in England. To which is prefixed a preliminary dissertation on the history, religion, and manners, of the Hindoos. In two volumes. By Eliza Hamilton, ...",Elizabeth Hamilton,10,1796,1,2,"London : printed for G.G. and J. Robinson, No. 25, Paternoster Row, 1796.",London,341,female,1758,1816,False
0786800801_000025,"Adelaide and Theodore; or, letters on education: containing All the Principles relative to three different Plans of Education; to that of Princes, and to those of young Persons of both Sexes. Translated from the French of Madame la Comtesse de Genlis. ...",Stéphanie Félicité du Crest de Saint-Aubin,8,1785,1,3,"Dublin : printed for Luke White, No. 86, Dame-Street, M.DCCLXXXV. [1785].",Dublin,309,female,1746,1830,True
0610400400_000038,"A tour to Milford Haven, in the year 1791. By Mrs. Morgan.","Morgan, Mary, Mrs",12,1795,1,1,"London : printed for John Stockdale, in Piccadilly, M.DCC.XCV. [1795].",London,483,female,,,False
0247200301_000041,"The italian, or the confessional of the black penitents. A romance. By Ann Radcliffe, author of the mysteries of Udolpho, &c. &c. In three volumes. ...",Ann Radcliffe,10,1797,1,3,"London : printed for T. Cadell Jun. and W. Davies (successors to Mr. Cadell) in the Strand, 1797.",London,349,female,1764,1823,True
0101001103_000009,Margarita. A novel. In four volumes. By the author of Traditions. ...,Mary Martha Sherwood,13,1799,3,4,"London : printed at the Minerva-Press, for William Lane, Leadenhall-Street, 1799.",London,230,female,1775,1851,False
0016900101_000003,"Reuben and Rachel; or, tales of old times. A novel. In two volumes. By Mrs. Rowson, ...",Susanna Rowson,9,1799,1,2,"London : printed at the Minerva-Press, for William Lane, 1799.",London,286,female,1762,1824,True
0387600603_000013,"The ruins of Avondale Priory, a novel, in three volumes, by Mrs. Kelly, author of Madeline, Abbey St. Asaph, &c. ...",Isabella Kelly,10,1796,3,3,"London : printed for William Lane, at the Minerva-Press, Leadenhall-Street, M.DCC.XCVI. [1796].",London,208,female,1759,1857,False
0404502402_000043,"Friendship in death; in twenty letters from the dead to the living. To which are added, letters moral and entertaining, in prose and verse: in three parts. In two volumes. ... . By Mrs. Elizabeth Rowe.",Elizabeth Rowe,9,1746,2,2,"London : printed for Henry Lintot, M.DCC.XLVI. [1746].",London,323,female,1674,1737,True
0364000202_000037,"Tales of the castle: or, stories of instruction and delight. Being Les veillees du chateau, written in French by Madame la Comtesse de Genlis, Author of the Theatre of Education, Adela and Theodore, &c. Translated into English by Thomas Holcroft,",Stéphanie Félicité du Crest de Saint-Aubin,10,1787,2,5,"London : printed for G. G. J. and J. Robinson, No. 25, Pater-Noster-Row, 1787.",London,265,female,1746,1830,True
0343200102_000047,"Religion considered as the only basis of happiness, and of true philosophy. A work written for the instruction of the children of his Most Serene Highness the Duke of Orleans; And in which the Principles of modern pretended Philosophers are laid open and refuted. By Madame the Marchioness of Sillery, heretofore countess of genlis. In two volumes. ...",Stéphanie Félicité du Crest de Saint-Aubin,12,1787,2,2,"London : printed for T. Payne and Son, at the Mews Gate; T. Cadell, and P. Elmsly, in the Strand, M.DCC.LXXXVII. [1787].",London,295,female,1746,1830,True
0152701300_000014,"Letters on the works and character of J. J. Rousseau. To which are Added A Letter from the Countess Alexandre de Vassy to the Baroness de Stael, with the Baroness's Answer, and an Account of the last Moments of Rousseau. By Mademoiselle Necker, Baroness de Stael. Translated from the French.",Germaine de Staël,9,1789,1,1,"London : printed for G. G. J. and J. Robinson, Paternoster-Row, MDCCLXXXIX. [1789].",London,145,female,1766,1817,False
0516500600_000010,"An essay on the writings and genius of Shakespear, compared with the Greek and French dramatic poets. With some remarks upon the misrepresentations of Mons. de Voltaire. The fifth edition, corrected. To which are added, three dialogues of the dead. By Mrs. Montagu.",Elizabeth Montagu,9,1785,1,1,"London : printed for Charles Dilly, M,DCC,LXXXV. [1785].",London,305,female,1720,1800,False
0390200600_000040,"A journey made in the summer of 1794, through Holland and the western frontier of Germany, with a Return down the Rhine: to which are added, observations during a tour to the lakes of Lancashire, Westmoreland, and Cumberland. By Ann Radcliffe.",Ann Radcliffe,16,1795,1,1,"Dublin : printed by William Porter, for P. Wogan, P. Byrne, H. Colbert, W. Porter, W. Jones, J. Rice, H. Fitzpatrick, and G. Folingsby. 1795.",Dublin,512,female,1764,1823,True
1062700701_000031,"Julia, a novel; interspersed with some poetical pieces. By Helen Maria Williams. In two volumes. ...",Helen Maria Williams,8,1790,1,2,"Dublin : printed for Chamberlaine and Rice, P. Wogan, P. Byrne, H. Colbert, W. M'Kenzie, J. Moore, J. Jones, Grueber and M`allister, W. Jones, G. Draper, R. White, and J. Milliken, M.DCC.XC. [1790].",Dublin,154,female,1762,1827,True
0247300302_000028,"The mysteries of Udolpho, a romance; interspersed with some pieces of poetry. By Ann Radcliffe, author of the romance of the forest, etc. In four volumes. ...",Ann Radcliffe,13,1794,2,4,"London : printed for G. G. and J. Robinson, Paternoster-Row, 1794.",London,480,female,1764,1823,True
0610400400_000045,"A tour to Milford Haven, in the year 1791. By Mrs. Morgan.","Morgan, Mary, Mrs",14,1795,1,1,"London : printed for John Stockdale, in Piccadilly, M.DCC.XCV. [1795].",London,483,female,,,False
1119000101_000002,"Miscellaneous poems, written by a lady, being her first attempt. ...","Hill, P. (Philippina)",9,1768,1,3,"London : printed for the author, by S. Chandler, in Holborn. To be had at Mr. Dodsley's in Pall Mall; at Mr. Wilkie's, in St. Paul's Church Yard; at the booksellers at Bath, Bristol, and York, MDCCLXVIII. [1768].",London,102,female,,,False
0023600103_000017,"The romance of the forest: interspersed with some pieces of poetry. In three volumes. ... . The fourth edition. By Ann Radcliffe, author of ``a Sicilian Romance,'' &c.",Ann Radcliffe,11,1794,3,3,"London : printed for T. Hookham and J. Carpenter, new and old Bond Street, M,DCC,XCIV. [1794].",London,352,female,1764,1823,True
0137000200_000010,"An essay on the writings and genius of Shakespear, compared with the Greek and French dramatic poets. With some remarks upon the misrepresentations of Mons. de Voltaire.",Elizabeth Montagu,9,1772,1,1,"London : printed by H. Hughs, near Lincoln's-Inn-Fields; for Edward and Charles Dilly, in the Poultry, M.DCC.LXXII. [1772].",London,277,female,1720,1800,False
0152701300_000002,"Letters on the works and character of J. J. Rousseau. To which are Added A Letter from the Countess Alexandre de Vassy to the Baroness de Stael, with the Baroness's Answer, and an Account of the last Moments of Rousseau. By Mademoiselle Necker, Baroness de Stael. Translated from the French.",Germaine de Staël,8,1789,1,1,"London : printed for G. G. J. and J. Robinson, Paternoster-Row, MDCCLXXXIX. [1789].",London,145,female,1766,1817,False
0003100200_000001,"Letters written in France, in the Summer 1790, to a friend in England; containing, various anecdotes relative to the French revolution; and memoirs of Mons. and Madame du F----. By Helen Maria Williams.",Helen Maria Williams,9,1791,1,1,"Dublin : printed for G. Burnet, P. Wogan, P. Byrne J. Moore, J. Jones, A. Grueber, W. Jones, R. White, and J. Rice, [1791].",Dublin,225,female,1762,1827,True
1240500101_000018,"Henry of Northumberland, or the hermit's cell. A tale of the fifteenth century. In two volumes. ...",Helen Craik,9,1800,1,2,"Dublin : printed by William Folds, for P. Wogan, W. Porter, B. Dornin, J. Rice, and G. Folingsby, 1800.",Dublin,258,female,1751,1825,False
0187100100_000002,"An essay on the writings and genius of Shakespear, compared with the Greek and French dramatic poets. With some remarks upon the misrepresentations of Mons. de Voltaire.",Elizabeth Montagu,10,1769,1,1,"London : printed for J. Dodsley, Pall-Mall; Mess. Baker and Leigh, York-Street, Covent-Garden; J. Walter, Charing-Cross; T. Cadell, in the Strand; and J. Wilkie, No 71. St. Paul's Church-Yard, M.DCC.LXIX. [1769].",London,278,female,1720,1800,False
1568901000_000015,"Devout exercises of the heart in meditation and soliloquy, prayer and praise. By the late Pious and Ingenious Mrs. Rowe. Review'd and published at her request, by I. Watts, D.D.",Elizabeth Rowe,11,1738,1,1,"London : Printed for Richard Hett and James Brackstone; and sold by Mr. James Davidson, and Mr. Patton, booksellers in Edinburgh, 1738.",London,156,female,1674,1737,True
1144100202_000029,"The romance of the forest: interspersed with some pieces of poetry. By the authoress of ""A Sicilian romance,"" &c. In two volumes. ...",Ann Radcliffe,7,1792,2,2,"Dublin : printed for Messrs. P. Wogan, P Byrne, A. Grueber, W. M'Kenzie, W. Sleater, J. Moore, J. Jones, J. Mehain, B. Dornin, J. Halpen, W. Jones, R. M'allister, J. Rice, R. White, A. Porter, 1792.",Dublin,335,female,1764,1823,True
0989700101_000007,"Letters on different subjects, in four volumes; amongst which are interspers'd the adventures of Alphonso, after the destruction of Lisbon. By the author of The unfortunate mother's advice to her absent daughters. ...",Sarah Pennington,9,1766,1,4,"London : to be had by the subscribers at those booksellers where they have subscribed, and at W. Bristow's late shop in St. Paul's Church Yard, or at his house in Roll's Buildings, Fetter-Lane, M.DCC.LXVI. [1766]-67.",London,203,female,1720,1783,True
0468001400_000002,Poems.,Anna Laetitia Barbauld,7,1777,1,1,"London : printed for Joseph Johnson, 1777.",London,142,female,1743,1825,True
0535400802_000030,"Poems on subjects chiefly devotional. In two volumes. A new edition. To which is added, a third volume, consisting of miscellaneous pieces. By Theodosia.",Anne Steele,13,1780,2,3,"Bristol : printed by W. Pine. Sold by T. Cadell, T. Mills, and T. Evans; - and by J. Buckland, Paternoster-Row, and J. Johnson, St. Paul's Church Yard, London, 1780.",Bristol,266,female,1717,1778,False
0644800700_000017,"Divine poems and essays on various subjects. Viz. Immanuel; or, the Godhead of Christ displayed. A Meditation written in a Bower at Lady Grove, Sutton. Elegies. Epithalamiums. Epistles to Miranda, &c. Hymns. A Poem on Redemption. A Walk at Enfield. Meditations on the Canticles. - for the Lord's Supper. Christ All in All. Meditations on Rev. xii. 6. A Summer Day's Excursion. Odes. Letters. A Soliloquy. By Maria De Fleury. With recommendatory prefaces, by the Rev. Mr Wills, Rev. Mr Towers, and Rev. Mr Ryland.",Maria de Fleury,9,1791,1,1,"London : printed for the author, and sold by T. Wilkins, Aldermanbury; by Bellamy and Roberts, No. 202, Strand; M. Trapp, No. 1, Pater-Noster Row; Mr. Nott, Lombard street; M. Gurney, No. 128, Holborn, and by the author, No. 31, Jewin-Street, [1791].",London,255,female,1773,1791,False
0544700202_000011,"The miscellaneous works, in prose and verse, of Mrs. Elizabeth Rowe: Published by her Order, By Mr. Theophilus Rowe. To which are added, poems on several occasions, by Mr. Thomas Rowe. And to the Whole is prefixed, An Account of the Lives and Writings of the Authors. ... . The fifth edition, corrected. To which is added, The history of Joseph, a Poem in Ten Books.",Elizabeth Rowe,11,1772,2,2,"London : printed for J. Buckland, G. Keith, W. Nicholl, G. Pearch, and H. Gardner, M.DCC.LXXII. [1772].",London,406,female,1674,1737,True
0364000204_000015,"Tales of the castle: or, stories of instruction and delight. Being Les veillees du chateau, written in French by Madame la Comtesse de Genlis, Author of the Theatre of Education, Adela and Theodore, &c. Translated into English by Thomas Holcroft,",Stéphanie Félicité du Crest de Saint-Aubin,9,1787,4,5,"London : printed for G. G. J. and J. Robinson, No. 25, Pater-Noster-Row, 1787.",London,258,female,1746,1830,True
0927600700_000005,Thoughts on female education: with advice to young ladies. By Sarah Howard. Addressed to her pupils.,"Howard, Sarah",8,1783,1,1,"London : printed for J. Mathews, Numb. 18, Strand; Whitewood, and Breadhower, Portsmouth; and Harding, at Gosport, M.DCC.LXXXIII. [1783].",London,104,female,,,False
0106200903_000047,The works of Mrs Elizabeth Rowe: in four volumes. ... . Containing Letters from the Dead to the Living. In Twenty Letters. Letters Moral & Entertaining Parts First & Second.,Elizabeth Rowe,8,1796,3,4,"London : printed for John & Arthur Arch, Grace-Church Street, & for Silvester Doig, Edinburgh, 1796.",London,334,female,1674,1737,True
0544700202_000095,"The miscellaneous works, in prose and verse, of Mrs. Elizabeth Rowe: Published by her Order, By Mr. Theophilus Rowe. To which are added, poems on several occasions, by Mr. Thomas Rowe. And to the Whole is prefixed, An Account of the Lives and Writings of the Authors. ... . The fifth edition, corrected. To which is added, The history of Joseph, a Poem in Ten Books.",Elizabeth Rowe,10,1772,2,2,"London : printed for J. Buckland, G. Keith, W. Nicholl, G. Pearch, and H. Gardner, M.DCC.LXXII. [1772].",London,406,female,1674,1737,True
0687300601_000028,"Clermont. A tale. In four volumes. By Regina Maria Roche, ...",Regina Maria Roche,9,1798,1,4,"London : printed at the Minerva-Press, for William Lane, 1798.",London,250,female,1764,1845,False
0463500601_000033,"A journey made in the summer of 1794, through Holland and the western frontier of Germany, with a return down the Rhine: to which are added Observations during a tour to the lakes of Lancashire, Westmoreland, and Cumberland. In two volumes. ... . Second edition. By Ann Radcliffe.",Ann Radcliffe,9,1795,1,2,"London : printed for G. G. and J. Robinson, Paternoster-Row, MDCCXCV. [1795].",London,482,female,1764,1823,True
0783800300_000091,"Friendship in death: in twenty letters from the dead to the living. To which are added, letters moral and entertaining. In prose and verse. In three parts. By Mrs. Elizabeth Rowe.",Elizabeth Rowe,8,1760,1,1,"London : printed for R. Baldwin, J. Richardson, S. Crowder and Co. P. Davey and B. Law, T. Caslon and T. Field, MDCCLX. [1760].",London,311,female,1674,1737,True
0364000202_000015,"Tales of the castle: or, stories of instruction and delight. Being Les veillees du chateau, written in French by Madame la Comtesse de Genlis, Author of the Theatre of Education, Adela and Theodore, &c. Translated into English by Thomas Holcroft,",Stéphanie Félicité du Crest de Saint-Aubin,13,1787,2,5,"London : printed for G. G. J. and J. Robinson, No. 25, Pater-Noster-Row, 1787.",London,265,female,1746,1830,True
0703101800_000022,"Sacred dramas: chiefly intended for young persons: the subjects taken from the Bible. To which is added, sensibility, a poem.",Hannah More,11,1789,1,1,"London : printed for T. Cadell, in the Strand, M.DCC.LXXXIX. [1789].",London,297,female,1745,1833,True
1524500103_000031,"Nocturnal visit. A tale. In four volumes. By Maria Regina Roche, author of The children of the abbey, Maid of the hamlet, Vicar of Landowne, and Clermont.",Regina Maria Roche,12,1800,3,4,"London : printed at the Minerava-Press, for William Lane, Leadenhall-Street, 1800.",London,265,female,1764,1845,False
0964001202_000016,"Adelaide and Theodore; or, letters on education: containing all the principles relative to three different plans of education; to that of princes, and to those of young persons of both sexes. Translated from the French of Madame la Comtesse de Genlis. The third edition, carefully corrected and amended. ...",Stéphanie Félicité du Crest de Saint-Aubin,7,1788,2,3,"London : printed for T. Cadell, in the Strand, M,DCC,LXXXVIII. [1788].",London,294,female,1746,1830,True
0106200903_000063,The works of Mrs Elizabeth Rowe: in four volumes. ... . Containing Letters from the Dead to the Living. In Twenty Letters. Letters Moral & Entertaining Parts First & Second.,Elizabeth Rowe,13,1796,3,4,"London : printed for John & Arthur Arch, Grace-Church Street, & for Silvester Doig, Edinburgh, 1796.",London,334,female,1674,1737,True
0510800900_000048,"A compendious system of astronomy, in a course of familiar lectures, In which the Principles of that Science are clearly elucidated, so as to be intelligible to those who have not studied the Mathematics: also trigonometrical and celestial problems, with a key to the ephemeris, and a vocabulary of the terms of science Used In The Lectures, Which latter are explained agreeably to their Application in them. By Margaret Bryan.","Bryan, Margaret           1815",8,1799,1,1,"London : printed, by H.L. Galabin, Ingram-Court, Fenchurch-Street, for J. Wallis, NO. 46, and Wynne and Scholey, NO. 45, Paternoster-Row, 1799.",London,466,female,,,False
0852700700_000024,Dialogues of the dead.,Elizabeth Montagu,10,1760,1,1,"London : printed for W. Sandby, in Fleet-Street, M.DCC.LX. [1760].",London,330,female,1720,1800,False
0364000203_000003,"Tales of the castle: or, stories of instruction and delight. Being Les veillees du chateau, written in French by Madame la Comtesse de Genlis, Author of the Theatre of Education, Adela and Theodore, &c. Translated into English by Thomas Holcroft,",Stéphanie Félicité du Crest de Saint-Aubin,8,1787,3,5,"London : printed for G. G. J. and J. Robinson, No. 25, Pater-Noster-Row, 1787.",London,286,female,1746,1830,True
0351500400_000010,"The history of Joseph. A poem. In ten books. By Mrs. Elizabeth Rowe, Author of Friendship in Death, &c.",Elizabeth Rowe,13,1742,1,1,"Dublin : printed for Cor. Wynne, at the Parrot in Caple-Street, MDCCXLII. [1742].",Dublin,70,female,1674,1737,True
0496901501_000074,"The mysteries of Udolpho, a romance; interspersed with some pieces of poetry. By Ann Radcliffe, author of the Romance of the forest, etc. In three volumes. ...",Ann Radcliffe,9,1800,1,3,"Dublin : printed by Thomas Burnside. For P. Wogan, No. 23, Old Bridge, 1800.",Dublin,311,female,1764,1823,True
0682802000_000012,"Mrs. Rowe's devout exercises of the heart, in meditation and soliloquy, prayer and praise; turned into blank verse, by the Rev. Edward Smyth.",Elizabeth Rowe,12,1785,1,1,"London : printed by Frys & Couchman, Upper-Moorfields; and sold by Mr. Matthews, No 18, in the Strand; Mr. Scollick, No 5, City-Road, Moorfields; Mr. Thackwray, West-Street, Seven-Dials; and Mr Stratton, No 12, Tottenham-Court-Road, [1785?].",London,183,female,1674,1737,True
0373400800_000011,Poems by Anne Bannerman.,Anne Bannerman,9,1800,1,1,"Edinburgh : printed by Mundell & Son, Royal Bank Close; for Mundell & Son Edinburgh; and Longman & Rees, and J. Wright, London, 1800.",Edinburgh,111,female,1765,1829,False
0439200401_000011,"Miscellanies in prose and verse, mostly written in the epistolary style: chiefly upon moral subjects, and particularly calculated for the improvement of younger minds. By Mrs. M. Deverell, Gloucestershire. ...","Deverell, Mary",11,1781,1,2,"[London] : Printed for the author, by J. Rivington, jun, St. John's-Square, Clerkenwell; sold by Mr. Dodsley, Pall-Mall; Mr. Robson and Mr. Michell, New Bond-Street; Mr. Cadell, Strand; Messrs. Rivingtons and Mr. Wilkie's, St. Paul's Church-Yard; Mr. Crowder, Pater-Noster Row; and Mrs. Davenhill, Cornhill, Booksellers, London. - Also by Mr. Cadell, Wine-Street, Bristol; Messrs. Pract and Clinch, Melsome-Street, and Mr. Meyler, in the Grove, Bath; Mr. Fletcher, Oxford; Mr. Pugh, Hereford; Mr. Sprange, Tunbridge-Wells; and by the author, at No. 115, Jermyn-Street, St. James's, London. MDCCLXXXI. Entered at Stationers-Hall, [1781].",London,287,female,,,False
0653001300_000002,"Poems. By Mary Julia Young, Author of Rose-Mount Castle.","Young, Mary Julia",10,1798,1,1,"London : printed at the Minerva Press, for William Lane, Leadenhall Street, M.DCC.XCVIII. [1798].",London,176,female,,,False
0028400401_000019,"The female American; or, the adventures of Unca Eliza Winkfield. Compiled by herself. In two volumes. ...","Winkfield, Unca Eliza",11,1767,1,2,"London : printed for Francis Noble, at his Circulating Library, opposite Gray's-Inn Gate, Holbourn ; and John Noble, at his Circulating Library, in St. Martin's-Court, near Leicester-Square, MDCCLXVII. [1767].",London,198,female,,,False
0615301300_000044,"The poetical works of Mrs. Elizabeth Rowe. Including the History of Joseph; a poem, in ten books. To which is prefixed, An account of the life and writings of the author.",Elizabeth Rowe,9,1795,1,1,"London : printed for T. Wills, Stationers-Court; J. S. Jordan, No. 166, Fleet-Street; Allen and West, and H. D. Symonds, Paternoster-Row; Champante and Whitrow, Audgate; and L. Wayland, New York, [1795?].",London,317,female,1674,1737,True
0274300500_000041,Poems on several occasions. By the Lady Chudleigh.,Lady Mary Chudleigh,8,1722,1,1,"London : printed for Bernard Lintot, at the Cross-Keys between the Temple-Gates, MDCCXXII. [1722].",London,283,female,1656,1710,False
0834100300_000051,"A companion, and useful guide to the beauties of Scotland, to the lakes of Westmoreland, Cumberland, and Lancashire; and to the curiosities in the district of Craven, in the West riding of Yorkshire. To which is added, a more particular description of Scotland, especially that part of it, called the highlands. By the Hon. Mrs. Murray, of Kensington.",Sarah Murray,12,1799,1,1,"London : printed for the author; and sold by George Nicol, bookseller to his Majesty, Pall-Mall, 1799.",London,402,female,1744,1811,False
0355800102_000008,"Tales of the castle: or, stories of instruction and delight. Being Les veillées du chateau, written in French by Madame la Comtesse de Genlis, Author of the Theatre of Education, Adela and Theodore, &c. Translated into English by Thomas Holcroft. ...",Stéphanie Félicité du Crest de Saint-Aubin,9,1785,2,4,"Dublin : printed for Messrs. Price, Moncrieffe, Jenkin, Walker, Burton, Exshaw, White, Byrne, Parker, H. White-Stone, and Cash, MDCCLXXXV. [1785].",Dublin,282,female,1746,1830,True
1622600102_000002,"Tales of the castle: Or, Stories of instruction and delight being Les veilles du Chateau, written in French by Madame la Comtesse de Genlis, author of the Theatre of education, Adela and Theodore, &c. Translated into English by Thomas Holcroft.",Stéphanie Félicité du Crest de Saint-Aubin,12,1789,2,4,"Dublin : Printed for Messrs. Moncrieffe, Walker, White, Byrne, and Parker, MDCCLXXXIX. [1789].",Dublin,298,female,1746,1830,True
0646400401_000040,"The girl of the mountains. A novel, in four volumes, by Mrs. Parsons, ...",Eliza Parsons,11,1797,1,4,"London : printed for William Lane, at the Minerva-Press, 1797.",London,281,female,1738,1811,True
0866500300_000017,"Miscellaneous pieces, in prose, by J. and A. L. Aikin.",Anna Laetitia Barbauld,11,1775,1,1,"London : printed for J. Johnson, in St. Paul's Church-Yard, MDCCLXXV. [1775].",London,221,female,1743,1825,True
0137000100_000045,"An essay on the writings and genius of Shakespear, compared with the Greek and French dramatic poets. With some remarks upon the misrepresentations of Mons. de Voltaire.",Elizabeth Montagu,6,1770,1,1,"London : printed by J. and H. Hughs, near Lincoln's-Inn-Fields: and sold by J. Dodsley, Pall-Mall; Mess. Baker and Leigh, York-Street, Covent-Garden; T. Becket, and T. Cadell, in the Strand; J. Walter, Charing-Cross; H. Denoyer, Lisle-Street; and J. Wilkie, No 71. St. Paul's Church-Yard, M.DCC.LXX. [1770].",London,277,female,1720,1800,False
0381500602_000015,"Tales of the castle: or, stories of instruction and delight. Being Les veillées du chateau, written in French by Madame la comtesse de Genlis, Author of the Theatre of Education, Adela and Theodore, &c. Translated into English by Thomas Holcroft. ...",Stéphanie Félicité du Crest de Saint-Aubin,12,1785,2,5,"London : printed for G. Robinson, No 25, Pater-Noster-Row, MDCCLXXXV. [1785].",London,297,female,1746,1830,True
0019200700_000021,"Felicia to Charlotte: being letters from a young lady in the country, to her friend in town. Containing A Series of the most interesting Events, interspersed with Moral Reflections; chiefly tending to prove, that the Seeds of Virtue are implanted in the Mind of Every Reasonable Being.","Collyer, Mary",7,1744,1,1,"London : printed for Jacob Robinson, in Ludgate-Street; and Joseph Collyer, in Ivy-Lane, M.DCC.XLIV. [1744].",London,311,female,,,False
0793800202_000018,A sicilian romance. By the authoress of the castles of Athlin and Dunbayne. In two volumes. ...,Ann Radcliffe,8,1790,2,2,"London : printed for T. Hookham, New Bond-Street, MDCCLXC [1790].",London,220,female,1764,1823,True
0033200301_000014,The wanderings of the imagination. By Mrs. Gooch. In two volumes. ...,Elizabeth Sarah Gooch,6,1796,1,2,"London : printed for B. Crosby, No. 4, Stationers-Court, Ludgate-Street, 1796.",London,152,female,1754,1754,False
0442700201_000054,"Marcus Flaminius; or, a view of the military, political, and social life of the Romans: in a series of letters from a patrician to his friend; in the Year DCC.LXII from the Foundation of Rome, to the Year DCC.LXIX. By E. Cornelia Knight. In two volumes. ...",Cornelia Knight,8,1792,1,2,"London : printed for C. Dilly, in the Poultry, M.DCC.XCII. [1792].",London,411,female,1757,1837,False
0842900101_000022,"The mysteries of Udolpho, a romance; interspersed with some pieces of poetry. By Ann Radcliffe, ...",Ann Radcliffe,9,1794,1,4,"London : printed for G.G. and J. Robinson, 1794.",London,430,female,1764,1823,True
1007300302_000002,A tale of the times. By the author of A gossip's story. Dedicated by Permission to Mrs. Carter. In three volumes. ...,Jane West,8,1799,2,3,"London : printed for T. N. Longman and O Rees, Paternoster-Row, 1799.",London,315,female,1758,1852,False
0475700700_000033,"Miscellaneous pieces, in prose, by John Aikin, M.D. and Anna Lætitia Barbauld.",Anna Laetitia Barbauld,9,1792,1,1,"London : printed for J. Johnson, 1792.",London,272,female,1743,1825,True
0247300301_000023,"The mysteries of Udolpho, a romance; interspersed with some pieces of poetry. By Ann Radcliffe, author of the romance of the forest, etc. In four volumes. ...",Ann Radcliffe,9,1794,1,4,"London : printed for G. G. and J. Robinson, Paternoster-Row, 1794.",London,440,female,1764,1823,True
0281300503_000073,"The mysteries of Udolpho, a romance; interspersed with some pieces of poetry. By Ann Radcliffe, Author of the Romance of the Forest, Etc. In three volumes. ...",Ann Radcliffe,10,1794,3,3,"Dublin : printed by Hillary and Barlow, for Messrs. P. Wogan, W. Jones, and H. Colbert, 1794.",Dublin,366,female,1764,1823,True
0746700500_000089,"Observations and reflections made in the course of a journey through France, Italy, and Germany. By Hester Lynch Piozzi.",Hester Thrale,9,1789,1,1,"Dublin : printed for Messrs. H. Chamberlaine, L. White, P. Byrne, P. Wogan, Grubier and M'allister, T. Heery, B. Dornin, J. Moore, and W. Jones, MDCCLXXXIX. [1789].",Dublin,597,female,1741,1821,True
0438802100_000048,"Reliques of Irish poetry: consisting of heroic poems, odes, elegies, and songs, translated into English verse: with notes explanatory and historical; and the originals in the Irish character. To which is subjoined an Irish tale. By Miss Brooke.",Charlotte Brooke,9,1789,1,1,"[Dublin] : George Bonham, printer, South Great George's-Street, Dublin, M.DCC.LXXXIX. [1789].",Dublin,370,female,1740,1793,False
1657601100_000003,The Sylphid.,Mary Robinson,10,1799,1,1,"[London, England : s.n., 1799-<1800>].",London,80,female,1758,1800,True
0475700700_000025,"Miscellaneous pieces, in prose, by John Aikin, M.D. and Anna Lætitia Barbauld.",Anna Laetitia Barbauld,7,1792,1,1,"London : printed for J. Johnson, 1792.",London,272,female,1743,1825,True
0460000600_000025,"Miscellaneous pieces, in prose, by J. and A. L. Aikin.",Anna Laetitia Barbauld,7,1774,1,1,"Belfast : printed by James Magee, at the Bible and Crown in Bridge-Street, MDCCLXXIV. [1774].",Belfast,110,female,1743,1825,True
1632900900_000010,"A vindication of the rights of men, in a letter to the Right Honourable Edmund Burke; Occasioned by his reflections on the revolution in France.",Mary Wollstonecraft,13,1790,1,1,"London : Printed for J. Johnson, No. 72, St. Paul's Church-Yard, M.DCC.XC. [1790].",London,154,female,1759,1797,True
0601201300_000008,"Poetical sketches, by Ann Batten Cristall.",Ann Batten Cristall,11,1795,1,1,"London : printed for J. Johnson, St. Paul's Church yard, 1795.",London,203,female,1769,1848,False
0035201100_000040,"Letters and essays, moral, and miscellaneous. By Mary Hays.",Mary Hays,8,1793,1,1,"London : printed for T. Knott, No. 47, Lombard-Street, MDCCXCIII. [1793].",London,271,female,1759,1843,True
0584101002_000095,"The miscellaneous works, in prose and verse, of Mrs. Elizabeth Rowe: Published by her Order, By Mr. Theophilus Rowe. To which are added, Poems on several occasions, by Mr. Thomas Rowe. And to the Whole is prefixed, An Account of the Lives and Writings of the Authors. In two volumes. The third edition, corrected. To which is now first added, The history of Joseph, a Poem in Ten Books.",Elizabeth Rowe,8,1750,2,2,"London : printed for Henry Lintot: and sold by S. Birt, and B. Dod, in Ave-Mary-Lane, J. Ward over-against the Royal-Exchange, and W. Johnston in St. Paul's Church-Yard, MDCCL. [1750].",London,432,female,1674,1737,True
0012700404_000016,"Ellinor; or, the world as it is. A novel. In four volumes. By Mary Ann Hanway. ...",Mary Ann Hanway,11,1798,4,4,"London : printed at the Minerva-Press, for William Lane, Leadenhall-Street, M.DCC.XCVIII. [1798].",London,383,female,,,False
0439602300_000005,Monody to the memory of the late Queen of France. By Mrs. Mary Robinson.,Mary Robinson,5,1793,1,1,"London : printed by T. Spilsbury and Son, Snow-Hill; and sold by J. Evans, No. 32, Paternoster-Row; and T. Becket Pall-Mall, M.DCC.XCIII. [1793].",London,28,female,1758,1800,True
0093300400_000004,"The miscellaneous works, in prose and verse, of Mrs. Mary Latter, of Reading, Berks. In three parts.",Mary Latter,7,1759,1,1,"Reading : printed and sold by C. Pocock MDCCLIX. Sold also by J. Wilkie in St. Paul's Church-Yard, London; J. Wimpey in Newbury, and R. Aillen in Basingstoke, [1759].",Reading,210,female,1725,1777,False
0842900101_000020,"The mysteries of Udolpho, a romance; interspersed with some pieces of poetry. By Ann Radcliffe, ...",Ann Radcliffe,13,1794,1,4,"London : printed for G.G. and J. Robinson, 1794.",London,430,female,1764,1823,True
0363500105_000032,"Tales of the castle: or, stories of instruction and delight. Being Les veillees du chateau, written in French by Madame la Comtesse de Genlis, Author of the Theatre of Education, Adela and Theodore, &c. Translated into English by Thomas Holcroft,",Stéphanie Félicité du Crest de Saint-Aubin,8,1793,5,5,"London : printed for G. G. J. and J. Robinson, No. 25, Pater-Noster-Row, 1793.",London,264,female,1746,1830,True
0937800900_000099,"Friendship in death: in twenty letters from the dead to the living. To which are added, letters moral and entertaining, in prose and verse. ... By Mrs. Elizabeth Rowe. To which is prefixed, an account of the life of the author.",Elizabeth Rowe,9,1775,1,1,"London : printed for J. and F. Rivington, W. Strahan, T. Caslon, B. Law, T. Cadell [and 4 others in London], 1775.",London,377,female,1674,1737,True
1478000300_000092,Friendship [in death] In twenty le[tter] from the dead to the [living] to which are added letters moral and entertainin[g] in prose and [verse]. In three parts. By Mrs. Elizabeth [Rowe].,Elizabeth Rowe,9,1752,1,1,"London : Printed for Henry Lintot, [1752].",London,361,female,1674,1737,True
0032700401_000025,"Translation of the letters of a Hindoo Rajah; written previous to, and during the period of his residence in England. To which is prefixed a preliminary dissertation on the history, religion, and manners, of the Hindoos. In two volumes. By Eliza Hamilton, ...",Elizabeth Hamilton,6,1796,1,2,"London : printed for G.G. and J. Robinson, No. 25, Paternoster Row, 1796.",London,341,female,1758,1816,False
1459000802_000017,"Oswald castle, or Memoirs of lady Sophia Woodville; A novel. In two volumes. By a lady. Volume I.",Lady,11,1788,2,2,"London : Printed for T. Hookham, New Bond-Street, 1788.",London,261,female,,,False
0703000501_000022,Poems by Mrs. M. Robinson.,Mary Robinson,7,1791,1,2,"London : printed by J. Bell, British-Library, Strand, Bookseller to His Royal Highness the Prince of Wales, MDCCXCI. [1791].",London,248,female,1758,1800,True
0575800400_000025,Love-Letters on all occasions lately passed between persons of distinction. Collected by Mrs. Eliza Haywood.,Eliza Haywood,9,1730,1,1,"London : printed for and sold by John Brindley, at the Kings Arms in New Bond-Street; Robert Willock in Cornhill; John Jackson in Pall-Mall; John Penn in Westminster-Hall; Francis Cogan at the Middle Temple Gate, Fleetstreet, 1730.",London,238,female,1693,1756,True
0593000100_000104,"A journey made in the summer of 1794, through Holland and the western frontier of Germany, with a return down the Rhine: to which are added Observations during a tour to the lakes of Lancashire, Westmoreland, and Cumberland. By Ann Radcliffe.",Ann Radcliffe,11,1795,1,1,"London : printed for G. G. and J. Robinson, Paternoster-Row, MDCCXCV. [1795].",London,508,female,1764,1823,True
0883300303_000071,"The mysteries of Udolpho, a romance; interspersed with some pieces of poetry. By Ann Radcliffe, ... In three volumes, ...",Ann Radcliffe,14,1795,3,3,"Dublin : printed by N. Kelly, for Messrs. P. Wogan, W. Jones. H. Colbert, and J. Milliken, 1795.",Dublin,358,female,1764,1823,True
0496901501_000022,"The mysteries of Udolpho, a romance; interspersed with some pieces of poetry. By Ann Radcliffe, author of the Romance of the forest, etc. In three volumes. ...",Ann Radcliffe,9,1800,1,3,"Dublin : printed by Thomas Burnside. For P. Wogan, No. 23, Old Bridge, 1800.",Dublin,311,female,1764,1823,True
0496901501_000075,"The mysteries of Udolpho, a romance; interspersed with some pieces of poetry. By Ann Radcliffe, author of the Romance of the forest, etc. In three volumes. ...",Ann Radcliffe,13,1800,1,3,"Dublin : printed by Thomas Burnside. For P. Wogan, No. 23, Old Bridge, 1800.",Dublin,311,female,1764,1823,True
1301100701_000003,"Danish massacre: an historic fact. By the author of Monmouth, a tale. In two volumes.","Mackenzie, Anna Maria",11,1791,1,2,"Dublin : printed for Messrs. P. Byrne, P. Wogan, A. Grueber, J. Moore, J. Jones, J. Rice, W. Jones, R. M'Allister, and R. White, MDCC,XCI. [1791].",Dublin,128,female,,,False
0021000104_000033,"The beggar girl and her benefactors. In seven volumes. By Mrs. Bennett, Author Of Welch Heiress, Yuitnile Indiscretions, Agnes DI-Courci, And Fllen Countess Of Castle Howell. ...",Anna Maria Bennett,7,1797,4,7,"London : printed for William Lane, at the Minerva Press, Leadenhall-Street, M.DCC.XCVII. [1797].",London,365,female,1760,1808,False
0013200203_000015,"Delia, a pathetic and interesting tale. In Four Volumes ...",Mary Pilkington,10,1790,3,4,"London : printed for William Lane, Leadenhall Street, 1790.",London,293,female,1766,1839,True
0442700202_000028,"Marcus Flaminius; or, a view of the military, political, and social life of the Romans: in a series of letters from a patrician to his friend; in the Year DCC.LXII from the Foundation of Rome, to the Year DCC.LXIX. By E. Cornelia Knight. In two volumes. ...",Cornelia Knight,7,1792,2,2,"London : printed for C. Dilly, in the Poultry, M.DCC.XCII. [1792].",London,343,female,1757,1837,False
0093100300_000100,"The works (never before published) of Jeanne-Marie Phlipon Roland, wife of the ex-minister of the interior; containing her philosophical and literary essays, Writtin Previous To Her Marriage; Her Correspondence, And Her Travels. To Which Are Annexed The Justificative Documents Relative To Her Imprisonment And Condemnation. The whole preceded by a preliminary discourse, interspersed with notes, illustrative and explanatory, by L. A. Champagneux. Translated from the French.",Manon Roland,7,1800,1,1,"London : printed for J. Johnson, ST. Paul's Church-Yard. 1800. Luke Hansard, printer, Great Turnstile, Lincoln's Inn Fields, [1800].",London,404,female,1754,1793,False
0468700800_000022,"Sacred dramas: chiefly intended for young persons: The subjects taken from the Bible. To which is added, Sensibility, a poem.",Hannah More,10,1791,1,1,"London : printed for T. Cadell, In The Strand, M.DCC.XCI. [1791].",London,297,female,1745,1833,True
0783800400_000099,"Friendship in death: in twenty letters from the dead to the living. To which are added, letters moral and entertaning [sic], in prose and verse. In three parts. By Mrs. Elizabeth Rowe. To which is prefixed, an account of the life of the author.",Elizabeth Rowe,7,1793,1,1,"London : printed for T. Longman, B. Law, G. G. and J. Robinson, T. Cadell, J. Johnson, [and 6 others in London], 1793.",London,370,female,1674,1737,True
0397700400_000014,A vindication of the rights of woman: with strictures on political and moral subjects. By Mary Wollstonecraft.,Mary Wollstonecraft,11,1792,1,1,"London : printed for J. Johnson, No 72, St. Paul's Church Yard, 1792.",London,469,female,1759,1797,True
0604800300_000004,"Llangollen Vale, with other poems: by Anna Seward.",Anna Seward,9,1796,1,1,"London : printed for G. Sael, No. 192, Strand, 1796.",London,50,female,1742,1809,False
0154103900_000025,"Miscellanies, in prose and verse. By Mrs. Catherine Jemmat. Daughter of the late Admiral Yeo, of Plymouth, and Author of her own Memoirs.",Catherine Jemmat,7,1766,1,1,"London : printed for the author, MDCCLXVI. [1766].",London,236,female,1759,1838,False
0982900800_000015,"Devout exercises of the heart; in meditation and soliloquy, prayer and praise. By the late pious and ingenious Mrs. Rowe. Reviewed and published at her request, by I. Watts, D.D.",Elizabeth Rowe,9,1792,1,1,"Printed at Windsor [Vt.] : by Alden Spooner, for Daniel Ralph, MDCCXCII. [1792].",Windsor,164,female,1674,1737,True
0152701300_000015,"Letters on the works and character of J. J. Rousseau. To which are Added A Letter from the Countess Alexandre de Vassy to the Baroness de Stael, with the Baroness's Answer, and an Account of the last Moments of Rousseau. By Mademoiselle Necker, Baroness de Stael. Translated from the French.",Germaine de Staël,7,1789,1,1,"London : printed for G. G. J. and J. Robinson, Paternoster-Row, MDCCLXXXIX. [1789].",London,145,female,1766,1817,False
0325100200_000042,"Letters on the improvement of the mind, addressed to a young lady. By Mrs. Chapone.",Hester Chapone,7,1793,1,1,"Edinburgh : printed for Silvester Doig, Royal-Echange, MDCCXCIII. [1793] [1794?].",Edinburgh,215,female,1727,1801,True
0785000401_000057,"Letters of the Right Honourable Lady M-y W-y M-e: written during her travels in Europe, Asia and Africa, to Persons of Distinction, Men of Letters, &c. in different Parts of Europe. Which Contain, Among other Curious Relations, Accounts of the Policy and Manners of the Turks. Drawn from Sources that have been inaccessible to other Travellers. Complete in one volume.",Lady Mary Wortley Montagu,11,1781,1,1,"Berlin : sold by August Mylius, MDCCLXXXI. [1781].",Berlin,392,female,1689,1762,True
0013200203_000040,"Delia, a pathetic and interesting tale. In Four Volumes ...",Mary Pilkington,15,1790,3,4,"London : printed for William Lane, Leadenhall Street, 1790.",London,293,female,1766,1839,True
0703000501_000012,Poems by Mrs. M. Robinson.,Mary Robinson,10,1791,1,2,"London : printed by J. Bell, British-Library, Strand, Bookseller to His Royal Highness the Prince of Wales, MDCCXCI. [1791].",London,248,female,1758,1800,True
1700500400_000042,"The works of Mrs. Chapone, adressed to a young lady.",Hester Chapone,7,1793,1,1,"London : Printed for J. Warlters, MDCCXCIII. [1793].",London,312,female,1727,1801,True
1255100900_000014,"The son of Ethelwolf: an historical tale. By the author of Alan Fitz-Osborne, &c.",Anne Fuller,7,1789,1,1,"Dublin : printed for Messrs. L. White, P. Byrne, P. Wogan, H. Colbert, A. Grueber and M'allister, C. Lewis, J. Jones, and J. Moore, M.DCC.LXXXIX. [1789].",Dublin,284,female,,1790,False
0670002100_000042,"Letters on the improvement of the mind, addressed to a young lady. By Mrs. Chapone.",Hester Chapone,7,1787,1,1,"London : printed for J. Walter, Charing-Cross ; and C. Dilly, in the Poultry, M.DCC.LXXXVII. [1787].",London,244,female,1727,1801,True
1436700900_000043,"Letters on the improvement of the mind, addressed to a young lady. By Mrs. Chapone.",Hester Chapone,7,1778,1,1,"London : Printed for J. Walter, at Homer's Head, Charing Cross; and E. and C. Dilly, in the Poultry, MDCCLXXVIII. [1778].",London,247,female,1727,1801,True
1101200304_000008,"The false friend: a domestic story. By Mary Robinson, Author of Poems, Walsingham, Angelina, Hubert de Sevrac, &c. &c. In four volumes. ...",Mary Robinson,7,1799,4,4,"London : printed for T.N. Longman and O. Rees, Paternoster-Row, 1799.",London,368,female,1758,1800,True
0392000800_000005,"Dialogues of the dead. The fourth edition, corrected. To which are added four new dialogues.",Elizabeth Montagu,10,1765,1,1,"London : printed for W. Sandby, in Fleet-Street, M.DCC.LXV. [1765].",London,421,female,1720,1800,False
0885600600_000042,"Letters on the improvement of the mind, addressed to a young lady. By Mrs. Chapone.",Hester Chapone,7,1777,1,1,"London : printed for J. Walter, at Homer's Head, Charing-Cross; and E. and C. Dilly, in the Poultry, MDCCLXXVII. [1777].",London,248,female,1727,1801,True
0325001302_000021,Letters on the improvement of the mind. Addressed to a young lady. In two volumes.,Hester Chapone,7,1773,2,2,"Dublin : printed for J. Exshaw, H. Saunders, W. Sleater, J. Potts, D. Chamberlaine, J. Williams, and R. Moncrieffe, MDCCLXXIII. [1773].",Dublin,139,female,1727,1801,True
0936800202_000017,"Adelaide and Theodore; or, letters on education: containing all the principles relative to three different plans of education; to that of princes, and to those of young persons of both sexes. Translated from the French of Madame la Comtesse de Genlis.",Stéphanie Félicité du Crest de Saint-Aubin,7,1796,2,3,"London : printed for T. Cadell, jun. and W. Davies, (successors to Mr. Cadell) in the Strand, 1796.",London,257,female,1746,1830,True
0244800400_000009,"Miscellaneous poems, on various subjects, by Jane Elizabeth Moore.","Moore, Jane Elizabeth           1738",9,1796,1,1,"Dublin : printed for the author, 1796.",Dublin,169,female,,,False
0850800102_000039,"The mysteries of Udolpho, a romance; interspersed with some pieces of poetry. By Ann Radcliffe, Author of the romance of the Forest, etc. The third edition. In four volumes. ...",Ann Radcliffe,8,1795,2,4,"London : printed for G. G. and J. Robinson, Paternoster-Row, 1795.",London,481,female,1764,1823,True
0023300201_000024,"The royal captives: a fragment of secret history. Copied from an old manuscript, by Ann Yearsley. ...",Ann Yearsley,10,1795,1,4,"London : printed for G. G. and J. Robinson, Pater-Noster Row, MDCCXCV. [1795].",London,255,female,1756,1806,True
0418600400_000066,"A journey through the Crimea to Constantinople. In a series of letters from the Right Honourable Elizabeth Lady Craven, to His serene Highness the Margrave of Brandebourg, Anspach, and Bareith. Written in the year MDCCLXXXVI.",Elizabeth Craven,16,1789,1,1,"London : printed for G. G. J. and J. Robinson, Pater-Noster Row, MDCCLXXXIX. [1789].",London,340,female,1750,1828,True
1268501300_000012,"Letters written in France, in the summer 1790, to a friend in England: containing various anecdotes relative to the French Revolution; and memoirs of Mons. and Madame du F-. By Helen Maria Williams.",Helen Maria Williams,6,1796,1,1,"London : printed for T. Cadell, Jun. and W. Davies, (successors to Mr. Cadell,) in the Strand, 1796.",London,244,female,1762,1827,True
0551500700_000011,"Letters written in France, in the Summer 1790, to a friend in England; containing, various anecdotes relative to the French revolution; and memoirs of Mons. and Madame du F----. By Helen Maria Williams.",Helen Maria Williams,6,1790,1,1,"London : printed for T. Cadell, in the Strand, M.DCC.XC. [1790].",London,225,female,1762,1827,True
0850400900_000011,"Letters written in France, in the summer 1790, to a friend in England: containing various anecdotes relative to the French revolution; and memoirs of Mons. and Madame du F----. By Helen Maria Williams.",Helen Maria Williams,6,1792,1,1,"London : printed for T. Cadell, In The Strand, M,DCC,XCII. [1792].",London,221,female,1762,1827,True
0879500900_000018,"Devout exercises of the heart, in Meditation and Soliloquy, Prayer and Praise, By the late pious and ingenious Mrs Elizabeth Rowe. Reviewed and published, at her request, by I. Watts, D.D.",Elizabeth Rowe,8,1777,1,1,"London : printed for J. Buckland, T. Payne, and C. Ware, M.DCC.LXXVII. [1777].",London,221,female,1674,1737,True
0524500200_000003,The search after happiness: a pastoral drama.,Hannah More,6,1791,1,1,"London : printed for T. Cadell, in the Strand, MDCCXCI. [1791].",London,59,female,1745,1833,True
1494101301_000011,"The subterranean cavern; or, Memoirs of Antoinette de Monflorance. In four volumes. By the author of Delia and Rosina.",Mary Pilkington,8,1798,1,4,"London : printed at the Minerva-Press for William Lane, Leadenhall-Street, 1798.",London,231,female,1766,1839,True
0229300703_000013,"Letters moral and entertaining, in prose and verse. By the author of Friendship in death. To which are added, ten letters by another hand. ...",Elizabeth Rowe,7,1734,3,3,"London : printed for T. Worrall, 1733-34.",London,133,female,1674,1737,True
0129100102_000031,"Poems and plays. By Mrs. West, Author of ``a Tale of the Times,'' ``a Gossip's Story,'' &c. &c. ...",Jane West,8,1799,2,4,"London : printed by C. Whittingham; for T. N. Longman and O. Rees, Paternoster-Row, 1799.",London,252,female,1758,1852,False
0883300301_000003,"The mysteries of Udolpho, a romance; interspersed with some pieces of poetry. By Ann Radcliffe, ... In three volumes, ...",Ann Radcliffe,8,1795,1,3,"Dublin : printed by N. Kelly, for Messrs. P. Wogan, W. Jones. H. Colbert, and J. Milliken, 1795.",Dublin,311,female,1764,1823,True
0247300301_000003,"The mysteries of Udolpho, a romance; interspersed with some pieces of poetry. By Ann Radcliffe, author of the romance of the forest, etc. In four volumes. ...",Ann Radcliffe,8,1794,1,4,"London : printed for G. G. and J. Robinson, Paternoster-Row, 1794.",London,440,female,1764,1823,True
0537101500_000045,Familiar letters and poems on several occasions. By Mary Masters.,"Masters, Mary",8,1755,1,1,"London : printed for the author, by D. Henry and R. Cave, M.DCC.LV. [1755].",London,365,female,1706,1759,False
0393800101_000003,"The mysteries of Udolpho, a romance; interspersed with some pieces of poetry. By Ann Ratcliffe [sic], author of The romance of the forest, A Sicilian romance, &c. In three volumes. ...",Ann Radcliffe,8,1795,1,3,"Boston : Printed by Samuel Etheridge, for J. White, W. Spotswood, Thomas & Andrews, D. West, E. Larkin, W.P. Blake, J. West, and J.W. Folsom, 1795.",Boston,230,female,1764,1823,True
0842900101_000003,"The mysteries of Udolpho, a romance; interspersed with some pieces of poetry. By Ann Radcliffe, ...",Ann Radcliffe,8,1794,1,4,"London : printed for G.G. and J. Robinson, 1794.",London,430,female,1764,1823,True
1089300900_000092,"Friendship in death: in twenty letters from the dead to the living. To which are added letters moral and entertaining, in prose and verse. In three parts. By Mrs. Elizabeth Rowe.",Elizabeth Rowe,7,1743,1,1,"London : printed for Henry Lintot; and sold by B. Dod, at the Bible and Key in Avemary-Lane, near Stationer's-Hall, MDCCXLIII. [1743].",London,496,female,1674,1737,True
0850400900_000001,"Letters written in France, in the summer 1790, to a friend in England: containing various anecdotes relative to the French revolution; and memoirs of Mons. and Madame du F----. By Helen Maria Williams.",Helen Maria Williams,8,1792,1,1,"London : printed for T. Cadell, In The Strand, M,DCC,XCII. [1792].",London,221,female,1762,1827,True
0644800700_000016,"Divine poems and essays on various subjects. Viz. Immanuel; or, the Godhead of Christ displayed. A Meditation written in a Bower at Lady Grove, Sutton. Elegies. Epithalamiums. Epistles to Miranda, &c. Hymns. A Poem on Redemption. A Walk at Enfield. Meditations on the Canticles. - for the Lord's Supper. Christ All in All. Meditations on Rev. xii. 6. A Summer Day's Excursion. Odes. Letters. A Soliloquy. By Maria De Fleury. With recommendatory prefaces, by the Rev. Mr Wills, Rev. Mr Towers, and Rev. Mr Ryland.",Maria de Fleury,10,1791,1,1,"London : printed for the author, and sold by T. Wilkins, Aldermanbury; by Bellamy and Roberts, No. 202, Strand; M. Trapp, No. 1, Pater-Noster Row; Mr. Nott, Lombard street; M. Gurney, No. 128, Holborn, and by the author, No. 31, Jewin-Street, [1791].",London,255,female,1773,1791,False
0057900100_000027,"The siege of Jerusalem, by Titus Vespasian; a tragedy. To which is prefixed, by way of introduction, an essay on the mystery and mischiefs of stage-craft.",Mary Latter,7,1763,1,1,"London : printed for C. Bathurst, opposite St. Dunstan's-Church, Fleet-Street, M.DCC.LXIII. [1763].",London,125,female,1725,1777,False
0687300604_000002,"Clermont. A tale. In four volumes. By Regina Maria Roche, ...",Regina Maria Roche,8,1798,4,4,"London : printed at the Minerva-Press, for William Lane, 1798.",London,340,female,1764,1845,False
0881900101_000001,"Letters written in France, in the summer 1790, to a friend in England: containing various anecdotes relative to the French Revolution; and memoirs of Mons. and Madame du F-. By Helen Maria Williams.",Helen Maria Williams,8,1794,1,1,"London : printed for T. Cadell, in the Strand, M,DCC,XCIV. [1794].",London,225,female,1762,1827,True
0551500700_000001,"Letters written in France, in the Summer 1790, to a friend in England; containing, various anecdotes relative to the French revolution; and memoirs of Mons. and Madame du F----. By Helen Maria Williams.",Helen Maria Williams,8,1790,1,1,"London : printed for T. Cadell, in the Strand, M.DCC.XC. [1790].",London,225,female,1762,1827,True
1268501300_000001,"Letters written in France, in the summer 1790, to a friend in England: containing various anecdotes relative to the French Revolution; and memoirs of Mons. and Madame du F-. By Helen Maria Williams.",Helen Maria Williams,8,1796,1,1,"London : printed for T. Cadell, Jun. and W. Davies, (successors to Mr. Cadell,) in the Strand, 1796.",London,244,female,1762,1827,True
0850400100_000007,The female advocate; a poem. Occasioned by reading Mr. Duncombe's Feminead. By Miss Scott.,"Scott, Mary, poet",11,1775,1,1,"London : printed for Joseph Johnson, No. 72, St. Paul's Church-Yard, M.DCC.LXXV. [1775].",London,47,female,,,False
0217701400_000053,A vindication of the rights of woman: with strictures on political and moral subjects. By Mary Wollstonecraft.,Mary Wollstonecraft,9,1793,1,1,"Dublin : printed by J. Stockdale, for James Moore, No. 45, College-Green, 1793.",Dublin,269,female,1759,1797,True
0653001300_000009,"Poems. By Mary Julia Young, Author of Rose-Mount Castle.","Young, Mary Julia",10,1798,1,1,"London : printed at the Minerva Press, for William Lane, Leadenhall Street, M.DCC.XCVIII. [1798].",London,176,female,,,False
0475501200_000010,The history of Joseph. A poem. In eight books. By the author of Friendship in death.,Elizabeth Rowe,11,1736,1,1,"London : printed for T. Worrall, at the Judge's Head, over-against St. Dunstan's Church in Fleet-Street, MDCCXXXVI. [1736].",London,79,female,1674,1737,True
1172100100_000043,"Poems on several occasions. By Mrs. Elizabeth Rowe. To which is prefixed, an account of the life and writings of the author.",Elizabeth Rowe,11,1759,1,1,"London : printed for D. Midwinter in St. Paul's Church-Yard, MDCCLIX. [1759]",London,194,female,1674,1737,True
0249100301_000058,"The life of Petrarch. Collected from Memoires pour la vie de Petrarch, in two volumes. ...","Dobson, Mrs. (Susannah)",9,1775,1,2,"London : printed for James Buckland, Pater-Noster Row, MDCCLXXV. [1775].",London,573,female,,,False
0516500600_000031,"An essay on the writings and genius of Shakespear, compared with the Greek and French dramatic poets. With some remarks upon the misrepresentations of Mons. de Voltaire. The fifth edition, corrected. To which are added, three dialogues of the dead. By Mrs. Montagu.",Elizabeth Montagu,9,1785,1,1,"London : printed for Charles Dilly, M,DCC,LXXXV. [1785].",London,305,female,1720,1800,False
0098901401_000005,The letters of a solitary wanderer: containing narratives of various description. By Charlotte Smith. ...,Charlotte Turner Smith,7,1800,1,3,"London : printed by and for Sampson Low, Berwick Street, Soho, 1800.",London,317,female,1749,1806,True
0474103100_000001,"A vindication of the rights of men, in a letter to the Right Honourable Edmund Burke; occasioned by his Reflections on the Revolution in France. By Mary Wollstonecraft.",Mary Wollstonecraft,7,1790,1,1,"London : printed for J. Johnson, No. 72, St. Paul's Church-Yard, M.DCC.XC. [1790].",London,162,female,1759,1797,True
0670002200_000005,"Letters on the improvement of the mind, addressed to a young lady. By Mrs. Chapone.",Hester Chapone,10,1793,1,1,"London : printed for J. Walter, at Homer's Head, Charing-Cross ; and C. Dilly, in the Poultry, MDCCXCIII. [1793].",London,255,female,1727,1801,True
0387600603_000020,"The ruins of Avondale Priory, a novel, in three volumes, by Mrs. Kelly, author of Madeline, Abbey St. Asaph, &c. ...",Isabella Kelly,12,1796,3,3,"London : printed for William Lane, at the Minerva-Press, Leadenhall-Street, M.DCC.XCVI. [1796].",London,208,female,1759,1857,False
1601500700_000007,"The emigrants, A poem, in two books. By Charlotte Smith, author of Elrgian Sonnets, Ethelinde, Celemstina, &c. &c.",Charlotte Turner Smith,9,1793,1,1,"Dublin : Printed for John Rice, College-Green, 1793.",Dublin,36,female,1749,1806,True
0936700302_000016,"Adelaide and Theodore; or letters on education: containing All the Principles relative to three different Plans of Education; to that of Princes, and to those of young Persons of both Sexes. Translated from the French of Madame la Comtesse de Genlis.",Stéphanie Félicité du Crest de Saint-Aubin,8,1784,2,3,"London : printed for C. Bathurst, in Fleet-Street; and T. Cadell, in the Strand, M.DCC.LXXXIV. [1784].",London,294,female,1746,1830,True
0225700101_000012,Melbourne. A novel. In three volumes. By the author of Deloraine.,"Martin, Mrs",10,1798,1,3,"London : printed at the Minerva-Press, for William Lane, 1798.",London,230,female,,,False
0618702500_000003,The search after happiness: a pastoral drama.,Hannah More,6,1787,1,1,"London : printed for T. Cadell, in the Strand, MDCCLXXXVII. [1787].",London,66,female,1745,1833,True
0621800100_000010,"Portraits, characters, pursuits, and amusements of the present fashionable world, interspersed with poetic flights of fancy. By Mrs. P. Hill.","Hill, P. (Philippina)",9,1795,1,1,"[London?, s.n., 1795?].",London,90,female,,,False
0387400203_000015,"Rosella, or modern occurrences. A novel. In four volumes. By Mary Charlton, ...",Mary Charlton,8,1799,3,4,"London : printed at the Minerva-Press, for William Lane, 1799.",London,304,female,1770,1830,False
1399800102_000016,"Calaf. A Persian tale. In two volumes. By M. Holford, author of Selima, Gresford Vale, &c.",Margaret Holford,8,1800,2,2,"London : printed at the Minerva-Press, for William Lane, Leadenhall-Street, 1800.",London,233,female,1757,1834,False
0159100304_000083,The Female spectator.,Eliza Haywood,7,1745,4,4,"London [England] : printed and published by T. Gardner, at Cowley's Head, opposite St. Clement's Church, in the Strand, MDCCXLV. [i.e. 1745-1746].",London,397,female,1693,1755,True
1122700201_000016,"Constantia Neville; or, the West Indian. A novel. In three volumes. By Helena Wells, Author of ``the Step-Mother,'' &c. ...",Helena Wells,10,1800,1,3,"London : printed by C. Whittingham, Dean-Street, Fetter-Lane, for T. Cadell, jun. and W. Davies, Strand ; and W. Creech, Edinburgh, 1800.",London,398,female,,,False
1287700201_000042,"The works of Mrs Elisabeth Rowe. ... . Containing, friendship in death. Letters moral and entertaining, Part I. To which is prefixed, An account of the author's life.",Elizabeth Rowe,9,1770,1,4,"Edinburgh : printed by and for Gray & Alston, M.DCC.LXX. [1770].",Edinburgh,296,female,1674,1737,True
0168800401_000021,"A tour in Switzerland; or, a view of the present state of the governments and manners of those cantons: with comparative sketches of the present state of Paris. By Helen Maria Williams. ...",Helen Maria Williams,7,1798,1,2,"London : printed for G. G. and J. Robinson, Paternoster-Row, M,DCC,XCVIII. [1798].",London,373,female,1762,1827,True
0856700401_000002,"Fancied events: or, the sorrows of Ellen. A novel. In two volumes. By Mrs. Villa-Real Gooch. ...",Elizabeth Sarah Gooch,7,1799,1,2,"London : printed and published by Geo. Cawthorn: sold also by Messrs. Richardson; W. West; J Hatchard and J. Wright; and all other booksellers, 1799.",London,259,female,1754,1754,False
1141400400_000014,"Friendship in death: in twenty letters from the dead to the living. To which are added, letters moral and entertaining, in prose and verse. In three parts. By Mrs Elizabeth Rowe.",Elizabeth Rowe,9,1777,1,1,"Edinburgh : printed by and for W. Darling, Advocates Close, M.DCC.LXXVII. [1777].",Edinburgh,344,female,1674,1737,True
1244600700_000047,"Friendship in death; in twenty letters from the dead to the living. To which are added, letters moral and entertaining. In prose and verse. In three parts. By Mrs. Elizabeth Rowe. With the Author's Life prefixt; And other additions.",Elizabeth Rowe,9,1752,1,1,"Dublin : printed for John Exshaw, at the Bible on Cork-Hill, MDCCLII. [1752].",Dublin,439,female,1674,1737,True
0817200501_000027,Austenburn Castle. In two volumes. By an unpatronized female. ...,Unpatronized Female,8,1796,1,2,"Dublin : printed by Thomas Burnside, for Messrs. P. Wogan, P. Byrne, J. Rice, J. Boyce, and W. Porter, 1796.",Dublin,314,female,,,False
1111300400_000027,"Miscellaneous thoughts in essays, dialogues, epistles, &c. By M. P.",Dorothy Kilner,10,1785,1,1,"London : printed and sold by J. Marshall and Co. No. 4, Aldermary Church-Yard, in Bow-Lane., [MDCCLXXXV.] [1785].",London,254,female,1755,1836,False
0772500400_000001,"A pindaric poem. Consisting of versified selections, from the Revelation of St. John. By Hannah Rowe.","Rowe, Hannah",9,1789,1,1,"Rochester : printed by W. Gillman, at the Phoenix Printing Office. And sold by James Evans, Paternoster Row, London, MDCCLXXXIX. [1789].",Rochester,49,female,,,False
0390200600_000123,"A journey made in the summer of 1794, through Holland and the western frontier of Germany, with a Return down the Rhine: to which are added, observations during a tour to the lakes of Lancashire, Westmoreland, and Cumberland. By Ann Radcliffe.",Ann Radcliffe,12,1795,1,1,"Dublin : printed by William Porter, for P. Wogan, P. Byrne, H. Colbert, W. Porter, W. Jones, J. Rice, H. Fitzpatrick, and G. Folingsby. 1795.",Dublin,512,female,1764,1823,True
0552100904_000023,Posthumous works of the author of A vindication of the rights of woman. In four volumes. ...,Mary Wollstonecraft,13,1798,4,4,"London : printed for J. Johnson, No. 72, St. Paul's Church-Yard; and G.G. and J. Robinson, Paternoster-Row, 1798.",London,188,female,1759,1797,True
0941400200_000002,"Poems, on several occasions. By Ann Yearsley, a Milkwoman of Bristol.",Ann Yearsley,12,1785,1,1,"London : printed for T. Cadell, in the Strand, MDCCLXXXV. [1785].",London,153,female,1756,1806,True
0027300101_000016,"Adelaide de Narbonne, with memoirs of Charlotte de Cordet. A tale. In four volumes. By the author of Henry of Northumberland. ...",Helen Craik,9,1800,1,4,"London : printed at the Minerva-Press, for William Lane, Leadenhall-Street, 1800.",London,287,female,1751,1825,False
0325100102_000015,"Letters on the improvement of the mind, addressed to a young lady. In two volumes. By Mrs. Chapone. ...",Hester Chapone,8,1778,2,2,"London : printed for J. Walter, at Homer's Head, Charing Cross; and E. and C. Dilly, in the Poultry, MDCCLXXVIII. [1778].",London,231,female,1727,1801,True
0020800200_000001,"The dénouement: or, history of Lady Louisa Wingrove. By a lady.",Lady,10,1781,1,1,"Dublin : printed by John Exshaw, No. 86, Dame-Street, MDCCLXXXI. [1781].",Dublin,213,female,,,False
0163900500_000012,"Poetic laurels for characters of distinguished merit; interspersed with Poems, Moral and Entertaining: dedicated to his Royal Highness George Prince of Wales, By Maria and Harriet Falconar, authors of a collection of poems, and slavery, a tract.","Falconar, Harriet",7,1791,1,1,"London : printed at the Logographic Press; and sold by J. Walter, No 169, Piccadilly, opposite Old Bond Street, M.DCC.XCI. [1791].",London,103,female,,,False
0615301300_000038,"The poetical works of Mrs. Elizabeth Rowe. Including the History of Joseph; a poem, in ten books. To which is prefixed, An account of the life and writings of the author.",Elizabeth Rowe,7,1795,1,1,"London : printed for T. Wills, Stationers-Court; J. S. Jordan, No. 166, Fleet-Street; Allen and West, and H. D. Symonds, Paternoster-Row; Champante and Whitrow, Audgate; and L. Wayland, New York, [1795?].",London,317,female,1674,1737,True
0885600600_000036,"Letters on the improvement of the mind, addressed to a young lady. By Mrs. Chapone.",Hester Chapone,8,1777,1,1,"London : printed for J. Walter, at Homer's Head, Charing-Cross; and E. and C. Dilly, in the Poultry, MDCCLXXVII. [1777].",London,248,female,1727,1801,True
0496901502_000002,"The mysteries of Udolpho, a romance; interspersed with some pieces of poetry. By Ann Radcliffe, author of the Romance of the forest, etc. In three volumes. ...",Ann Radcliffe,12,1800,2,3,"Dublin : printed by Thomas Burnside. For P. Wogan, No. 23, Old Bridge, 1800.",Dublin,349,female,1764,1823,True
0614500800_000017,"Friendship in death: in twenty letters from the dead to the living. To which are added, letters moral and entertaining. In prose and verse. In three parts. By Mrs. Elizabeth Rowe.",Elizabeth Rowe,10,1738,1,1,"London : printed for T. Worrall, at the Judge's Head, over-against Richard's Coffee-House, near Temple-Bar, in Fleet-Street ; and sold by S. Birt, in Ave-Mary-Lane ; and S. Harding, in St. Martin's-Lane, 1738.",London,493,female,1674,1737,True
1130800102_000043,"Friendship in death; in twenty letters from the dead to the living. To which are added, Letters moral and entertaining, in prose and verse: in three parts. In two volumes. ... By Mrs. Elizabeth Rowe.",Elizabeth Rowe,8,1753,2,2,"London : printed for Henry Lintot, M.DCC.LIII. [1753].",London,323,female,1674,1737,True
0593000100_000036,"A journey made in the summer of 1794, through Holland and the western frontier of Germany, with a return down the Rhine: to which are added Observations during a tour to the lakes of Lancashire, Westmoreland, and Cumberland. By Ann Radcliffe.",Ann Radcliffe,9,1795,1,1,"London : printed for G. G. and J. Robinson, Paternoster-Row, MDCCXCV. [1795].",London,508,female,1764,1823,True
0593000100_000127,"A journey made in the summer of 1794, through Holland and the western frontier of Germany, with a return down the Rhine: to which are added Observations during a tour to the lakes of Lancashire, Westmoreland, and Cumberland. By Ann Radcliffe.",Ann Radcliffe,10,1795,1,1,"London : printed for G. G. and J. Robinson, Paternoster-Row, MDCCXCV. [1795].",London,508,female,1764,1823,True
0137000200_000022,"An essay on the writings and genius of Shakespear, compared with the Greek and French dramatic poets. With some remarks upon the misrepresentations of Mons. de Voltaire.",Elizabeth Montagu,10,1772,1,1,"London : printed by H. Hughs, near Lincoln's-Inn-Fields; for Edward and Charles Dilly, in the Poultry, M.DCC.LXXII. [1772].",London,277,female,1720,1800,False
0555600101_000031,"Hubert de Sevrac, a romance, of the eighteenth century. By Mrs. Robinson. ...",Mary Robinson,6,1797,1,2,"Dublin : printed by B. Smith, C. Browne, and H. Colbert, 1797.",Dublin,257,female,1758,1800,True
1768500103_000077,The female Spectator. ...,"Haywood, Eliza Fowler",9,1746,3,4,"Dublin : printed for George and Alexander Ewing, 1746.",Dublin,267,female,1693,1756,True
0029300201_000023,"Hubert de Sevrac, a romance, of the eighteenth century; by Mary Robinson, author of Poems, Angelina, the Sicilian Lover, the Widow, &c. &c. &c. In three volumes, ...",Mary Robinson,9,1796,1,3,"London : printed for the author, by Hookham and Carpenter, Old-Bond-Street, 1796.",London,324,female,1758,1800,True
0287201800_000015,"Devout exercises of the heart in meditation and soliloquy, prayer and praise. By the late pious and ingenious Mrs Rowe. Reviewed and published at her request, by I. Watts, D.D.",Elizabeth Rowe,10,1777,1,1,"London : printed for J. F. and C. Rivington, J. Buckland, T. Caslon, T. Longman, T. Field, and E. and C. Dilly, MDCCLXXVII. [1777].",London,156,female,1674,1737,True
0326900902_000015,"Letters on the improvement of the mind, addressed to a young lady. In two volumes. By Mrs. Chapone.",Hester Chapone,7,1775,2,2,"London : printed for J. Walter; and E. and C. Dilly, 1775.",London,234,female,1727,1801,True
0149700401_000005,The tower; or the romance of Ruthyne. In three volumes. By the authoress of Manfredi. ...,"Lansdell, Sarah",7,1798,1,3,"London : printed for the authoress, by Harry Smith; and sold by Hookham and Carpenter, Bond-Street, 1798.",London,142,female,,,False
0562000400_000002,"Poems on various subjects, by Ann Yearsley, Milkwoman of Clifton, near Bristol; being her second work.",Ann Yearsley,11,1787,1,1,"London : printed for the author, and sold by G. G. J. and J. Robinson, Pater-Noster Row, M.DCC.LXXXVII. [1787].",London,190,female,1756,1806,True
0496901501_000019,"The mysteries of Udolpho, a romance; interspersed with some pieces of poetry. By Ann Radcliffe, author of the Romance of the forest, etc. In three volumes. ...",Ann Radcliffe,10,1800,1,3,"Dublin : printed by Thomas Burnside. For P. Wogan, No. 23, Old Bridge, 1800.",Dublin,311,female,1764,1823,True
0535400802_000022,"Poems on subjects chiefly devotional. In two volumes. A new edition. To which is added, a third volume, consisting of miscellaneous pieces. By Theodosia.",Anne Steele,11,1780,2,3,"Bristol : printed by W. Pine. Sold by T. Cadell, T. Mills, and T. Evans; - and by J. Buckland, Paternoster-Row, and J. Johnson, St. Paul's Church Yard, London, 1780.",Bristol,266,female,1717,1778,False
1751000900_000015,"Divine hymns and poems upon several occasions: collected by the late Mrs. Singer, ...",Elizabeth Rowe,8,1757,1,1,"London : printed for W. Owen, 1757.",London,276,female,1674,1737,False
0381401100_000027,Dialogues of the dead.,Elizabeth Montagu,10,1768,1,1,"London : printed for J. Murray (successor to Mr. Sandby) at No. 32, opposite St. Dunstan's Church, in Fleet-Street, M.DCC.LXVIII. [1768].",London,452,female,1720,1800,False
0496901501_000077,"The mysteries of Udolpho, a romance; interspersed with some pieces of poetry. By Ann Radcliffe, author of the Romance of the forest, etc. In three volumes. ...",Ann Radcliffe,10,1800,1,3,"Dublin : printed by Thomas Burnside. For P. Wogan, No. 23, Old Bridge, 1800.",Dublin,311,female,1764,1823,True
0842900101_000019,"The mysteries of Udolpho, a romance; interspersed with some pieces of poetry. By Ann Radcliffe, ...",Ann Radcliffe,9,1794,1,4,"London : printed for G.G. and J. Robinson, 1794.",London,430,female,1764,1823,True
1758000304_000008,"Letters of the Right Honourable Lady M-y W-y M-e: written, during her travels in Europe, Asia, and Africa, to persons of distinction, men of letters, &c. in different parts of Europe. Which contain, among other curious relations, accounts of the policy and manners of the Turks, ... In four volumes. ...",Lady Mary Wortley Montagu,11,1776,4,4,"London : printed for B. Dodd, and T. Reily, 1776.",London,85,female,1689,1762,False
0429900400_000095,Memoirs of a certain island adjacent to the Kingdom of Utopia. Written by a celebrated author of that country. Now translated into English. Vol. I.,Eliza Haywood,12,1726,1,1,"London : printed , and sold by the booksellers of London and Westminster, M.DCC.XXVI. [1726].",London,295,female,1693,1756,True
0670002200_000007,"Letters on the improvement of the mind, addressed to a young lady. By Mrs. Chapone.",Hester Chapone,8,1793,1,1,"London : printed for J. Walter, at Homer's Head, Charing-Cross ; and C. Dilly, in the Poultry, MDCCXCIII. [1793].",London,255,female,1727,1801,True
0093100300_000092,"The works (never before published) of Jeanne-Marie Phlipon Roland, wife of the ex-minister of the interior; containing her philosophical and literary essays, Writtin Previous To Her Marriage; Her Correspondence, And Her Travels. To Which Are Annexed The Justificative Documents Relative To Her Imprisonment And Condemnation. The whole preceded by a preliminary discourse, interspersed with notes, illustrative and explanatory, by L. A. Champagneux. Translated from the French.",Manon Roland,9,1800,1,1,"London : printed for J. Johnson, ST. Paul's Church-Yard. 1800. Luke Hansard, printer, Great Turnstile, Lincoln's Inn Fields, [1800].",London,404,female,1754,1793,False
0192200600_000004,"Secret memoirs and manners of several persons of quality, of both sexes. From the New Atalantis, an island in the Mediteranean. Written originally in Italian.",Delarivier Manley,8,1709,1,1,"London : printed for John Morphew near Stationer's-Hall, and J. Woodward in St. Christopher's Church-Yard, in Thread-Needle-Street, 1709.",London,257,female,1663,1724,True
0027800201_000048,"The twin sisters; or, the effects of education. A novel; in a series of letters. By a lady. ...",Lady,8,1792,1,3,"Dublin : printed for H. Colbert, No. 136, Capel-Street, M,DCC,XCII. [1792].",Dublin,269,female,,,False
0343200101_000017,"Religion considered as the only basis of happiness, and of true philosophy. A work written for the instruction of the children of his Most Serene Highness the Duke of Orleans; And in which the Principles of modern pretended Philosophers are laid open and refuted. By Madame the Marchioness of Sillery, heretofore countess of genlis. In two volumes. ...",Stéphanie Félicité du Crest de Saint-Aubin,7,1787,1,2,"London : printed for T. Payne and Son, at the Mews Gate; T. Cadell, and P. Elmsly, in the Strand, M.DCC.LXXXVII. [1787].",London,312,female,1746,1830,True
0103601000_000065,"The posthumous works of Ann Eliza Bleecker, in prose and verse. To which is added, a collection of essays, prose and poetical, by Margaretta V. Faugeres.","Faugeres, Margaretta V.",9,1793,1,1,"New-York : Printed by T. and J. Swords, no. 27, William-Street, --1793--",New York,387,female,1771,1801,False
0866500300_000025,"Miscellaneous pieces, in prose, by J. and A. L. Aikin.",Anna Laetitia Barbauld,7,1775,1,1,"London : printed for J. Johnson, in St. Paul's Church-Yard, MDCCLXXV. [1775].",London,221,female,1743,1825,True
1522100400_000002,"The breathings of genius. Being a collection of poems; to which are added, essays, moral and philosophical. By Elizabeth Gilding, Woolwich, Kent.","Gilding, Elizabeth",7,1776,1,1,"London : Printed by W. Faden, and sold by J. Wilkie, No. 62, St. Paul's Church-yard; J. Walter, at Charing-cross; and W. Domville, under the Royal Exchange, MDCCLXXVI. [1776].",London,160,female,,,False
1301100600_000004,"Secret memoirs and manners of several persons of quality, of both sexes. From the New Atalantis, an Island in the Mediteranean. Written originally in Italian.",Delarivier Manley,8,1709,1,1,"London : Printed for John Morphew near Stationer's Hall, and J. Woodward in St. Christopher's Church-yard, in Thread-needle-street, 1709.",London,253,female,1663,1724,True
1294100200_000005,"Secret memoirs and manners of several persons of quality, of both sexes. From the new Atalantis, an island in the Mediteranean. Written originally in Italian.",Delarivier Manley,8,1709,1,1,"London : printed for John Morphew near Stationer's-Hall, and J. Woodward in St. Christopher's Church-Yard, in Thread-Needle-Street, 1709.",London,262,female,1663,1724,True
0007900101_000035,"Letters from France; containing a great variety of original information concerning the most important events that have occurred in that country in the years 1790, 1791, 1792, and 1793. By Helen Maria Williams. To which are annexed, The Correspondence of Dumourier with Pache, the War Minister, and with the Commissaries. - Letters of Bournonville, Miranda, Valence, &c. &c. ...",Helen Maria Williams,7,1794,1,2,"Dublin : printed by J. Chambers, 5, Abbey-Street, 1794.",Dublin,241,female,1762,1827,True
0593000100_000122,"A journey made in the summer of 1794, through Holland and the western frontier of Germany, with a return down the Rhine: to which are added Observations during a tour to the lakes of Lancashire, Westmoreland, and Cumberland. By Ann Radcliffe.",Ann Radcliffe,10,1795,1,1,"London : printed for G. G. and J. Robinson, Paternoster-Row, MDCCXCV. [1795].",London,508,female,1764,1823,True
1469600500_000040,Poems on several occasions. Together with the song of the three children paraphras'd. By the Lady Chudleigh.,Lady Mary Chudleigh,10,1703,1,1,"London : Printed by W.B. for Bernard Lintott at the Middle Temple Gate in Fleetstreet, 1703.",London,222,female,1656,1710,False
0936700301_000025,"Adelaide and Theodore; or letters on education: containing All the Principles relative to three different Plans of Education; to that of Princes, and to those of young Persons of both Sexes. Translated from the French of Madame la Comtesse de Genlis.",Stéphanie Félicité du Crest de Saint-Aubin,7,1784,1,3,"London : printed for C. Bathurst, in Fleet-Street; and T. Cadell, in the Strand, M.DCC.LXXXIV. [1784].",London,311,female,1746,1830,True
1112000702_000097,"The miscellaneous works, in prose and verse, of Mrs. Elizabeth Rowe: Published by her Order, By Mr. Theophilus Rowe. To which are added, Poems on several occasions, by Mr. Thomas Rowe. And to the Whole is prefixed, An Account of the Lives and Writings of the Authors. In two volumes. ... . The fourth edition, corrected. To which is added, The history of Joseph, a Poem in Ten Books.",Elizabeth Rowe,5,1756,2,2,"London : printed for Henry Lintot, MDCCLVI. [1756].",London,411,female,1674,1737,True
1269100800_000043,"Letters on the improvement of the mind, addressed to a young lady. By Mrs. Chapone.",Hester Chapone,6,1786,1,1,"London : printed for J. Walter , Charing-Cross ; and C. Dilly, in the Poultry, M.DCC.LXXXVI. [1786].",London,255,female,1727,1801,True
1520200200_000004,"Remarks on the speech of M. Dupont, made in the national convention of France, on the subjects of religion and public education. By Hannah More.",Hannah More,9,1793,1,1,"Dublin : Printed by Graisberry and Campbell, for William Jones, No. 86, Dame-Street, 1793.",Dublin,63,female,1745,1833,True
0699301102_000005,"The vicar of Lansdowne; or country quarters. In two volumes. By Regina Maria Roche. Author of The Children of the Abbey, Maid of the Hamlet, Clermont, &c ...",Regina Maria Roche,8,1800,2,2,"London : printed at the Minerva-Press, for William Lane, Leadenhall-Street, 1800.",London,268,female,1764,1845,False
0247200301_000028,"The italian, or the confessional of the black penitents. A romance. By Ann Radcliffe, author of the mysteries of Udolpho, &c. &c. In three volumes. ...",Ann Radcliffe,11,1797,1,3,"London : printed for T. Cadell Jun. and W. Davies (successors to Mr. Cadell) in the Strand, 1797.",London,349,female,1764,1823,True
0350900600_000050,"Letters of Abelard and Eloisa. With a particular Account of their Lives, Amours, and Misfortunes. By John Hughes, Esq. To which are added, several poems, By Mr. Pope, and other Authors.",Héloïse,7,1788,1,1,"London : printed for W. Lowndes, B. Law, T. Longman, R. Baldwin and J. Bew, M.DCC.LXXXVIII. [1788].",London,233,female,1101,1164,False
0380701402_000005,"Elegiac sonnets, and other poems, by Charlotte Smith. Vol.II.",Charlotte Turner Smith,9,1797,2,2,"London : printed for T. Cadell, Junior, and W. Davies, (successors to Mr. Cadell) Strand, 1797.",London,156,female,1749,1806,True
0106200903_000017,The works of Mrs Elizabeth Rowe: in four volumes. ... . Containing Letters from the Dead to the Living. In Twenty Letters. Letters Moral & Entertaining Parts First & Second.,Elizabeth Rowe,10,1796,3,4,"London : printed for John & Arthur Arch, Grace-Church Street, & for Silvester Doig, Edinburgh, 1796.",London,334,female,1674,1737,True
0751200202_000059,"British synonymy; or, an attempt at regulating the choice of words in familiar conversation. Inscribed, With Sentiments of Gratitude and Respect, to such of her Foreign Friends as have made English Literature their peculiar Study, By Hester Lynch Piozzi. In Two Volumes. ...",Hester Thrale,9,1794,2,2,"London : printed for G. G. and J. Robinson, Paternoster-Row, MDCCXCIV. [1794].",London,419,female,1741,1821,True
0971500800_000006,"Poems, by Mrs. Mary Robinson.",Mary Robinson,8,1795,1,1,"London : printed by T. Spilsbury and Son; and sold by J. Evans, Paternoster Row, and T. Becket, Pall Mall, [1795?].",London,233,female,1758,1800,True
0338600200_000018,Poems.,Anne Penny,10,1780,1,1,"London : printed for the author; and sold by J. Dodsley; and P. Elmsly, in the Strand, M.DCC.LXXX. [1780].",London,239,female,1731,1784,False
0544700202_000091,"The miscellaneous works, in prose and verse, of Mrs. Elizabeth Rowe: Published by her Order, By Mr. Theophilus Rowe. To which are added, poems on several occasions, by Mr. Thomas Rowe. And to the Whole is prefixed, An Account of the Lives and Writings of the Authors. ... . The fifth edition, corrected. To which is added, The history of Joseph, a Poem in Ten Books.",Elizabeth Rowe,8,1772,2,2,"London : printed for J. Buckland, G. Keith, W. Nicholl, G. Pearch, and H. Gardner, M.DCC.LXXII. [1772].",London,406,female,1674,1737,True
0897900501_000008,"Letters written by a Peruvian princess a new edition, in two volumes. ...",Françoise de Graffigny,6,1771,1,2,"London : printed for J Robson, 1771.",London,226,female,1695,1758,False
0007900101_000045,"Letters from France; containing a great variety of original information concerning the most important events that have occurred in that country in the years 1790, 1791, 1792, and 1793. By Helen Maria Williams. To which are annexed, The Correspondence of Dumourier with Pache, the War Minister, and with the Commissaries. - Letters of Bournonville, Miranda, Valence, &c. &c. ...",Helen Maria Williams,7,1794,1,2,"Dublin : printed by J. Chambers, 5, Abbey-Street, 1794.",Dublin,241,female,1762,1827,True
0857400402_000022,"Letters on the improvement of the mind, addressed to a young lady. In two volumes. By Mrs. Chapone.",Hester Chapone,7,1773,2,2,"London : printed by H. Hughs, for J. Walter, 1773.",London,231,female,1727,1801,True
0390200600_000121,"A journey made in the summer of 1794, through Holland and the western frontier of Germany, with a Return down the Rhine: to which are added, observations during a tour to the lakes of Lancashire, Westmoreland, and Cumberland. By Ann Radcliffe.",Ann Radcliffe,9,1795,1,1,"Dublin : printed by William Porter, for P. Wogan, P. Byrne, H. Colbert, W. Porter, W. Jones, J. Rice, H. Fitzpatrick, and G. Folingsby. 1795.",Dublin,512,female,1764,1823,True
0468001400_000015,Poems.,Anna Laetitia Barbauld,8,1777,1,1,"London : printed for Joseph Johnson, 1777.",London,142,female,1743,1825,True
0463500602_000026,"A journey made in the summer of 1794, through Holland and the western frontier of Germany, with a return down the Rhine: to which are added Observations during a tour to the lakes of Lancashire, Westmoreland, and Cumberland. In two volumes. ... . Second edition. By Ann Radcliffe.",Ann Radcliffe,8,1795,2,2,"London : printed for G. G. and J. Robinson, Paternoster-Row, MDCCXCV. [1795].",London,423,female,1764,1823,True
0250801600_000010,The history of Joseph. A poem. In ten books. By the author of Friendship in death.,Elizabeth Rowe,12,1737,1,1,"London : printed for T. Worrall, at the Judge's Head, over-against St. Dunstan's Church in Fleet-Street, MDCCXXXVII. [1737].",London,99,female,1674,1737,True
0622500502_000037,The romance of the forest. Interspersed with some pieces of poetry. By Mrs. Ratcliffe [sic]. ... In two volumes. ...,Ann Radcliffe,11,1800,2,2,"Dublin : printed by J. Stockdale for Pat. Wogan, 1800-01.",Dublin,273,female,1764,1823,True
0982900800_000018,"Devout exercises of the heart; in meditation and soliloquy, prayer and praise. By the late pious and ingenious Mrs. Rowe. Reviewed and published at her request, by I. Watts, D.D.",Elizabeth Rowe,7,1792,1,1,"Printed at Windsor [Vt.] : by Alden Spooner, for Daniel Ralph, MDCCXCII. [1792].",Windsor,164,female,1674,1737,True
0281300501_000075,"The mysteries of Udolpho, a romance; interspersed with some pieces of poetry. By Ann Radcliffe, Author of the Romance of the Forest, Etc. In three volumes. ...",Ann Radcliffe,10,1794,1,3,"Dublin : printed by Hillary and Barlow, for Messrs. P. Wogan, W. Jones, and H. Colbert, 1794.",Dublin,311,female,1764,1823,True
0951001100_000042,Poems on several occasions. Together with The song of the three children paraphras'd. By the Lady Chudleigh.,Lady Mary Chudleigh,8,1713,1,1,"London : printed for Bernard Lintott, at the Cross Keys between the two Temple Gates: and sold by Charles Rivington, at the Bible and Crown near the Chapter House in St. Paul's Church-Yard, 1713.",London,269,female,1656,1710,False
1055000600_000009,Original poems and imitations. By A. Williams.,"Williams, A., Post Mistress of Gravesend",8,1773,1,1,"London : printed for the author, and sold by W. Harris, No. 70, St. Paul's Church-Yard, M.DCC.LXXIII. [1773].",London,204,female,,,False
1233801100_000068,"Letters of the Right Honourable Lady M--y W--y M--e: written during her travels in Europe, Asia and Africa, to Persons of Distinction, Men of Letters, etc. in different Parts of Europe. Which contain, Among other curious Relations, Accounts of the policy and manners of the Turks, Drawn from Sources that have been inaccessible to other Travellers.",Lady Mary Wortley Montagu,10,1790,1,1,"Paris : sold by Theophilus Barrois junior, Bookseller, Quai des Augustins, M.DCC.XC. [1790].",Paris,321,female,1689,1762,True
0410800200_000008,"Letters containing a sketch of the scenes which passed in various Departments of France during the tyranny of Robespierre, and of the events which took place in Paris on the 28th of July 1794. By Helen Maria Williams. Vol.III.",Helen Maria Williams,8,1795,1,1,"London : printed for G. G. and J. Robinson, Paternoster-Row, 1795.",London,231,female,1762,1827,True
0098901402_000049,The letters of a solitary wanderer: containing narratives of various description. By Charlotte Smith. ...,Charlotte Turner Smith,8,1800,2,3,"London : printed by and for Sampson Low, Berwick Street, Soho, 1800.",London,318,female,1749,1806,True
0624800100_000027,"Miscellaneous poems, and a tragedy. By Mrs. West.",Jane West,7,1791,1,1,"York : printed by W. Blanchard; and sold by R. Faulder, London; T. Burnham, Northampton; W. Harrod, Harborough; and N. Collis, Kettering, MDCCXCI. [1791].",York,231,female,1758,1852,False
1143200100_000038,"Poems, dramatic and miscellaneous. By Mrs. M. Warren. [Two lines from Pope].",Mercy Otis Warren,8,1790,1,1,"Printed at Boston : by I. Thomas and E.T. Andrews. At Faust's Statue, no. 45, Newbury Street, MDCCXC. [1790].",Boston,251,female,1728,1814,False
0622500700_000039,The castles of Athlin and Dunbayne. A Highland story. By Ann Radcliffe.,Ann Radcliffe,11,1799,1,1,"London : printed for James Carpenter and Co. Old Bond Street, 1799.",London,281,female,1764,1823,True
0341801800_000011,Poems on several occasions.,Elizabeth Carter,8,1776,1,1,"London : printed for John, Francis and Charles Rivington, at the Bible and Crown (no 62.) in St. Paul's Church-Yard, M.DCC.LXXVI. [1776].",London,126,female,1717,1806,True
1768300200_000023,Dialogues of the dead.,Elizabeth Montagu,9,1760,1,1,"London : printed for W. Sandby, 1760.",London,330,female,1718,1800,False
0129100101_000023,"Poems and plays. By Mrs. West, Author of ``a Tale of the Times,'' ``a Gossip's Story,'' &c. &c. ...",Jane West,8,1799,1,4,"London : printed by C. Whittingham; for T. N. Longman and O. Rees, Paternoster-Row, 1799.",London,224,female,1758,1852,False
0274300500_000042,Poems on several occasions. By the Lady Chudleigh.,Lady Mary Chudleigh,10,1722,1,1,"London : printed for Bernard Lintot, at the Cross-Keys between the Temple-Gates, MDCCXXII. [1722].",London,283,female,1656,1710,False
1494400400_000024,"An essay on the writings and genius of Shakespear, compared with the Greek and French dramatic poets. With some remarks upon the misrepresentations of Mons. de Voltaire. The fourth edition. To which are now first added, three dialogues of the dead. By Mrs. Montagu.",Elizabeth Montagu,8,1777,1,1,"London : Printed for Edward and Charles Dilly, M.DCC.LXXVII. [1777].",London,320,female,1720,1800,False
0273300102_000012,Rural walks: in dialogues. Intended for the use of young persons. By Charlotte Smith. In two volumes. ...,Charlotte Turner Smith,6,1795,2,2,"London : printed for T. Cadell jun. and W. Davies, (successors to Mr. Cadell,) in the Strand, 1795.",London,188,female,1749,1806,True
0702300800_000006,Strictures on the modern system of female education. With a view of the principles and conduct prevalent among women of rank and fortune. By Hannah More.,Hannah More,9,1799,1,1,"Dublin : printed by William Porter, for P. Wogan, Old-Bridge, and W. Porter, Grafton-Street, 1799.",Dublin,434,female,1745,1833,True
0496901503_000072,"The mysteries of Udolpho, a romance; interspersed with some pieces of poetry. By Ann Radcliffe, author of the Romance of the forest, etc. In three volumes. ...",Ann Radcliffe,12,1800,3,3,"Dublin : printed by Thomas Burnside. For P. Wogan, No. 23, Old Bridge, 1800.",Dublin,359,female,1764,1823,True
0029300201_000035,"Hubert de Sevrac, a romance, of the eighteenth century; by Mary Robinson, author of Poems, Angelina, the Sicilian Lover, the Widow, &c. &c. &c. In three volumes, ...",Mary Robinson,9,1796,1,3,"London : printed for the author, by Hookham and Carpenter, Old-Bond-Street, 1796.",London,324,female,1758,1800,True
1301000601_000007,"The romance of the forest. Interspersed with some pieces of poetry. By Mrs. Ratcliffe. Authoress of ""A Sicilian romance,"" &c. In two volumes. Vo. I.",Ann Radcliffe,9,1793,1,2,"Dublin : Printed for Messers. P. Wogan, P. Byrne, W. M'Kenzie, J. Moore, J. Jones, and W. Jones, 1793.",Dublin,288,female,1764,1823,True
1419500201_000022,A tour in Switzerland; or A view of the present state of the governments and manners of those cantons: With comparative sketches of the present state of Paris. By Helen Maria Williams.,Helen Maria Williams,8,1798,1,2,"Dublin : Printed for P. Wogan, J. Moore, W. Porter, and B. Fitzpatrick, 1798.",Dublin,249,female,1762,1827,True
0401500102_000081,"The works of Mrs. Eliza Haywood; consisting of novels, letters, poems, and plays. In four volumes.",Eliza Haywood,8,1724,2,4,"London : printed for Dan. Browne junr. at the Black-Swan without Temple-Bar; and Sam. Chapman, at the Angel in Pallmall, M.DCC.XXIV. [1724].",London,401,female,1693,1756,True
0024200501_000037,"Lucy: a novel, in three volumes. By Mrs. Parsons. ...",Eliza Parsons,7,1794,1,3,"London : printed for William Lane, at the Minerva Press, Leadenhall-Street, M.DCCXCIV. [1794].",London,283,female,1738,1811,True
0850800101_000023,"The mysteries of Udolpho, a romance; interspersed with some pieces of poetry. By Ann Radcliffe, Author of the romance of the Forest, etc. The third edition. In four volumes. ...",Ann Radcliffe,9,1795,1,4,"London : printed for G. G. and J. Robinson, Paternoster-Row, 1795.",London,430,female,1764,1823,True
1554401200_000071,"The Psalms of David, imitated in the language of the New Testament, and applied to the Christian state and worship. By Isaac Watts, D.D. [Six lines of Scripture texts]","Mills, Lucy, MWA BI",9,1792,1,1,"Boston : From the press of J. Bumstead. For John Boyle, and David West, Marlborough-Street, M.DCC.XCII. [1792]",Boston,578,female,,,False
0951500500_000097,"Friendship in death: in twenty letters from the dead to the living. To which are added, letters moral and entertaining, in prose and verse. In three parts. By Mrs. Elizabeth Rowe. To which is prefixed, an account of the life of the author.",Elizabeth Rowe,8,1784,1,1,"London : printed for W. Osborne and T. Griffin, in St. Paul's Church yard, and J. Mozley, Gainsbrough, MDCCLXXXIV. [1784].",London,302,female,1674,1737,True
0401500104_000002,"The works of Mrs. Eliza Haywood; consisting of novels, letters, poems, and plays. In four volumes.",Eliza Haywood,9,1724,4,4,"London : printed for Dan. Browne junr. at the Black-Swan without Temple-Bar; and Sam. Chapman, at the Angel in Pallmall, M.DCC.XXIV. [1724].",London,320,female,1693,1756,True
0365600504_000083,The female spectator. By Mrs. Eliza Haywood.,Eliza Haywood,8,1771,4,4,"London : printed for H. Gardner, opposite St. Clement's Church, in the Strand, M.DCC.LXXI. [1771].",London,323,female,1693,1756,True
0763500300_000015,"Devout exercises of the heart, in meditation and soliloquy, prayer and praise. By the late pious and ingenious Mrs. Rowe. Reviewed and published, at her request, by I. Watts, D.D.",Elizabeth Rowe,10,1739,1,1,"London : sold by A. Milbank, J. Jones, T. Williams, and D. Manson, [1739?].",London,155,female,1674,1737,True
0403400800_000015,"Devout exercises of the heart, in meditation and soliloquy, prayer and praise. By the late pious and ingenious Mrs. Elizabeth Rowe. Reviewed and published, at her request, by I. Watts, D.D.",Elizabeth Rowe,13,1795,1,1,"London : printed for William Lane, at the Minerva Press, Leadenhall-Street, MDCCXCV. [1795].",London,192,female,1674,1737,True
0296200200_000010,"An essay on the writings and genius of Shakespear, compared with the Greek and French dramatic poets. With some remarks upon the misrepresentations of Mons. de Voltaire.",Elizabeth Montagu,7,1769,1,1,"Dublin : printed for H. Saunders, J. Potts, W. Sleater, D. Chamberlaine, and J. Williams, M,DCC,LXIX. [1769].",Dublin,233,female,1720,1800,False
0295300200_000066,"British synonymy; or, an attempt at regulating the choice of words in familiar conversation. Inscribed, With Sentiments Of Gratitude And Respect, to Such Of her foreign friends AS Have Made English Literature Their Peculiar Study, by Hester Lynch Piozzi.",Hester Thrale,8,1794,1,1,"Dublin : printed by William Porter, for P. Byrne, Grafton-Street, and W. Jones, Dame-Street, 1794.",Dublin,536,female,1741,1821,True
0340900100_000011,Poems on several occasions.,Elizabeth Carter,8,1766,1,1,"London : printed for John Rivington, at the Bible and Crown in St. Paul's Church-Yard, MDCCLXVI. [1766].",London,115,female,1717,1806,True
1143800101_000025,"Munster village, a novel. In two volumes. ...",Mary Walker,7,1778,1,2,"London : printed for Robson and Co. New Bond Street ; Walter , Charing Cross ; and Robinson, Paternoster Row, M.DCC.LXXVIII. [1778].",London,205,female,1736,,False
1589900400_000018,"Devout exercises of the heart in meditation and soliloquy, prayer and praise. By the late pious and ingenious Mrs. Rowe. Review'd and published at her request by I. Watts, D.D.",Elizabeth Rowe,7,1750,1,1,"Glasgow : Printed by John Duncan, MDCCL. [1750].",Glasgow,218,female,1674,1737,True
0850800101_000002,"The mysteries of Udolpho, a romance; interspersed with some pieces of poetry. By Ann Radcliffe, Author of the romance of the Forest, etc. The third edition. In four volumes. ...",Ann Radcliffe,11,1795,1,4,"London : printed for G. G. and J. Robinson, Paternoster-Row, 1795.",London,430,female,1764,1823,True
0593000100_000108,"A journey made in the summer of 1794, through Holland and the western frontier of Germany, with a return down the Rhine: to which are added Observations during a tour to the lakes of Lancashire, Westmoreland, and Cumberland. By Ann Radcliffe.",Ann Radcliffe,12,1795,1,1,"London : printed for G. G. and J. Robinson, Paternoster-Row, MDCCXCV. [1795].",London,508,female,1764,1823,True
0390200600_000076,"A journey made in the summer of 1794, through Holland and the western frontier of Germany, with a Return down the Rhine: to which are added, observations during a tour to the lakes of Lancashire, Westmoreland, and Cumberland. By Ann Radcliffe.",Ann Radcliffe,7,1795,1,1,"Dublin : printed by William Porter, for P. Wogan, P. Byrne, H. Colbert, W. Porter, W. Jones, J. Rice, H. Fitzpatrick, and G. Folingsby. 1795.",Dublin,512,female,1764,1823,True
1206301801_000035,A Sicilian romance. By the authoress of The Castles of Athlin and Dunbayne. In two volumes. ...,Ann Radcliffe,11,1792,1,2,"London : printed for T. Hookham, 1792.",London,241,female,1764,1823,True
0365600503_000045,The female spectator. By Mrs. Eliza Haywood.,Eliza Haywood,8,1771,3,4,"London : printed for H. Gardner, opposite St. Clement's Church, in the Strand, M.DCC.LXXI. [1771].",London,341,female,1693,1756,True
0429900202_000026,"The female Quixote; or, the adventures of Arabella. In two volumes. ...",Charlotte Lennox,8,1752,2,2,"London : printed for A. Millar, over-against Catharine-Street in the Strand, M.DCC.LII. [1752].",London,319,female,1729,1804,True
0842900103_000074,"The mysteries of Udolpho, a romance; interspersed with some pieces of poetry. By Ann Radcliffe, ...",Ann Radcliffe,6,1794,3,4,"London : printed for G.G. and J. Robinson, 1794.",London,467,female,1764,1823,True
0941400101_000055,"Memoirs of modern philosophers. In three volumes. By Elizabeth Hamilton, ...",Elizabeth Hamilton,8,1800,1,3,"Bath : printed by R. Cruttwell; for G. G. and J. Robinson, London, 1800.",Bath,355,female,1758,1816,False
0393600302_000010,"Israel, a juvenile poem. By Serena. ... . Under The Auspices Of The Right Honourable The Countess Dowager Powlett.","Pike, Sarah Leigh",13,1795,2,2,"Bath : printed by R. Cruttwell, for the author; and sold by Scatcherd and Co. Ave-Maria-Lane, London; and J. Poole, Taunton, MDCCXCV. [1795].",Bath,141,female,,,False
0206700103_000044,The female Spectator. |...,Eliza Haywood,8,1748,3,4,"London : printed and published by T. Gardner, at Cowley's-Head, opposite St. Clement's Church in the Stárand, M,DCC,XLVIII. [1748].",London,334,female,1693,1756,True
0555600101_000058,"Hubert de Sevrac, a romance, of the eighteenth century. By Mrs. Robinson. ...",Mary Robinson,9,1797,1,2,"Dublin : printed by B. Smith, C. Browne, and H. Colbert, 1797.",Dublin,257,female,1758,1800,True
0355800102_000010,"Tales of the castle: or, stories of instruction and delight. Being Les veillées du chateau, written in French by Madame la Comtesse de Genlis, Author of the Theatre of Education, Adela and Theodore, &c. Translated into English by Thomas Holcroft. ...",Stéphanie Félicité du Crest de Saint-Aubin,11,1785,2,4,"Dublin : printed for Messrs. Price, Moncrieffe, Jenkin, Walker, Burton, Exshaw, White, Byrne, Parker, H. White-Stone, and Cash, MDCCLXXXV. [1785].",Dublin,282,female,1746,1830,True
0850800103_000016,"The mysteries of Udolpho, a romance; interspersed with some pieces of poetry. By Ann Radcliffe, Author of the romance of the Forest, etc. The third edition. In four volumes. ...",Ann Radcliffe,11,1795,3,4,"London : printed for G. G. and J. Robinson, Paternoster-Row, 1795.",London,470,female,1764,1823,True
0552100904_000019,Posthumous works of the author of A vindication of the rights of woman. In four volumes. ...,Mary Wollstonecraft,7,1798,4,4,"London : printed for J. Johnson, No. 72, St. Paul's Church-Yard; and G.G. and J. Robinson, Paternoster-Row, 1798.",London,188,female,1759,1797,True
0579101000_000020,"The little emigrant, a tale. Interspersed with moral anecdotes and instructive conversations. Designed for the perusal of youth. By the author of The adventures of the six princesses of Babylon, Visit for a week, Juvenile magazine, &c &c.","Peacock, Lucy",9,1799,1,1,"London : printed by S. Low, Berwick Street, Soho; for the author, at the Juvenile Library, NO. 259, Oxford Street; and sold by Messrs. Carpenter, Old Bond Street; C. Law, Ave-Maria Lane; and E. Newbery, the Corner of St. Paul's Church Yard, 1799.",London,210,female,,,False
0879500900_000010,"Devout exercises of the heart, in Meditation and Soliloquy, Prayer and Praise, By the late pious and ingenious Mrs Elizabeth Rowe. Reviewed and published, at her request, by I. Watts, D.D.",Elizabeth Rowe,6,1777,1,1,"London : printed for J. Buckland, T. Payne, and C. Ware, M.DCC.LXXVII. [1777].",London,221,female,1674,1737,True
0245101202_000008,"The memoirs of Ninon de L'Enclos, with her letters to Monsr de St Evremond and to the Marquis de Sevigné. Collected and translated from the French, by a lady. In two volumes. Vol. I.",Ninon de l'Enclos,7,1761,2,2,"London : printed for R. and J. Dodsley, in Pall-Mall, MDCCLXI. [1761].",London,245,female,1620,1705,False
1042800101_000004,"The parental monitor In two volumes. By Mrs. Bonhote, Of Bungay, Soffolk. ...",Elizabeth Bonhôte,7,1788,1,2,"London : printed for William Lane, Leadenhall-Street, MDCCLXXXVIII. [1788].",London,265,female,1744,1818,False
0106200903_000002,The works of Mrs Elizabeth Rowe: in four volumes. ... . Containing Letters from the Dead to the Living. In Twenty Letters. Letters Moral & Entertaining Parts First & Second.,Elizabeth Rowe,10,1796,3,4,"London : printed for John & Arthur Arch, Grace-Church Street, & for Silvester Doig, Edinburgh, 1796.",London,334,female,1674,1737,True
1159900300_000013,"Devout exercises of the heart in meditation and soliloquy, prayer and praise. By the late Pious and Ingenious Mrs Rowe. Reviewed and published at her request, by I. Watts, D. D.",Elizabeth Rowe,8,1770,1,1,"London : printed for J. and F. Rivington, J. Buckland, T. Caslon, T. Longman, T. Field, and E. and C. Dilly, MDCCLXX. [1770].",London,146,female,1674,1737,True
0363500105_000003,"Tales of the castle: or, stories of instruction and delight. Being Les veillees du chateau, written in French by Madame la Comtesse de Genlis, Author of the Theatre of Education, Adela and Theodore, &c. Translated into English by Thomas Holcroft,",Stéphanie Félicité du Crest de Saint-Aubin,6,1793,5,5,"London : printed for G. G. J. and J. Robinson, No. 25, Pater-Noster-Row, 1793.",London,264,female,1746,1830,True
0544700201_000037,"The miscellaneous works, in prose and verse, of Mrs. Elizabeth Rowe: Published by her Order, By Mr. Theophilus Rowe. To which are added, poems on several occasions, by Mr. Thomas Rowe. And to the Whole is prefixed, An Account of the Lives and Writings of the Authors. ... . The fifth edition, corrected. To which is added, The history of Joseph, a Poem in Ten Books.",Elizabeth Rowe,7,1772,1,2,"London : printed for J. Buckland, G. Keith, W. Nicholl, G. Pearch, and H. Gardner, M.DCC.LXXII. [1772].",London,380,female,1674,1737,True
0463500602_000043,"A journey made in the summer of 1794, through Holland and the western frontier of Germany, with a return down the Rhine: to which are added Observations during a tour to the lakes of Lancashire, Westmoreland, and Cumberland. In two volumes. ... . Second edition. By Ann Radcliffe.",Ann Radcliffe,9,1795,2,2,"London : printed for G. G. and J. Robinson, Paternoster-Row, MDCCXCV. [1795].",London,423,female,1764,1823,True
0419600600_000030,"Poems on several occasions: by Mrs Jane Brereton. With letters to her friends, and an account of her life.",Jane Brereton,8,1744,1,1,"London : printed by Edw. Cave at St John's Gate, M,DCC,XLIV. [1744].",London,361,female,1685,1740,False
0814800300_000011,The history of Joseph: a poem. In ten books. By Mrs. Elizabeth Rowe.,Elizabeth Rowe,11,1778,1,1,"London : sold by A Murton, W. Burrel, R. Dailton, T. Nicholson, and E. Dalley, MDCCLXXVIII. [1778].",London,62,female,1674,1737,True
0273000300_000008,"Pro & con; or, the opinionists: an ancient fragment. Published for the amusement of the curious in antiquity. By Mrs. Latter.",Mary Latter,7,1771,1,1,"London : printed for T. Lowndes, in Fleet-Street; and sold also by the author at Reading, 1771.",London,182,female,1725,1777,False
1112000701_000066,"The miscellaneous works, in prose and verse, of Mrs. Elizabeth Rowe: Published by her Order, By Mr. Theophilus Rowe. To which are added, Poems on several occasions, by Mr. Thomas Rowe. And to the Whole is prefixed, An Account of the Lives and Writings of the Authors. In two volumes. ... . The fourth edition, corrected. To which is added, The history of Joseph, a Poem in Ten Books.",Elizabeth Rowe,6,1756,1,2,"London : printed for Henry Lintot, MDCCLVI. [1756].",London,382,female,1674,1737,True
0438801302_000018,The history of Ned Evans. Second edition. In four volumes. ...,"Hervey, Elizabeth",6,1797,2,4,"London : printed for G. G. and J. Robinson, Paternoster-Row, M.DCC.XCVII. [1797].",London,233,female,1748,1820,False
0007900101_000001,"Letters from France; containing a great variety of original information concerning the most important events that have occurred in that country in the years 1790, 1791, 1792, and 1793. By Helen Maria Williams. To which are annexed, The Correspondence of Dumourier with Pache, the War Minister, and with the Commissaries. - Letters of Bournonville, Miranda, Valence, &c. &c. ...",Helen Maria Williams,7,1794,1,2,"Dublin : printed by J. Chambers, 5, Abbey-Street, 1794.",Dublin,241,female,1762,1827,True
0364000203_000001,"Tales of the castle: or, stories of instruction and delight. Being Les veillees du chateau, written in French by Madame la Comtesse de Genlis, Author of the Theatre of Education, Adela and Theodore, &c. Translated into English by Thomas Holcroft,",Stéphanie Félicité du Crest de Saint-Aubin,8,1787,3,5,"London : printed for G. G. J. and J. Robinson, No. 25, Pater-Noster-Row, 1787.",London,286,female,1746,1830,True
0852700700_000005,Dialogues of the dead.,Elizabeth Montagu,8,1760,1,1,"London : printed for W. Sandby, in Fleet-Street, M.DCC.LX. [1760].",London,330,female,1720,1800,False
0387400203_000012,"Rosella, or modern occurrences. A novel. In four volumes. By Mary Charlton, ...",Mary Charlton,9,1799,3,4,"London : printed at the Minerva-Press, for William Lane, 1799.",London,304,female,1770,1830,False
0071600200_000001,"Letters on the French Revolution, written in France, in the summer of 1790, to a friend in England; containing, various anecdotes relative to that interesting event, and memoirs of Mons. and Madame Du F--. By Helen Maria Williams.",Helen Maria Williams,7,1791,1,1,"Printed at Boston : by J. Belknap and A. Young. Sold at their printing-office, no. 34, Newbury Street, and by the booksellers in town and country, MDCCXCI[-MDCCXCII] [1791-1792].",Boston,137,female,1762,1827,True
1293400502_000015,"Letters on the improvement of the mind, addressed to a young lady. In two volumes. By Mrs. Chapone. ...",Hester Chapone,7,1783,2,2,"London : printed for J. Walter, Charing-Cross; and C. Dilly, in the Poultry, MDCCLXXXIII. [1783].",London,231,female,1727,1801,True
0463500601_000037,"A journey made in the summer of 1794, through Holland and the western frontier of Germany, with a return down the Rhine: to which are added Observations during a tour to the lakes of Lancashire, Westmoreland, and Cumberland. In two volumes. ... . Second edition. By Ann Radcliffe.",Ann Radcliffe,11,1795,1,2,"London : printed for G. G. and J. Robinson, Paternoster-Row, MDCCXCV. [1795].",London,482,female,1764,1823,True
0772500400_000010,"A pindaric poem. Consisting of versified selections, from the Revelation of St. John. By Hannah Rowe.","Rowe, Hannah",11,1789,1,1,"Rochester : printed by W. Gillman, at the Phoenix Printing Office. And sold by James Evans, Paternoster Row, London, MDCCLXXXIX. [1789].",Rochester,49,female,,,False
1144200400_000022,"An essay on the writings and genius of Shakespear, compared with the Greek and French dramatic poets. With some remarks upon the misrepresentations of Mons. de Voltaire.",Elizabeth Montagu,10,1778,1,1,"Dublin : printed for J. Potts, W. Sleater, D. Chamberlaine, J. Williams, and W. Colles, M,DCC,LXXVIII. [1778].",Dublin,232,female,1720,1800,False
0187100100_000022,"An essay on the writings and genius of Shakespear, compared with the Greek and French dramatic poets. With some remarks upon the misrepresentations of Mons. de Voltaire.",Elizabeth Montagu,10,1769,1,1,"London : printed for J. Dodsley, Pall-Mall; Mess. Baker and Leigh, York-Street, Covent-Garden; J. Walter, Charing-Cross; T. Cadell, in the Strand; and J. Wilkie, No 71. St. Paul's Church-Yard, M.DCC.LXIX. [1769].",London,278,female,1720,1800,False
0622500501_000007,The romance of the forest. Interspersed with some pieces of poetry. By Mrs. Ratcliffe [sic]. ... In two volumes. ...,Ann Radcliffe,10,1800,1,2,"Dublin : printed by J. Stockdale for Pat. Wogan, 1800-01.",Dublin,265,female,1764,1823,True
0866500300_000018,"Miscellaneous pieces, in prose, by J. and A. L. Aikin.",Anna Laetitia Barbauld,10,1775,1,1,"London : printed for J. Johnson, in St. Paul's Church-Yard, MDCCLXXV. [1775].",London,221,female,1743,1825,True
0552100904_000020,Posthumous works of the author of A vindication of the rights of woman. In four volumes. ...,Mary Wollstonecraft,8,1798,4,4,"London : printed for J. Johnson, No. 72, St. Paul's Church-Yard; and G.G. and J. Robinson, Paternoster-Row, 1798.",London,188,female,1759,1797,True
1129300402_000017,"A sicilian romance. By Ann Radcliffe, author of the Romance of the Forest, Castles of Athlin and Dunbayne, &c. &c.",Ann Radcliffe,6,1796,2,2,"London : printed for Hookham and Carpenter, Bond-Street, 1796.",London,220,female,1764,1823,True
0555600102_000032,"Hubert de Sevrac, a romance, of the eighteenth century. By Mrs. Robinson. ...",Mary Robinson,8,1797,2,2,"Dublin : printed by B. Smith, C. Browne, and H. Colbert, 1797.",Dublin,277,female,1758,1800,True
0013800501_000008,"Alf von Deulmen; or, The history of the Emperor Philip, and his daughters. Translated from the German by Miss A.E. Booth. ...",Benedikte Naubert,11,1794,1,2,"London : printed for J. Bell, No. 148, Oxford Street, Opposite Bond-Street, 1794.",London,317,female,1756,1819,False
0622500502_000031,The romance of the forest. Interspersed with some pieces of poetry. By Mrs. Ratcliffe [sic]. ... In two volumes. ...,Ann Radcliffe,10,1800,2,2,"Dublin : printed by J. Stockdale for Pat. Wogan, 1800-01.",Dublin,273,female,1764,1823,True
0035500300_000020,"The works of Christina Queen of Sweden. Containing maxims and sentences, in twelve centuries; and reflections on the life and actions of Alexander the Great. Now first translated from the original French. To which is prefix'd, an account of her life, character and writings, by the translator.",Christina of Sweden,7,1753,1,1,"London : printed for D. Wilson and T. Durham, at Plato's Head in the Strand, MDCCLIII. [1753].",London,204,female,1626,1689,False
0783800400_000023,"Friendship in death: in twenty letters from the dead to the living. To which are added, letters moral and entertaning [sic], in prose and verse. In three parts. By Mrs. Elizabeth Rowe. To which is prefixed, an account of the life of the author.",Elizabeth Rowe,9,1793,1,1,"London : printed for T. Longman, B. Law, G. G. and J. Robinson, T. Cadell, J. Johnson, [and 6 others in London], 1793.",London,370,female,1674,1737,True
0187100400_000025,Poems on several occasions. By Mary Masters.,"Masters, Mary",8,1733,1,1,"London : printed by T. Browne, for the author, M.DCC.XXXIII. [1733].",London,288,female,1706,1759,False
0519100400_000029,"An easy introduction to the knowledge of nature, and reading the holy scriptures. Adapted to the capacities of children. By Mrs. Trimmer.",Sarah Trimmer,7,1789,1,1,"London : printed for T. Longman, and G. G. J. and J. Robinson, Paternoster-Row; and J. Johnson, St. Paul's Church-Yard, M.DCC.LXXXIX. [1789].",London,204,female,1741,1810,True
0352200800_000002,"Ainsi va le monde, a poem. Inscribed to Robert Merry, Esq. A. M. Member of the Royal Academy of Florence; and Author of the Laurel of Liberty and the Della Crusca Poems. By Laura Maria.",Mary Robinson,7,1790,1,1,"London : printed by John Bell, Bookseller to His Royal Highness the Prince of Wales, at the British Library, Strand, MDCCXC. 1790.",London,18,female,1758,1800,True
0610300202_000062,"The life of Petrarch. Collected from Memoires pour la vie de Petrarch. By Mrs. Dobson. Third edition, embellished with eight copper-plates, ... In two volumes. ...","Dobson, Mrs. (Susannah)",8,1797,2,2,"London : printed, by T. Bensley, for the Associated Booksellers, Vernon and Hood; J. Cuthell; J. Walker; Ogilvy and Son; Lackington, Allen, and Co. and J. Nunn, 1797.",London,415,female,,,False
0277201100_000029,"An easy introduction to the knowledge of nature, and reading the holy scriptures. Adapted to the capacities of children. By Mrs. Trimmer.",Sarah Trimmer,7,1793,1,1,"London : printed for T. Longman, and G. G. J. and J. Robinson, Paternoster-Row; and J. Johnson, St. Paul's Church-Yard, MDCCXCIII. [1793].",London,178,female,1741,1810,True
1130800101_000015,"Friendship in death; in twenty letters from the dead to the living. To which are added, Letters moral and entertaining, in prose and verse: in three parts. In two volumes. ... By Mrs. Elizabeth Rowe.",Elizabeth Rowe,9,1753,1,2,"London : printed for Henry Lintot, M.DCC.LIII. [1753].",London,299,female,1674,1737,True
0310500500_000001,"Poems, by Susanna.",Susanna,9,1789,1,1,"London : printed by L. Wayland, for Charles Dilly, in the Poultry, MDCCLXXXIX. [1789].",London,29,female,,,False
1620200102_000001,A sicilian romance by the authoress of the Castle of Athlin and Dunbayne. In two volumes. Volume I.,Ann Radcliffe,8,1791,2,2,"Dublin : Printed by B. Smith, for J. Moore, No. 45, College-Green, M,DCC,XCI. [1791].",Dublin,222,female,1764,1823,True
1129300402_000001,"A sicilian romance. By Ann Radcliffe, author of the Romance of the Forest, Castles of Athlin and Dunbayne, &c. &c.",Ann Radcliffe,8,1796,2,2,"London : printed for Hookham and Carpenter, Bond-Street, 1796.",London,220,female,1764,1823,True
0351900700_000005,"Letters for literary ladies. To which is added, an essay on the noble science of self-justification. The second edition, corrected and much enlarged. By Maria Edgeworth, author of practical education, and the parents' assistant.",Maria Edgeworth,7,1799,1,1,"London : printed for J. Johnson, in St. Paul's Church-Yard, 1799.",London,243,female,1767,1849,True
0540700700_000012,"An enquiry after wit: wherein the trifling arguing and impious raillery of the late Earl of Shaftsbury, in his Letter concerning enthusiasm, and other Profane Writers, are fully answer'd, and justly Exposed. Answer a Fool according to his Folly, lest he be wise in his own Conceit.",Mary Astell,7,1722,1,1,"London : printed for John Bateman, at the Hat and Star in St. Paul's Church-Yard, MDCCXXII. [1722].",London,184,female,1666,1731,True
0295300200_000008,"British synonymy; or, an attempt at regulating the choice of words in familiar conversation. Inscribed, With Sentiments Of Gratitude And Respect, to Such Of her foreign friends AS Have Made English Literature Their Peculiar Study, by Hester Lynch Piozzi.",Hester Thrale,7,1794,1,1,"Dublin : printed by William Porter, for P. Byrne, Grafton-Street, and W. Jones, Dame-Street, 1794.",Dublin,536,female,1741,1821,True
0281100600_000030,"A select collection of hymns, To be universally sung in all The Countess of Huntingdon's chapels. Collected by her ladyship.","Selina Hastings, Countess of Huntingdon",10,1798,1,1,"London : printed and sold by C. Corrall, 38, Charing Cross. Near the Admiralty, 1798.",London,254,female,1707,1791,False
1206301802_000001,A Sicilian romance. By the authoress of The Castles of Athlin and Dunbayne. In two volumes. ...,Ann Radcliffe,8,1792,2,2,"London : printed for T. Hookham, 1792.",London,219,female,1764,1823,True
0405901203_000010,"The romance of the forest: interspersed with some pieces of poetry. In three volumes. ... . The second edition. By Ann Radcliffe, Author of ``a Sicilian-Romance,'' &c.",Ann Radcliffe,11,1792,3,3,"London : printed for T. Hookham and J. Carpenter, New and Old Bond Street, M.DCC.XCII. [1792].",London,349,female,1764,1823,True
0110200302_000001,"Eliza Beaumont and Harriet Osborne: or, the child of doubt. Written by Indiana Brooks. In two volumes. ...","Brooks, Indiana",8,1789,2,2,"London : printed for G. G. J. and J. Robinson, Pater Noster-Row, MDCCLXXXIX. [1789].",London,233,female,,,False
1494400400_000022,"An essay on the writings and genius of Shakespear, compared with the Greek and French dramatic poets. With some remarks upon the misrepresentations of Mons. de Voltaire. The fourth edition. To which are now first added, three dialogues of the dead. By Mrs. Montagu.",Elizabeth Montagu,7,1777,1,1,"London : Printed for Edward and Charles Dilly, M.DCC.LXXVII. [1777].",London,320,female,1720,1800,False
0390200600_000125,"A journey made in the summer of 1794, through Holland and the western frontier of Germany, with a Return down the Rhine: to which are added, observations during a tour to the lakes of Lancashire, Westmoreland, and Cumberland. By Ann Radcliffe.",Ann Radcliffe,7,1795,1,1,"Dublin : printed by William Porter, for P. Wogan, P. Byrne, H. Colbert, W. Porter, W. Jones, J. Rice, H. Fitzpatrick, and G. Folingsby. 1795.",Dublin,512,female,1764,1823,True
0685700200_000006,Poems on several occasions. The fourth edition. By Mrs. Elizabeth Carter.,Elizabeth Carter,8,1777,1,1,"Dublin : William Watson, M,DCC,LXXVII. [1777].",Dublin,127,female,1717,1806,True
0463500602_000038,"A journey made in the summer of 1794, through Holland and the western frontier of Germany, with a return down the Rhine: to which are added Observations during a tour to the lakes of Lancashire, Westmoreland, and Cumberland. In two volumes. ... . Second edition. By Ann Radcliffe.",Ann Radcliffe,9,1795,2,2,"London : printed for G. G. and J. Robinson, Paternoster-Row, MDCCXCV. [1795].",London,423,female,1764,1823,True
0883300302_000070,"The mysteries of Udolpho, a romance; interspersed with some pieces of poetry. By Ann Radcliffe, ... In three volumes, ...",Ann Radcliffe,10,1795,2,3,"Dublin : printed by N. Kelly, for Messrs. P. Wogan, W. Jones. H. Colbert, and J. Milliken, 1795.",Dublin,326,female,1764,1823,True
0299800801_000006,The rambles of Mr. Frankly. Published by his sister. In two volumes. ...,Elizabeth Bonhôte,9,1772,1,2,"London : printed for T. Becket and P. A. Dehondt, in the Strand, MDCCLXXII. [1772].",London,174,female,1744,1818,False
0247300301_000021,"The mysteries of Udolpho, a romance; interspersed with some pieces of poetry. By Ann Radcliffe, author of the romance of the forest, etc. In four volumes. ...",Ann Radcliffe,14,1794,1,4,"London : printed for G. G. and J. Robinson, Paternoster-Row, 1794.",London,440,female,1764,1823,True
0381401000_000005,Dialogues of the dead.,Elizabeth Montagu,9,1760,1,1,"Dublin : printed by Oli. Nelson, in Skinner-Row, M,DCC,LX. [1760].",Dublin,335,female,1720,1800,False
0357400100_000005,Dialogues of the dead.,Elizabeth Montagu,9,1760,1,1,"London : printed [by Samuel Richardson] for W. Sandby, in Fleet-Street, M.DCC.LX. [1760].",London,332,female,1720,1800,False
0206700104_000010,The female Spectator. |...,Eliza Haywood,6,1748,4,4,"London : printed and published by T. Gardner, at Cowley's-Head, opposite St. Clement's Church in the Stárand, M,DCC,XLVIII. [1748].",London,328,female,1693,1756,True
0277700301_000036,"The works of Mrs. Chapone, containing letters on the improvement of the mind, addressed to a young lady. And miscellanies in prose and verse. In two volumes. ...",Hester Chapone,7,1775,1,2,"Dublin : printed for J. Williams, 1775.",Dublin,156,female,1727,1801,True
0540700700_000009,"An enquiry after wit: wherein the trifling arguing and impious raillery of the late Earl of Shaftsbury, in his Letter concerning enthusiasm, and other Profane Writers, are fully answer'd, and justly Exposed. Answer a Fool according to his Folly, lest he be wise in his own Conceit.",Mary Astell,8,1722,1,1,"London : printed for John Bateman, at the Hat and Star in St. Paul's Church-Yard, MDCCXXII. [1722].",London,184,female,1666,1731,True
1027702000_000012,"Miscellaneous. Poems, by Mary Heron.","Heron, Mary",7,1786,1,1,"Newcastle : printed for the author; sold by T. Saint, MDCCLXXXVI. [1786].",Newcastle upon Tyne,85,female,,,False
0363500102_000037,"Tales of the castle: or, stories of instruction and delight. Being Les veillees du chateau, written in French by Madame la Comtesse de Genlis, Author of the Theatre of Education, Adela and Theodore, &c. Translated into English by Thomas Holcroft,",Stéphanie Félicité du Crest de Saint-Aubin,8,1793,2,5,"London : printed for G. G. J. and J. Robinson, No. 25, Pater-Noster-Row, 1793.",London,264,female,1746,1830,True
1277901800_000001,The death of Abel. In five books. Attempted from the German of Mr. Gessner.,Mary Collyer,7,1781,1,1,"Coventry : printed and sold by T. Luckman, and all other booksellers, MDCCLXXXI. [1781].",Coventry,267,female,1716,1762,False
0355800102_000036,"Tales of the castle: or, stories of instruction and delight. Being Les veillées du chateau, written in French by Madame la Comtesse de Genlis, Author of the Theatre of Education, Adela and Theodore, &c. Translated into English by Thomas Holcroft. ...",Stéphanie Félicité du Crest de Saint-Aubin,7,1785,2,4,"Dublin : printed for Messrs. Price, Moncrieffe, Jenkin, Walker, Burton, Exshaw, White, Byrne, Parker, H. White-Stone, and Cash, MDCCLXXXV. [1785].",Dublin,282,female,1746,1830,True
0584101002_000099,"The miscellaneous works, in prose and verse, of Mrs. Elizabeth Rowe: Published by her Order, By Mr. Theophilus Rowe. To which are added, Poems on several occasions, by Mr. Thomas Rowe. And to the Whole is prefixed, An Account of the Lives and Writings of the Authors. In two volumes. The third edition, corrected. To which is now first added, The history of Joseph, a Poem in Ten Books.",Elizabeth Rowe,10,1750,2,2,"London : printed for Henry Lintot: and sold by S. Birt, and B. Dod, in Ave-Mary-Lane, J. Ward over-against the Royal-Exchange, and W. Johnston in St. Paul's Church-Yard, MDCCL. [1750].",London,432,female,1674,1737,True
0934100101_000076,"The miscellaneous works, in prose and verse, of Mrs. Elizabeth Rowe: Published by her Order, By Mr. Theophilus Rowe. To which are added, Poems on Several Occasions, By Mr. Thomas Rowe. And to the Whole is prefixed, An Account of the Lives and Writings of the Authors. In two volumes.",Elizabeth Rowe,7,1749,1,2,"London : printed for Henry Lintot, MDCCXLIX. [1749].",London,367,female,1674,1737,True
1532600600_000007,"Gothic stories. Sir Bertrand, by Mrs. Barbauld. Sir Gawen, from the speculator. Edwin, from the universal magazine.",Anna Laetitia Barbauld,10,1799,1,1,"Ludlow : Printed as the office of G. Nicholson (from Manchester). Sold by T. Knott, 47, Lombard-street; and Champante and Whitrow, 4, Jewry-street, Aldgate, London, Anno 1799.",Ludlow,29,female,1743,1825,True
0343200201_000046,"Religion considered as the only basis of happiness and of true philosophy. A work written for the instruction of the children of his most serene highness the Duke of Orleans; ... By Madame the Marchioness of Sillery, ... In two volumes.",Stéphanie Félicité du Crest de Saint-Aubin,6,1787,1,2,"Dublin : printed by William Porter, for H. Chamberlaine, White, Byrne, Colbert, W. Porter, and Moore, 1787.",Dublin,160,female,1746,1830,True
0529600400_000056,"Letters of the Right Honourable Lady M-y W-y M-e: written during her travels in Europe, Asia and Africa, To Persons of Distinction, Men of Letters, etc. in different Parts of Europe. Which Contain, Among other curious Relations, Accounts of the Policy and Manners of the Turks. Drawn from Sources that have been inaccessible to other Travellers. Complete In One Volume.",Lady Mary Wortley Montagu,9,1790,1,1,"Berlin : sold by August Mylius, MDCCXC. [1790].",Berlin,391,female,1689,1762,True
1027800306_000003,"Evenings at home; or, the juvenile budget opened. Consisting of a variety of miscellaneous pieces, for the instruction and amusement of young persons. ...",Anna Laetitia Barbauld,6,1798,6,6,"London : printed for J. Johnson, 1794-98.",London,155,female,1743,1825,True
0496901501_000020,"The mysteries of Udolpho, a romance; interspersed with some pieces of poetry. By Ann Radcliffe, author of the Romance of the forest, etc. In three volumes. ...",Ann Radcliffe,11,1800,1,3,"Dublin : printed by Thomas Burnside. For P. Wogan, No. 23, Old Bridge, 1800.",Dublin,311,female,1764,1823,True
0737200600_000002,"Poems, on several occasions. By Ann Yearsley, a Milkwoman of Bristol.",Ann Yearsley,10,1785,1,1,"London : printed for T. Cadell, in the Strand, MDCCLXXXV. [1785].",London,148,female,1756,1806,True
0578901300_000015,The election. A comedy of Three Acts. As it is now acting in London with great Applause.,Susanna Centlivre,5,1749,1,1,"London : [s.n.], Printed in the Year MDCCXLIX. [1749].",London,70,female,1667,1723,True
0281300503_000072,"The mysteries of Udolpho, a romance; interspersed with some pieces of poetry. By Ann Radcliffe, Author of the Romance of the Forest, Etc. In three volumes. ...",Ann Radcliffe,13,1794,3,3,"Dublin : printed by Hillary and Barlow, for Messrs. P. Wogan, W. Jones, and H. Colbert, 1794.",Dublin,366,female,1764,1823,True
0883300301_000002,"The mysteries of Udolpho, a romance; interspersed with some pieces of poetry. By Ann Radcliffe, ... In three volumes, ...",Ann Radcliffe,9,1795,1,3,"Dublin : printed by N. Kelly, for Messrs. P. Wogan, W. Jones. H. Colbert, and J. Milliken, 1795.",Dublin,311,female,1764,1823,True
0107900400_000019,The works of the late Mrs. Catharine Talbot.,Catherine Talbot,9,1780,1,1,"London : printed by John Rivington, jun. for John, Francis, and Charles Rivington, at No 62, in St. Paul's Church Yard, MDCCLXXX. [1780].",London,332,female,1721,1770,False
0029300203_000009,"Hubert de Sevrac, a romance, of the eighteenth century; by Mary Robinson, author of Poems, Angelina, the Sicilian Lover, the Widow, &c. &c. &c. In three volumes, ...",Mary Robinson,7,1796,3,3,"London : printed for the author, by Hookham and Carpenter, Old-Bond-Street, 1796.",London,322,female,1758,1800,True
0897900101_000018,"The parental monitor. In two volumes. By Mrs. Bonhote, of Bungay, Suffolk. ...",Elizabeth Bonhôte,7,1796,1,2,"Dublin : printed by William Porter, for P. Wogan, W. Porter, and W. Jones, [1796?].",Dublin,173,female,1744,1818,False
0063500102_000017,"Literary amusements; or, evening entertainer. By a female hand. Containing, The history of Mr. Allen. The life of an authoress. The Enchanted Rose. History of Nouzharel. Fatal Curiosity. The Fox-Hunters. Effects of Seduction. Letter on Suicide. On the Studies of Women. William and Phebe. Thoughts on Friendship. On Rural Simplicity. In two volumes. ...",Female Hand,6,1782,2,2,"Dublin : printed by T. Henshall, for S. Price, W. & H. Whitestone, T. Walker, J. Beatty, E. Cross and R. Burton, MDCCLXXXII. [1782].",Dublin,239,female,,,False
0948000801_000014,"The maid of the hamlet. A tale. In two volumes. By Regina Maria Roche, author of The Children of the Abbey, Vicar of Lansdowne, Clermont, &c. ...",Regina Maria Roche,10,1800,1,2,"London : printed at the Minerva-Press, for William Lane, Leadenhall-Street, 1800.",London,279,female,1764,1845,False
0451300300_000022,"Sacred dramas: chiefly intended for young persons. The Subjects taken from the Bible. To which is added, sensibility, a poem.",Hannah More,9,1793,1,1,"London : printed for T. Cadell, in the Strand, 1793.",London,298,female,1745,1833,True
0351400201_000004,"Poems and essays, by a lady lately deceased. Published for the benefit of the General Hospital at Bath. ... . - The Second Edition.",Jane Bowdler,8,1786,1,2,"Bath : printed by R. Cruttwell; and sold by C. Dilly, Poultry, London, MDCCLXXXVI. [1786].",Bath,249,female,1743,1784,False
0366300103_000016,"The recess; or, a tale of other times. By the author of The chapter of accidents. ...",Sophia Lee,9,1787,3,3,"London : printed for T. Cadell, in the Strand, M,DCC,LXXXVII. [1787].",London,358,female,1750,1824,True
0106200902_000047,The works of Mrs Elizabeth Rowe: in four volumes. ... . Containing Letters from the Dead to the Living. In Twenty Letters. Letters Moral & Entertaining Parts First & Second.,Elizabeth Rowe,10,1796,2,4,"London : printed for John & Arthur Arch, Grace-Church Street, & for Silvester Doig, Edinburgh, 1796.",London,322,female,1674,1737,True
0496100102_000012,Rural walks: in dialogues. Intended for the use of young persons. By Charlotte Smith. In two volumes. ...,Charlotte Turner Smith,6,1798,2,2,"London : printed for T. Cadell Jun. and W. Davies, 1798.",London,186,female,1749,1806,True
0300300902_000032,"The recess; or, a tale of other times. By the author of The chapter of accidents. ``are not these Woods ``more free from peril than the envious Court? ``here feel we but the penalty of Adam ``the seasons' difference.'' ...",Sophia Lee,8,1786,2,2,"Dublin : printed for Messrs. G. Burnet, R. Moncrieffe, J. Exshaw, J. Beatty, L. White, P. Byrne, S. Colbert, H. Whitestone, W. Sleater, J. Cash, R. Marchbank, T. Heary, and J. Moore, M,DCC,LXXXVI. [1786].",Dublin,275,female,1750,1824,True
0831900602_000033,"The recess; or, a tale of other times. By the author of The chapter of accidents. ...",Sophia Lee,8,1791,2,2,"Dublin : printed for G. Burnet, P. Byrne, H. Colbert, W. Sleater, T. Heery, and J. Moore, 1791.",Dublin,219,female,1750,1824,True
0137000100_000010,"An essay on the writings and genius of Shakespear, compared with the Greek and French dramatic poets. With some remarks upon the misrepresentations of Mons. de Voltaire.",Elizabeth Montagu,7,1770,1,1,"London : printed by J. and H. Hughs, near Lincoln's-Inn-Fields: and sold by J. Dodsley, Pall-Mall; Mess. Baker and Leigh, York-Street, Covent-Garden; T. Becket, and T. Cadell, in the Strand; J. Walter, Charing-Cross; H. Denoyer, Lisle-Street; and J. Wilkie, No 71. St. Paul's Church-Yard, M.DCC.LXX. [1770].",London,277,female,1720,1800,False
0971500800_000027,"Poems, by Mrs. Mary Robinson.",Mary Robinson,6,1795,1,1,"London : printed by T. Spilsbury and Son; and sold by J. Evans, Paternoster Row, and T. Becket, Pall Mall, [1795?].",London,233,female,1758,1800,True
0703000502_000027,Poems by Mrs. M. Robinson.,Mary Robinson,6,1791,2,2,"London : printed by J. Bell, British-Library, Strand, Bookseller to His Royal Highness the Prince of Wales, MDCCXCI. [1791].",London,234,female,1758,1800,True
1144200400_000010,"An essay on the writings and genius of Shakespear, compared with the Greek and French dramatic poets. With some remarks upon the misrepresentations of Mons. de Voltaire.",Elizabeth Montagu,7,1778,1,1,"Dublin : printed for J. Potts, W. Sleater, D. Chamberlaine, J. Williams, and W. Colles, M,DCC,LXXVIII. [1778].",Dublin,232,female,1720,1800,False
1174600400_000054,Essays upon several subjects in prose and verse. Written by the Lady Chudleigh.,Lady Mary Chudleigh,8,1710,1,1,"London : printed by T.H. for R. Bonwicke, W. Freeman, T. Goodwin, J. Walthoe, M. Wotton, S. Manship, J. Nicholson, R. Parker, B. Tooke, and R. Smith, MDCCX. [1710].",London,257,female,1656,1710,False
0149005001_000005,"Reginald, or the house of Mirandola. A romance. In three volumes. By the author of Melbourne, &c. ...","Martin, Mrs",9,1799,1,3,"London : printed at the Minerva-Press, for William Lane, Leadenhall-Street, 1799.",London,301,female,,,False
0496901502_000013,"The mysteries of Udolpho, a romance; interspersed with some pieces of poetry. By Ann Radcliffe, author of the Romance of the forest, etc. In three volumes. ...",Ann Radcliffe,8,1800,2,3,"Dublin : printed by Thomas Burnside. For P. Wogan, No. 23, Old Bridge, 1800.",Dublin,349,female,1764,1823,True
0159100200_000002,"Lasselia: or, the self-abandon'd. A novel. Written by Mrs. Eliza Haywood.",Eliza Haywood,9,1724,1,1,"London : printed for D. Browne junr. at the Black-Swan without Temple-Bar ; and S. Chapman, at the Angel in Pall-Mall, M.DCC.XXIV. [1724].",London,87,female,1693,1756,True
0134002300_000013,Poems on several occasions. With Anne Boleyn to King Henry Viii. An epistle. By Mrs. Elizabeth Tollet.,Elizabeth Tollet,7,1756,1,1,"London : printed for T. Lownds, in Fleet Street, [1756?].",London,249,female,1694,1754,False
0351900700_000008,"Letters for literary ladies. To which is added, an essay on the noble science of self-justification. The second edition, corrected and much enlarged. By Maria Edgeworth, author of practical education, and the parents' assistant.",Maria Edgeworth,12,1799,1,1,"London : printed for J. Johnson, in St. Paul's Church-Yard, 1799.",London,243,female,1767,1849,True
0157502700_000011,"Orinthia's miscellanies: or, a compleat collection of poems, never before published. By Elizabeth Teft of Lincoln.",Elizabeth Teft,7,1747,1,1,"London : [s.n.], Printed in the Year M.DCC.XLVII. [1747].",London,158,female,1722,,False
0249100302_000090,"The life of Petrarch. Collected from Memoires pour la vie de Petrarch, in two volumes. ...","Dobson, Mrs. (Susannah)",6,1775,2,2,"London : printed for James Buckland, Pater-Noster Row, MDCCLXXV. [1775].",London,559,female,,,False
0199100500_000056,"A practical new grammar, with exercises of bad English: or, an easy guide to speaking and writing the English language properly and correctly. Containing, I. Orthography; or True Spelling, which treats of the Sounds and Uses of the several Letters in all Positions; of the Division of Words into Syllables, and the Use of Points. II. Prosody; or the Art of Pronouncing Syllables in Words truly, with Tables of Words properly accented. III. Etymology; or the Kinds of Words, which explains the several Parts of Speech; their Derivations and different Endings; Change and Likeness to one another. IV. Syntax; or Construction, which teaches how to connect Words aright in a Sentence, or Sentences together. To which is added, a Curious and Useful appendix. The fifteenth edition, Enlarged and much Improved. By A Fisher.",Anne Fisher,8,1775,1,1,"London : printed for G. Robinson, in Pater-Noster-Row, and T. Slack, in Newcastle, 1795.",London,215,female,1719,1778,False
0601201300_000022,"Poetical sketches, by Ann Batten Cristall.",Ann Batten Cristall,8,1795,1,1,"London : printed for J. Johnson, St. Paul's Church yard, 1795.",London,203,female,1769,1848,False
0601201300_000012,"Poetical sketches, by Ann Batten Cristall.",Ann Batten Cristall,9,1795,1,1,"London : printed for J. Johnson, St. Paul's Church yard, 1795.",London,203,female,1769,1848,False
1206301801_000001,A Sicilian romance. By the authoress of The Castles of Athlin and Dunbayne. In two volumes. ...,Ann Radcliffe,8,1792,1,2,"London : printed for T. Hookham, 1792.",London,241,female,1764,1823,True
0628900500_000009,New and elegant amusements for the ladies of Great Britain. By a lady.,Lady,9,1772,1,1,"London : printed for the author, and sold by S. Crowder, Pater-Noster-Row; W. Shropshire, New Bond-Street; J. Walter, Charing-Cross, and W. Cooke, Royal Exchange, 1772.",London,170,female,,,False
0703000501_000013,Poems by Mrs. M. Robinson.,Mary Robinson,6,1791,1,2,"London : printed by J. Bell, British-Library, Strand, Bookseller to His Royal Highness the Prince of Wales, MDCCXCI. [1791].",London,248,female,1758,1800,True
1023100300_000001,Original sonnets on various subjects; and odes paraphrased from Horace: by Anna Seward.,Anna Seward,7,1799,1,1,"London : printed for G. Sael, No. 192, Strand; and sold by Mr. Swinney, Birmingham, and Mr. Morgan, Lichfield, 1799.",London,187,female,1742,1809,False
0644800700_000005,"Divine poems and essays on various subjects. Viz. Immanuel; or, the Godhead of Christ displayed. A Meditation written in a Bower at Lady Grove, Sutton. Elegies. Epithalamiums. Epistles to Miranda, &c. Hymns. A Poem on Redemption. A Walk at Enfield. Meditations on the Canticles. - for the Lord's Supper. Christ All in All. Meditations on Rev. xii. 6. A Summer Day's Excursion. Odes. Letters. A Soliloquy. By Maria De Fleury. With recommendatory prefaces, by the Rev. Mr Wills, Rev. Mr Towers, and Rev. Mr Ryland.",Maria de Fleury,11,1791,1,1,"London : printed for the author, and sold by T. Wilkins, Aldermanbury; by Bellamy and Roberts, No. 202, Strand; M. Trapp, No. 1, Pater-Noster Row; Mr. Nott, Lombard street; M. Gurney, No. 128, Holborn, and by the author, No. 31, Jewin-Street, [1791].",London,255,female,1773,1791,False
0763100200_000015,"Devout exercises of the heart, in meditation and soliloquy prayer and praise. By the late pious and ingenious Mrs. Rowe. Reviewed and published, at her request, by I. Watts, D.D.",Elizabeth Rowe,10,1762,1,1,"Newry : printed for John Fisher, Bookseller, in the Old Change On Cork Hill, Dublin, M,DCC,LXII. [1762].",Newry,155,female,1674,1737,True
0687300604_000001,"Clermont. A tale. In four volumes. By Regina Maria Roche, ...",Regina Maria Roche,8,1798,4,4,"London : printed at the Minerva-Press, for William Lane, 1798.",London,340,female,1764,1845,False
1150700800_000002,"The rash resolve: or, the untimely discovery. A novel. In two parts. By Mrs. Eliza Haywood.",Eliza Haywood,6,1724,1,1,"London : printed for D. Browne junr. at the Black-Swan, without Temple-Bar; and S. Chapman, at the Angel in Pall-Mall, 1724.",London,136,female,1693,1756,True
0964001201_000057,"Adelaide and Theodore; or, letters on education: containing all the principles relative to three different plans of education; to that of princes, and to those of young persons of both sexes. Translated from the French of Madame la Comtesse de Genlis. The third edition, carefully corrected and amended. ...",Stéphanie Félicité du Crest de Saint-Aubin,8,1788,1,3,"London : printed for T. Cadell, in the Strand, M,DCC,LXXXVIII. [1788].",London,314,female,1746,1830,True
0381500605_000053,"Tales of the castle: or, stories of instruction and delight. Being Les veillées du chateau, written in French by Madame la comtesse de Genlis, Author of the Theatre of Education, Adela and Theodore, &c. Translated into English by Thomas Holcroft. ...",Stéphanie Félicité du Crest de Saint-Aubin,11,1785,5,5,"London : printed for G. Robinson, No 25, Pater-Noster-Row, MDCCLXXXV. [1785].",London,286,female,1746,1830,True
0370300103_000017,Theatre of education. Translated from the French of the Countess de Genlis. In four volumes. ...,Stéphanie Félicité du Crest de Saint-Aubin,7,1781,3,4,"London : printed for T. Cadell, and P. Elmsly; and T. Durham, 1781.",London,436,female,1746,1830,True
0139100500_000048,"A compendious system of astronomy, in a course of familiar lectures; In which the Principles of that Science are Clearly Elucidated, so as to be Intelligible to those who have not Studied the Mathematics. Also trigonometrical and celestial problems, with a key to the ephemeris, and a vocabulary of the terms of science used in the Lectures; which latter are explained Agreeably to their Application in them. By Margaret Bryan.","Bryan, Margaret           1815",7,1797,1,1,"London : printed for the author, and sold by Leigh and Sotheby, York Street, Covent Garden; and G. Kearsley, No. 46, Fleet Street, 1797.",London,351,female,,,False
1419500201_000050,A tour in Switzerland; or A view of the present state of the governments and manners of those cantons: With comparative sketches of the present state of Paris. By Helen Maria Williams.,Helen Maria Williams,22,1798,1,2,"Dublin : Printed for P. Wogan, J. Moore, W. Porter, and B. Fitzpatrick, 1798.",Dublin,249,female,1762,1827,True
1751000900_000016,"Divine hymns and poems upon several occasions: collected by the late Mrs. Singer, ...",Elizabeth Rowe,10,1757,1,1,"London : printed for W. Owen, 1757.",London,276,female,1674,1737,False
0622500502_000041,The romance of the forest. Interspersed with some pieces of poetry. By Mrs. Ratcliffe [sic]. ... In two volumes. ...,Ann Radcliffe,6,1800,2,2,"Dublin : printed by J. Stockdale for Pat. Wogan, 1800-01.",Dublin,273,female,1764,1823,True
0831900601_000064,"The recess; or, a tale of other times. By the author of The chapter of accidents. ...",Sophia Lee,6,1791,1,2,"Dublin : printed for G. Burnet, P. Byrne, H. Colbert, W. Sleater, T. Heery, and J. Moore, 1791.",Dublin,236,female,1750,1824,True
0536800601_000052,"Pylades and Corinna: or, memoirs of the lives, amours, and writings of Richard Gwinnett Esq; Of Great Shurdington in Gloucester shire; and Mrs. Elizabeth Thomas Junr. Of Great Russel Street, Bloomsbury. Containing, the letters and other miscellaneous pieces, in Prose and Verse, which passed between them during a courtship of above sixteen years. Faithfully published from their Original Manuscripts. Attested By Sir Edward Northey, Knight. To whic is prefixed, The life of Corinna. Written by her self.",Elizabeth Thomas,10,1731,1,2,London : printed in the year M.DCC.XXXI. [1731].,London,387,female,1677,1731,False
0351700200_000002,Poems.,Anna Laetitia Barbauld,6,1773,1,1,"London : printed for Joseph Johnson, in St. Paul's Church-Yard, MDCCLXXIII. [1773].",London,142,female,1743,1825,True
0419600600_000031,"Poems on several occasions: by Mrs Jane Brereton. With letters to her friends, and an account of her life.",Jane Brereton,7,1744,1,1,"London : printed by Edw. Cave at St John's Gate, M,DCC,XLIV. [1744].",London,361,female,1685,1740,False
0604800200_000005,Poems on several occasions. By Elizabeth Ryves.,Elizabeth Ryves,7,1777,1,1,"London : printed for the author: sold by J. Dodsley, in Pall-Mall, M.DCC.LXXVII. [1777].",London,184,female,1750,1797,False
0615301300_000078,"The poetical works of Mrs. Elizabeth Rowe. Including the History of Joseph; a poem, in ten books. To which is prefixed, An account of the life and writings of the author.",Elizabeth Rowe,10,1795,1,1,"London : printed for T. Wills, Stationers-Court; J. S. Jordan, No. 166, Fleet-Street; Allen and West, and H. D. Symonds, Paternoster-Row; Champante and Whitrow, Audgate; and L. Wayland, New York, [1795?].",London,317,female,1674,1737,True
0881900101_000011,"Letters written in France, in the summer 1790, to a friend in England: containing various anecdotes relative to the French Revolution; and memoirs of Mons. and Madame du F-. By Helen Maria Williams.",Helen Maria Williams,5,1794,1,1,"London : printed for T. Cadell, in the Strand, M,DCC,XCIV. [1794].",London,225,female,1762,1827,True
1144100202_000039,"The romance of the forest: interspersed with some pieces of poetry. By the authoress of ""A Sicilian romance,"" &c. In two volumes. ...",Ann Radcliffe,11,1792,2,2,"Dublin : printed for Messrs. P. Wogan, P Byrne, A. Grueber, W. M'Kenzie, W. Sleater, J. Moore, J. Jones, J. Mehain, B. Dornin, J. Halpen, W. Jones, R. M'allister, J. Rice, R. White, A. Porter, 1792.",Dublin,335,female,1764,1823,True
1640300201_000005,"Letters on different subjects, in four volumes. Amongst which are interspers'd the adventures of Alphonso, after the destruction of Lisbon. By the author of The unfortunate mother's advice to her absent daughters.",Sarah Pennington,11,1766,1,4,"Dublin : printed for J. Hoey, Sen. P. Wilson, J. Exshaw, S. Cotter, E. Watts, J. Murphy, L. Flin, B. Grierson, J. Hoey, Jun. W. Sleater, J. Potts, W. Watson, S. Watson, D. Chamberlain, J. Williams, and J. Shephard, M.DCC.LXVI. [1766].",Dublin,133,female,1720,1783,True
1445101800_000002,"An essay on the education and genius of the female sex. To which is added, an account, of the commencement of the Young-Ladies' Academy of Philadelphia, held the 18th of December, 1794; under the direction of Mr. John Poor, A.M. principal. By J.A. Neal. [Four lines from Young].",Young Ladies' Academy of Philadelphia,6,1795,1,1,"Philadelphia : Printed by Jacob Johnson & Co. No. 147, Market Street, --1795.",Philadelphia,43,female,,,False
1129300401_000036,"A sicilian romance. By Ann Radcliffe, author of the Romance of the Forest, Castles of Athlin and Dunbayne, &c. &c.",Ann Radcliffe,12,1809,1,2,"London : printed for Hookham and Carpenter, Bond-Street, 1796.",London,240,female,1764,1823,True
0701800502_000016,"Letters of the Right Honourable Lady M----y W----y M----e: written during her travels in Europe, Asia, and Africa, to persons of distinction, men of letters, &c. in different parts of Europe. Which contain among other curious relations, accounts of the policy and manners o the Turks; Drawn from Sources that have been inaccessible to other Travellers. A new edition. To which are now first added, poems, by the same author. In two volumes. ...",Lady Mary Wortley Montagu,11,1784,2,2,"London : printed for T. Cadell, and T. Evans, in the Strand ; J. Murray, in Fleet-Street ; and R. Baldwin, in Pater-Noster-Row, MDCCLXXXIV. [1784].",London,276,female,1689,1762,True
0442700202_000010,"Marcus Flaminius; or, a view of the military, political, and social life of the Romans: in a series of letters from a patrician to his friend; in the Year DCC.LXII from the Foundation of Rome, to the Year DCC.LXIX. By E. Cornelia Knight. In two volumes. ...",Cornelia Knight,8,1792,2,2,"London : printed for C. Dilly, in the Poultry, M.DCC.XCII. [1792].",London,343,female,1757,1837,False
1301000602_000029,"The romance of the forest. Interspersed with some pieces of poetry. By Mrs. Ratcliffe. Authoress of ""A Sicilian romance,"" &c. In two volumes. Vo. I.",Ann Radcliffe,6,1793,2,2,"Dublin : Printed for Messers. P. Wogan, P. Byrne, W. M'Kenzie, J. Moore, J. Jones, and W. Jones, 1793.",Dublin,326,female,1764,1823,True
0644800700_000018,"Divine poems and essays on various subjects. Viz. Immanuel; or, the Godhead of Christ displayed. A Meditation written in a Bower at Lady Grove, Sutton. Elegies. Epithalamiums. Epistles to Miranda, &c. Hymns. A Poem on Redemption. A Walk at Enfield. Meditations on the Canticles. - for the Lord's Supper. Christ All in All. Meditations on Rev. xii. 6. A Summer Day's Excursion. Odes. Letters. A Soliloquy. By Maria De Fleury. With recommendatory prefaces, by the Rev. Mr Wills, Rev. Mr Towers, and Rev. Mr Ryland.",Maria de Fleury,10,1791,1,1,"London : printed for the author, and sold by T. Wilkins, Aldermanbury; by Bellamy and Roberts, No. 202, Strand; M. Trapp, No. 1, Pater-Noster Row; Mr. Nott, Lombard street; M. Gurney, No. 128, Holborn, and by the author, No. 31, Jewin-Street, [1791].",London,255,female,1773,1791,False
1118600501_000009,The history of Emily Montague. By the author of Lady Julia Mandeville. ...,Frances Brooke,9,1784,1,4,"London : printed for J. Dodsley, in Pall-Mall, M.DCC.LXXXIV. [1784].",London,245,female,1724,1789,True
1062700701_000013,"Julia, a novel; interspersed with some poetical pieces. By Helen Maria Williams. In two volumes. ...",Helen Maria Williams,7,1790,1,2,"Dublin : printed for Chamberlaine and Rice, P. Wogan, P. Byrne, H. Colbert, W. M'Kenzie, J. Moore, J. Jones, Grueber and M`allister, W. Jones, G. Draper, R. White, and J. Milliken, M.DCC.XC. [1790].",Dublin,154,female,1762,1827,True
0872200200_000031,"A select collection of hymns, to be universally sung in all the Countess of Huntingdon's chapels. Collected by her ladyship.","Selina Hastings, Countess of Huntingdon",9,1786,1,1,"London : printed for and sold by Hughes & Walsh, 1786.",London,451,female,1707,1791,False
0055500202_000033,"The natural daughter. With portraits of the Leadenhead family. A novel. By Mrs. Robinson, Author of Poems, Walsingham, the False Friend, &c. &c. &c. In two volumes ...",Mary Robinson,8,1799,2,2,"London : printed for T.N. Longman and O. Rees, Paternoster-Row, 1799.",London,289,female,1758,1800,True
0168800401_000024,"A tour in Switzerland; or, a view of the present state of the governments and manners of those cantons: with comparative sketches of the present state of Paris. By Helen Maria Williams. ...",Helen Maria Williams,16,1798,1,2,"London : printed for G. G. and J. Robinson, Paternoster-Row, M,DCC,XCVIII. [1798].",London,373,female,1762,1827,True
0019300102_000047,"Andrew Stuart, or the northern wanderer. A novel. In Four Volumes. By Mary Ann Hanway. Author of Ellinor, or the World as it is. ...",Mary Ann Hanway,6,1800,2,4,"London : printed at the Minerva Press, for William Lane, Leadenhall-Street, 1800.",London,316,female,,,False
0703000501_000007,Poems by Mrs. M. Robinson.,Mary Robinson,7,1791,1,2,"London : printed by J. Bell, British-Library, Strand, Bookseller to His Royal Highness the Prince of Wales, MDCCXCI. [1791].",London,248,female,1758,1800,True
1420200400_000025,"The castle of truth, a moral tale. From The tales of the castle. By the Countess de Genlis.",Stéphanie Félicité du Crest de Saint-Aubin,13,1795,1,1,"Philadelphia : Printed and sold by Stewart & Cochran, no. 34, South Second-Street, M,DCC,XCV. [1795].",Philadelphia,143,female,1746,1830,True
1287800104_000077,"The works of Mrs Elisabeth Rowe. ... . Containing, friendship in death. Letters moral and entertaining, Part I. To which is prefixed, An account of the author's life.",Elizabeth Rowe,8,1770,4,4,"Edinburgh : printed by and for Gray & Alston, M.DCC.LXX. [1770].",Edinburgh,327,female,1674,1737,True
0149005001_000010,"Reginald, or the house of Mirandola. A romance. In three volumes. By the author of Melbourne, &c. ...","Martin, Mrs",10,1799,1,3,"London : printed at the Minerva-Press, for William Lane, Leadenhall-Street, 1799.",London,301,female,,,False
0971500800_000003,"Poems, by Mrs. Mary Robinson.",Mary Robinson,7,1795,1,1,"London : printed by T. Spilsbury and Son; and sold by J. Evans, Paternoster Row, and T. Becket, Pall Mall, [1795?].",London,233,female,1758,1800,True
0013800502_000009,"Alf von Deulmen; or, The history of the Emperor Philip, and his daughters. Translated from the German by Miss A.E. Booth. ...",Benedikte Naubert,13,1794,2,2,"London : printed for J. Bell, No. 148, Oxford Street, Opposite Bond-Street, 1794.",London,309,female,1756,1819,False
1545800402_000059,"The voluntary exile. In two volumes. By Mrs. Parsons, author of Lucy, &c. &c.",Eliza Parsons,7,1795,2,2,"Dublin : printed for P. Byrne, P. Wogan, Wm. Jones, John Rice, and H. Fitzpatrick, 1795.",Dublin,298,female,1738,1811,True
0390200600_000035,"A journey made in the summer of 1794, through Holland and the western frontier of Germany, with a Return down the Rhine: to which are added, observations during a tour to the lakes of Lancashire, Westmoreland, and Cumberland. By Ann Radcliffe.",Ann Radcliffe,11,1795,1,1,"Dublin : printed by William Porter, for P. Wogan, P. Byrne, H. Colbert, W. Porter, W. Jones, J. Rice, H. Fitzpatrick, and G. Folingsby. 1795.",Dublin,512,female,1764,1823,True
0363500103_000003,"Tales of the castle: or, stories of instruction and delight. Being Les veillees du chateau, written in French by Madame la Comtesse de Genlis, Author of the Theatre of Education, Adela and Theodore, &c. Translated into English by Thomas Holcroft,",Stéphanie Félicité du Crest de Saint-Aubin,7,1793,3,5,"London : printed for G. G. J. and J. Robinson, No. 25, Pater-Noster-Row, 1793.",London,285,female,1746,1830,True
0450600300_000001,"Arnold Zulig: a Swiss story. By the author of Constance, Pharos, and Argus.","Mathews, Charles, Mrs",7,1790,1,1,"Dublin : printed for R. White, Twenty, Dame-Street, M.DCC.XC. [1790].",Dublin,286,female,,,False
0670400900_000039,"The injur'd husband; or, the mistaken resentment. A novel. Written by Mrs. Eliza Haywood.",Eliza Haywood,7,1723,1,1,"London : printed for D. Brown, jun. at the Black Swan, without Temple-Bar; W. Chetwood, and J. Woodman, in Russel-Street Covent-Garden; and S. Chapman, in Pall-Mall, MDCCXXIII. [1723].",London,178,female,1693,1756,True
0687401000_000011,Poems on several occasions.,Elizabeth Carter,7,1789,1,1,"London : printed for J. F. and C. Rivington, The Bible and Crown, No 62, St. Paul's Church-Yard, MDCCLXXXIX. [1789].",London,124,female,1717,1806,True
1133500400_000041,"Idalia: or, the unfortunate mistress. A novel. Part II. and III. Written by Mrs. Eliza Haywood.",Eliza Haywood,8,1723,1,1,"London : printed for D. Browne junr. at the Black Swan, without Temple Bar ; W. Chetwood , in Russel-Street, Covent-Garden ; and S. Chapman, at the Angel in Pall-Mall, M.DCC.XXIII. [1723].",London,219,female,1693,1756,True
0146602600_000003,"Poems on several occasions, together with a pastoral. By Mrs. S. F.",Sarah Fyge Egerton,12,1703,1,1,"London : printed, and are to be sold by J. Nutt, near Stationers-Hall, [1703].",London,152,female,,,False
0410800102_000012,"Letters containing a sketch of the politics of France, from the thirty-first of May 1793, till the twenty-eighth of July 1794, and of the scenes which have passed in the prisons of Paris. By Helen Maria Williams.",Helen Maria Williams,6,1796,2,2,"London : printed for G.G. and J. Robinson, Paternoster-Row, 1796.",London,275,female,1762,1827,True
0136200200_000022,"The exemplary life of the pions Lady Guion, translated from her own account in the original French. To which is added, a new translation of her Short and easy method of prayer, by Thomas Digby Brooke. Which Treatise was the first Rise of her Severe Persecutions.",Jeanne Guyon,7,1775,1,1,"Dublin : printed by William Kidd, No. 29, Skinner-Row, M,DCC,LXXV. [1775].",Dublin,498,female,1648,1717,False
0834100300_000075,"A companion, and useful guide to the beauties of Scotland, to the lakes of Westmoreland, Cumberland, and Lancashire; and to the curiosities in the district of Craven, in the West riding of Yorkshire. To which is added, a more particular description of Scotland, especially that part of it, called the highlands. By the Hon. Mrs. Murray, of Kensington.",Sarah Murray,15,1799,1,1,"London : printed for the author; and sold by George Nicol, bookseller to his Majesty, Pall-Mall, 1799.",London,402,female,1744,1811,False
0523600403_000009,"Letters containing a sketch of the politics of France, from the thirty-first of May 1793, till the twenty-eighth of July 1794, and of the scenes which have passed in the prisons of Paris. By Helen Maria Williams. Vols. I. and II.",Helen Maria Williams,7,1796,3,3,"Dublin : printed by J. Chambers, No. 5, Abbey-Street, 1796.",Dublin,238,female,1762,1827,True
0763100500_000002,"Devout exercises of the heart, in meditation and soliloquy, prayer and praise. By the late pious and ingenious Mrs. Elizabeth Rowe. Reviewed and published at her request, by I. Watts, D.D. Cooke's edition. Embellished with superb engravings.",Elizabeth Rowe,7,1796,1,1,"London : printed for C. Cooke, No. 17, Paternoster-Row, and sold by all the booksellers in Great Britain and Ireland, [1796].",London,144,female,1674,1737,True
0581902100_000030,"A short account of the life and virtues of the venerable and religious Mother, Mary of the Holy Cross, abbess of the English Poor Clares at Rouen; Who died there in the sweet Odour of Sanctity, March 21, Anno 1735. By A. B.","Bedingfield, Anne",9,1767,1,1,"London : printed with permission and approbation of superiours, Anno M.DCC.LXVII. [1767].",London,208,female,,,False
0240601000_000018,"Devout exercises of the heart in meditation and soliloquy, prayer and praise. By the late pious and ingenious Mrs. Rowe. Review'd and published at her request, by I. Watts, D.D.",Elizabeth Rowe,7,1738,1,1,"London : printed for R. Hett, at the Bible and Crown in the Poultry, M.DCC.XXXVIII. [1738].",London,192,female,1674,1737,True
0721401700_000018,"Devout exercises of the heart, in meditation and soliloquy, prayer and praise. By the late pious and ingenious Mrs Rowe. Revised and published, at her request, by I. Watts, D.D.",Elizabeth Rowe,7,1766,1,1,"Edinburgh : printed for C. Buglas bookseller in Berwick, MDCCLXVI. [1766].",Edinburgh,184,female,1674,1737,True
1159900300_000021,"Devout exercises of the heart in meditation and soliloquy, prayer and praise. By the late Pious and Ingenious Mrs Rowe. Reviewed and published at her request, by I. Watts, D. D.",Elizabeth Rowe,12,1770,1,1,"London : printed for J. and F. Rivington, J. Buckland, T. Caslon, T. Longman, T. Field, and E. and C. Dilly, MDCCLXX. [1770].",London,146,female,1674,1737,True
0614500800_000092,"Friendship in death: in twenty letters from the dead to the living. To which are added, letters moral and entertaining. In prose and verse. In three parts. By Mrs. Elizabeth Rowe.",Elizabeth Rowe,8,1738,1,1,"London : printed for T. Worrall, at the Judge's Head, over-against Richard's Coffee-House, near Temple-Bar, in Fleet-Street ; and sold by S. Birt, in Ave-Mary-Lane ; and S. Harding, in St. Martin's-Lane, 1738.",London,493,female,1674,1737,True
0393800101_000077,"The mysteries of Udolpho, a romance; interspersed with some pieces of poetry. By Ann Ratcliffe [sic], author of The romance of the forest, A Sicilian romance, &c. In three volumes. ...",Ann Radcliffe,12,1795,1,3,"Boston : Printed by Samuel Etheridge, for J. White, W. Spotswood, Thomas & Andrews, D. West, E. Larkin, W.P. Blake, J. West, and J.W. Folsom, 1795.",Boston,230,female,1764,1823,True
0364000202_000022,"Tales of the castle: or, stories of instruction and delight. Being Les veillees du chateau, written in French by Madame la Comtesse de Genlis, Author of the Theatre of Education, Adela and Theodore, &c. Translated into English by Thomas Holcroft,",Stéphanie Félicité du Crest de Saint-Aubin,10,1787,2,5,"London : printed for G. G. J. and J. Robinson, No. 25, Pater-Noster-Row, 1787.",London,265,female,1746,1830,True
0029300203_000004,"Hubert de Sevrac, a romance, of the eighteenth century; by Mary Robinson, author of Poems, Angelina, the Sicilian Lover, the Widow, &c. &c. &c. In three volumes, ...",Mary Robinson,7,1796,3,3,"London : printed for the author, by Hookham and Carpenter, Old-Bond-Street, 1796.",London,322,female,1758,1800,True
1209800100_000042,"The injur'd husband; or, the mistaken resentment. A novel. Written by Mrs. Eliza Haywood.",Eliza Haywood,10,1723,1,1,"London : printed for D. Brown, jun. at the Black Swan, without Temple-Bar; W. Chetwood, and J. Woodman, in Russel-Street Covent-Garden; and S. Chapman, in Pall-Mall, MDCCXXIII. [1723].",London,177,female,1693,1756,True
0447900100_000087,"Friendship in death: in twenty letters from the dead to the living. To which are added, letters moral and entertaining, in prose and verse. In three parts. By the same author. The celebrated Dr. Watt's, in his Preface to his last Book, entitled, Reliquiae Juveniles, &c. expresses his Approbation of these Letters, in the following Words, viz. Could I imitate (says the Doctor), those admirable Representations of Human Nature, and Passion, which that ingenious Pen has given us, who wrote the last Volumes of Friendship in Death, and Letters Moral and Entertaining, I might then hope for happier Success in my Endeavours in providing Innocent and Improving Diversions for Polite Youth.",Elizabeth Rowe,7,1736,1,1,"London : printed for T. Worrall, at the Judge's Head, over-against St. Dunstan's Church in Fleet-Street, MDCCXXXVI. [1736].",London,481,female,1674,1737,True
0355800103_000046,"Tales of the castle: or, stories of instruction and delight. Being Les veillées du chateau, written in French by Madame la Comtesse de Genlis, Author of the Theatre of Education, Adela and Theodore, &c. Translated into English by Thomas Holcroft. ...",Stéphanie Félicité du Crest de Saint-Aubin,8,1785,3,4,"Dublin : printed for Messrs. Price, Moncrieffe, Jenkin, Walker, Burton, Exshaw, White, Byrne, Parker, H. White-Stone, and Cash, MDCCLXXXV. [1785].",Dublin,246,female,1746,1830,True
0146201000_000015,Poems.,Anna Laetitia Barbauld,7,1774,1,1,"London : printed for Joseph Johnson, St. Paul's Church-Yard, MDCCLXXIV. [1774].",London,142,female,1743,1825,True
0895400600_000006,"Poems and essays, by the late Miss Bowdler.",Jane Bowdler,9,1797,1,1,"Bath : printed by R. Crutwell; and sold by C. Dilly, Poultry, J. Robson and T. Hookham, New Bond-Street, London; and N. R. Cheyne, Edinburgh, MDCCXCVII. [1797].",Bath,266,female,1743,1784,False
0622500502_000048,The romance of the forest. Interspersed with some pieces of poetry. By Mrs. Ratcliffe [sic]. ... In two volumes. ...,Ann Radcliffe,7,1800,2,2,"Dublin : printed by J. Stockdale for Pat. Wogan, 1800-01.",Dublin,273,female,1764,1823,True
0610400400_000086,"A tour to Milford Haven, in the year 1791. By Mrs. Morgan.","Morgan, Mary, Mrs",6,1795,1,1,"London : printed for John Stockdale, in Piccadilly, M.DCC.XCV. [1795].",London,483,female,,,False
0869800300_000006,"Henry, or the triumph of grace. A sacred poem. Dedicated, by permission, to the Right Honourable Lord George Gordon. By Maria De Fleury.",Maria de Fleury,6,1782,1,1,"London : printed by R. Denham, No. 20, Salisbury-Square. Sold by the author, No. 2, City-Mews, White-Cross-Street; and by the printer, as above, M,DCC,LXXXII. [1782].",London,38,female,1773,1791,False
0545000201_000006,"The romance of the forest: interspersed with some pieces of poetry. In three volumes. ... The fifth edition. By Ann Radcliffe, ...",Ann Radcliffe,7,1796,1,3,"London : printed for Hookham and Carpenter, 1796.",London,324,female,1764,1823,True
0710400103_000028,The pavilion. A novel. In four volumes. ...,"De Crespigny, Mary",5,1796,3,4,"London : printed for William Lane, at the Minerva Press, Leadenhall-Street, M.DCC.XC.VI. [1796].",London,257,female,,,False
0390200600_000110,"A journey made in the summer of 1794, through Holland and the western frontier of Germany, with a Return down the Rhine: to which are added, observations during a tour to the lakes of Lancashire, Westmoreland, and Cumberland. By Ann Radcliffe.",Ann Radcliffe,15,1795,1,1,"Dublin : printed by William Porter, for P. Wogan, P. Byrne, H. Colbert, W. Porter, W. Jones, J. Rice, H. Fitzpatrick, and G. Folingsby. 1795.",Dublin,512,female,1764,1823,True
0405901201_000006,"The romance of the forest: interspersed with some pieces of poetry. In three volumes. ... . The second edition. By Ann Radcliffe, Author of ``a Sicilian-Romance,'' &c.",Ann Radcliffe,7,1792,1,3,"London : printed for T. Hookham and J. Carpenter, New and Old Bond Street, M.DCC.XCII. [1792].",London,279,female,1764,1823,True
0516500600_000025,"An essay on the writings and genius of Shakespear, compared with the Greek and French dramatic poets. With some remarks upon the misrepresentations of Mons. de Voltaire. The fifth edition, corrected. To which are added, three dialogues of the dead. By Mrs. Montagu.",Elizabeth Montagu,6,1785,1,1,"London : printed for Charles Dilly, M,DCC,LXXXV. [1785].",London,305,female,1720,1800,False
0381500602_000030,"Tales of the castle: or, stories of instruction and delight. Being Les veillées du chateau, written in French by Madame la comtesse de Genlis, Author of the Theatre of Education, Adela and Theodore, &c. Translated into English by Thomas Holcroft. ...",Stéphanie Félicité du Crest de Saint-Aubin,11,1785,2,5,"London : printed for G. Robinson, No 25, Pater-Noster-Row, MDCCLXXXV. [1785].",London,297,female,1746,1830,True
0941400101_000038,"Memoirs of modern philosophers. In three volumes. By Elizabeth Hamilton, ...",Elizabeth Hamilton,7,1800,1,3,"Bath : printed by R. Cruttwell; for G. G. and J. Robinson, London, 1800.",Bath,355,female,1758,1816,False
0016300104_000030,"Rosina: a novel. In five volumes. By the author of Delia, an interesting tale, in Four Volumes. ...",Mary Pilkington,11,1793,4,5,"London : printed for William Lane, at the Minerva, Leadenhall-Street, MDCCXCIII. [1793].",London,240,female,1766,1839,True
0363500102_000015,"Tales of the castle: or, stories of instruction and delight. Being Les veillees du chateau, written in French by Madame la Comtesse de Genlis, Author of the Theatre of Education, Adela and Theodore, &c. Translated into English by Thomas Holcroft,",Stéphanie Félicité du Crest de Saint-Aubin,11,1793,2,5,"London : printed for G. G. J. and J. Robinson, No. 25, Pater-Noster-Row, 1793.",London,264,female,1746,1830,True
0516400600_000008,The poetry of Anna Matilda.,Hannah Cowley,7,1788,1,1,"London : printed by John Bell, British Library, Strand, Bookseller to His Royal Highness the Prince of Wales, MDCCLXXXVIII. [1788].",London,207,female,1743,1809,True
1144200400_000007,"An essay on the writings and genius of Shakespear, compared with the Greek and French dramatic poets. With some remarks upon the misrepresentations of Mons. de Voltaire.",Elizabeth Montagu,7,1778,1,1,"Dublin : printed for J. Potts, W. Sleater, D. Chamberlaine, J. Williams, and W. Colles, M,DCC,LXXVIII. [1778].",Dublin,232,female,1720,1800,False
0236000403_000004,"Letters from France: containing a great variety of interesting and original information concerning the most important events that have lately occurred in that country, and particularly respecting the campaign of 1792. ...",Helen Maria Williams,9,1793,3,4,"London : printed for G. G. and J. Robinson, Paternoster-Row, M.DCC.XCIII. [1793].",London,291,female,1762,1827,True
1020100302_000043,"Friendship in death; in twenty letters from the dead to the living. To which are added, Letters moral and entertaining. In prose and verse: in three parts. In two volumes. ... . By Mrs. Elizabeth Rowe.",Elizabeth Rowe,6,1774,2,2,"London : printed for J. and F. Rivington, W. Strahan, T. Caslon, B. Law, T. Cadell, G. Robinson, E. Johnston, W. Nicoll, and J. D. Cornish. M.DCC.XXLIV [1774].",London,331,female,1674,1737,True
0021600203_000029,Montalbert. A novel. By Charlotte Smith. In three volumes. ...,Charlotte Turner Smith,10,1795,3,3,"London : printed by S. Low, Berwick Street, Soho; for E. Booker, No. 56, New Bond Street, 1795.",London,328,female,1749,1806,True
0614500900_000109,"Friendship in death: in twenty letters from the dead to the living. To which are added, letters moral and entertaining, in prose and verse: in three parts. By Mrs. Elizabeth Rowe. To which is prefix'd, an account of the author's life.",Elizabeth Rowe,6,1755,1,1,"Edinburgh : printed for William Gray, and sold by him and other booksellers, M,DCC,LV. [1755].",Edinburgh,356,female,1674,1737,True
0168800401_000010,"A tour in Switzerland; or, a view of the present state of the governments and manners of those cantons: with comparative sketches of the present state of Paris. By Helen Maria Williams. ...",Helen Maria Williams,8,1798,1,2,"London : printed for G. G. and J. Robinson, Paternoster-Row, M,DCC,XCVIII. [1798].",London,373,female,1762,1827,True
0106200902_000050,The works of Mrs Elizabeth Rowe: in four volumes. ... . Containing Letters from the Dead to the Living. In Twenty Letters. Letters Moral & Entertaining Parts First & Second.,Elizabeth Rowe,9,1796,2,4,"London : printed for John & Arthur Arch, Grace-Church Street, & for Silvester Doig, Edinburgh, 1796.",London,322,female,1674,1737,True
0834100300_000082,"A companion, and useful guide to the beauties of Scotland, to the lakes of Westmoreland, Cumberland, and Lancashire; and to the curiosities in the district of Craven, in the West riding of Yorkshire. To which is added, a more particular description of Scotland, especially that part of it, called the highlands. By the Hon. Mrs. Murray, of Kensington.",Sarah Murray,7,1799,1,1,"London : printed for the author; and sold by George Nicol, bookseller to his Majesty, Pall-Mall, 1799.",London,402,female,1744,1811,False
0364000203_000002,"Tales of the castle: or, stories of instruction and delight. Being Les veillees du chateau, written in French by Madame la Comtesse de Genlis, Author of the Theatre of Education, Adela and Theodore, &c. Translated into English by Thomas Holcroft,",Stéphanie Félicité du Crest de Saint-Aubin,7,1787,3,5,"London : printed for G. G. J. and J. Robinson, No. 25, Pater-Noster-Row, 1787.",London,286,female,1746,1830,True
0663901800_000025,"Miscellaneous pieces, in prose, by J. and A. L. Aikin.",Anna Laetitia Barbauld,6,1773,1,1,"London : printed for J. Johnson, in St. Paul's Church-Yard, MDCCLXXIII. [1773].",London,224,female,1743,1825,True
0137000100_000022,"An essay on the writings and genius of Shakespear, compared with the Greek and French dramatic poets. With some remarks upon the misrepresentations of Mons. de Voltaire.",Elizabeth Montagu,9,1770,1,1,"London : printed by J. and H. Hughs, near Lincoln's-Inn-Fields: and sold by J. Dodsley, Pall-Mall; Mess. Baker and Leigh, York-Street, Covent-Garden; T. Becket, and T. Cadell, in the Strand; J. Walter, Charing-Cross; H. Denoyer, Lisle-Street; and J. Wilkie, No 71. St. Paul's Church-Yard, M.DCC.LXX. [1770].",London,277,female,1720,1800,False
0163601900_000002,"Monody to the memory of Sir Joshua Reynolds, late President of the Royal Academy. &c. &c. &c. By Mrs. Mary Robinson.",Mary Robinson,6,1792,1,1,"London : printed by J. Bell, Bookseller to his Royal Highness the Prince of Wales, at the British Library, Strand, [1792].",London,14,female,1758,1800,True
0895600702_000012,Rural walks: in dialogues. Intended for the use of young persons. By Charlotte Smith. In two volumes. ...,Charlotte Turner Smith,6,1800,2,2,"London : printed by A. Strahan, Printers-Street, for T. Cadell jun. and W. Davies, Strand, 1800.",London,186,female,1749,1806,True
0381500602_000043,"Tales of the castle: or, stories of instruction and delight. Being Les veillées du chateau, written in French by Madame la comtesse de Genlis, Author of the Theatre of Education, Adela and Theodore, &c. Translated into English by Thomas Holcroft. ...",Stéphanie Félicité du Crest de Saint-Aubin,8,1785,2,5,"London : printed for G. Robinson, No 25, Pater-Noster-Row, MDCCLXXXV. [1785].",London,297,female,1746,1830,True
0670400900_000042,"The injur'd husband; or, the mistaken resentment. A novel. Written by Mrs. Eliza Haywood.",Eliza Haywood,9,1723,1,1,"London : printed for D. Brown, jun. at the Black Swan, without Temple-Bar; W. Chetwood, and J. Woodman, in Russel-Street Covent-Garden; and S. Chapman, in Pall-Mall, MDCCXXIII. [1723].",London,178,female,1693,1756,True
0666502601_000055,"Adelaide and Theodore; or letters on education: containing all the principles relative to three different plans of education; to that of Princes, and to those of young Persons of both Sexes. Translated from the French of Madame la Comtesse de Genlis.",Stéphanie Félicité du Crest de Saint-Aubin,7,1783,1,3,"London : printed for C. Bathurst, in Fleet-Street; and T. Cadell, in the Strand, MDCCLXXXIII. [1783].",London,310,female,1746,1830,True
0146400100_000005,"Sight, the cavern of woe, and solitude. Poems by Mrs. Mary Robinson, author of poems, &c. Ainsi Va Le Monde, the Monody to the memory of sir Joshua Reynolds, Vancenza, &c. &c. &c.",Mary Robinson,6,1793,1,1,"London : printed by T. Spilsbury and son, Snow-Hill; and sold by J. Evans, No. 32, Paternoster-Row; and T. Becket, Pall-Mall, M.DCC.XCIII. [1793].",London,35,female,1758,1800,True
1133500201_000054,"Adelaide and Theodore; or, letters on education: containing all the principles relative to three different plans of education; Containing All the Principles relative to three different Plans of Education; to that of Princes, and to those of young Persons of both Sexes. Translated from the French of Madame la Comtesse de Genlis. ...",Stéphanie Félicité du Crest de Saint-Aubin,7,1783,1,3,"Dublin : printed for Luke White, (no. 86.) Dame-Street, MDCCLXXXIII. [1783].",Dublin,304,female,1746,1830,True
0363500105_000053,"Tales of the castle: or, stories of instruction and delight. Being Les veillees du chateau, written in French by Madame la Comtesse de Genlis, Author of the Theatre of Education, Adela and Theodore, &c. Translated into English by Thomas Holcroft,",Stéphanie Félicité du Crest de Saint-Aubin,11,1793,5,5,"London : printed for G. G. J. and J. Robinson, No. 25, Pater-Noster-Row, 1793.",London,264,female,1746,1830,True
0757400502_000011,"Desmond. A novel, in three volumes. By Charlotte Smith. ...",Charlotte Turner Smith,8,1792,2,3,"London : printed for G.G.J. and J. Robinson, Pater-Noster-Row, 1792.",London,298,female,1749,1806,True
0401500102_000084,"The works of Mrs. Eliza Haywood; consisting of novels, letters, poems, and plays. In four volumes.",Eliza Haywood,9,1724,2,4,"London : printed for Dan. Browne junr. at the Black-Swan without Temple-Bar; and Sam. Chapman, at the Angel in Pallmall, M.DCC.XXIV. [1724].",London,401,female,1693,1756,True
0553305001_000001,"Vancenza; or, the dangers of credulity; a moral tale. In two volumes. By Mrs. M. Robinson, Author Of The Poems Of Laura Maria, Ainsi VA LA Monde, a Monody to the Memory of Sir J. Reynolds, &c. &c. ...",Mary Robinson,7,1793,1,2,"London : printed for the author, and sold by Mr. Bell, at the British Library, Strand, MDCCXCIII. [1793].",London,150,female,1758,1800,True
0763100100_000015,"Devout exercises of the heart in meditation, soliloquy, prayer & praise. By the pious and ingenious Mrs. Rowe. Reviewed and published, at her request, by I. Watts, D.D.",Elizabeth Rowe,9,1784,1,1,"London : printed for A. Millar, and J. Hodges, MDCCLXXXIV. [1784].",London,139,female,1674,1737,True
0247300301_000020,"The mysteries of Udolpho, a romance; interspersed with some pieces of poetry. By Ann Radcliffe, author of the romance of the forest, etc. In four volumes. ...",Ann Radcliffe,8,1794,1,4,"London : printed for G. G. and J. Robinson, Paternoster-Row, 1794.",London,440,female,1764,1823,True
1042800101_000019,"The parental monitor In two volumes. By Mrs. Bonhote, Of Bungay, Soffolk. ...",Elizabeth Bonhôte,7,1788,1,2,"London : printed for William Lane, Leadenhall-Street, MDCCLXXXVIII. [1788].",London,265,female,1744,1818,False
0447400301_000018,"The parental monitor. In two volumes. The second edition corrected. By Mrs. Bonhote, ...",Elizabeth Bonhôte,7,1790,1,2,"London : printed for William Lane, 1790.",London,254,female,1744,1818,False
0883300301_000020,"The mysteries of Udolpho, a romance; interspersed with some pieces of poetry. By Ann Radcliffe, ... In three volumes, ...",Ann Radcliffe,12,1795,1,3,"Dublin : printed by N. Kelly, for Messrs. P. Wogan, W. Jones. H. Colbert, and J. Milliken, 1795.",Dublin,311,female,1764,1823,True
0170901000_000029,"Miscellanies, in prose and verse. By Mrs. Catharine [sic] Jemmat, ...",Catherine Jemmat,9,1771,1,1,"London : printed in the year, 1771.",London,245,female,1759,1838,False
0896500500_000019,"Devout exercises of the heart in meditation and soliloquy, prayer and praise. By the late pious and ingenious Mrs. Rowe. Reviewed and published at her request, by I. Watts, D.D.",Elizabeth Rowe,7,1739,1,1,"London : printed for R. Hett and J. Brackstone, at the Bible and Crown in the Poultry, M.DCC.XXXIX. [1739].",London,194,female,1674,1737,True
1241600502_000001,"Dusseldorf; or, the fratricide. A romance. In three volumes. By Anna Maria Mackenzie. ...","Mackenzie, Anna Maria",6,1798,2,3,"Dublin : printed for the proprietors, 1798.",Dublin,239,female,,,False
0437301301_000027,The shrine of Bertha. A novel. In two volumes. By Miss Robinson. ...,"Robinson, Mary Elizabeth",8,1796,1,2,"London : printed for the author, by G. Cawthorn, British Library, Strand, 1796.",London,268,female,1775,1818,False
0463500602_000013,"A journey made in the summer of 1794, through Holland and the western frontier of Germany, with a return down the Rhine: to which are added Observations during a tour to the lakes of Lancashire, Westmoreland, and Cumberland. In two volumes. ... . Second edition. By Ann Radcliffe.",Ann Radcliffe,9,1795,2,2,"London : printed for G. G. and J. Robinson, Paternoster-Row, MDCCXCV. [1795].",London,423,female,1764,1823,True
0066000300_000005,"Letters for literary ladies. To which is added, an essay on the noble science of self-justification.",Maria Edgeworth,6,1799,1,1,"London : printed for J. Johnson, in St. Paul's Church-Yard, M.DCC.XCIX. [1799].",London,243,female,1767,1849,True
0149803000_000042,The castles of Athlin and Dunbayne. A Highland story.,Ann Radcliffe,9,1789,1,1,"London : printed for T. Hookham, New Bond-Street, MDCCLXXXIX. [1789].",London,294,female,1764,1823,True
0800400300_000032,"Letters written during a short residence in Sweden, Norway, and Denmark. By Mary Wollstonecraft.",Mary Wollstonecraft,8,1796,1,1,"London : printed for J. Johnson, St. Paul's Church-Yard, 1796.",London,269,female,1759,1797,True
0247300304_000039,"The mysteries of Udolpho, a romance; interspersed with some pieces of poetry. By Ann Radcliffe, author of the romance of the forest, etc. In four volumes. ...",Ann Radcliffe,14,1794,4,4,"London : printed for G. G. and J. Robinson, Paternoster-Row, 1794.",London,434,female,1764,1823,True
0281300501_000022,"The mysteries of Udolpho, a romance; interspersed with some pieces of poetry. By Ann Radcliffe, Author of the Romance of the Forest, Etc. In three volumes. ...",Ann Radcliffe,6,1794,1,3,"Dublin : printed by Hillary and Barlow, for Messrs. P. Wogan, W. Jones, and H. Colbert, 1794.",Dublin,311,female,1764,1823,True
0236000403_000012,"Letters from France: containing a great variety of interesting and original information concerning the most important events that have lately occurred in that country, and particularly respecting the campaign of 1792. ...",Helen Maria Williams,7,1793,3,4,"London : printed for G. G. and J. Robinson, Paternoster-Row, M.DCC.XCIII. [1793].",London,291,female,1762,1827,True
1437300100_000021,"Friendship in death: in twenty letters from the dead to the living. To which are added, letters moral and entertaining, in prose and verse. In three parts. By Mrs Elizabeth Rowe. To which is prefixed, an account of the life of the author.",Elizabeth Rowe,8,1780,1,1,"London : Printed for Toplis and Bunney, in Holborn; and J. Mozley Gainsbrough, MDCCLXXX. [1780].",London,305,female,1674,1737,True
0387300800_000009,"Letters of Ninon de Lenclos, to the Marquiss de Sévigné. Translated from the French.",Ninon de l'Enclos,7,1751,1,1,"London : printed for D. Wilson, at Plato's Head in the Strand, MDCCLI. [1751].",London,285,female,1620,1705,False
0249100302_000063,"The life of Petrarch. Collected from Memoires pour la vie de Petrarch, in two volumes. ...","Dobson, Mrs. (Susannah)",7,1775,2,2,"London : printed for James Buckland, Pater-Noster Row, MDCCLXXV. [1775].",London,559,female,,,False
0439602300_000004,Monody to the memory of the late Queen of France. By Mrs. Mary Robinson.,Mary Robinson,9,1793,1,1,"London : printed by T. Spilsbury and Son, Snow-Hill; and sold by J. Evans, No. 32, Paternoster-Row; and T. Becket Pall-Mall, M.DCC.XCIII. [1793].",London,28,female,1758,1800,True
1451700900_000009,The death of Abel. In five books. Attempted from the German of Mr. Gessner.,Mary Collyer,8,1770,1,1,"[Philadelphia] : London, printed; Philadelphia, re-printed and sold by Joseph Crukshank, and Isaac Collins, in Third-Street, opposite the Work-House, M,DCC,LXX. [1770].",Philadelphia,106,female,1716,1762,False
1383900200_000056,"Letters of the Right Honourable Lady M--y M---y M---e: written during her travels in Europe, Asia, and Africa, to persons of distinction, men of letters, &c. in different parts of Europe. Which contain, among other curious relations, accounts of the policy and manners of the Turks. Drawn from sources that have been inaccessible to other travellers. Complete in one volume.",Lady Mary Wortley Montagu,10,1783,1,1,"London : Printed for M. Cooper, in Pater-noster-Row, M,DCC,LXXXIII. [1783].",London,290,female,1689,1762,True
1220200601_000023,"The excursion. In two volumes. By Mrs. Brooke, Author of the History of Lady Julia Mandeville, and of Emily Montague. ...",Frances Brooke,10,1777,1,2,"Dublin : printed for Messrs. Price, Whitestone, Corcoran, R. Cross, Sleater, Chamberlaine, Potts, J. Hoey, Williams, W. Colles, W. Wilson, Moncrieffe, Walker, Exshaw, Armitage, Hallhead, Jenkin, Highly, Beatty, White, E. Cross, Spotswood and Grueber, M,DCC,LXXVII. [1777].",Dublin,217,female,1724,1789,True
0355800102_000040,"Tales of the castle: or, stories of instruction and delight. Being Les veillées du chateau, written in French by Madame la Comtesse de Genlis, Author of the Theatre of Education, Adela and Theodore, &c. Translated into English by Thomas Holcroft. ...",Stéphanie Félicité du Crest de Saint-Aubin,8,1785,2,4,"Dublin : printed for Messrs. Price, Moncrieffe, Jenkin, Walker, Burton, Exshaw, White, Byrne, Parker, H. White-Stone, and Cash, MDCCLXXXV. [1785].",Dublin,282,female,1746,1830,True
0423700303_000004,"Letters of the Right Honourable Lady M---y W----y M-----e: written, during her travels in Europe, Asia and Africa, to persons of distinction, men of letters, &c. in different parts of Europe. Which contain, among other curious relations, accounts of the policy and manners of the Turks; ...",Lady Mary Wortley Montagu,10,1769,3,3,"London : printed for T. Becket and P. A. De Hondt, 1769.",London,234,female,1689,1762,True
1462200202_000051,Epistles for ladies. By the authors of The female spectator. A new edition. In two volumes.,Eliza Haywood,8,1776,2,2,"London : printed for H. Gardner, opposite St. Clement's Church, in the Strand, MDCCLXXVI. [1776].",London,300,female,1693,1756,True
1252300600_000015,"Friendship in death; in twenty letters from the dead to the living. To which are added, letters moral and entertaining, in prose and verse. In three parts. By Mrs. Elizabeth Rowe.",Elizabeth Rowe,8,1770,1,1,"London : printed for the proprietors, and sold by all the booksellers in Great-Britain and Ireland, MDCCLXX. [1770].",London,369,female,1674,1737,True
0545000203_000009,"The romance of the forest: interspersed with some pieces of poetry. In three volumes. ... The fifth edition. By Ann Radcliffe, ...",Ann Radcliffe,8,1796,3,3,"London : printed for Hookham and Carpenter, 1796.",London,313,female,1764,1823,True
0137000200_000021,"An essay on the writings and genius of Shakespear, compared with the Greek and French dramatic poets. With some remarks upon the misrepresentations of Mons. de Voltaire.",Elizabeth Montagu,8,1772,1,1,"London : printed by H. Hughs, near Lincoln's-Inn-Fields; for Edward and Charles Dilly, in the Poultry, M.DCC.LXXII. [1772].",London,277,female,1720,1800,False
0544400301_000003,"The parental monitor. In two volumes. By Mrs. Bonhote, ...",Elizabeth Bonhôte,8,1788,1,2,"Dublin : printed by William Porter, for Messrs. Wogan, W. Porter, Halpen, Jones, Moore, and Dornin, 1788.",Dublin,171,female,1744,1818,False
0296200200_000021,"An essay on the writings and genius of Shakespear, compared with the Greek and French dramatic poets. With some remarks upon the misrepresentations of Mons. de Voltaire.",Elizabeth Montagu,8,1769,1,1,"Dublin : printed for H. Saunders, J. Potts, W. Sleater, D. Chamberlaine, and J. Williams, M,DCC,LXIX. [1769].",Dublin,233,female,1720,1800,False
0041501800_000003,"Remarks on the speech of M. Dupont, made in The National Convention of France, on the subjects of religion and public education. By Hannah More.",Hannah More,7,1793,1,1,"London, : printed for T. Cadell in the Strand, MDCCXCIII. [1793].",London,63,female,1745,1833,True
0191600300_000006,"Mary Queen of Scots, an historical ballad; with Other Poems. By a lady.",Lady,7,1800,1,1,"London : printed [by S. Gosnell] for John Stockdale, Piccadilly, 1800.",London,91,female,,,False
0558000601_000033,"The memoirs of Ninon de L'Enclos: with her letters to Monsr. de St. Evremond, and to the marquis de Sevigné. Collected and translated from the French, by a lady. In two volumes. Vol. I.",Ninon de l'Enclos,8,1776,1,2,"London : printed for J. Dodsley, in Pall-Mall ; J. Wilkie, St. Paul's Church Yard ; and E. Johnston, Ludgate-Street, M.DCC.LXXVI. [1776].",London,287,female,1620,1705,False
1620200101_000001,A sicilian romance by the authoress of the Castle of Athlin and Dunbayne. In two volumes. Volume I.,Ann Radcliffe,8,1791,1,2,"Dublin : Printed by B. Smith, for J. Moore, No. 45, College-Green, M,DCC,XCI. [1791].",Dublin,239,female,1764,1823,True
1252300600_000096,"Friendship in death; in twenty letters from the dead to the living. To which are added, letters moral and entertaining, in prose and verse. In three parts. By Mrs. Elizabeth Rowe.",Elizabeth Rowe,8,1770,1,1,"London : printed for the proprietors, and sold by all the booksellers in Great-Britain and Ireland, MDCCLXX. [1770].",London,369,female,1674,1737,True
1758000303_000018,"Letters of the Right Honourable Lady M-y W-y M-e: written, during her travels in Europe, Asia, and Africa, to persons of distinction, men of letters, &c. in different parts of Europe. Which contain, among other curious relations, accounts of the policy and manners of the Turks, ... In four volumes. ...",Lady Mary Wortley Montagu,10,1776,3,4,"London : printed for B. Dodd, and T. Reily, 1776.",London,117,female,1689,1762,False
1129300401_000002,"A sicilian romance. By Ann Radcliffe, author of the Romance of the Forest, Castles of Athlin and Dunbayne, &c. &c.",Ann Radcliffe,6,1809,1,2,"London : printed for Hookham and Carpenter, Bond-Street, 1796.",London,240,female,1764,1823,True
0793800201_000001,A sicilian romance. By the authoress of the castles of Athlin and Dunbayne. In two volumes. ...,Ann Radcliffe,8,1790,1,2,"London : printed for T. Hookham, New Bond-Street, MDCCLXC [1790].",London,241,female,1764,1823,True
0029300203_000028,"Hubert de Sevrac, a romance, of the eighteenth century; by Mary Robinson, author of Poems, Angelina, the Sicilian Lover, the Widow, &c. &c. &c. In three volumes, ...",Mary Robinson,6,1796,3,3,"London : printed for the author, by Hookham and Carpenter, Old-Bond-Street, 1796.",London,322,female,1758,1800,True
1271400400_000015,"Devout exercises of the heart, in meditation and soliloquy, prayer and praise. By the late pious and ingenious Mrs. Rowe. Reviewed and published at her request, by I. Watts, D.D. To which is added her Wish.",Elizabeth Rowe,11,1740,1,1,"Limerick : printed by Andrew Welsh, for Josiah Sheppard, opposite to the Exchange, M.D.CC.XXXX. [1740].",Limerick,160,female,1674,1737,True
0438802100_000035,"Reliques of Irish poetry: consisting of heroic poems, odes, elegies, and songs, translated into English verse: with notes explanatory and historical; and the originals in the Irish character. To which is subjoined an Irish tale. By Miss Brooke.",Charlotte Brooke,6,1789,1,1,"[Dublin] : George Bonham, printer, South Great George's-Street, Dublin, M.DCC.LXXXIX. [1789].",Dublin,370,female,1740,1793,False
0296200200_000045,"An essay on the writings and genius of Shakespear, compared with the Greek and French dramatic poets. With some remarks upon the misrepresentations of Mons. de Voltaire.",Elizabeth Montagu,5,1769,1,1,"Dublin : printed for H. Saunders, J. Potts, W. Sleater, D. Chamberlaine, and J. Williams, M,DCC,LXIX. [1769].",Dublin,233,female,1720,1800,False
0535400802_000028,"Poems on subjects chiefly devotional. In two volumes. A new edition. To which is added, a third volume, consisting of miscellaneous pieces. By Theodosia.",Anne Steele,12,1780,2,3,"Bristol : printed by W. Pine. Sold by T. Cadell, T. Mills, and T. Evans; - and by J. Buckland, Paternoster-Row, and J. Johnson, St. Paul's Church Yard, London, 1780.",Bristol,266,female,1717,1778,False
1494400400_000023,"An essay on the writings and genius of Shakespear, compared with the Greek and French dramatic poets. With some remarks upon the misrepresentations of Mons. de Voltaire. The fourth edition. To which are now first added, three dialogues of the dead. By Mrs. Montagu.",Elizabeth Montagu,8,1777,1,1,"London : Printed for Edward and Charles Dilly, M.DCC.LXXVII. [1777].",London,320,female,1720,1800,False
0187100100_000010,"An essay on the writings and genius of Shakespear, compared with the Greek and French dramatic poets. With some remarks upon the misrepresentations of Mons. de Voltaire.",Elizabeth Montagu,7,1769,1,1,"London : printed for J. Dodsley, Pall-Mall; Mess. Baker and Leigh, York-Street, Covent-Garden; J. Walter, Charing-Cross; T. Cadell, in the Strand; and J. Wilkie, No 71. St. Paul's Church-Yard, M.DCC.LXIX. [1769].",London,278,female,1720,1800,False
0150400602_000062,"A residence in France, during the years 1792, 1793, 1794, and 1795; described in a series of letters from an English lady: with general and incidental remarks on the French character and manners. Prepared for the press by John Gifford, Esq. author of the History of France, letter to Lord Lauderdale, &c. In two volumes. ...",English Lady,8,1797,2,2,"London : printed by J. Plymsell; for T. N. Longman, Paternoster Row, 1797.",London,467,female,,,False
1269300700_000054,"Letters of the right honourable lady M-y W-y M-e, written during her travels in Europe, Asia, and Africa: to which are added poems, by the same author. Stereotype edition.",Lady Mary Wortley Montagu,10,1798,1,1,"Paris : printed by of P. Didot, the Elder, in the national palace of arts and sciences. Seventh year of the French republick, [1798?].",Paris,289,female,1689,1762,True
0024400300_000026,Memoirs of a certain island adjacent to the Kingdom of Utopia. Written by a celebrated author of that country. Now translated into English.,Eliza Haywood,7,1725,1,1,"London : printed , and sold by the booksellers of London and Westminster, M.DCC.XXV. [1725].",London,299,female,1693,1756,True
0343200101_000036,"Religion considered as the only basis of happiness, and of true philosophy. A work written for the instruction of the children of his Most Serene Highness the Duke of Orleans; And in which the Principles of modern pretended Philosophers are laid open and refuted. By Madame the Marchioness of Sillery, heretofore countess of genlis. In two volumes. ...",Stéphanie Félicité du Crest de Saint-Aubin,6,1787,1,2,"London : printed for T. Payne and Son, at the Mews Gate; T. Cadell, and P. Elmsly, in the Strand, M.DCC.LXXXVII. [1787].",London,312,female,1746,1830,True
0363500104_000016,"Tales of the castle: or, stories of instruction and delight. Being Les veillees du chateau, written in French by Madame la Comtesse de Genlis, Author of the Theatre of Education, Adela and Theodore, &c. Translated into English by Thomas Holcroft,",Stéphanie Félicité du Crest de Saint-Aubin,9,1793,4,5,"London : printed for G. G. J. and J. Robinson, No. 25, Pater-Noster-Row, 1793.",London,257,female,1746,1830,True
1287800103_000047,"The works of Mrs Elisabeth Rowe. ... . Containing, friendship in death. Letters moral and entertaining, Part I. To which is prefixed, An account of the author's life.",Elizabeth Rowe,6,1770,3,4,"Edinburgh : printed by and for Gray & Alston, M.DCC.LXX. [1770].",Edinburgh,308,female,1674,1737,True
1174701700_000015,Poems.,Anna Laetitia Barbauld,8,1773,1,1,"London : printed for Joseph Johnson, in St. Paul's Church-Yard, MDCCLXXIII. [1773].",London,142,female,1743,1825,True
0236000404_000011,"Letters from France: containing a great variety of interesting and original information concerning the most important events that have lately occurred in that country, and particularly respecting the campaign of 1792. ...",Helen Maria Williams,7,1793,4,4,"London : printed for G. G. and J. Robinson, Paternoster-Row, M.DCC.XCIII. [1793].",London,272,female,1762,1827,True
0516500600_000007,"An essay on the writings and genius of Shakespear, compared with the Greek and French dramatic poets. With some remarks upon the misrepresentations of Mons. de Voltaire. The fifth edition, corrected. To which are added, three dialogues of the dead. By Mrs. Montagu.",Elizabeth Montagu,6,1785,1,1,"London : printed for Charles Dilly, M,DCC,LXXXV. [1785].",London,305,female,1720,1800,False
0055500201_000026,"The natural daughter. With portraits of the Leadenhead family. A novel. By Mrs. Robinson, Author of Poems, Walsingham, the False Friend, &c. &c. &c. In two volumes ...",Mary Robinson,8,1799,1,2,"London : printed for T.N. Longman and O. Rees, Paternoster-Row, 1799.",London,293,female,1758,1800,True
0842900103_000009,"The mysteries of Udolpho, a romance; interspersed with some pieces of poetry. By Ann Radcliffe, ...",Ann Radcliffe,8,1794,3,4,"London : printed for G.G. and J. Robinson, 1794.",London,467,female,1764,1823,True
0007900102_000004,"Letters from France; containing a great variety of original information concerning the most important events that have occurred in that country in the years 1790, 1791, 1792, and 1793. By Helen Maria Williams. To which are annexed, The Correspondence of Dumourier with Pache, the War Minister, and with the Commissaries. - Letters of Bournonville, Miranda, Valence, &c. &c. ...",Helen Maria Williams,8,1794,2,2,"Dublin : printed by J. Chambers, 5, Abbey-Street, 1794.",Dublin,282,female,1762,1827,True
0535500103_000043,Canterbury tales. ... . By Harriet Lee.,Sophia Lee,9,1799,3,3,"London : printed by S. Hamilton, Falcon-Court, Fleet-Street; for G. G. and J. Robinson, Paternoster-Row, MDCCXCIX. [1799].",London,538,female,1750,1824,True
0355800103_000048,"Tales of the castle: or, stories of instruction and delight. Being Les veillées du chateau, written in French by Madame la Comtesse de Genlis, Author of the Theatre of Education, Adela and Theodore, &c. Translated into English by Thomas Holcroft. ...",Stéphanie Félicité du Crest de Saint-Aubin,9,1785,3,4,"Dublin : printed for Messrs. Price, Moncrieffe, Jenkin, Walker, Burton, Exshaw, White, Byrne, Parker, H. White-Stone, and Cash, MDCCLXXXV. [1785].",Dublin,246,female,1746,1830,True
0325001301_000005,Letters on the improvement of the mind. Addressed to a young lady. In two volumes.,Hester Chapone,9,1773,1,2,"Dublin : printed for J. Exshaw, H. Saunders, W. Sleater, J. Potts, D. Chamberlaine, J. Williams, and R. Moncrieffe, MDCCLXXIII. [1773].",Dublin,123,female,1727,1801,True
0277700301_000005,"The works of Mrs. Chapone, containing letters on the improvement of the mind, addressed to a young lady. And miscellanies in prose and verse. In two volumes. ...",Hester Chapone,9,1775,1,2,"Dublin : printed for J. Williams, 1775.",Dublin,156,female,1727,1801,True
1143200100_000035,"Poems, dramatic and miscellaneous. By Mrs. M. Warren. [Two lines from Pope].",Mercy Otis Warren,8,1790,1,1,"Printed at Boston : by I. Thomas and E.T. Andrews. At Faust's Statue, no. 45, Newbury Street, MDCCXC. [1790].",Boston,251,female,1728,1814,False
1301100701_000006,"Danish massacre: an historic fact. By the author of Monmouth, a tale. In two volumes.","Mackenzie, Anna Maria",7,1791,1,2,"Dublin : printed for Messrs. P. Byrne, P. Wogan, A. Grueber, J. Moore, J. Jones, J. Rice, W. Jones, R. M'Allister, and R. White, MDCC,XCI. [1791].",Dublin,128,female,,,False
1445101800_000006,"An essay on the education and genius of the female sex. To which is added, an account, of the commencement of the Young-Ladies' Academy of Philadelphia, held the 18th of December, 1794; under the direction of Mr. John Poor, A.M. principal. By J.A. Neal. [Four lines from Young].",Young Ladies' Academy of Philadelphia,6,1795,1,1,"Philadelphia : Printed by Jacob Johnson & Co. No. 147, Market Street, --1795.",Philadelphia,43,female,,,False
1419500201_000010,A tour in Switzerland; or A view of the present state of the governments and manners of those cantons: With comparative sketches of the present state of Paris. By Helen Maria Williams.,Helen Maria Williams,6,1798,1,2,"Dublin : Printed for P. Wogan, J. Moore, W. Porter, and B. Fitzpatrick, 1798.",Dublin,249,female,1762,1827,True
0328001000_000050,"Letters of Abelard and Eloisa. With a particular Account of their Lives, Amours, and Misfortunes. By John Hughes, Esq. To which are added, several poems, By Mr. Pope, and other Authors.",Héloïse,7,1787,1,1,"London : printed for W. Lowndes, B. Law, T. Longman, R. Baldwin, and J. Bew, M.DCC.LXXXVII. [1787].",London,236,female,1101,1164,False
0419600600_000021,"Poems on several occasions: by Mrs Jane Brereton. With letters to her friends, and an account of her life.",Jane Brereton,7,1744,1,1,"London : printed by Edw. Cave at St John's Gate, M,DCC,XLIV. [1744].",London,361,female,1685,1740,False
0523600401_000008,"Letters containing a sketch of the politics of France, from the thirty-first of May 1793, till the twenty-eighth of July 1794, and of the scenes which have passed in the prisons of Paris. By Helen Maria Williams. Vols. I. and II.",Helen Maria Williams,5,1796,1,3,"Dublin : printed by J. Chambers, No. 5, Abbey-Street, 1796.",Dublin,284,female,1762,1827,True
0842900101_000049,"The mysteries of Udolpho, a romance; interspersed with some pieces of poetry. By Ann Radcliffe, ...",Ann Radcliffe,6,1794,1,4,"London : printed for G.G. and J. Robinson, 1794.",London,430,female,1764,1823,True
0544100200_000022,"Sacred dramas, written in French, by Madame la Comtesse de Genlis. Translated into English, by Thomas Holcroft.",Stéphanie Félicité du Crest de Saint-Aubin,6,1786,1,1,"London : printed for G. G. J. and J. Robinson, pater-noster row, MDCCLXXXVI. [1786].",London,355,female,1746,1830,True
0381400902_000013,Letters from Felicia to Charlotte: volume second. By the author of the first volume.,"Collyer, Mary",6,1749,2,2,"London : printed for J. Payne, and J. Bouquet, in Pater Noster Row, M,DCC,XLIX. [1749].",London,311,female,,,False
0419400902_000013,"Letters from Felicia to Charlotte: containing a series of the most interesting events, interspersed with moral reflections; chiefly tending to prove, that the seeds of virtue are implanted in the mind of every reasonable being. ...","Collyer, Mary",6,1755,2,2,"London : printed for R. Baldwin at the Rose in Pater-Noster-Row, 1755.",London,316,female,,,False
0529600400_000069,"Letters of the Right Honourable Lady M-y W-y M-e: written during her travels in Europe, Asia and Africa, To Persons of Distinction, Men of Letters, etc. in different Parts of Europe. Which Contain, Among other curious Relations, Accounts of the Policy and Manners of the Turks. Drawn from Sources that have been inaccessible to other Travellers. Complete In One Volume.",Lady Mary Wortley Montagu,9,1790,1,1,"Berlin : sold by August Mylius, MDCCXC. [1790].",Berlin,391,female,1689,1762,True
0100702901_000027,The count de Santerre: a romance. By a lady In two volumes ...,Catherine Selden,11,1797,1,2,"Bath : printed by R. Cruttwell; and sold by C. Dilly, Poultry, London, MDCCXCVII. [1797].",Bath,313,female,,,False
0206700104_000082,The female Spectator. |...,Eliza Haywood,6,1748,4,4,"London : printed and published by T. Gardner, at Cowley's-Head, opposite St. Clement's Church in the Stárand, M,DCC,XLVIII. [1748].",London,328,female,1693,1756,True
0101001101_000009,Margarita. A novel. In four volumes. By the author of Traditions. ...,Mary Martha Sherwood,6,1799,1,4,"London : printed at the Minerva-Press, for William Lane, Leadenhall-Street, 1799.",London,360,female,1775,1851,False
0401500103_000041,"The works of Mrs. Eliza Haywood; consisting of novels, letters, poems, and plays. In four volumes.",Eliza Haywood,7,1724,3,4,"London : printed for Dan. Browne junr. at the Black-Swan without Temple-Bar; and Sam. Chapman, at the Angel in Pallmall, M.DCC.XXIV. [1724].",London,356,female,1693,1756,True
0055103000_000003,The search after happiness: a pastoral drama.,Hannah More,5,1773,1,1,"Bristol : printed and sold by S. Farley, in Castle-Green: sold also by T. Cadell, Bookseller, in Wine-Street, Bristol; T. Cadell, Bookseller, in the Strand; Carnan and Newbery, Booksellers, in St. Paul's Church-Yard, London; and W. Frederick, Bookseller, in Bath, MDCCLXXIII. [1773].",Bristol,56,female,1745,1833,True
0878900400_000023,"Devout exercises of the heart in Meditation and Soliloquy, Prayer and Praise. By the late Pious and Ingenious Mrs. Rowe. Reviewed and published at her request, by I. Watts, D. D.",Elizabeth Rowe,10,1761,1,1,"London : printed for T. Longman, J. Buckland, and W. Fenner, in Pater-Noster-Row; J. Waugh in Lombard-Street; E. Dilly in the Poultry, and T. Field in Cheapside, MDCCLXI. [1761].",London,159,female,1674,1737,True
0363500102_000020,"Tales of the castle: or, stories of instruction and delight. Being Les veillees du chateau, written in French by Madame la Comtesse de Genlis, Author of the Theatre of Education, Adela and Theodore, &c. Translated into English by Thomas Holcroft,",Stéphanie Félicité du Crest de Saint-Aubin,9,1793,2,5,"London : printed for G. G. J. and J. Robinson, No. 25, Pater-Noster-Row, 1793.",London,264,female,1746,1830,True
0929100105_000054,"Sacred history, selected from the scriptures; with annotations and reflections, particularly calculated to facilitate the study of the Holy Scriptures in schools and families. Second edition. ... . By Mrs. Trimmer.",Sarah Trimmer,7,1788,5,6,"Glocester : printed by R. Raikes; for T. Longman, G. G. J. and J. Robinson, Pater-Noster-Row; and J. Johnson, St. Paul's Church-Yard, M.DCC.LXXXVIII. [1788].",Gloucester,477,female,1741,1810,True
0047101501_000026,"The shrine of Bertha: a novel, in a series of letters. In two volumes. By Miss M. E. Robinson. ...","Robinson, Mary Elizabeth",7,1794,1,2,"London : printed for the author, by W. Lane at the Minerva Press, Leadenhall-Street; sold by Scatchard, Paternoster-Row; Miller, Old Bond-Street; Knight and Triphock, Booksellers to his Majesty, St. James's-Street, M.DCC.XCIV. [1794].",London,240,female,1775,1818,False
0883300401_000066,The young philosopher: a novel. In two volumes. By Charlotte Smith. ...,Charlotte Turner Smith,9,1798,1,2,"Dublin : printed for P. Wogan, H. Colbert, W. Porter, J. Moore, H. Fitzpatrick, J. Rice, and N. Kelly, 1798.",Dublin,342,female,1749,1806,True
0007900101_000011,"Letters from France; containing a great variety of original information concerning the most important events that have occurred in that country in the years 1790, 1791, 1792, and 1793. By Helen Maria Williams. To which are annexed, The Correspondence of Dumourier with Pache, the War Minister, and with the Commissaries. - Letters of Bournonville, Miranda, Valence, &c. &c. ...",Helen Maria Williams,5,1794,1,2,"Dublin : printed by J. Chambers, 5, Abbey-Street, 1794.",Dublin,241,female,1762,1827,True
0516400600_000006,The poetry of Anna Matilda.,Hannah Cowley,11,1788,1,1,"London : printed by John Bell, British Library, Strand, Bookseller to His Royal Highness the Prince of Wales, MDCCLXXXVIII. [1788].",London,207,female,1743,1809,True
0642501203_000039,"Walsingham; or, the pupil of nature. A domestic story. By Mary Robinson, ...",Mary Robinson,9,1797,3,4,"London : printed for T. N. Longman, 1797.",London,339,female,1758,1800,True
0300300901_000063,"The recess; or, a tale of other times. By the author of The chapter of accidents. ``are not these Woods ``more free from peril than the envious Court? ``here feel we but the penalty of Adam ``the seasons' difference.'' ...",Sophia Lee,6,1786,1,2,"Dublin : printed for Messrs. G. Burnet, R. Moncrieffe, J. Exshaw, J. Beatty, L. White, P. Byrne, S. Colbert, H. Whitestone, W. Sleater, J. Cash, R. Marchbank, T. Heary, and J. Moore, M,DCC,LXXXVI. [1786].",Dublin,302,female,1750,1824,True
0247300302_000005,"The mysteries of Udolpho, a romance; interspersed with some pieces of poetry. By Ann Radcliffe, author of the romance of the forest, etc. In four volumes. ...",Ann Radcliffe,8,1794,2,4,"London : printed for G. G. and J. Robinson, Paternoster-Row, 1794.",London,480,female,1764,1823,True
0023600103_000018,"The romance of the forest: interspersed with some pieces of poetry. In three volumes. ... . The fourth edition. By Ann Radcliffe, author of ``a Sicilian Romance,'' &c.",Ann Radcliffe,9,1794,3,3,"London : printed for T. Hookham and J. Carpenter, new and old Bond Street, M,DCC,XCIV. [1794].",London,352,female,1764,1823,True
1622600104_000004,"Tales of the castle: Or, Stories of instruction and delight being Les veilles du Chateau, written in French by Madame la Comtesse de Genlis, author of the Theatre of education, Adela and Theodore, &c. Translated into English by Thomas Holcroft.",Stéphanie Félicité du Crest de Saint-Aubin,9,1789,4,4,"Dublin : Printed for Messrs. Moncrieffe, Walker, White, Byrne, and Parker, MDCCLXXXIX. [1789].",Dublin,294,female,1746,1830,True
0483700100_000067,"Letters of the Right Honourable Lady M--y W--y M---e: written during her travels in Europe, Asia, and Africa, To Persons of Distinction, Men of Letters, &c. in different Parts of Europe. Which Contain Among Other Curious Relations, Accounts of the Policy and Manners of the Turks; Drawn from Sources that have been inaccessable to other Travellers.",Lady Mary Wortley Montagu,10,1794,1,1,"London : printed for the booksellers, M.DCCXCIV. [1794].",London,283,female,1689,1762,True
0536800300_000080,"Plays, and poems; by Miss Hannah Brand.",Hannah Brand,6,1798,1,1,"Norwich : printed by Beatniffe and Payne; and sold by Messrs. F. and C. Rivington, St. Paul's Church-Yard; and Messrs. Elmsley and Bremner, in the Strand, London, 1798.",Norwich,433,female,1754,1821,True
1519000501_000002,"Elegiac sonnets, and other poems, By Charlotte Smith.",Charlotte Turner Smith,8,1800,1,1,"London : Printed for T. Cadell, Junior, and W. Davies, in the Strand; by R. Noble, Shire-Lane, 1800.",London,155,female,1749,1806,True
1007800100_000024,Dialogues of the dead. By George Lord Lyttleton. [sic].,Elizabeth Montagu,10,1795,1,1,"London : printed for J. Walker, 1795.",London,98,female,1720,1800,False
1620200201_000072,Montalbert. A novel. By Charlotte Smith. In two volumes.,Charlotte Turner Smith,7,1795,1,2,"Dublin : printed for P. Wogan, P. Byrne, W. Jones, J. Rice, J. Moore, W. Porter, H. Colbert, H. Fitzpatrick, G. Folingsby, 1795.",Dublin,288,female,1749,1806,True
0516600500_000027,Otho and Rutha: a dramatic tale. By Miss Edwards.,"Edwards, Miss",8,1780,1,1,"Edinburgh : printed, by Murray & Cochran, for, and sold by, the author. Sold also by Mr Elliot, and other booksellers, MDCCLXXX. [1780].",Edinburgh,277,female,,,False
0429500500_000022,"Sacred dramas; chiefly intended for young persons: The Subjects Taken From The Bible. To which is added, Sensibility, a poem. By Miss Hannah More.",Hannah More,10,1784,1,1,"Dublin : printed by P. Byrne, No. 35, College-Green, M,DCC,LXXXIV. [1784].",Dublin,284,female,1745,1833,True
0247300303_000020,"The mysteries of Udolpho, a romance; interspersed with some pieces of poetry. By Ann Radcliffe, author of the romance of the forest, etc. In four volumes. ...",Ann Radcliffe,9,1794,3,4,"London : printed for G. G. and J. Robinson, Paternoster-Row, 1794.",London,465,female,1764,1823,True
0381401100_000013,Dialogues of the dead.,Elizabeth Montagu,6,1768,1,1,"London : printed for J. Murray (successor to Mr. Sandby) at No. 32, opposite St. Dunstan's Church, in Fleet-Street, M.DCC.LXVIII. [1768].",London,452,female,1720,1800,False
0211800401_000016,"The son of Ethelwolf: an historical tale. In two volumes. By the author of Alan Fitz-Osborne, &c. ...",Anne Fuller,6,1789,1,2,"London : printed for G. G. J. and J. Robinson, 1789.",London,262,female,,1790,False
0187100100_000024,"An essay on the writings and genius of Shakespear, compared with the Greek and French dramatic poets. With some remarks upon the misrepresentations of Mons. de Voltaire.",Elizabeth Montagu,7,1769,1,1,"London : printed for J. Dodsley, Pall-Mall; Mess. Baker and Leigh, York-Street, Covent-Garden; J. Walter, Charing-Cross; T. Cadell, in the Strand; and J. Wilkie, No 71. St. Paul's Church-Yard, M.DCC.LXIX. [1769].",London,278,female,1720,1800,False
0896000200_000021,"Life review'd: a poem; founded on reflections upon the silent inhabitants of the church yard of Truro, in the County of Cornwall, With an elogy on the late Rev. Mr. Samuel Walker, Who was Many Years Curate of that Borough. To which are added, the Lord's Prayer, Creed, and Ten Commandments. Paraphrased, &c. By E. Smith.","Smith, Elizabeth, of Birmingham",6,1782,1,1,"Birmingham : printed for the author, by Pearson and Rollason, MDCCLXXXII. [1782].",Birmingham,146,female,,,False
0614301202_000012,"An appeal to impartial posterity, by Madame Roland, wife of the Minister of the Interior; or, a collection of tracts written by her during her confinement in the prisons of the Abbey, and St. Pélagie, In Paris. In Four Parts. Translated from the French Original, Published for the Benefit of her only Daughter, deprived of the Fortune of her Parents by Scquestration.",Manon Roland,6,1796,2,2,"London : printed for J. Johnson, ST. Paul's Church-Yard, 1796.",London,438,female,1754,1793,False
0475700700_000031,"Miscellaneous pieces, in prose, by John Aikin, M.D. and Anna Lætitia Barbauld.",Anna Laetitia Barbauld,9,1792,1,1,"London : printed for J. Johnson, 1792.",London,272,female,1743,1825,True
1636300901_000013,The history of Miss Greville. In three volumes. By the author of Interesting memoirs.,"Keir, Elizabeth",7,1787,1,3,"London : printed and sold for the author at Mr Carruthers's, No. 36. Cheapside, and by T. Cadell, Strand, M,DCC,LXXX,VII. [1787].",London,278,female,,,False
0187100100_000031,"An essay on the writings and genius of Shakespear, compared with the Greek and French dramatic poets. With some remarks upon the misrepresentations of Mons. de Voltaire.",Elizabeth Montagu,9,1769,1,1,"London : printed for J. Dodsley, Pall-Mall; Mess. Baker and Leigh, York-Street, Covent-Garden; J. Walter, Charing-Cross; T. Cadell, in the Strand; and J. Wilkie, No 71. St. Paul's Church-Yard, M.DCC.LXIX. [1769].",London,278,female,1720,1800,False
0475700700_000013,"Miscellaneous pieces, in prose, by John Aikin, M.D. and Anna Lætitia Barbauld.",Anna Laetitia Barbauld,9,1792,1,1,"London : printed for J. Johnson, 1792.",London,272,female,1743,1825,True
1277901800_000018,The death of Abel. In five books. Attempted from the German of Mr. Gessner.,Mary Collyer,8,1781,1,1,"Coventry : printed and sold by T. Luckman, and all other booksellers, MDCCLXXXI. [1781].",Coventry,267,female,1716,1762,False
0032700401_000036,"Translation of the letters of a Hindoo Rajah; written previous to, and during the period of his residence in England. To which is prefixed a preliminary dissertation on the history, religion, and manners, of the Hindoos. In two volumes. By Eliza Hamilton, ...",Elizabeth Hamilton,7,1796,1,2,"London : printed for G.G. and J. Robinson, No. 25, Paternoster Row, 1796.",London,341,female,1758,1816,False
1216300600_000026,"Letters of the Right Honourable Lady M--y W---y M---e: written during her travels in Europe, Asia and Africa, to persons of distinction, men of letters, &c. in different parts of Europe. Which contain, among other curious relations, accounts of the policy and manners of th Turks. Drawn from Sources that have been inaccessible to other Travellers. Complete in one volume.",Lady Mary Wortley Montagu,7,1779,1,1,"London : printed for M. Cooper, in Pater-Noster-Row, MDCCLXXIX. [1779].",London,287,female,1689,1762,True
0343200101_000047,"Religion considered as the only basis of happiness, and of true philosophy. A work written for the instruction of the children of his Most Serene Highness the Duke of Orleans; And in which the Principles of modern pretended Philosophers are laid open and refuted. By Madame the Marchioness of Sillery, heretofore countess of genlis. In two volumes. ...",Stéphanie Félicité du Crest de Saint-Aubin,5,1787,1,2,"London : printed for T. Payne and Son, at the Mews Gate; T. Cadell, and P. Elmsly, in the Strand, M.DCC.LXXXVII. [1787].",London,312,female,1746,1830,True
0724200702_000043,"Friendship in death. In twenty letters from the dead to the living. To which are added, letters moral and entertaining, in prose and verse: in three parts. By Mrs Elisabeth Rowe. In two volumes. ...",Elizabeth Rowe,6,1776,2,2,"Edinburg : at the Apollo Press, by the Martins. Anno, 1776.",Edinburgh,201,female,1674,1737,True
0022700200_000040,"The injur'd husband; or, the mistaken resentment. A novel. Written by Mrs. Eliza Haywood.",Eliza Haywood,7,1724,1,1,"Dublin : printed by J. Watts, and sold opposite the Watch-House, on the North-Side of College-Green, 1724.",Dublin,200,female,1693,1756,True
1209800100_000040,"The injur'd husband; or, the mistaken resentment. A novel. Written by Mrs. Eliza Haywood.",Eliza Haywood,7,1723,1,1,"London : printed for D. Brown, jun. at the Black Swan, without Temple-Bar; W. Chetwood, and J. Woodman, in Russel-Street Covent-Garden; and S. Chapman, in Pall-Mall, MDCCXXIII. [1723].",London,177,female,1693,1756,True
0393800101_000002,"The mysteries of Udolpho, a romance; interspersed with some pieces of poetry. By Ann Ratcliffe [sic], author of The romance of the forest, A Sicilian romance, &c. In three volumes. ...",Ann Radcliffe,8,1795,1,3,"Boston : Printed by Samuel Etheridge, for J. White, W. Spotswood, Thomas & Andrews, D. West, E. Larkin, W.P. Blake, J. West, and J.W. Folsom, 1795.",Boston,230,female,1764,1823,True
0255400103_000016,"The recess; or, a tale of other times. By the author of The chapter of accidents.",Sophia Lee,8,1785,3,3,"London : printed for T. Cadell, in the Strand, M.DCC.LXXXV. [1785].",London,359,female,1750,1824,True
0610300201_000057,"The life of Petrarch. Collected from Memoires pour la vie de Petrarch. By Mrs. Dobson. Third edition, embellished with eight copper-plates, ... In two volumes. ...","Dobson, Mrs. (Susannah)",9,1797,1,2,"London : printed, by T. Bensley, for the Associated Booksellers, Vernon and Hood; J. Cuthell; J. Walker; Ogilvy and Son; Lackington, Allen, and Co. and J. Nunn, 1797.",London,423,female,,,False
0436100400_000066,"A journey through the Crimea to Constantinople. In a series of letters from the Right Honourable Elizabeth Lady Craven, to his serene Highness the Margrave of Brandebourg, Anspach, and Bareith. Written in the year MDCCLXXXVI.",Elizabeth Craven,11,1789,1,1,"Dublin : printed for H. Chamberlaine, R. Moncrieffe, W. Colles, G. Burnet, W. Wilson, L. White, P. Byrne, P. Wogan, H. Colbert, J. Moore, J. Jones, and B. Dornin, M,DCC,LXXXIX. [1789].",Dublin,424,female,1750,1828,True
0959500100_000031,A select collection of hymns universally sung in all the Countess of Huntingdon's chapels; with a supplement as used at Gate Street Chapel.,"Selina Hastings, Countess of Huntingdon",9,1799,1,1,"London : printed by W. Smith, King-Street, Seven-Dials, 1799.",London,551,female,1707,1791,False
1300100500_000012,Original sonnets on various subjects; and odes paraphrased from horace: by Anna Seward.,Anna Seward,6,1799,1,1,"London : Printed for G. Sael, No. 192, Strand; and sold by Mr. Swinney, Birmingham, and Mr. Morgan, Lichfield, 1799.",London,186,female,1742,1809,False
0438801301_000019,The history of Ned Evans. Second edition. In four volumes. ...,"Hervey, Elizabeth",6,1797,1,4,"London : printed for G. G. and J. Robinson, Paternoster-Row, M.DCC.XCVII. [1797].",London,288,female,1748,1820,False
1622600103_000048,"Tales of the castle: Or, Stories of instruction and delight being Les veilles du Chateau, written in French by Madame la Comtesse de Genlis, author of the Theatre of education, Adela and Theodore, &c. Translated into English by Thomas Holcroft.",Stéphanie Félicité du Crest de Saint-Aubin,8,1789,3,4,"Dublin : Printed for Messrs. Moncrieffe, Walker, White, Byrne, and Parker, MDCCLXXXIX. [1789].",Dublin,251,female,1746,1830,True
0193300400_000031,"A select collection of hymns, to be universally sung in all the Countess of Huntingdon's chapels. Collected by her ladyship.","Selina Hastings, Countess of Huntingdon",9,1780,1,1,"London : printed for and sold by Hughes & Walsh, Stationers & Booksellers, Inner Temple Lane, MDCCLXXX. [1780].",London,452,female,1707,1791,False
0955800900_000031,"A select collection of hymns, To be universally sung in all the countess of Huntingdon's chapels. Collected by her ladyship. With the supplements.","Selina Hastings, Countess of Huntingdon",9,1800,1,1,"London : printed and sold by C. Corrall, No. 38, Charing Cross. Near the Admiralty, [1800].",London,259,female,1707,1791,False
0035200100_000009,Essays on various subjects: in which some characters of the present age are introduced.,"De La Garde, Mary           1800",6,1796,1,1,"London : printed for the author; and sold by S. Low, Berwick Street, Soho, 1796.",London,93,female,,,False
0834100300_000032,"A companion, and useful guide to the beauties of Scotland, to the lakes of Westmoreland, Cumberland, and Lancashire; and to the curiosities in the district of Craven, in the West riding of Yorkshire. To which is added, a more particular description of Scotland, especially that part of it, called the highlands. By the Hon. Mrs. Murray, of Kensington.",Sarah Murray,9,1799,1,1,"London : printed for the author; and sold by George Nicol, bookseller to his Majesty, Pall-Mall, 1799.",London,402,female,1744,1811,False
0086100202_000067,"A residence in France, during the years 1792, 1793, 1794, and 1795; described in a series of letters from an English lady: with general and incidental remarks on the French character and manners. Prepared for the press by John Gifford, Esq. Author of the History of France, Letter to Lord Lauderdale, Letter to the Hon. T. Erskine, &c. In two volumes. ...",English Lady,7,1797,2,2,"London : printed for T. N. Longman, Paternoster Row, 1797.",London,495,female,,,False
1698000202_000050,"A journey made in the summer of 1794, through Holland and the western frontier of Germany, with a return down the Rhine: to which are added observations during a tour to the lakes of Lancashire, Westmoreland, and Cumberland. In two volumes. ... Second edition. By Ann Radcliffe.",Ann Radcliffe,7,1796,2,2,"London : printed for G.G. and J. Robinson, Paternoster-Row, MDCCXCVI. [1796].",London,451,female,1764,1823,True
1335700401_000011,Essays on various subjects. To which are added reflections on the seven days of the week. By Mrs. Talbot.,Catherine Talbot,8,1773,1,2,"Dublin : printed for J. Milliken, College-Green, M,DCC,LXXIII. [1773].",Dublin,129,female,1721,1770,False
1546300301_000011,Essays on various subjects. By the author of reflections on the seven days of the week. Vol. I.,Catherine Talbot,8,1773,1,1,"Dublin : Printed for J. Milliken, College-Green, M,DCC,LXXIII. [1773].",Dublin,246,female,1721,1770,False
0483700100_000001,"Letters of the Right Honourable Lady M--y W--y M---e: written during her travels in Europe, Asia, and Africa, To Persons of Distinction, Men of Letters, &c. in different Parts of Europe. Which Contain Among Other Curious Relations, Accounts of the Policy and Manners of the Turks; Drawn from Sources that have been inaccessable to other Travellers.",Lady Mary Wortley Montagu,7,1794,1,1,"London : printed for the booksellers, M.DCCXCIV. [1794].",London,283,female,1689,1762,True
1388200200_000001,"Vancenza; or, The dangers of credulity. By Mrs. M. Robinson, authoress of the poems of Laura Maria, Ainsi Va le Monde, &c.",Mary Robinson,7,1792,1,1,"Dublin : Printed for Messrs. P. Wogan, P. Byrne, A. Grueber, J. Moore, J. Jones, W. Jones, R. M'allister, R. White, 1792.",Dublin,289,female,1758,1800,True
0027900301_000001,"Vancenza; or, the dangers of credulity. In two volumes. By Mrs. M. Robinson, Authoress of the Poems of Laura Maria, Ainsi va le Monde, &c. &c. ...",Mary Robinson,7,1792,1,2,"London : printed for the authoress; and sold by Mr. Bell, at the British Library, Strand, MDCCXCII. [1792].",London,168,female,1758,1800,True
1336000302_000018,"Emmeline, the orphan of the castle. By Charlotte Smith. In two volumes.",Charlotte Turner Smith,7,1789,2,2,"Dublin : printed by William Porter, for L. White, P. Wogan, P. Byrne, J. Jones, and J. Moore, M,DCC,LXXXIX. [1789].",Dublin,361,female,1749,1806,True
0134002300_000033,Poems on several occasions. With Anne Boleyn to King Henry Viii. An epistle. By Mrs. Elizabeth Tollet.,Elizabeth Tollet,8,1756,1,1,"London : printed for T. Lownds, in Fleet Street, [1756?].",London,249,female,1694,1754,False
0381500603_000003,"Tales of the castle: or, stories of instruction and delight. Being Les veillées du chateau, written in French by Madame la comtesse de Genlis, Author of the Theatre of Education, Adela and Theodore, &c. Translated into English by Thomas Holcroft. ...",Stéphanie Félicité du Crest de Saint-Aubin,7,1785,3,5,"London : printed for G. Robinson, No 25, Pater-Noster-Row, MDCCLXXXV. [1785].",London,320,female,1746,1830,True
0793800201_000033,A sicilian romance. By the authoress of the castles of Athlin and Dunbayne. In two volumes. ...,Ann Radcliffe,8,1790,1,2,"London : printed for T. Hookham, New Bond-Street, MDCCLXC [1790].",London,241,female,1764,1823,True
0437400600_000026,"Tales of the cottage; or stories, moral and amusing, for young persons. Written on the plan of that celebrated work Les veillées du château, by Madame la Comptesse de Genlis.",Mary Pilkington,7,1798,1,1,"London : printed for Vernor and Hood, in the Poultry ; and sold by E. Newbery, Corner of St. Paul's Church-Yard, 1798.",London,229,female,1766,1839,True
0274300500_000038,Poems on several occasions. By the Lady Chudleigh.,Lady Mary Chudleigh,6,1722,1,1,"London : printed for Bernard Lintot, at the Cross-Keys between the Temple-Gates, MDCCXXII. [1722].",London,283,female,1656,1710,False
0326900902_000014,"Letters on the improvement of the mind, addressed to a young lady. In two volumes. By Mrs. Chapone.",Hester Chapone,8,1775,2,2,"London : printed for J. Walter; and E. and C. Dilly, 1775.",London,234,female,1727,1801,True
0325100102_000014,"Letters on the improvement of the mind, addressed to a young lady. In two volumes. By Mrs. Chapone. ...",Hester Chapone,8,1778,2,2,"London : printed for J. Walter, at Homer's Head, Charing Cross; and E. and C. Dilly, in the Poultry, MDCCLXXVIII. [1778].",London,231,female,1727,1801,True
0387400202_000015,"Rosella, or modern occurrences. A novel. In four volumes. By Mary Charlton, ...",Mary Charlton,7,1799,2,4,"London : printed at the Minerva-Press, for William Lane, 1799.",London,298,female,1770,1830,False
1335700402_000020,Essays on various subjects. To which are added reflections on the seven days of the week. By Mrs. Talbot.,Catherine Talbot,11,1773,2,2,"Dublin : printed for J. Milliken, College-Green, M,DCC,LXXIII. [1773].",Dublin,121,female,1721,1770,False
1749800100_000017,"Friendship in death: in twenty letters from the dead to the living. To which are added, letters moral and entertaining, in prose and verse. In three parts. By Mrs. Elizabeth Rowe.",Elizabeth Rowe,10,1740,1,1,"London : printed for Henry Lintot, 1740.",London,491,female,1674,1737,False
0786800802_000016,"Adelaide and Theodore; or, letters on education: containing All the Principles relative to three different Plans of Education; to that of Princes, and to those of young Persons of both Sexes. Translated from the French of Madame la Comtesse de Genlis. ...",Stéphanie Félicité du Crest de Saint-Aubin,7,1785,2,3,"Dublin : printed for Luke White, No. 86, Dame-Street, M.DCCLXXXV. [1785].",Dublin,294,female,1746,1830,True
0936800201_000056,"Adelaide and Theodore; or, letters on education: containing all the principles relative to three different plans of education; to that of princes, and to those of young persons of both sexes. Translated from the French of Madame la Comtesse de Genlis.",Stéphanie Félicité du Crest de Saint-Aubin,7,1796,1,3,"London : printed for T. Cadell, jun. and W. Davies, (successors to Mr. Cadell) in the Strand, 1796.",London,291,female,1746,1830,True
0355800102_000025,"Tales of the castle: or, stories of instruction and delight. Being Les veillées du chateau, written in French by Madame la Comtesse de Genlis, Author of the Theatre of Education, Adela and Theodore, &c. Translated into English by Thomas Holcroft. ...",Stéphanie Félicité du Crest de Saint-Aubin,7,1785,2,4,"Dublin : printed for Messrs. Price, Moncrieffe, Jenkin, Walker, Burton, Exshaw, White, Byrne, Parker, H. White-Stone, and Cash, MDCCLXXXV. [1785].",Dublin,282,female,1746,1830,True
0112101700_000021,"Original compositions, in prose and verse. On subjects moral and religious. By Miss. J. Fenno, of Boston.","Fenno, J. (Jenny)",10,1791,1,1,"Printed in Boston : by Joseph Bumstead, at his office, no. 20, Union-Street, MDCCXCI. [1791].",Boston,129,female,,,False
0020600102_000002,"The history of Lady Louisa Stroud, and the Honourable Miss Caroline Stretton. In two volumes. ...","Gibbes, Phoebe",8,1764,2,2,"London : printed for, and sold by, F. Noble, at his Circulating Library, opposite Grays-Inn-Gate, Holborn: and J. Noble, at his Circulating Library; in St. Martin's Court, near Leicester Square, MDCCLXIV. [1764].",London,231,female,,,False
0192500201_000034,"The vicar of Lansdowne; or, country quarters: a tale. By Maria Regina Dalton. In two volumes. ...",Regina Maria Roche,6,1789,1,2,"London : printed for the author; and sold by J. Johnson, No. 72, in St. Paul's Church-Yard, M.DCC.LXXXIX. [1789].",London,311,female,1764,1845,False
0593000100_000102,"A journey made in the summer of 1794, through Holland and the western frontier of Germany, with a return down the Rhine: to which are added Observations during a tour to the lakes of Lancashire, Westmoreland, and Cumberland. By Ann Radcliffe.",Ann Radcliffe,7,1795,1,1,"London : printed for G. G. and J. Robinson, Paternoster-Row, MDCCXCV. [1795].",London,508,female,1764,1823,True
0948000802_000027,"The maid of the hamlet. A tale. In two volumes. By Regina Maria Roche, author of The Children of the Abbey, Vicar of Lansdowne, Clermont, &c. ...",Regina Maria Roche,6,1800,2,2,"London : printed at the Minerva-Press, for William Lane, Leadenhall-Street, 1800.",London,311,female,1764,1845,False
0460000600_000028,"Miscellaneous pieces, in prose, by J. and A. L. Aikin.",Anna Laetitia Barbauld,6,1774,1,1,"Belfast : printed by James Magee, at the Bible and Crown in Bridge-Street, MDCCLXXIV. [1774].",Belfast,110,female,1743,1825,True
0663901800_000028,"Miscellaneous pieces, in prose, by J. and A. L. Aikin.",Anna Laetitia Barbauld,6,1773,1,1,"London : printed for J. Johnson, in St. Paul's Church-Yard, MDCCLXXIII. [1773].",London,224,female,1743,1825,True
0126801401_000006,"Danish massacre: an historic fact. By the author of Monmouth, a tale. In two volumes. ...","Mackenzie, Anna Maria",7,1791,1,2,"London : printed for William Lane, at the Minerva Press, Leadenhall-Street, MDCCXCI. [1791].",London,244,female,,,False
1269100800_000007,"Letters on the improvement of the mind, addressed to a young lady. By Mrs. Chapone.",Hester Chapone,7,1786,1,1,"London : printed for J. Walter , Charing-Cross ; and C. Dilly, in the Poultry, M.DCC.LXXXVI. [1786].",London,255,female,1727,1801,True
0670002100_000007,"Letters on the improvement of the mind, addressed to a young lady. By Mrs. Chapone.",Hester Chapone,7,1787,1,1,"London : printed for J. Walter, Charing-Cross ; and C. Dilly, in the Poultry, M.DCC.LXXXVII. [1787].",London,244,female,1727,1801,True
0029300202_000005,"Hubert de Sevrac, a romance, of the eighteenth century; by Mary Robinson, author of Poems, Angelina, the Sicilian Lover, the Widow, &c. &c. &c. In three volumes, ...",Mary Robinson,9,1796,2,3,"London : printed for the author, by Hookham and Carpenter, Old-Bond-Street, 1796.",London,305,female,1758,1800,True
0642501201_000023,"Walsingham; or, the pupil of nature. A domestic story. By Mary Robinson, ...",Mary Robinson,6,1797,1,4,"London : printed for T. N. Longman, 1797.",London,338,female,1758,1800,True
0429500600_000022,"Sacred dramas: chiefly intended for young persons. The subjects taken from the Bible. To which is added, Sensibility, a poem.",Hannah More,8,1799,1,1,"London : printed for T. Cadell, jun. and W. Davies, In The Strand; by G. Woodfall, NO. 22, Paternoster-Row, 1799.",London,296,female,1745,1833,True
0885600600_000007,"Letters on the improvement of the mind, addressed to a young lady. By Mrs. Chapone.",Hester Chapone,7,1777,1,1,"London : printed for J. Walter, at Homer's Head, Charing-Cross; and E. and C. Dilly, in the Poultry, MDCCLXXVII. [1777].",London,248,female,1727,1801,True
0315000601_000007,"Letters on the improvement of the mind, addressed to a young lady. In two volumes. By Mrs. Chapone. ...",Hester Chapone,7,1774,1,2,"London : printed by H. Hughs, for J. Walter. at Homer's Head, Charing-Cross, MDCCLXXIV. [1774].",London,207,female,1727,1801,True
0325001401_000007,"Letters on the improvement of the mind, addressed to a young lady. In two volumes. By Mrs. Chapone. The Fourth Edition. ...",Hester Chapone,7,1774,1,2,"London : printed by H. Hughs, for J. Walter, at Homer's Head, Charing-Cross, MDCCLXXIV. [1774].",London,207,female,1727,1801,True
0475700700_000028,"Miscellaneous pieces, in prose, by John Aikin, M.D. and Anna Lætitia Barbauld.",Anna Laetitia Barbauld,6,1792,1,1,"London : printed for J. Johnson, 1792.",London,272,female,1743,1825,True
0170200301_000027,"Letters containing a sketch of the politics of France, from the thirty-first of May 1793, till the twenty-eighth of July 1794, and of the scenes which have passed in the prisons of Paris. By Helen Maria Williams. ...",Helen Maria Williams,6,1795,1,2,"London : printed for G. G. and J. Robinson, Paternoster-Row, 1795.",London,293,female,1762,1827,True
0158202600_000004,Appeal to the men of Great Britain in behalf of women.,Mary Hays,7,1798,1,1,"[London] : Printed for J. Johnson; and J. Bell, 1798.",London,305,female,1759,1843,True
1020100301_000015,"Friendship in death; in twenty letters from the dead to the living. To which are added, Letters moral and entertaining. In prose and verse: in three parts. In two volumes. ... . By Mrs. Elizabeth Rowe.",Elizabeth Rowe,8,1774,1,2,"London : printed for J. and F. Rivington, W. Strahan, T. Caslon, B. Law, T. Cadell, G. Robinson, E. Johnston, W. Nicoll, and J. D. Cornish. M.DCC.XXLIV [1774].",London,301,female,1674,1737,True
0027300102_000024,"Adelaide de Narbonne, with memoirs of Charlotte de Cordet. A tale. In four volumes. By the author of Henry of Northumberland. ...",Helen Craik,9,1800,2,4,"London : printed at the Minerva-Press, for William Lane, Leadenhall-Street, 1800.",London,269,female,1751,1825,False
0971500800_000011,"Poems, by Mrs. Mary Robinson.",Mary Robinson,8,1795,1,1,"London : printed by T. Spilsbury and Son; and sold by J. Evans, Paternoster Row, and T. Becket, Pall Mall, [1795?].",London,233,female,1758,1800,True
0703000502_000011,Poems by Mrs. M. Robinson.,Mary Robinson,8,1791,2,2,"London : printed by J. Bell, British-Library, Strand, Bookseller to His Royal Highness the Prince of Wales, MDCCXCI. [1791].",London,234,female,1758,1800,True
1240901700_000008,"The emigrants, a poem, in two books. By Charlotte Smith.",Charlotte Turner Smith,7,1793,1,1,"London : printed for T. Cadell, in the Strand, 1793.",London,67,female,1749,1806,True
1469600500_000033,Poems on several occasions. Together with the song of the three children paraphras'd. By the Lady Chudleigh.,Lady Mary Chudleigh,6,1703,1,1,"London : Printed by W.B. for Bernard Lintott at the Middle Temple Gate in Fleetstreet, 1703.",London,222,female,1656,1710,False
1196500100_000003,Joseph. In five books. By A. M. Cox.,"Mackenzie, Anna Maria",7,1783,1,1,"London : printed for the author, by H. D. Steel, No. 51, Lothbury, near Coleman-Street, and sold by the following booksellers: Mr. Dodsley, Pall-Mall; Mr. Flexney; Holborn; and Mr. Fielding, Pater-Noster-Row, M.DCC.LXXXIII. [1783].",London,246,female,,,False
0326900901_000007,"Letters on the improvement of the mind, addressed to a young lady. In two volumes. By Mrs. Chapone.",Hester Chapone,7,1775,1,2,"London : printed for J. Walter; and E. and C. Dilly, 1775.",London,208,female,1727,1801,True
0948200300_000027,"Tales of the cottage; or stories, moral and amusing, for young persons. Written on the plan of that celebrated Work Les veillees du chateau, by Madam Genlis. By Mrs. Pilkington.",Mary Pilkington,7,1799,1,1,"London : printed for Vernor and Hood, in the Poultry; and sold by E. Newbery, Corner of St. Paul's Church-Yard, 1799.",London,231,female,1766,1839,True
