PassageID,Title,Author,Total termFreq,Publication Year,Volume Number,Total Volumes,Imprint,Publication Place,Total Pages,Gender,Birth Year,Death Year,Popular Authors
1445201000_000029,"A plan for the conduct of female education, in boarding schools, private families, and public seminaries. By Erasmus Darwin, M.D. F.R.S. author of Zoonomia, and of The botanic garden. To which are added, Rudiments of taste, in a series of letters from a mother to her daughters. Embellished with an elegant frontispiece.",Erasmus Darwin,46,1798,1,1,"Philadelphia: : Printed by John Ormrod, no. 41, Chesnut-Street, 1798.",Philadelphia,303,female,1731,1802,True
0343200201_000032,"Religion considered as the only basis of happiness and of true philosophy. A work written for the instruction of the children of his most serene highness the Duke of Orleans; ... By Madame the Marchioness of Sillery, ... In two volumes.",Stéphanie Félicité du Crest de Saint-Aubin,42,1787,1,2,"Dublin : printed by William Porter, for H. Chamberlaine, White, Byrne, Colbert, W. Porter, and Moore, 1787.",Dublin,160,female,1746,1830,True
0954500400_000006,"The progress of a female mind, in some interesting enquiries. Containing, I. A Soliloquy. II. A Letter to a Jew, on the Evidences of Revelation. III. A Letter to a Christian Divine on the Gospel System; with some References to a late Free Enquirer. IV. A Remark on the Importance of the Hebrew Language. By a lady.",Lady,57,1764,1,1,"London : printed for A. and C. Corbett, opposite St. Dunstan's Church, Fleet-Street, MDCCLXIV. [1764].",London,94,female,,,False
0343200102_000018,"Religion considered as the only basis of happiness, and of true philosophy. A work written for the instruction of the children of his Most Serene Highness the Duke of Orleans; And in which the Principles of modern pretended Philosophers are laid open and refuted. By Madame the Marchioness of Sillery, heretofore countess of genlis. In two volumes. ...",Stéphanie Félicité du Crest de Saint-Aubin,50,1787,2,2,"London : printed for T. Payne and Son, at the Mews Gate; T. Cadell, and P. Elmsly, in the Strand, M.DCC.LXXXVII. [1787].",London,295,female,1746,1830,True
0290000100_000001,"The sequel to Mentoria; or, the young ladies instructor: in familiar conversations, on a variety of interesting subjects, in which are Introduced, Lectures on Astronomy and Natural Philosophy, Expressed in Terms suited to the Comprehension of Juvenile Readers; Being principally intended to enlarge the Ideas, and inspire just Conceptions of the Deity, from the Contemplation of the general System of the Universe. By Ann Murry.","Murry, Ann",49,1799,1,1,"London : printed for C. Dilly, in the Poultry, 1799.",London,342,female,,,False
0343200202_000047,"Religion considered as the only basis of happiness and of true philosophy. A work written for the instruction of the children of his most serene highness the Duke of Orleans; ... By Madame the Marchioness of Sillery, ... In two volumes.",Stéphanie Félicité du Crest de Saint-Aubin,42,1787,2,2,"Dublin : printed by William Porter, for H. Chamberlaine, White, Byrne, Colbert, W. Porter, and Moore, 1787.",Dublin,151,female,1746,1830,True
0164301100_000007,"Reflections upon the education of children in charity schools; with the outlines of a plan of appropriate instruction for the children of the poor; submitted to the consideration of the patrons of schools of every denomination, supported by charity. By Mrs. Trimmer.",Sarah Trimmer,46,1792,1,1,"London : printed for T. Longman, Paternoster-Row; and J. and F. Rivington, St. Paul's Church-Yard, M.DCC.XCII. [1792].",London,57,female,1741,1810,True
0191300102_000011,"Letters from the Duchess de Crui and others, on subjects moral and entertaining, wherein the character of the female sex, with their rank, importance, and consequence, is stated, and their relative duties in life are enforced. By a lady. ...",Mary Walker,51,1776,2,5,"London : printed for Robson, New Bond-Street; Walter, Charing-Cross; and Robinson, Pater-Noster Row, MDCCLXXVI. [1776].",London,243,female,1736,,False
0152701300_000014,"Letters on the works and character of J. J. Rousseau. To which are Added A Letter from the Countess Alexandre de Vassy to the Baroness de Stael, with the Baroness's Answer, and an Account of the last Moments of Rousseau. By Mademoiselle Necker, Baroness de Stael. Translated from the French.",Germaine de Staël,56,1789,1,1,"London : printed for G. G. J. and J. Robinson, Paternoster-Row, MDCCLXXXIX. [1789].",London,145,female,1766,1817,False
0420902800_000005,"Rudiments of taste. In a series of letters, from a mother to her daughters. By the author of The life of Jacob.","Peddle, , Mrs",45,1789,1,1,"[London] : Printed for C. Dilly, in the Poultry, 1789.",London,172,female,,,False
0050800300_000006,"A treatise on the influence of the passions, upon the happiness of individuals and of nations. Illustrated by striking references to the Principal Events and Characters that have Distinguished the French Revolution. From the French of the Baroness Stael de Holstein. To which is prefixed a sketch of her life, by the translator.",Germaine de Staël,44,1798,1,1,"London : printed and published by George Cawthorn, British Library, No. 132, Strand; sold also by W. J. & J. Richardson, Royal-Exchange; and J. Wright, Piccadilly, 1798.",London,355,female,1766,1817,False
0013000103_000019,Memoirs of modern philosophers. In three volumes. ...,Elizabeth Hamilton,50,1800,3,3,"Bath : printed by R. Cruttwell, for G. G. and J. Robinson, Pater-Noster-Row, London, 1800.",Bath,367,female,1758,1816,False
0857400401_000004,"Letters on the improvement of the mind, addressed to a young lady. In two volumes. By Mrs. Chapone.",Hester Chapone,54,1773,1,2,"London : printed by H. Hughs, for J. Walter, 1773.",London,213,female,1727,1801,True
0343200102_000027,"Religion considered as the only basis of happiness, and of true philosophy. A work written for the instruction of the children of his Most Serene Highness the Duke of Orleans; And in which the Principles of modern pretended Philosophers are laid open and refuted. By Madame the Marchioness of Sillery, heretofore countess of genlis. In two volumes. ...",Stéphanie Félicité du Crest de Saint-Aubin,58,1787,2,2,"London : printed for T. Payne and Son, at the Mews Gate; T. Cadell, and P. Elmsly, in the Strand, M.DCC.LXXXVII. [1787].",London,295,female,1746,1830,True
0271300600_000003,"A packet for youth, or evidences of Christianity drawn from the mind. By a lady.","M. P., Lady",70,1799,1,1,"Hanley : printed and sold by Mort; also by Knott, Lombard Street, Chapman, Fleet Street, Heptinstall, Holborn, London, ---- Chester, Newcastle, ---- Jones, Birmingham, ---- Pritchard, Derby, ---- Smith, Sheffield, Boden, Manchester ; and may be had of all Booksellers, [1799].",Hanley,122,female,,,False
0325100102_000015,"Letters on the improvement of the mind, addressed to a young lady. In two volumes. By Mrs. Chapone. ...",Hester Chapone,52,1778,2,2,"London : printed for J. Walter, at Homer's Head, Charing Cross; and E. and C. Dilly, in the Poultry, MDCCLXXVIII. [1778].",London,231,female,1727,1801,True
0710500500_000014,"Maxims, characters, and reflections, critical, satyrical, and moral.",Frances Greville,57,1757,1,1,"London : printed for J. and R. Tonson in the Strand, MDCCLVII. [1757].",London,261,female,1730,1789,False
0277901300_000032,"An easy introduction to the knowledge of nature, and reading the holy scriptures. Adapted to the capacities of children. By Mrs. Trimmer.",Sarah Trimmer,43,1783,1,1,"London : printed for J. Dodsley, Pall Mall; T. Longman, and G. Robinson, Pater-Noster-Row; and J. Johnson, St. Paul's Church-Yard, M.DCC.LXXXIII. [1783].",London,211,female,1741,1810,True
0290000100_000017,"The sequel to Mentoria; or, the young ladies instructor: in familiar conversations, on a variety of interesting subjects, in which are Introduced, Lectures on Astronomy and Natural Philosophy, Expressed in Terms suited to the Comprehension of Juvenile Readers; Being principally intended to enlarge the Ideas, and inspire just Conceptions of the Deity, from the Contemplation of the general System of the Universe. By Ann Murry.","Murry, Ann",49,1799,1,1,"London : printed for C. Dilly, in the Poultry, 1799.",London,342,female,,,False
0343200201_000033,"Religion considered as the only basis of happiness and of true philosophy. A work written for the instruction of the children of his most serene highness the Duke of Orleans; ... By Madame the Marchioness of Sillery, ... In two volumes.",Stéphanie Félicité du Crest de Saint-Aubin,46,1787,1,2,"Dublin : printed by William Porter, for H. Chamberlaine, White, Byrne, Colbert, W. Porter, and Moore, 1787.",Dublin,160,female,1746,1830,True
0364000204_000028,"Tales of the castle: or, stories of instruction and delight. Being Les veillees du chateau, written in French by Madame la Comtesse de Genlis, Author of the Theatre of Education, Adela and Theodore, &c. Translated into English by Thomas Holcroft,",Stéphanie Félicité du Crest de Saint-Aubin,52,1787,4,5,"London : printed for G. G. J. and J. Robinson, No. 25, Pater-Noster-Row, 1787.",London,258,female,1746,1830,True
0343200202_000019,"Religion considered as the only basis of happiness and of true philosophy. A work written for the instruction of the children of his most serene highness the Duke of Orleans; ... By Madame the Marchioness of Sillery, ... In two volumes.",Stéphanie Félicité du Crest de Saint-Aubin,48,1787,2,2,"Dublin : printed by William Porter, for H. Chamberlaine, White, Byrne, Colbert, W. Porter, and Moore, 1787.",Dublin,151,female,1746,1830,True
0277700301_000004,"The works of Mrs. Chapone, containing letters on the improvement of the mind, addressed to a young lady. And miscellanies in prose and verse. In two volumes. ...",Hester Chapone,52,1775,1,2,"Dublin : printed for J. Williams, 1775.",Dublin,156,female,1727,1801,True
1700500400_000004,"The works of Mrs. Chapone, adressed to a young lady.",Hester Chapone,53,1793,1,1,"London : Printed for J. Warlters, MDCCXCIII. [1793].",London,312,female,1727,1801,True
1204800101_000003,"The history of England, from the accession of James I. to that of the Brunswick line. ... By Catherine Macaulay.",Catharine Macaulay,40,1764,1,5,"[Dublin] : London: printed for Edward and Charles Dilly; and Dublin reprinted, for A. Leathly, and J. Exshaw, 1770.",Dublin,434,female,1731,1791,True
0343200202_000018,"Religion considered as the only basis of happiness and of true philosophy. A work written for the instruction of the children of his most serene highness the Duke of Orleans; ... By Madame the Marchioness of Sillery, ... In two volumes.",Stéphanie Félicité du Crest de Saint-Aubin,48,1787,2,2,"Dublin : printed by William Porter, for H. Chamberlaine, White, Byrne, Colbert, W. Porter, and Moore, 1787.",Dublin,151,female,1746,1830,True
0385200901_000001,"Sacred history selected from the Scriptures, with annotations and reflections, suited to the comprehension of young minds: ... By Mrs. Trimmer, ...",Sarah Trimmer,46,1782,1,6,"London : printed for J. Dodsley; T. Longman and G. Robinson; and J. Johnson, 1782-85.",London,483,female,1741,1810,True
0363500104_000028,"Tales of the castle: or, stories of instruction and delight. Being Les veillees du chateau, written in French by Madame la Comtesse de Genlis, Author of the Theatre of Education, Adela and Theodore, &c. Translated into English by Thomas Holcroft,",Stéphanie Félicité du Crest de Saint-Aubin,51,1793,4,5,"London : printed for G. G. J. and J. Robinson, No. 25, Pater-Noster-Row, 1793.",London,257,female,1746,1830,True
0343200201_000034,"Religion considered as the only basis of happiness and of true philosophy. A work written for the instruction of the children of his most serene highness the Duke of Orleans; ... By Madame the Marchioness of Sillery, ... In two volumes.",Stéphanie Félicité du Crest de Saint-Aubin,46,1787,1,2,"Dublin : printed by William Porter, for H. Chamberlaine, White, Byrne, Colbert, W. Porter, and Moore, 1787.",Dublin,160,female,1746,1830,True
1185801100_000022,The works of Miss Hannah More in prose and verse.,Hannah More,37,1789,1,1,"[Cork] : Printed for Thomas White, Cork, and P. Byrne, Dublin, M,DCC,LXXXIX. [1789].",Cork,309,female,1745,1833,True
1128800300_000014,"Maxims, characters, and reflections, critical, satirical, and moral.",Frances Greville,57,1768,1,1,"London : printed for T. Cadell (successor to Mr. Millar) in the Strand, MDCCLXVIII. [1768].",London,260,female,1730,1789,False
0325001401_000004,"Letters on the improvement of the mind, addressed to a young lady. In two volumes. By Mrs. Chapone. The Fourth Edition. ...",Hester Chapone,50,1774,1,2,"London : printed by H. Hughs, for J. Walter, at Homer's Head, Charing-Cross, MDCCLXXIV. [1774].",London,207,female,1727,1801,True
0271300600_000015,"A packet for youth, or evidences of Christianity drawn from the mind. By a lady.","M. P., Lady",46,1799,1,1,"Hanley : printed and sold by Mort; also by Knott, Lombard Street, Chapman, Fleet Street, Heptinstall, Holborn, London, ---- Chester, Newcastle, ---- Jones, Birmingham, ---- Pritchard, Derby, ---- Smith, Sheffield, Boden, Manchester ; and may be had of all Booksellers, [1799].",Hanley,122,female,,,False
0587200200_000022,"Essays on various subjects, principally designed for young ladies.",Hannah More,39,1777,1,1,"London : printed for J. Wilkie, in St. Paul's Church-Yard; and T. Cadell, in the Strand, MDCCLXXVII. [1777].",London,220,female,1745,1833,True
0885600600_000036,"Letters on the improvement of the mind, addressed to a young lady. By Mrs. Chapone.",Hester Chapone,51,1777,1,1,"London : printed for J. Walter, at Homer's Head, Charing-Cross; and E. and C. Dilly, in the Poultry, MDCCLXXVII. [1777].",London,248,female,1727,1801,True
0343200101_000028,"Religion considered as the only basis of happiness, and of true philosophy. A work written for the instruction of the children of his Most Serene Highness the Duke of Orleans; And in which the Principles of modern pretended Philosophers are laid open and refuted. By Madame the Marchioness of Sillery, heretofore countess of genlis. In two volumes. ...",Stéphanie Félicité du Crest de Saint-Aubin,51,1787,1,2,"London : printed for T. Payne and Son, at the Mews Gate; T. Cadell, and P. Elmsly, in the Strand, M.DCC.LXXXVII. [1787].",London,312,female,1746,1830,True
0561500200_000025,"The breathings of genius. Being a collection of poems; to which are added, essays moral and philosophical. By Elizabeth Gilding, Woolwich, Kent.","Gilding, Elizabeth",47,1776,1,1,"London : printed by W. Faden, and sold by J. Wilkie, No. 62, St. Paul's Church-Yard; J. Walter, at Charing-Cross; and W. Domville, under the Royal Exchange, MDCCLXXVI. [1776].",London,159,female,,,False
1293400501_000004,"Letters on the improvement of the mind, addressed to a young lady. In two volumes. By Mrs. Chapone. ...",Hester Chapone,51,1783,1,2,"London : printed for J. Walter, Charing-Cross; and C. Dilly, in the Poultry, MDCCLXXXIII. [1783].",London,207,female,1727,1801,True
0670002100_000004,"Letters on the improvement of the mind, addressed to a young lady. By Mrs. Chapone.",Hester Chapone,47,1787,1,1,"London : printed for J. Walter, Charing-Cross ; and C. Dilly, in the Poultry, M.DCC.LXXXVII. [1787].",London,244,female,1727,1801,True
1240500300_000004,"The works of Mrs. Chapone, containing letters on the improvement of the mind, addressed to a young lady: and Miscellanies in prose and verse. In two volumes. ...",Hester Chapone,51,1786,1,1,"Dublin : printed by Brett Smith, for W. Colles, No. 17, Dame-Street, MDCCLXXXVI. [1786].",Dublin,255,female,1727,1801,True
0836400102_000015,"Letters on the improvement of the mind, addressed to a young lady. In two volumes. ...",Hester Chapone,43,1773,2,2,"London : printed by H. Hughs, for J. Walter, Homer's Head, Charing-Cross, MDCCLXXIII. [1773].",London,235,female,1727,1801,True
0603100601_000035,"Letters from the Duchess de Crui and others, on subjects moral and entertaining. Wherein the character of the female sex, with their rank, importance, and consequence, is stated, and their relative duties in life are enforced. By Lady Mary Walker. The Third Edition corrected, ...",Mary Walker,51,1779,1,2,"Dublin : printed for S. Price, W. and H. Whitestone, R. Fitzsimons, T. Wilkinson. J. Williams, W. Colles, W. Wilson, C. Jenkin, T. Walker, E. Cross, R. Moncrieffe, P. Higly, E. Mackelrath, J. Exshaw, J. Beatty, C. Talbot, J. Parker, and J. Norman, MDCCLXXIX. [1779].",Dublin,293,female,1736,,False
0325100101_000004,"Letters on the improvement of the mind, addressed to a young lady. In two volumes. By Mrs. Chapone. ...",Hester Chapone,51,1778,1,2,"London : printed for J. Walter, at Homer's Head, Charing Cross; and E. and C. Dilly, in the Poultry, MDCCLXXVIII. [1778].",London,207,female,1727,1801,True
0290000100_000016,"The sequel to Mentoria; or, the young ladies instructor: in familiar conversations, on a variety of interesting subjects, in which are Introduced, Lectures on Astronomy and Natural Philosophy, Expressed in Terms suited to the Comprehension of Juvenile Readers; Being principally intended to enlarge the Ideas, and inspire just Conceptions of the Deity, from the Contemplation of the general System of the Universe. By Ann Murry.","Murry, Ann",44,1799,1,1,"London : printed for C. Dilly, in the Poultry, 1799.",London,342,female,,,False
1128800300_000002,"Maxims, characters, and reflections, critical, satirical, and moral.",Frances Greville,51,1768,1,1,"London : printed for T. Cadell (successor to Mr. Millar) in the Strand, MDCCLXVIII. [1768].",London,260,female,1730,1789,False
1269100800_000004,"Letters on the improvement of the mind, addressed to a young lady. By Mrs. Chapone.",Hester Chapone,51,1786,1,1,"London : printed for J. Walter , Charing-Cross ; and C. Dilly, in the Poultry, M.DCC.LXXXVI. [1786].",London,255,female,1727,1801,True
0325001301_000004,Letters on the improvement of the mind. Addressed to a young lady. In two volumes.,Hester Chapone,51,1773,1,2,"Dublin : printed for J. Exshaw, H. Saunders, W. Sleater, J. Potts, D. Chamberlaine, J. Williams, and R. Moncrieffe, MDCCLXXIII. [1773].",Dublin,123,female,1727,1801,True
0343200102_000001,"Religion considered as the only basis of happiness, and of true philosophy. A work written for the instruction of the children of his Most Serene Highness the Duke of Orleans; And in which the Principles of modern pretended Philosophers are laid open and refuted. By Madame the Marchioness of Sillery, heretofore countess of genlis. In two volumes. ...",Stéphanie Félicité du Crest de Saint-Aubin,40,1787,2,2,"London : printed for T. Payne and Son, at the Mews Gate; T. Cadell, and P. Elmsly, in the Strand, M.DCC.LXXXVII. [1787].",London,295,female,1746,1830,True
0343200101_000035,"Religion considered as the only basis of happiness, and of true philosophy. A work written for the instruction of the children of his Most Serene Highness the Duke of Orleans; And in which the Principles of modern pretended Philosophers are laid open and refuted. By Madame the Marchioness of Sillery, heretofore countess of genlis. In two volumes. ...",Stéphanie Félicité du Crest de Saint-Aubin,44,1787,1,2,"London : printed for T. Payne and Son, at the Mews Gate; T. Cadell, and P. Elmsly, in the Strand, M.DCC.LXXXVII. [1787].",London,312,female,1746,1830,True
0139100500_000001,"A compendious system of astronomy, in a course of familiar lectures; In which the Principles of that Science are Clearly Elucidated, so as to be Intelligible to those who have not Studied the Mathematics. Also trigonometrical and celestial problems, with a key to the ephemeris, and a vocabulary of the terms of science used in the Lectures; which latter are explained Agreeably to their Application in them. By Margaret Bryan.","Bryan, Margaret           1815",44,1797,1,1,"London : printed for the author, and sold by Leigh and Sotheby, York Street, Covent Garden; and G. Kearsley, No. 46, Fleet Street, 1797.",London,351,female,,,False
0325001402_000015,"Letters on the improvement of the mind, addressed to a young lady. In two volumes. By Mrs. Chapone. The Fourth Edition. ...",Hester Chapone,49,1774,2,2,"London : printed by H. Hughs, for J. Walter, at Homer's Head, Charing-Cross, MDCCLXXIV. [1774].",London,231,female,1727,1801,True
0885600600_000004,"Letters on the improvement of the mind, addressed to a young lady. By Mrs. Chapone.",Hester Chapone,47,1777,1,1,"London : printed for J. Walter, at Homer's Head, Charing-Cross; and E. and C. Dilly, in the Poultry, MDCCLXXVII. [1777].",London,248,female,1727,1801,True
0271300600_000004,"A packet for youth, or evidences of Christianity drawn from the mind. By a lady.","M. P., Lady",49,1799,1,1,"Hanley : printed and sold by Mort; also by Knott, Lombard Street, Chapman, Fleet Street, Heptinstall, Holborn, London, ---- Chester, Newcastle, ---- Jones, Birmingham, ---- Pritchard, Derby, ---- Smith, Sheffield, Boden, Manchester ; and may be had of all Booksellers, [1799].",Hanley,122,female,,,False
0857400402_000016,"Letters on the improvement of the mind, addressed to a young lady. In two volumes. By Mrs. Chapone.",Hester Chapone,45,1773,2,2,"London : printed by H. Hughs, for J. Walter, 1773.",London,231,female,1727,1801,True
0144600101_000003,The history of England from the accession of James I. to that of the Brunswick line. ... By Catherine Macaulay.,Catharine Macaulay,40,1763,1,8,"London : printed for J. Nourse; R. and J. Dodsley; and W. Johnston, 1763-83.",London,457,female,1731,1791,True
0271300600_000011,"A packet for youth, or evidences of Christianity drawn from the mind. By a lady.","M. P., Lady",49,1799,1,1,"Hanley : printed and sold by Mort; also by Knott, Lombard Street, Chapman, Fleet Street, Heptinstall, Holborn, London, ---- Chester, Newcastle, ---- Jones, Birmingham, ---- Pritchard, Derby, ---- Smith, Sheffield, Boden, Manchester ; and may be had of all Booksellers, [1799].",Hanley,122,female,,,False
0622301500_000022,"Essays on various subjects, principally designed for young ladies.",Hannah More,41,1778,1,1,"London : printed for J. Wilkie, in St. Paul's Church-Yard; and T. Cadell, in the Strand, MDCCLXXVIII. [1778].",London,220,female,1745,1833,True
0325100200_000035,"Letters on the improvement of the mind, addressed to a young lady. By Mrs. Chapone.",Hester Chapone,46,1793,1,1,"Edinburgh : printed for Silvester Doig, Royal-Echange, MDCCXCIII. [1793] [1794?].",Edinburgh,215,female,1727,1801,True
0326900901_000004,"Letters on the improvement of the mind, addressed to a young lady. In two volumes. By Mrs. Chapone.",Hester Chapone,50,1775,1,2,"London : printed for J. Walter; and E. and C. Dilly, 1775.",London,208,female,1727,1801,True
0326900902_000015,"Letters on the improvement of the mind, addressed to a young lady. In two volumes. By Mrs. Chapone.",Hester Chapone,45,1775,2,2,"London : printed for J. Walter; and E. and C. Dilly, 1775.",London,234,female,1727,1801,True
0628900500_000009,New and elegant amusements for the ladies of Great Britain. By a lady.,Lady,45,1772,1,1,"London : printed for the author, and sold by S. Crowder, Pater-Noster-Row; W. Shropshire, New Bond-Street; J. Walter, Charing-Cross, and W. Cooke, Royal Exchange, 1772.",London,170,female,,,False
0032100900_000002,"Maxims, characters, and reflections, critical, satyrical, and moral.",Frances Greville,53,1756,1,1,"London : printed for J. and R. Tonson in the Strand, MDCCLVI. [1756].",London,284,female,1730,1789,False
0277700301_000036,"The works of Mrs. Chapone, containing letters on the improvement of the mind, addressed to a young lady. And miscellanies in prose and verse. In two volumes. ...",Hester Chapone,47,1775,1,2,"Dublin : printed for J. Williams, 1775.",Dublin,156,female,1727,1801,True
0710500500_000002,"Maxims, characters, and reflections, critical, satyrical, and moral.",Frances Greville,50,1757,1,1,"London : printed for J. and R. Tonson in the Strand, MDCCLVII. [1757].",London,261,female,1730,1789,False
0475700700_000033,"Miscellaneous pieces, in prose, by John Aikin, M.D. and Anna Lætitia Barbauld.",Anna Laetitia Barbauld,55,1792,1,1,"London : printed for J. Johnson, 1792.",London,272,female,1743,1825,True
0836400101_000004,"Letters on the improvement of the mind, addressed to a young lady. In two volumes. ...",Hester Chapone,49,1773,1,2,"London : printed by H. Hughs, for J. Walter, Homer's Head, Charing-Cross, MDCCLXXIII. [1773].",London,207,female,1727,1801,True
1269100800_000036,"Letters on the improvement of the mind, addressed to a young lady. By Mrs. Chapone.",Hester Chapone,43,1786,1,1,"London : printed for J. Walter , Charing-Cross ; and C. Dilly, in the Poultry, M.DCC.LXXXVI. [1786].",London,255,female,1727,1801,True
0670002200_000004,"Letters on the improvement of the mind, addressed to a young lady. By Mrs. Chapone.",Hester Chapone,49,1793,1,1,"London : printed for J. Walter, at Homer's Head, Charing-Cross ; and C. Dilly, in the Poultry, MDCCXCIII. [1793].",London,255,female,1727,1801,True
0783300200_000022,"Essays on various subjects, principally designed for young ladies.",Hannah More,36,1778,1,1,"London : printed for J. Wilkie, in St. Paul's Church-Yard; and T. Cadell, in the Strand, MDCCLXXVIII. [1778].",London,221,female,1745,1833,True
0381500604_000028,"Tales of the castle: or, stories of instruction and delight. Being Les veillées du chateau, written in French by Madame la comtesse de Genlis, Author of the Theatre of Education, Adela and Theodore, &c. Translated into English by Thomas Holcroft. ...",Stéphanie Félicité du Crest de Saint-Aubin,46,1785,4,5,"London : printed for G. Robinson, No 25, Pater-Noster-Row, MDCCLXXXV. [1785].",London,281,female,1746,1830,True
0670002100_000036,"Letters on the improvement of the mind, addressed to a young lady. By Mrs. Chapone.",Hester Chapone,48,1787,1,1,"London : printed for J. Walter, Charing-Cross ; and C. Dilly, in the Poultry, M.DCC.LXXXVII. [1787].",London,244,female,1727,1801,True
0357400100_000053,Dialogues of the dead.,Elizabeth Montagu,42,1760,1,1,"London : printed [by Samuel Richardson] for W. Sandby, in Fleet-Street, M.DCC.LX. [1760].",London,332,female,1720,1800,False
0343200201_000004,"Religion considered as the only basis of happiness and of true philosophy. A work written for the instruction of the children of his most serene highness the Duke of Orleans; ... By Madame the Marchioness of Sillery, ... In two volumes.",Stéphanie Félicité du Crest de Saint-Aubin,46,1787,1,2,"Dublin : printed by William Porter, for H. Chamberlaine, White, Byrne, Colbert, W. Porter, and Moore, 1787.",Dublin,160,female,1746,1830,True
1269100800_000037,"Letters on the improvement of the mind, addressed to a young lady. By Mrs. Chapone.",Hester Chapone,49,1786,1,1,"London : printed for J. Walter , Charing-Cross ; and C. Dilly, in the Poultry, M.DCC.LXXXVI. [1786].",London,255,female,1727,1801,True
0343200102_000038,"Religion considered as the only basis of happiness, and of true philosophy. A work written for the instruction of the children of his Most Serene Highness the Duke of Orleans; And in which the Principles of modern pretended Philosophers are laid open and refuted. By Madame the Marchioness of Sillery, heretofore countess of genlis. In two volumes. ...",Stéphanie Félicité du Crest de Saint-Aubin,42,1787,2,2,"London : printed for T. Payne and Son, at the Mews Gate; T. Cadell, and P. Elmsly, in the Strand, M.DCC.LXXXVII. [1787].",London,295,female,1746,1830,True
0655300601_000007,Interesting memoirs. By a lady. In two volumes. ...,"Keir, Elizabeth",45,1785,1,2,"London : printed for A. Strahan, and T. Cadell In the Strand; J. Balfour, and W. Creech, Edinburgh, MDCCLXXXV. [1785].",London,253,female,,,False
0516700401_000013,"Translation of the letters of a Hindoo Rajah; written previous to, and during the period of his residence in England. To which is prefixed a preliminary dissertation on the History, Religion, and Manners, of the Hindoos. In two volumes. By Eliza Hamilton. ...",Elizabeth Hamilton,40,1797,1,2,"Dublin : printed for H. Colbert, No. 136, Capel-Street, 1797.",Dublin,183,female,1758,1816,False
0431500202_000037,"The world unmask'd: or, the Philosopher the greatest Cheat; in twenty-four dialogues. To which is added, The state of souls separated from their Bodies; Being an Epistolary Treatise, wherein is proved, by a Variety of Arguments, deduced from Holy Scripture, that the Punishments of the Wicked will not be Eternal; and all Objections against it solved. To which is prefix'd, A Large Introduction, evincing the same Truth from the Principles of Natural Religion. Translated from the French.",Marie Huber,57,1743,2,2,"London : printed for A. Millar, opposite to Katharine-Street in the Strand, M.DCC.XLIII. [1743].",London,300,female,1695,1753,False
0670002100_000034,"Letters on the improvement of the mind, addressed to a young lady. By Mrs. Chapone.",Hester Chapone,45,1787,1,1,"London : printed for J. Walter, Charing-Cross ; and C. Dilly, in the Poultry, M.DCC.LXXXVII. [1787].",London,244,female,1727,1801,True
0343200101_000034,"Religion considered as the only basis of happiness, and of true philosophy. A work written for the instruction of the children of his Most Serene Highness the Duke of Orleans; And in which the Principles of modern pretended Philosophers are laid open and refuted. By Madame the Marchioness of Sillery, heretofore countess of genlis. In two volumes. ...",Stéphanie Félicité du Crest de Saint-Aubin,44,1787,1,2,"London : printed for T. Payne and Son, at the Mews Gate; T. Cadell, and P. Elmsly, in the Strand, M.DCC.LXXXVII. [1787].",London,312,female,1746,1830,True
0613000400_000061,A treatise on the immutability of moral truth. By Catharine Macaulay Graham.,Catharine Macaulay,44,1783,1,1,"London : printed by A. Hamilton, jun. And sold by C. Dilly, Poultry ; G. Robinson, Paternoster Row ; T. Cadell, Strand ; T. Lewis, Covent-Garden ; J. Walter, Charing-Cross ; and R. Faulder, New Bond-Street, MDCCLXXXIII. [1783].",London,341,female,1731,1791,True
0343200102_000047,"Religion considered as the only basis of happiness, and of true philosophy. A work written for the instruction of the children of his Most Serene Highness the Duke of Orleans; And in which the Principles of modern pretended Philosophers are laid open and refuted. By Madame the Marchioness of Sillery, heretofore countess of genlis. In two volumes. ...",Stéphanie Félicité du Crest de Saint-Aubin,35,1787,2,2,"London : printed for T. Payne and Son, at the Mews Gate; T. Cadell, and P. Elmsly, in the Strand, M.DCC.LXXXVII. [1787].",London,295,female,1746,1830,True
0416000800_000012,"Female restoration, by a moral and physical vindication of female talents; in opposition to all dogmatical assertions relative to disparity in the sexes. Dedicated to her Majesty; and humbly addressed to the ladies of Great Britain and Ireland. By a lady.",Lady,51,1780,1,1,"London : sold only at Free-Masons coffee-house, Great Queen-Street, Lincoln's-Inn-Fields; and J. Macgowan's, No. 27, Paternoster-Row, M,DCC,LXXX. [1780].",London,71,female,,,False
0919300702_000026,Dialogues of the dead. In two volumes. ...,Elizabeth Montagu,41,1775,2,2,"London : printed for T. Pridden, Fleet Street, M.DCC.LXXV. [1775].",London,167,female,1720,1800,False
0296300701_000001,"A concise history of the Kingdoms of Israel and Judah; connected with the history or chief events of the neighbouring states and succeeding empires to the time of Christ, and the Establishment of the Gospel-Dispensation: Interspersed with Moral Reflections, Chronological References, and Occasional Remarks, Concerning the Fulfilment of the Prophecies: Particularly adapted to the Comprehension, and for the Improvement of Young Minds. By Ann Murry, Author of Mentoria. In two volumes. ...","Murry, Ann",46,1783,1,2,"London : printed by Frys and Couchman, Upper-Moorfields. For Charles Dilly, in the Poultry, M.DCC.LXXXIII. [1783].",London,398,female,,,False
0670002100_000035,"Letters on the improvement of the mind, addressed to a young lady. By Mrs. Chapone.",Hester Chapone,40,1787,1,1,"London : printed for J. Walter, Charing-Cross ; and C. Dilly, in the Poultry, M.DCC.LXXXVII. [1787].",London,244,female,1727,1801,True
0271300600_000016,"A packet for youth, or evidences of Christianity drawn from the mind. By a lady.","M. P., Lady",37,1799,1,1,"Hanley : printed and sold by Mort; also by Knott, Lombard Street, Chapman, Fleet Street, Heptinstall, Holborn, London, ---- Chester, Newcastle, ---- Jones, Birmingham, ---- Pritchard, Derby, ---- Smith, Sheffield, Boden, Manchester ; and may be had of all Booksellers, [1799].",Hanley,122,female,,,False
0343200102_000040,"Religion considered as the only basis of happiness, and of true philosophy. A work written for the instruction of the children of his Most Serene Highness the Duke of Orleans; And in which the Principles of modern pretended Philosophers are laid open and refuted. By Madame the Marchioness of Sillery, heretofore countess of genlis. In two volumes. ...",Stéphanie Félicité du Crest de Saint-Aubin,50,1787,2,2,"London : printed for T. Payne and Son, at the Mews Gate; T. Cadell, and P. Elmsly, in the Strand, M.DCC.LXXXVII. [1787].",London,295,female,1746,1830,True
0144100201_000003,The history of England from the accession of Iames I to the elevation of the House of Hanover. By Catharine Macaulay. Edit. III. ...,Catharine Macaulay,38,1769,1,5,"London : printed for Edward and Charles Dilly in the Poultry, MDCCLXIX. [1769]-72.",London,446,female,1731,1791,True
1427400101_000004,"Letters on the improvement of the mind, addressed to a young lady. In two volumes. By Mrs. Chapone.",Hester Chapone,43,1787,1,2,"London : printed for J. Walter, Charing-Cross; and C. Dilly, in the Poultry, MDCCLXXXVII. [1787].",London,208,female,1727,1801,True
0420902800_000004,"Rudiments of taste. In a series of letters, from a mother to her daughters. By the author of The life of Jacob.","Peddle, , Mrs",41,1789,1,1,"[London] : Printed for C. Dilly, in the Poultry, 1789.",London,172,female,,,False
0389702200_000019,Letters concerning the religion essential to man: as it is distinct from what is merely an accession to it. In two parts. Translated from the French.,Marie Huber,42,1761,1,1,"Glasgow : printed for Robert Urie, MDCCLXI. [1761].",Glasgow,250,female,1695,1753,False
0325100200_000036,"Letters on the improvement of the mind, addressed to a young lady. By Mrs. Chapone.",Hester Chapone,45,1793,1,1,"Edinburgh : printed for Silvester Doig, Royal-Echange, MDCCXCIII. [1793] [1794?].",Edinburgh,215,female,1727,1801,True
0885600600_000035,"Letters on the improvement of the mind, addressed to a young lady. By Mrs. Chapone.",Hester Chapone,43,1777,1,1,"London : printed for J. Walter, at Homer's Head, Charing-Cross; and E. and C. Dilly, in the Poultry, MDCCLXXVII. [1777].",London,248,female,1727,1801,True
1342900100_000005,"Rudiments of taste. In a series of letters, from a mother to her daughters. By the Author of the life of Jacob.","Peddle, M, Mrs",38,1790,1,1,"Dublin : Printed for H. Chamberlaine, P. Byrne, J. Moore, J. Jones, Grueber and M'Allister, and W. Jones, MDCCXC. [1790].",Dublin,70,female,,,False
0343200101_000004,"Religion considered as the only basis of happiness, and of true philosophy. A work written for the instruction of the children of his Most Serene Highness the Duke of Orleans; And in which the Principles of modern pretended Philosophers are laid open and refuted. By Madame the Marchioness of Sillery, heretofore countess of genlis. In two volumes. ...",Stéphanie Félicité du Crest de Saint-Aubin,48,1787,1,2,"London : printed for T. Payne and Son, at the Mews Gate; T. Cadell, and P. Elmsly, in the Strand, M.DCC.LXXXVII. [1787].",London,312,female,1746,1830,True
0474103100_000023,"A vindication of the rights of men, in a letter to the Right Honourable Edmund Burke; occasioned by his Reflections on the Revolution in France. By Mary Wollstonecraft.",Mary Wollstonecraft,40,1790,1,1,"London : printed for J. Johnson, No. 72, St. Paul's Church-Yard, M.DCC.XC. [1790].",London,162,female,1759,1797,True
0603100601_000036,"Letters from the Duchess de Crui and others, on subjects moral and entertaining. Wherein the character of the female sex, with their rank, importance, and consequence, is stated, and their relative duties in life are enforced. By Lady Mary Walker. The Third Edition corrected, ...",Mary Walker,40,1779,1,2,"Dublin : printed for S. Price, W. and H. Whitestone, R. Fitzsimons, T. Wilkinson. J. Williams, W. Colles, W. Wilson, C. Jenkin, T. Walker, E. Cross, R. Moncrieffe, P. Higly, E. Mackelrath, J. Exshaw, J. Beatty, C. Talbot, J. Parker, and J. Norman, MDCCLXXIX. [1779].",Dublin,293,female,1736,,False
0343200202_000027,"Religion considered as the only basis of happiness and of true philosophy. A work written for the instruction of the children of his most serene highness the Duke of Orleans; ... By Madame the Marchioness of Sillery, ... In two volumes.",Stéphanie Félicité du Crest de Saint-Aubin,47,1787,2,2,"Dublin : printed by William Porter, for H. Chamberlaine, White, Byrne, Colbert, W. Porter, and Moore, 1787.",Dublin,151,female,1746,1830,True
0603100601_000041,"Letters from the Duchess de Crui and others, on subjects moral and entertaining. Wherein the character of the female sex, with their rank, importance, and consequence, is stated, and their relative duties in life are enforced. By Lady Mary Walker. The Third Edition corrected, ...",Mary Walker,39,1779,1,2,"Dublin : printed for S. Price, W. and H. Whitestone, R. Fitzsimons, T. Wilkinson. J. Williams, W. Colles, W. Wilson, C. Jenkin, T. Walker, E. Cross, R. Moncrieffe, P. Higly, E. Mackelrath, J. Exshaw, J. Beatty, C. Talbot, J. Parker, and J. Norman, MDCCLXXIX. [1779].",Dublin,293,female,1736,,False
1164100801_000044,Strictures on the modern system of female education. with a view of the principles and conduct prevalent among women of rank and fortune. By Hannah More. In two volumes. ...,Hannah More,53,1800,1,2,"London : printed by A. Strahan, Printers Street, for T. Cadell jun. and W. Davies, Strand, 1800.",London,359,female,1745,1833,True
0343200101_000033,"Religion considered as the only basis of happiness, and of true philosophy. A work written for the instruction of the children of his Most Serene Highness the Duke of Orleans; And in which the Principles of modern pretended Philosophers are laid open and refuted. By Madame the Marchioness of Sillery, heretofore countess of genlis. In two volumes. ...",Stéphanie Félicité du Crest de Saint-Aubin,37,1787,1,2,"London : printed for T. Payne and Son, at the Mews Gate; T. Cadell, and P. Elmsly, in the Strand, M.DCC.LXXXVII. [1787].",London,312,female,1746,1830,True
0355800104_000004,"Tales of the castle: or, stories of instruction and delight. Being Les veillées du chateau, written in French by Madame la Comtesse de Genlis, Author of the Theatre of Education, Adela and Theodore, &c. Translated into English by Thomas Holcroft. ...",Stéphanie Félicité du Crest de Saint-Aubin,48,1785,4,4,"Dublin : printed for Messrs. Price, Moncrieffe, Jenkin, Walker, Burton, Exshaw, White, Byrne, Parker, H. White-Stone, and Cash, MDCCLXXXV. [1785].",Dublin,285,female,1746,1830,True
1073100104_000007,"Letters from the Duchess de Crui and others, on subjects moral and entertaining, wherein the character of the female sex, with their rank, importance, and consequence, is stated, and their relative duties in life are enforced. By Lady Mary Walker. ...",Mary Walker,40,1777,4,5,"London : printed for Robson, New Bond-Street; Walter, Charing-Cross; and Robinson, Pater-Noster-Row, MDCCLXXVII. [1777].",London,199,female,1736,,False
0613000400_000006,A treatise on the immutability of moral truth. By Catharine Macaulay Graham.,Catharine Macaulay,51,1783,1,1,"London : printed by A. Hamilton, jun. And sold by C. Dilly, Poultry ; G. Robinson, Paternoster Row ; T. Cadell, Strand ; T. Lewis, Covent-Garden ; J. Walter, Charing-Cross ; and R. Faulder, New Bond-Street, MDCCLXXXIII. [1783].",London,341,female,1731,1791,True
0613000400_000015,A treatise on the immutability of moral truth. By Catharine Macaulay Graham.,Catharine Macaulay,36,1783,1,1,"London : printed by A. Hamilton, jun. And sold by C. Dilly, Poultry ; G. Robinson, Paternoster Row ; T. Cadell, Strand ; T. Lewis, Covent-Garden ; J. Walter, Charing-Cross ; and R. Faulder, New Bond-Street, MDCCLXXXIII. [1783].",London,341,female,1731,1791,True
0392000800_000056,"Dialogues of the dead. The fourth edition, corrected. To which are added four new dialogues.",Elizabeth Montagu,39,1765,1,1,"London : printed for W. Sandby, in Fleet-Street, M.DCC.LXV. [1765].",London,421,female,1720,1800,False
0229600701_000067,"La belle assemblée: or, the adventures of twelve days. Being a curious collection of remarkable incidents which happen'd to some of the first quality in France. Written in French for the entertainment of the King, and dedicated to him, By Madam de Gomez. In two volumes.",Madeleine Angélique Poisson Gomez,41,1740,1,3,"Dublin : printed by M. Rhames. For R. Gunne, in Caple-Street, G. Risk, G. Ewing, W. Smith, and T. Moore, Bookseller, in Dame Street, MDCCXL. [1740].",Dublin,285,female,1684,1770,False
0510800900_000001,"A compendious system of astronomy, in a course of familiar lectures, In which the Principles of that Science are clearly elucidated, so as to be intelligible to those who have not studied the Mathematics: also trigonometrical and celestial problems, with a key to the ephemeris, and a vocabulary of the terms of science Used In The Lectures, Which latter are explained agreeably to their Application in them. By Margaret Bryan.","Bryan, Margaret           1815",42,1799,1,1,"London : printed, by H.L. Galabin, Ingram-Court, Fenchurch-Street, for J. Wallis, NO. 46, and Wynne and Scholey, NO. 45, Paternoster-Row, 1799.",London,466,female,,,False
0343200102_000002,"Religion considered as the only basis of happiness, and of true philosophy. A work written for the instruction of the children of his Most Serene Highness the Duke of Orleans; And in which the Principles of modern pretended Philosophers are laid open and refuted. By Madame the Marchioness of Sillery, heretofore countess of genlis. In two volumes. ...",Stéphanie Félicité du Crest de Saint-Aubin,38,1787,2,2,"London : printed for T. Payne and Son, at the Mews Gate; T. Cadell, and P. Elmsly, in the Strand, M.DCC.LXXXVII. [1787].",London,295,female,1746,1830,True
0351900700_000011,"Letters for literary ladies. To which is added, an essay on the noble science of self-justification. The second edition, corrected and much enlarged. By Maria Edgeworth, author of practical education, and the parents' assistant.",Maria Edgeworth,38,1799,1,1,"London : printed for J. Johnson, in St. Paul's Church-Yard, 1799.",London,243,female,1767,1849,True
0343200201_000003,"Religion considered as the only basis of happiness and of true philosophy. A work written for the instruction of the children of his most serene highness the Duke of Orleans; ... By Madame the Marchioness of Sillery, ... In two volumes.",Stéphanie Félicité du Crest de Saint-Aubin,43,1787,1,2,"Dublin : printed by William Porter, for H. Chamberlaine, White, Byrne, Colbert, W. Porter, and Moore, 1787.",Dublin,160,female,1746,1830,True
0031801000_000036,"The world unmask'd: or, the Philosopher the greatest Cheat; in twenty-four dialogues Between Crito a Philosopher, Philo a Lawyer, and Erastus a Merchant. In which True Virtue is distinguished from what usually bears the Name or Resemblance of it: The many Prejudices and Mistakes in Judgment and Practice, in regard to conscience and religion, are examined and rectified: And the Value of truth is shewn; with the Reasons why it is not more generally known. To which is added, The state of Souls separated from their Bodies: Being an Epistolary Treatise, wherein is proved, by a Variety of Arguments, deduced from Holy Scripture, that the Punishments of the Wicked will not be Eternal; and all Objections against it solved. In Answer to a Treatise, entitled, An Enquiry into Origenism. Together with A Large Introduction, evincing the same Truth from the Principles of Natural Religion. Translated from the French.",Marie Huber,62,1736,1,1,"London : printed for A. Millar, over-against St. Clement's Church in the Strand, MDCCXXXVI. [1736].",London,455,female,1695,1753,False
0144600101_000092,The history of England from the accession of James I. to that of the Brunswick line. ... By Catherine Macaulay.,Catharine Macaulay,31,1763,1,8,"London : printed for J. Nourse; R. and J. Dodsley; and W. Johnston, 1763-83.",London,457,female,1731,1791,True
0463801700_000004,"The grand instructions to the commissioners appointed to frame a new code of laws for the Russian Empire: composed by Her Imperial Majesty Catherine II. Empress of all the Russias. To which is prefixed, a description of the manner of opening the commission, with the orde and rules for electing the commissioners. Translated from the original, in the Russian language, by Michael Tatischeff, a Russian Gentleman; And published by Permission.",Russia. Sovereign (1762-1796: Catherine II),45,1768,1,1,"London : printed for T. Jefferys, at the Corner of St. Martin's Lane, Charing-Cross, MDCCLXVIII. [1768].",London,278,female,,,False
0684700402_000070,"Lessons of a governess to her pupils. Or, journal of the method adopted by Madame de Sillery-Brulart, (formerly Countess de Genlis) in the education of the children of M. D'Orleans, First Prince of the Blood-Royal. Published by herself. Translated from the French. Vol I.",Stéphanie Félicité du Crest de Saint-Aubin,40,1793,2,2,"Dublin : printed for Messrs. P. Wogan, P. Byrne, A. Grueber, W. Mc.Kenzie, J. Moore, J. Jones, W. Jones, R. Mc. Allister, H. Colbert, and J. Rice, M.DCC.XCIII. [1793].",Dublin,294,female,1746,1830,True
0191300102_000026,"Letters from the Duchess de Crui and others, on subjects moral and entertaining, wherein the character of the female sex, with their rank, importance, and consequence, is stated, and their relative duties in life are enforced. By a lady. ...",Mary Walker,52,1776,2,5,"London : printed for Robson, New Bond-Street; Walter, Charing-Cross; and Robinson, Pater-Noster Row, MDCCLXXVI. [1776].",London,243,female,1736,,False
1436700900_000004,"Letters on the improvement of the mind, addressed to a young lady. By Mrs. Chapone.",Hester Chapone,47,1778,1,1,"London : Printed for J. Walter, at Homer's Head, Charing Cross; and E. and C. Dilly, in the Poultry, MDCCLXXVIII. [1778].",London,247,female,1727,1801,True
1128800300_000004,"Maxims, characters, and reflections, critical, satirical, and moral.",Frances Greville,56,1768,1,1,"London : printed for T. Cadell (successor to Mr. Millar) in the Strand, MDCCLXVIII. [1768].",London,260,female,1730,1789,False
0772700401_000004,"Letters on the improvement of the mind. Addressed to a young lady. To which are added, miscellanies in prose and verse. By Mrs. Chapone. The third edition. ...",Hester Chapone,47,1777,1,2,"Dublin : printed for the United Company of Booksellers, M.DCC.LXXVII. [1777].",Dublin,129,female,1727,1801,True
0164301100_000008,"Reflections upon the education of children in charity schools; with the outlines of a plan of appropriate instruction for the children of the poor; submitted to the consideration of the patrons of schools of every denomination, supported by charity. By Mrs. Trimmer.",Sarah Trimmer,57,1792,1,1,"London : printed for T. Longman, Paternoster-Row; and J. and F. Rivington, St. Paul's Church-Yard, M.DCC.XCII. [1792].",London,57,female,1741,1810,True
1336200100_000004,"Letters on the improvement of the mind, addressed to a young lady. By Mrs. Chapone.",Hester Chapone,44,1793,1,1,"Dundee : Printed for George Milln, Bookseller, MDCCXCIII. [1793].",Dundee,218,female,1727,1801,True
0315000601_000004,"Letters on the improvement of the mind, addressed to a young lady. In two volumes. By Mrs. Chapone. ...",Hester Chapone,46,1774,1,2,"London : printed by H. Hughs, for J. Walter. at Homer's Head, Charing-Cross, MDCCLXXIV. [1774].",London,207,female,1727,1801,True
0420902800_000016,"Rudiments of taste. In a series of letters, from a mother to her daughters. By the author of The life of Jacob.","Peddle, , Mrs",51,1789,1,1,"[London] : Printed for C. Dilly, in the Poultry, 1789.",London,172,female,,,False
0343200102_000009,"Religion considered as the only basis of happiness, and of true philosophy. A work written for the instruction of the children of his Most Serene Highness the Duke of Orleans; And in which the Principles of modern pretended Philosophers are laid open and refuted. By Madame the Marchioness of Sillery, heretofore countess of genlis. In two volumes. ...",Stéphanie Félicité du Crest de Saint-Aubin,43,1787,2,2,"London : printed for T. Payne and Son, at the Mews Gate; T. Cadell, and P. Elmsly, in the Strand, M.DCC.LXXXVII. [1787].",London,295,female,1746,1830,True
0435002700_000084,"The world unmask'd; or, the philosopher the greatest cheat; in twenty-four dialogues. A new edition. Translated from the French.",Marie Huber,51,1786,1,1,"London : printed and sold by J. Phillips, George-Yard, Lombard-Street, M.DCC.LXXXVI. [1786].",London,369,female,1695,1753,False
0478901803_000004,Memoirs of the Marchioness de Louvoi. In letters. By a lady. In three volumes. ...,Mary Walker,40,1777,3,3,"London : printed for Robson; Walter; and Robinson, 1777.",London,190,female,1736,,False
0419801700_000026,"Essays on various subjects, principally designed for young ladies.",Hannah More,40,1791,1,1,"London : printed for T. Cadell, in the Strand, MDCCXCI. [1791].",London,222,female,1745,1833,True
0217701400_000054,A vindication of the rights of woman: with strictures on political and moral subjects. By Mary Wollstonecraft.,Mary Wollstonecraft,39,1793,1,1,"Dublin : printed by J. Stockdale, for James Moore, No. 45, College-Green, 1793.",Dublin,269,female,1759,1797,True
0670002200_000034,"Letters on the improvement of the mind, addressed to a young lady. By Mrs. Chapone.",Hester Chapone,42,1793,1,1,"London : printed for J. Walter, at Homer's Head, Charing-Cross ; and C. Dilly, in the Poultry, MDCCXCIII. [1793].",London,255,female,1727,1801,True
1768300200_000053,Dialogues of the dead.,Elizabeth Montagu,41,1760,1,1,"London : printed for W. Sandby, 1760.",London,330,female,1718,1800,False
1293400502_000015,"Letters on the improvement of the mind, addressed to a young lady. In two volumes. By Mrs. Chapone. ...",Hester Chapone,43,1783,2,2,"London : printed for J. Walter, Charing-Cross; and C. Dilly, in the Poultry, MDCCLXXXIII. [1783].",London,231,female,1727,1801,True
0191300104_000007,"Letters from the Duchess de Crui and others, on subjects moral and entertaining, wherein the character of the female sex, with their rank, importance, and consequence, is stated, and their relative duties in life are enforced. By a lady. ...",Mary Walker,38,1776,4,5,"London : printed for Robson, New Bond-Street; Walter, Charing-Cross; and Robinson, Pater-Noster Row, MDCCLXXVI. [1776].",London,224,female,1736,,False
0381401000_000054,Dialogues of the dead.,Elizabeth Montagu,41,1760,1,1,"Dublin : printed by Oli. Nelson, in Skinner-Row, M,DCC,LX. [1760].",Dublin,335,female,1720,1800,False
0670002200_000035,"Letters on the improvement of the mind, addressed to a young lady. By Mrs. Chapone.",Hester Chapone,40,1793,1,1,"London : printed for J. Walter, at Homer's Head, Charing-Cross ; and C. Dilly, in the Poultry, MDCCXCIII. [1793].",London,255,female,1727,1801,True
0325100200_000004,"Letters on the improvement of the mind, addressed to a young lady. By Mrs. Chapone.",Hester Chapone,45,1793,1,1,"Edinburgh : printed for Silvester Doig, Royal-Echange, MDCCXCIII. [1793] [1794?].",Edinburgh,215,female,1727,1801,True
0710500500_000017,"Maxims, characters, and reflections, critical, satyrical, and moral.",Frances Greville,41,1757,1,1,"London : printed for J. and R. Tonson in the Strand, MDCCLVII. [1757].",London,261,female,1730,1789,False
1174600400_000006,Essays upon several subjects in prose and verse. Written by the Lady Chudleigh.,Lady Mary Chudleigh,41,1710,1,1,"London : printed by T.H. for R. Bonwicke, W. Freeman, T. Goodwin, J. Walthoe, M. Wotton, S. Manship, J. Nicholson, R. Parker, B. Tooke, and R. Smith, MDCCX. [1710].",London,257,female,1656,1710,False
0343200202_000049,"Religion considered as the only basis of happiness and of true philosophy. A work written for the instruction of the children of his most serene highness the Duke of Orleans; ... By Madame the Marchioness of Sillery, ... In two volumes.",Stéphanie Félicité du Crest de Saint-Aubin,48,1787,2,2,"Dublin : printed by William Porter, for H. Chamberlaine, White, Byrne, Colbert, W. Porter, and Moore, 1787.",Dublin,151,female,1746,1830,True
0710500500_000004,"Maxims, characters, and reflections, critical, satyrical, and moral.",Frances Greville,55,1757,1,1,"London : printed for J. and R. Tonson in the Strand, MDCCLVII. [1757].",London,261,female,1730,1789,False
0645800102_000017,The history of Portia. Written by a lady. ...,Lady,35,1759,2,2,"London : printed for R. Withy, at the Dunciad in Cornhill; J. Pottinger, in Great Turnstile, Holborn; J. Wilkie, in St. Paul's Church-Yard; and J. Cooke, in Queen-Street, May-Fair, MDCCLIX. [1759].",London,249,female,,,False
0309800402_000057,"A residence in France, during the years 1792, 1793, 1794, and 1795; described in a series of letters from an English lady: with general and incidental remarks on the French character and manners. Prepared for the press by John Gifford, Esq. Author of the History of France, Letter to Lord Lauderdale, Letter to the Hon. T. Erskine, &c. In two volumes.",English Lady,32,1797,2,2,"London : printed for T. N. Longman, Paternoster Row, 1797.",London,493,female,,,False
0617501500_000098,Letters on education. With observations on religious and metaphysical subjects. By Catherine Macaulay Graham.,Catharine Macaulay,40,1790,1,1,"Dublin : printed for H. Chamberlaine and Rice, L. White, W. Mc. Kenzie, J. Moore, Grueber and Mc. Allister, [and 2 others in Dublin], 1790.",Dublin,336,female,1731,1791,True
0343200102_000023,"Religion considered as the only basis of happiness, and of true philosophy. A work written for the instruction of the children of his Most Serene Highness the Duke of Orleans; And in which the Principles of modern pretended Philosophers are laid open and refuted. By Madame the Marchioness of Sillery, heretofore countess of genlis. In two volumes. ...",Stéphanie Félicité du Crest de Saint-Aubin,33,1787,2,2,"London : printed for T. Payne and Son, at the Mews Gate; T. Cadell, and P. Elmsly, in the Strand, M.DCC.LXXXVII. [1787].",London,295,female,1746,1830,True
0066000300_000011,"Letters for literary ladies. To which is added, an essay on the noble science of self-justification.",Maria Edgeworth,36,1799,1,1,"London : printed for J. Johnson, in St. Paul's Church-Yard, M.DCC.XCIX. [1799].",London,243,female,1767,1849,True
0326900901_000008,"Letters on the improvement of the mind, addressed to a young lady. In two volumes. By Mrs. Chapone.",Hester Chapone,42,1775,1,2,"London : printed for J. Walter; and E. and C. Dilly, 1775.",London,208,female,1727,1801,True
0325001402_000014,"Letters on the improvement of the mind, addressed to a young lady. In two volumes. By Mrs. Chapone. The Fourth Edition. ...",Hester Chapone,41,1774,2,2,"London : printed by H. Hughs, for J. Walter, at Homer's Head, Charing-Cross, MDCCLXXIV. [1774].",London,231,female,1727,1801,True
0488700101_000002,Strictures on the modern system of female education. ... By Hannah More. In two volumes. ...,Hannah More,41,1799,1,2,"London : printed for T. Cadell Jun. and W. Davies, 1799.",London,295,female,1745,1833,True
0356700204_000012,"A series of genuine letters, between Henry and Frances. Accepit famam, nec minus illa dedit. ...",Elizabeth Griffith,39,1786,4,6,"London : printed (by assignment from E. Johnston) for J. Bew, Pater-Noster-Row, MDCCLXXXVI. [1786].",London,289,female,1720,1793,True
0615100601_000001,The morality of Shakespeare's drama illustrated. In two volumes. ... By Mrs. Griffith.,Elizabeth Griffith,40,1777,1,2,"Dublin : printed for J. Beatty, 1777.",Dublin,305,female,1720,1793,True
0617501500_000078,Letters on education. With observations on religious and metaphysical subjects. By Catherine Macaulay Graham.,Catharine Macaulay,54,1790,1,1,"Dublin : printed for H. Chamberlaine and Rice, L. White, W. Mc. Kenzie, J. Moore, Grueber and Mc. Allister, [and 2 others in Dublin], 1790.",Dublin,336,female,1731,1791,True
0086100202_000057,"A residence in France, during the years 1792, 1793, 1794, and 1795; described in a series of letters from an English lady: with general and incidental remarks on the French character and manners. Prepared for the press by John Gifford, Esq. Author of the History of France, Letter to Lord Lauderdale, Letter to the Hon. T. Erskine, &c. In two volumes. ...",English Lady,32,1797,2,2,"London : printed for T. N. Longman, Paternoster Row, 1797.",London,495,female,,,False
0954500400_000024,"The progress of a female mind, in some interesting enquiries. Containing, I. A Soliloquy. II. A Letter to a Jew, on the Evidences of Revelation. III. A Letter to a Christian Divine on the Gospel System; with some References to a late Free Enquirer. IV. A Remark on the Importance of the Hebrew Language. By a lady.",Lady,50,1764,1,1,"London : printed for A. and C. Corbett, opposite St. Dunstan's Church, Fleet-Street, MDCCLXIV. [1764].",London,94,female,,,False
0795700600_000022,The works of Miss Hannah More in prose and verse.,Hannah More,30,1778,1,1,"Cork : printed by Thomas White, opposite the exchange, M,DCC,LXXVIII. [1778].",Cork,406,female,1745,1833,True
1164100801_000002,Strictures on the modern system of female education. with a view of the principles and conduct prevalent among women of rank and fortune. By Hannah More. In two volumes. ...,Hannah More,39,1800,1,2,"London : printed by A. Strahan, Printers Street, for T. Cadell jun. and W. Davies, Strand, 1800.",London,359,female,1745,1833,True
0393201000_000023,"Instructions for a young lady, in every sphere and period of life. Containing, A mother's advice to her daughters. Two letters to a Lady, upon the subject of religion; by a Clergyman. A letter to a young Lady on her Marriage, and, An Epistle upon the Cultivation of Taste.",Sarah Pennington,42,1762,1,1,"Edinburgh : printed by A. Donaldson and J. Reid. For Alex. Donaldson, MDCCLXII. [1762].",Edinburgh,244,female,1720,1783,True
0586000501_000002,Strictures on the modern system of female education. ... By Hannah More. In two volumes. ...,Hannah More,42,1799,1,2,"London : printed for T. Cadell. jun. and W. Davies, 1799.",London,310,female,1745,1833,True
0035201100_000035,"Letters and essays, moral, and miscellaneous. By Mary Hays.",Mary Hays,39,1793,1,1,"London : printed for T. Knott, No. 47, Lombard-Street, MDCCXCIII. [1793].",London,271,female,1759,1843,True
0343200202_000023,"Religion considered as the only basis of happiness and of true philosophy. A work written for the instruction of the children of his most serene highness the Duke of Orleans; ... By Madame the Marchioness of Sillery, ... In two volumes.",Stéphanie Félicité du Crest de Saint-Aubin,36,1787,2,2,"Dublin : printed by William Porter, for H. Chamberlaine, White, Byrne, Colbert, W. Porter, and Moore, 1787.",Dublin,151,female,1746,1830,True
0954500400_000009,"The progress of a female mind, in some interesting enquiries. Containing, I. A Soliloquy. II. A Letter to a Jew, on the Evidences of Revelation. III. A Letter to a Christian Divine on the Gospel System; with some References to a late Free Enquirer. IV. A Remark on the Importance of the Hebrew Language. By a lady.",Lady,37,1764,1,1,"London : printed for A. and C. Corbett, opposite St. Dunstan's Church, Fleet-Street, MDCCLXIV. [1764].",London,94,female,,,False
1293400502_000014,"Letters on the improvement of the mind, addressed to a young lady. In two volumes. By Mrs. Chapone. ...",Hester Chapone,43,1783,2,2,"London : printed for J. Walter, Charing-Cross; and C. Dilly, in the Poultry, MDCCLXXXIII. [1783].",London,231,female,1727,1801,True
0458500202_000013,"Letters on different subjects, in four volumes; amongst which are interspers'd The adventures of Alphonso, after the destruction of Lisbon. By the author of The unfortunate mother's advice to her absent daughters. The second edition. Vol. I.",Sarah Pennington,47,1767,2,2,"London : to be had by the subscribers of those booksellers to whom they have subscribed, and at W. Bristow's, at his house in Roll's Buildings, Fetter-Lane, M.DCCLXVII. [1767].",London,198,female,1720,1783,True
0442700201_000053,"Marcus Flaminius; or, a view of the military, political, and social life of the Romans: in a series of letters from a patrician to his friend; in the Year DCC.LXII from the Foundation of Rome, to the Year DCC.LXIX. By E. Cornelia Knight. In two volumes. ...",Cornelia Knight,29,1792,1,2,"London : printed for C. Dilly, in the Poultry, M.DCC.XCII. [1792].",London,411,female,1757,1837,False
0346301201_000049,A series of genuine letters between Henry and Frances.,Elizabeth Griffith,45,1770,1,4,"London : [s.n.], Printed in the Year MDCCLXX. [1770].",London,286,female,1720,1793,True
0108701400_000026,"A discourse, proving, that the faith and practice of true Christians, are no just matter of shame or reproach. Being eight sermons preached at the cathedral church of St. Paul, in the year 1709, at the lecture founded by the Honourable Robert Boyle, Esq;. By Lilly Butler , D. D. Minister of St. Mary Aldermanbury.","Butler, Lilly",53,1711,1,1,"London : printed for Brabazon Aylmer, at the Three Pigeons against the Royal Exchange in Cornhill, 1711.",London,217,female,,,False
1073100102_000010,"Letters from the Duchess de Crui and others, on subjects moral and entertaining, wherein the character of the female sex, with their rank, importance, and consequence, is stated, and their relative duties in life are enforced. By Lady Mary Walker. ...",Mary Walker,43,1777,2,5,"London : printed for Robson, New Bond-Street; Walter, Charing-Cross; and Robinson, Pater-Noster-Row, MDCCLXXVII. [1777].",London,222,female,1736,,False
0516000102_000018,Edward and Sophia. A novel. In two volumes. By a lady. ...,Lady,37,1787,2,2,"[London] : Printed for William Lane Leadenhall-Street, 1787.",London,276,female,,,False
0343200201_000023,"Religion considered as the only basis of happiness and of true philosophy. A work written for the instruction of the children of his most serene highness the Duke of Orleans; ... By Madame the Marchioness of Sillery, ... In two volumes.",Stéphanie Félicité du Crest de Saint-Aubin,41,1787,1,2,"Dublin : printed by William Porter, for H. Chamberlaine, White, Byrne, Colbert, W. Porter, and Moore, 1787.",Dublin,160,female,1746,1830,True
0617501500_000074,Letters on education. With observations on religious and metaphysical subjects. By Catherine Macaulay Graham.,Catharine Macaulay,46,1790,1,1,"Dublin : printed for H. Chamberlaine and Rice, L. White, W. Mc. Kenzie, J. Moore, Grueber and Mc. Allister, [and 2 others in Dublin], 1790.",Dublin,336,female,1731,1791,True
1118001101_000002,Strictures on the modern system of female education. With a view of the principles and conduct prevalent among women of rank and fortune. By Hannah More. In two volumes. ...,Hannah More,39,1799,1,2,"London : printed by A. Strahan, Printers Street, for T. Cadell jun. and W. Davies, Strand, 1799.",London,323,female,1745,1833,True
0343200202_000001,"Religion considered as the only basis of happiness and of true philosophy. A work written for the instruction of the children of his most serene highness the Duke of Orleans; ... By Madame the Marchioness of Sillery, ... In two volumes.",Stéphanie Félicité du Crest de Saint-Aubin,35,1787,2,2,"Dublin : printed by William Porter, for H. Chamberlaine, White, Byrne, Colbert, W. Porter, and Moore, 1787.",Dublin,151,female,1746,1830,True
0510800900_000048,"A compendious system of astronomy, in a course of familiar lectures, In which the Principles of that Science are clearly elucidated, so as to be intelligible to those who have not studied the Mathematics: also trigonometrical and celestial problems, with a key to the ephemeris, and a vocabulary of the terms of science Used In The Lectures, Which latter are explained agreeably to their Application in them. By Margaret Bryan.","Bryan, Margaret           1815",44,1799,1,1,"London : printed, by H.L. Galabin, Ingram-Court, Fenchurch-Street, for J. Wallis, NO. 46, and Wynne and Scholey, NO. 45, Paternoster-Row, 1799.",London,466,female,,,False
0488700101_000028,Strictures on the modern system of female education. ... By Hannah More. In two volumes. ...,Hannah More,44,1799,1,2,"London : printed for T. Cadell Jun. and W. Davies, 1799.",London,295,female,1745,1833,True
0617501500_000003,Letters on education. With observations on religious and metaphysical subjects. By Catherine Macaulay Graham.,Catharine Macaulay,48,1790,1,1,"Dublin : printed for H. Chamberlaine and Rice, L. White, W. Mc. Kenzie, J. Moore, Grueber and Mc. Allister, [and 2 others in Dublin], 1790.",Dublin,336,female,1731,1791,True
0271300600_000014,"A packet for youth, or evidences of Christianity drawn from the mind. By a lady.","M. P., Lady",41,1799,1,1,"Hanley : printed and sold by Mort; also by Knott, Lombard Street, Chapman, Fleet Street, Heptinstall, Holborn, London, ---- Chester, Newcastle, ---- Jones, Birmingham, ---- Pritchard, Derby, ---- Smith, Sheffield, Boden, Manchester ; and may be had of all Booksellers, [1799].",Hanley,122,female,,,False
0367600200_000005,"A new method of instruction for children from five to ten years old, Including Moral Dialogues, The Children's Island, A Tale, Thoughts And Maxims, Models Of Composition In Writing, For Children Ten OR Twelve Years Old, And A New Method Of Teaching Children To Draw. Translated from the French of Madame de Genlis.",Stéphanie Félicité du Crest de Saint-Aubin,42,1800,1,1,"Dublin : printed by William Porter, for P. Wogan, W. Porter, and T. Jackson, 1800.",Dublin,256,female,1746,1830,True
0954500400_000005,"The progress of a female mind, in some interesting enquiries. Containing, I. A Soliloquy. II. A Letter to a Jew, on the Evidences of Revelation. III. A Letter to a Christian Divine on the Gospel System; with some References to a late Free Enquirer. IV. A Remark on the Importance of the Hebrew Language. By a lady.",Lady,49,1764,1,1,"London : printed for A. and C. Corbett, opposite St. Dunstan's Church, Fleet-Street, MDCCLXIV. [1764].",London,94,female,,,False
0670002200_000036,"Letters on the improvement of the mind, addressed to a young lady. By Mrs. Chapone.",Hester Chapone,46,1793,1,1,"London : printed for J. Walter, at Homer's Head, Charing-Cross ; and C. Dilly, in the Poultry, MDCCXCIII. [1793].",London,255,female,1727,1801,True
0398200401_000002,"Familiar letters between the principal characters in David Simple, and some others. To which is added, A vision. By the author of David Simple. In two volumes. ...",Sarah Fielding,51,1747,1,2,"London : printed for the author: and sold by A. Millar, 1747.",London,351,female,1710,1768,True
1700500400_000036,"The works of Mrs. Chapone, adressed to a young lady.",Hester Chapone,43,1793,1,1,"London : Printed for J. Warlters, MDCCXCIII. [1793].",London,312,female,1727,1801,True
0622500502_000042,The romance of the forest. Interspersed with some pieces of poetry. By Mrs. Ratcliffe [sic]. ... In two volumes. ...,Ann Radcliffe,32,1800,2,2,"Dublin : printed by J. Stockdale for Pat. Wogan, 1800-01.",Dublin,273,female,1764,1823,True
0645800101_000037,The history of Portia. Written by a lady. ...,Lady,36,1759,1,2,"London : printed for R. Withy, at the Dunciad in Cornhill; J. Pottinger, in Great Turnstile, Holborn; J. Wilkie, in St. Paul's Church-Yard; and J. Cooke, in Queen-Street, May-Fair, MDCCLIX. [1759].",London,252,female,,,False
0516700401_000005,"Translation of the letters of a Hindoo Rajah; written previous to, and during the period of his residence in England. To which is prefixed a preliminary dissertation on the History, Religion, and Manners, of the Hindoos. In two volumes. By Eliza Hamilton. ...",Elizabeth Hamilton,32,1797,1,2,"Dublin : printed for H. Colbert, No. 136, Capel-Street, 1797.",Dublin,183,female,1758,1816,False
0419801700_000022,"Essays on various subjects, principally designed for young ladies.",Hannah More,38,1791,1,1,"London : printed for T. Cadell, in the Strand, MDCCXCI. [1791].",London,222,female,1745,1833,True
0032700401_000021,"Translation of the letters of a Hindoo Rajah; written previous to, and during the period of his residence in England. To which is prefixed a preliminary dissertation on the history, religion, and manners, of the Hindoos. In two volumes. By Eliza Hamilton, ...",Elizabeth Hamilton,38,1796,1,2,"London : printed for G.G. and J. Robinson, No. 25, Paternoster Row, 1796.",London,341,female,1758,1816,False
0343200101_000047,"Religion considered as the only basis of happiness, and of true philosophy. A work written for the instruction of the children of his Most Serene Highness the Duke of Orleans; And in which the Principles of modern pretended Philosophers are laid open and refuted. By Madame the Marchioness of Sillery, heretofore countess of genlis. In two volumes. ...",Stéphanie Félicité du Crest de Saint-Aubin,34,1787,1,2,"London : printed for T. Payne and Son, at the Mews Gate; T. Cadell, and P. Elmsly, in the Strand, M.DCC.LXXXVII. [1787].",London,312,female,1746,1830,True
0164000800_000007,The female advocate; a poem. Occasioned by reading Mr. Duncombe's Feminead. By Miss Scott.,"Scott, Mary, poet",42,1774,1,1,"London : printed for Joseph Johnson, No. 72, St. Paul's Church-Yard, M.DCC.LXXIV. [1774].",London,47,female,,,False
0941400103_000019,"Memoirs of modern philosophers. In three volumes. By Elizabeth Hamilton, ...",Elizabeth Hamilton,42,1801,3,3,"Bath : printed by R. Cruttwell; for G. G. and J. Robinson, London, 1800.",Bath,367,female,1758,1816,False
0343200102_000050,"Religion considered as the only basis of happiness, and of true philosophy. A work written for the instruction of the children of his Most Serene Highness the Duke of Orleans; And in which the Principles of modern pretended Philosophers are laid open and refuted. By Madame the Marchioness of Sillery, heretofore countess of genlis. In two volumes. ...",Stéphanie Félicité du Crest de Saint-Aubin,40,1787,2,2,"London : printed for T. Payne and Son, at the Mews Gate; T. Cadell, and P. Elmsly, in the Strand, M.DCC.LXXXVII. [1787].",London,295,female,1746,1830,True
0020301003_000002,"The adventures of David Simple: containing an account of his travels through the cities of London and Westminster, in the search of a real friend. By a lady. In two volumes. ...",Sarah Fielding,52,1744,3,5,"London : printed for A. Millar, opposite Katharine-Street, in the Strand, M.DCC.XLIV. [1744].",London,219,female,1710,1768,True
0374802100_000002,An abridgement of the sacred history: being an easy introduction to the reading of the Holy Bible.,"Mayne, Lady",38,1770,1,1,"London : printed for R. Main, in Hambleton-Street, near Hyde-Park Corner. Also sold by G. Pearch (no. 12.) Cheap-Side, and the Booksellers in Town and Country, MDCCLXX. [1770].",London,142,female,,,False
0268400801_000001,"The parent's assistant; or, stories for children. In six volumes. By Maria Edgeworth, author of practical education, and letters for literary ladies. ...",Maria Edgeworth,35,1800,1,6,"London : printed for J. Johnson, Co. 72, St. Paul's Church-yard; by G. Woodfall, No. 22, Paternoster-Row, 1800.",London,201,female,1767,1849,True
1745700700_000016,"The Christian religion, as profess'd by a daughter of the Church of England.",Mary Astell,41,1705,1,1,"London : printed by S. H. for R. Wilkin, 1705.",London,463,female,1666,1731,True
0326900902_000014,"Letters on the improvement of the mind, addressed to a young lady. In two volumes. By Mrs. Chapone.",Hester Chapone,44,1775,2,2,"London : printed for J. Walter; and E. and C. Dilly, 1775.",London,234,female,1727,1801,True
0613000400_000008,A treatise on the immutability of moral truth. By Catharine Macaulay Graham.,Catharine Macaulay,52,1783,1,1,"London : printed by A. Hamilton, jun. And sold by C. Dilly, Poultry ; G. Robinson, Paternoster Row ; T. Cadell, Strand ; T. Lewis, Covent-Garden ; J. Walter, Charing-Cross ; and R. Faulder, New Bond-Street, MDCCLXXXIII. [1783].",London,341,female,1731,1791,True
0488700101_000031,Strictures on the modern system of female education. ... By Hannah More. In two volumes. ...,Hannah More,45,1799,1,2,"London : printed for T. Cadell Jun. and W. Davies, 1799.",London,295,female,1745,1833,True
0343200101_000003,"Religion considered as the only basis of happiness, and of true philosophy. A work written for the instruction of the children of his Most Serene Highness the Duke of Orleans; And in which the Principles of modern pretended Philosophers are laid open and refuted. By Madame the Marchioness of Sillery, heretofore countess of genlis. In two volumes. ...",Stéphanie Félicité du Crest de Saint-Aubin,41,1787,1,2,"London : printed for T. Payne and Son, at the Mews Gate; T. Cadell, and P. Elmsly, in the Strand, M.DCC.LXXXVII. [1787].",London,312,female,1746,1830,True
1164100801_000040,Strictures on the modern system of female education. with a view of the principles and conduct prevalent among women of rank and fortune. By Hannah More. In two volumes. ...,Hannah More,40,1800,1,2,"London : printed by A. Strahan, Printers Street, for T. Cadell jun. and W. Davies, Strand, 1800.",London,359,female,1745,1833,True
0343200102_000048,"Religion considered as the only basis of happiness, and of true philosophy. A work written for the instruction of the children of his Most Serene Highness the Duke of Orleans; And in which the Principles of modern pretended Philosophers are laid open and refuted. By Madame the Marchioness of Sillery, heretofore countess of genlis. In two volumes. ...",Stéphanie Félicité du Crest de Saint-Aubin,38,1787,2,2,"London : printed for T. Payne and Son, at the Mews Gate; T. Cadell, and P. Elmsly, in the Strand, M.DCC.LXXXVII. [1787].",London,295,female,1746,1830,True
0343200201_000013,"Religion considered as the only basis of happiness and of true philosophy. A work written for the instruction of the children of his most serene highness the Duke of Orleans; ... By Madame the Marchioness of Sillery, ... In two volumes.",Stéphanie Félicité du Crest de Saint-Aubin,39,1787,1,2,"Dublin : printed by William Porter, for H. Chamberlaine, White, Byrne, Colbert, W. Porter, and Moore, 1787.",Dublin,160,female,1746,1830,True
1073100102_000004,"Letters from the Duchess de Crui and others, on subjects moral and entertaining, wherein the character of the female sex, with their rank, importance, and consequence, is stated, and their relative duties in life are enforced. By Lady Mary Walker. ...",Mary Walker,50,1777,2,5,"London : printed for Robson, New Bond-Street; Walter, Charing-Cross; and Robinson, Pater-Noster-Row, MDCCLXXVII. [1777].",London,222,female,1736,,False
0356000301_000075,"A series of genuine letters between Henry and Frances. The second edition, revised, corrected, enlarged, and improved, by the authors. Vol. I.",Elizabeth Griffith,42,1761,1,2,"London : printed for W. Johnston in Ludgate Street, 1761.",London,422,female,1720,1793,True
0325100101_000008,"Letters on the improvement of the mind, addressed to a young lady. In two volumes. By Mrs. Chapone. ...",Hester Chapone,41,1778,1,2,"London : printed for J. Walter, at Homer's Head, Charing Cross; and E. and C. Dilly, in the Poultry, MDCCLXXVIII. [1778].",London,207,female,1727,1801,True
1293400501_000008,"Letters on the improvement of the mind, addressed to a young lady. In two volumes. By Mrs. Chapone. ...",Hester Chapone,40,1783,1,2,"London : printed for J. Walter, Charing-Cross; and C. Dilly, in the Poultry, MDCCLXXXIII. [1783].",London,207,female,1727,1801,True
0367600200_000009,"A new method of instruction for children from five to ten years old, Including Moral Dialogues, The Children's Island, A Tale, Thoughts And Maxims, Models Of Composition In Writing, For Children Ten OR Twelve Years Old, And A New Method Of Teaching Children To Draw. Translated from the French of Madame de Genlis.",Stéphanie Félicité du Crest de Saint-Aubin,58,1800,1,1,"Dublin : printed by William Porter, for P. Wogan, W. Porter, and T. Jackson, 1800.",Dublin,256,female,1746,1830,True
1300801602_000062,The female spectator.,Eliza Haywood,29,1747,2,4,"Dublin : Printed for George and Alexander Ewing at the Angel and Bible in Dame-street, booksellers, M,DCC,XLVII. [1747].",Dublin,265,female,1693,1756,True
0343200202_000002,"Religion considered as the only basis of happiness and of true philosophy. A work written for the instruction of the children of his most serene highness the Duke of Orleans; ... By Madame the Marchioness of Sillery, ... In two volumes.",Stéphanie Félicité du Crest de Saint-Aubin,36,1787,2,2,"Dublin : printed by William Porter, for H. Chamberlaine, White, Byrne, Colbert, W. Porter, and Moore, 1787.",Dublin,151,female,1746,1830,True
0431500202_000039,"The world unmask'd: or, the Philosopher the greatest Cheat; in twenty-four dialogues. To which is added, The state of souls separated from their Bodies; Being an Epistolary Treatise, wherein is proved, by a Variety of Arguments, deduced from Holy Scripture, that the Punishments of the Wicked will not be Eternal; and all Objections against it solved. To which is prefix'd, A Large Introduction, evincing the same Truth from the Principles of Natural Religion. Translated from the French.",Marie Huber,41,1743,2,2,"London : printed for A. Millar, opposite to Katharine-Street in the Strand, M.DCC.XLIII. [1743].",London,300,female,1695,1753,False
0836400102_000014,"Letters on the improvement of the mind, addressed to a young lady. In two volumes. ...",Hester Chapone,43,1773,2,2,"London : printed by H. Hughs, for J. Walter, Homer's Head, Charing-Cross, MDCCLXXIII. [1773].",London,235,female,1727,1801,True
0363500104_000027,"Tales of the castle: or, stories of instruction and delight. Being Les veillees du chateau, written in French by Madame la Comtesse de Genlis, Author of the Theatre of Education, Adela and Theodore, &c. Translated into English by Thomas Holcroft,",Stéphanie Félicité du Crest de Saint-Aubin,47,1793,4,5,"London : printed for G. G. J. and J. Robinson, No. 25, Pater-Noster-Row, 1793.",London,257,female,1746,1830,True
0425300200_000024,"Sacred dramas: chiefly intended for young persons: the subjects taken from the Bible. To which is added, Sensibility, a poem.",Hannah More,29,1782,1,1,"London : printed for T. Cadell In The Strand, MDCCLXXXII. [1782].",London,297,female,1745,1833,True
0343200102_000020,"Religion considered as the only basis of happiness, and of true philosophy. A work written for the instruction of the children of his Most Serene Highness the Duke of Orleans; And in which the Principles of modern pretended Philosophers are laid open and refuted. By Madame the Marchioness of Sillery, heretofore countess of genlis. In two volumes. ...",Stéphanie Félicité du Crest de Saint-Aubin,33,1787,2,2,"London : printed for T. Payne and Son, at the Mews Gate; T. Cadell, and P. Elmsly, in the Strand, M.DCC.LXXXVII. [1787].",London,295,female,1746,1830,True
1249800801_000001,"A clear and concise account of the origin and design of Christianity. Intended as a second part to a work entitled, ""the first principles of religion, and the existence of a Deity, explained in a series of dialogues adapted to the capacity of the infant mind."" ...",Dorothy Kilner,41,1781,1,2,"London : printed and sold by John Marshall and Co. No. 4, Aldermary Church-Yard, in Bow Lane, [1781].",London,178,female,1755,1836,False
0164301100_000009,"Reflections upon the education of children in charity schools; with the outlines of a plan of appropriate instruction for the children of the poor; submitted to the consideration of the patrons of schools of every denomination, supported by charity. By Mrs. Trimmer.",Sarah Trimmer,44,1792,1,1,"London : printed for T. Longman, Paternoster-Row; and J. and F. Rivington, St. Paul's Church-Yard, M.DCC.XCII. [1792].",London,57,female,1741,1810,True
0414500400_000036,Strictures on the modern system of female education. With a view of the principles and conduct prevalent among women of rank and fortune. By Hannah More.,Hannah More,41,1800,1,1,"Dublin : printed by William Porter, for Pat. Wogan, Old-Bridge, and William Porter, Grafton-Street, 1800.",Dublin,460,female,1745,1833,True
0613000400_000032,A treatise on the immutability of moral truth. By Catharine Macaulay Graham.,Catharine Macaulay,40,1783,1,1,"London : printed by A. Hamilton, jun. And sold by C. Dilly, Poultry ; G. Robinson, Paternoster Row ; T. Cadell, Strand ; T. Lewis, Covent-Garden ; J. Walter, Charing-Cross ; and R. Faulder, New Bond-Street, MDCCLXXXIII. [1783].",London,341,female,1731,1791,True
0158202600_000046,Appeal to the men of Great Britain in behalf of women.,Mary Hays,40,1798,1,1,"[London] : Printed for J. Johnson; and J. Bell, 1798.",London,305,female,1759,1843,True
1700500400_000035,"The works of Mrs. Chapone, adressed to a young lady.",Hester Chapone,40,1793,1,1,"London : Printed for J. Warlters, MDCCXCIII. [1793].",London,312,female,1727,1801,True
0191300102_000005,"Letters from the Duchess de Crui and others, on subjects moral and entertaining, wherein the character of the female sex, with their rank, importance, and consequence, is stated, and their relative duties in life are enforced. By a lady. ...",Mary Walker,40,1776,2,5,"London : printed for Robson, New Bond-Street; Walter, Charing-Cross; and Robinson, Pater-Noster Row, MDCCLXXVI. [1776].",London,243,female,1736,,False
0093500500_000029,"Miscellanies in prose and verse, by the Honourable Lady Margaret Pennyman. Containing, I. Her late journey to Paris, giving an Account of the present State of the Court of France, and of all that is curious and remarkable in that famous City. II. Poems on several occasions, with Familiar Letters to a Friend. Published from her original manuscripts. To which are annexed, some other curious pieces.","Pennyman, Margaret, Lady",37,1740,1,1,"London : printed for E. Curll, at Pope's Head, in Rose-Street, Covent-Garden, [1740].",London,306,female,1688,1733,False
1118001102_000002,Strictures on the modern system of female education. With a view of the principles and conduct prevalent among women of rank and fortune. By Hannah More. In two volumes. ...,Hannah More,40,1799,2,2,"London : printed by A. Strahan, Printers Street, for T. Cadell jun. and W. Davies, Strand, 1799.",London,344,female,1745,1833,True
0031801000_000122,"The world unmask'd: or, the Philosopher the greatest Cheat; in twenty-four dialogues Between Crito a Philosopher, Philo a Lawyer, and Erastus a Merchant. In which True Virtue is distinguished from what usually bears the Name or Resemblance of it: The many Prejudices and Mistakes in Judgment and Practice, in regard to conscience and religion, are examined and rectified: And the Value of truth is shewn; with the Reasons why it is not more generally known. To which is added, The state of Souls separated from their Bodies: Being an Epistolary Treatise, wherein is proved, by a Variety of Arguments, deduced from Holy Scripture, that the Punishments of the Wicked will not be Eternal; and all Objections against it solved. In Answer to a Treatise, entitled, An Enquiry into Origenism. Together with A Large Introduction, evincing the same Truth from the Principles of Natural Religion. Translated from the French.",Marie Huber,43,1736,1,1,"London : printed for A. Millar, over-against St. Clement's Church in the Strand, MDCCXXXVI. [1736].",London,455,female,1695,1753,False
0035201100_000031,"Letters and essays, moral, and miscellaneous. By Mary Hays.",Mary Hays,34,1793,1,1,"London : printed for T. Knott, No. 47, Lombard-Street, MDCCXCIII. [1793].",London,271,female,1759,1843,True
0343200102_000011,"Religion considered as the only basis of happiness, and of true philosophy. A work written for the instruction of the children of his Most Serene Highness the Duke of Orleans; And in which the Principles of modern pretended Philosophers are laid open and refuted. By Madame the Marchioness of Sillery, heretofore countess of genlis. In two volumes. ...",Stéphanie Félicité du Crest de Saint-Aubin,39,1787,2,2,"London : printed for T. Payne and Son, at the Mews Gate; T. Cadell, and P. Elmsly, in the Strand, M.DCC.LXXXVII. [1787].",London,295,female,1746,1830,True
0645800101_000050,The history of Portia. Written by a lady. ...,Lady,40,1759,1,2,"London : printed for R. Withy, at the Dunciad in Cornhill; J. Pottinger, in Great Turnstile, Holborn; J. Wilkie, in St. Paul's Church-Yard; and J. Cooke, in Queen-Street, May-Fair, MDCCLIX. [1759].",London,252,female,,,False
0857400402_000015,"Letters on the improvement of the mind, addressed to a young lady. In two volumes. By Mrs. Chapone.",Hester Chapone,40,1773,2,2,"London : printed by H. Hughs, for J. Walter, 1773.",London,231,female,1727,1801,True
1084200300_000023,"Instructions for a young lady, in every sphere and period of life. Containing, I. A mother's advice to her daughters. II. Two letters to a Lady upon the subject of religion, by a Clergyman. III. A Letter to a Young Lady on her Marriage. IV. A Letter on Temper. V. On Oeconomy. VI. On Politeness. Vii. An Epistle upon the Cultivation of Taste. Viii. Fables for the female sex. Compiled by a lady.",Sarah Pennington,37,1777,1,1,"London : printed for John Donaldson, the Corner of Arundel Street, No 188. in the Strand, M.DCC.LXXVII. [1777].",London,293,female,1720,1783,True
0954500400_000007,"The progress of a female mind, in some interesting enquiries. Containing, I. A Soliloquy. II. A Letter to a Jew, on the Evidences of Revelation. III. A Letter to a Christian Divine on the Gospel System; with some References to a late Free Enquirer. IV. A Remark on the Importance of the Hebrew Language. By a lady.",Lady,43,1764,1,1,"London : printed for A. and C. Corbett, opposite St. Dunstan's Church, Fleet-Street, MDCCLXIV. [1764].",London,94,female,,,False
0343200101_000005,"Religion considered as the only basis of happiness, and of true philosophy. A work written for the instruction of the children of his Most Serene Highness the Duke of Orleans; And in which the Principles of modern pretended Philosophers are laid open and refuted. By Madame the Marchioness of Sillery, heretofore countess of genlis. In two volumes. ...",Stéphanie Félicité du Crest de Saint-Aubin,40,1787,1,2,"London : printed for T. Payne and Son, at the Mews Gate; T. Cadell, and P. Elmsly, in the Strand, M.DCC.LXXXVII. [1787].",London,312,female,1746,1830,True
1283400400_000001,"Original stories from real life; with conversations, calculated to regulate the affections, and form the mind to truth and goodness. By Mary Wollstonecraft.",Mary Wollstonecraft,34,1800,1,1,"London : printed by J. Crowder , Warwick-Square ; for J. Johnson, NO. 72, ST. Paul's-Church-Yard, 1800.",London,180,female,1759,1797,True
0343200102_000017,"Religion considered as the only basis of happiness, and of true philosophy. A work written for the instruction of the children of his Most Serene Highness the Duke of Orleans; And in which the Principles of modern pretended Philosophers are laid open and refuted. By Madame the Marchioness of Sillery, heretofore countess of genlis. In two volumes. ...",Stéphanie Félicité du Crest de Saint-Aubin,40,1787,2,2,"London : printed for T. Payne and Son, at the Mews Gate; T. Cadell, and P. Elmsly, in the Strand, M.DCC.LXXXVII. [1787].",London,295,female,1746,1830,True
0783300200_000026,"Essays on various subjects, principally designed for young ladies.",Hannah More,37,1778,1,1,"London : printed for J. Wilkie, in St. Paul's Church-Yard; and T. Cadell, in the Strand, MDCCLXXVIII. [1778].",London,221,female,1745,1833,True
0474103100_000002,"A vindication of the rights of men, in a letter to the Right Honourable Edmund Burke; occasioned by his Reflections on the Revolution in France. By Mary Wollstonecraft.",Mary Wollstonecraft,39,1790,1,1,"London : printed for J. Johnson, No. 72, St. Paul's Church-Yard, M.DCC.XC. [1790].",London,162,female,1759,1797,True
0191300102_000008,"Letters from the Duchess de Crui and others, on subjects moral and entertaining, wherein the character of the female sex, with their rank, importance, and consequence, is stated, and their relative duties in life are enforced. By a lady. ...",Mary Walker,44,1776,2,5,"London : printed for Robson, New Bond-Street; Walter, Charing-Cross; and Robinson, Pater-Noster Row, MDCCLXXVI. [1776].",London,243,female,1736,,False
0325001302_000014,Letters on the improvement of the mind. Addressed to a young lady. In two volumes.,Hester Chapone,39,1773,2,2,"Dublin : printed for J. Exshaw, H. Saunders, W. Sleater, J. Potts, D. Chamberlaine, J. Williams, and R. Moncrieffe, MDCCLXXIII. [1773].",Dublin,139,female,1727,1801,True
0857501100_000001,"Madam Johnson's present: or, every young woman's companion, in useful and universal Knowledge. Digested under the following Heads: I. Spelling, Reading, Writing, and Arithmetick, taught without the Help of a Master. II. The Compleat Market-Woman. III. The Cook's Guide for dressing all Sorts of Flesh, Fowl and Fish. IV. For Pickling, Pastry, and Confectionary. V. An Estimate of the Expences of a Family in the middling Station of Life. VI. The Art and Terms of Carving Fish, Fowl, and Flesh. Vii. A Bill of Fare for every Month in the Year for Dinner, Supper, and also for extraordinary Occasions. Viii. The Young Woman's Instructor for the right Spelling of Words used in Marketting, Cookery, Pickling, Preserving, &c. &c. &c. To this edition are added, some plain and necessary directions to maid-servants in general, and several useful tables: Which renders it the Completest Book of the Kind ever published. The Compiler, Madam Johnson, in order to make this Book come as cheap as possible to the Purchasers, has, out of her Benevolence, fixed the Price at 1 s. 6 d. Bound; though it contains double the Quantity that is usually sold for that Sum.","Johnson, Mary",33,1766,1,1,"London : printed for W. Nicoll, in St. Paul's Church-Yard, MDCCLXVI. [1766].",London,217,female,,,False
0951200301_000027,"The progress of romance, through times, countries, and manners; with Remarks on the Good and Bad Effects of it, on them Respectively; in a course of evening conversations. By C. R. author of the English Baron, the Two mentors, &c. In two volumes. ...",Clara Reeve,38,1785,1,2,"Dublin : printed for Messrs. Price, Exshaw, White, Cash Colbert, Marchbank and Porter, M,DCC,LXXXV. [1785].",Dublin,163,female,1729,1807,True
0954500400_000003,"The progress of a female mind, in some interesting enquiries. Containing, I. A Soliloquy. II. A Letter to a Jew, on the Evidences of Revelation. III. A Letter to a Christian Divine on the Gospel System; with some References to a late Free Enquirer. IV. A Remark on the Importance of the Hebrew Language. By a lady.",Lady,45,1764,1,1,"London : printed for A. and C. Corbett, opposite St. Dunstan's Church, Fleet-Street, MDCCLXIV. [1764].",London,94,female,,,False
0385200901_000004,"Sacred history selected from the Scriptures, with annotations and reflections, suited to the comprehension of young minds: ... By Mrs. Trimmer, ...",Sarah Trimmer,36,1782,1,6,"London : printed for J. Dodsley; T. Longman and G. Robinson; and J. Johnson, 1782-85.",London,483,female,1741,1810,True
0857501100_000003,"Madam Johnson's present: or, every young woman's companion, in useful and universal Knowledge. Digested under the following Heads: I. Spelling, Reading, Writing, and Arithmetick, taught without the Help of a Master. II. The Compleat Market-Woman. III. The Cook's Guide for dressing all Sorts of Flesh, Fowl and Fish. IV. For Pickling, Pastry, and Confectionary. V. An Estimate of the Expences of a Family in the middling Station of Life. VI. The Art and Terms of Carving Fish, Fowl, and Flesh. Vii. A Bill of Fare for every Month in the Year for Dinner, Supper, and also for extraordinary Occasions. Viii. The Young Woman's Instructor for the right Spelling of Words used in Marketting, Cookery, Pickling, Preserving, &c. &c. &c. To this edition are added, some plain and necessary directions to maid-servants in general, and several useful tables: Which renders it the Completest Book of the Kind ever published. The Compiler, Madam Johnson, in order to make this Book come as cheap as possible to the Purchasers, has, out of her Benevolence, fixed the Price at 1 s. 6 d. Bound; though it contains double the Quantity that is usually sold for that Sum.","Johnson, Mary",50,1766,1,1,"London : printed for W. Nicoll, in St. Paul's Church-Yard, MDCCLXVI. [1766].",London,217,female,,,False
0391200700_000035,"Poems and essays, by the late Miss Bowdler.",Jane Bowdler,49,1798,1,1,"Bath : printed by R. Cruttwell; and sold by C. Dilly, Poultry, J. Robson and T. Hookham, New Bond-Street, London; and N. R. Cheyne, Edinburgh, MDCCXCVIII. [1798].",Bath,241,female,1743,1784,False
0737200600_000002,"Poems, on several occasions. By Ann Yearsley, a Milkwoman of Bristol.",Ann Yearsley,30,1785,1,1,"London : printed for T. Cadell, in the Strand, MDCCLXXXV. [1785].",London,148,female,1756,1806,True
0631300200_000012,An estimate of the religion of the fashionable world. By one of the laity.,Hannah More,37,1791,1,1,"London : printed for T. Cadell, in the Strand, M.DCC.XCI. [1791].",London,270,female,1745,1833,True
0271300600_000022,"A packet for youth, or evidences of Christianity drawn from the mind. By a lady.","M. P., Lady",35,1799,1,1,"Hanley : printed and sold by Mort; also by Knott, Lombard Street, Chapman, Fleet Street, Heptinstall, Holborn, London, ---- Chester, Newcastle, ---- Jones, Birmingham, ---- Pritchard, Derby, ---- Smith, Sheffield, Boden, Manchester ; and may be had of all Booksellers, [1799].",Hanley,122,female,,,False
0438802100_000001,"Reliques of Irish poetry: consisting of heroic poems, odes, elegies, and songs, translated into English verse: with notes explanatory and historical; and the originals in the Irish character. To which is subjoined an Irish tale. By Miss Brooke.",Charlotte Brooke,31,1789,1,1,"[Dublin] : George Bonham, printer, South Great George's-Street, Dublin, M.DCC.LXXXIX. [1789].",Dublin,370,female,1740,1793,False
0218202900_000003,"The pupil of nature; or candid advice to the fair sex, on the subjects of pregnancy; childbirth; the diseases incident to both; the fatal effects of ignorance and quackery; and the most approved means of promoting the health, strength, and beauty of their offspring. By Martha Mears, Practitioner in Midwifery.","Mears, Martha",52,1797,1,1,"London : printed for the authoress, and sold at her house, No. 12, Red Lion Square; as also by Faulder, New Bond-Street; and Murray and Highly, Fleet-Street, 1797.",London,175,female,,,False
0403500100_000011,An estimate of the religion of the fashionable world. By one of the laity.,Hannah More,32,1791,1,1,"London : printed for T. Cadell, in the Strand, M.DCC.XCI. [1791].",London,269,female,1745,1833,True
0343200202_000029,"Religion considered as the only basis of happiness and of true philosophy. A work written for the instruction of the children of his most serene highness the Duke of Orleans; ... By Madame the Marchioness of Sillery, ... In two volumes.",Stéphanie Félicité du Crest de Saint-Aubin,46,1787,2,2,"Dublin : printed by William Porter, for H. Chamberlaine, White, Byrne, Colbert, W. Porter, and Moore, 1787.",Dublin,151,female,1746,1830,True
0217701400_000002,A vindication of the rights of woman: with strictures on political and moral subjects. By Mary Wollstonecraft.,Mary Wollstonecraft,37,1793,1,1,"Dublin : printed by J. Stockdale, for James Moore, No. 45, College-Green, 1793.",Dublin,269,female,1759,1797,True
1269100800_000008,"Letters on the improvement of the mind, addressed to a young lady. By Mrs. Chapone.",Hester Chapone,40,1786,1,1,"London : printed for J. Walter , Charing-Cross ; and C. Dilly, in the Poultry, M.DCC.LXXXVI. [1786].",London,255,female,1727,1801,True
0346301204_000014,A series of genuine letters between Henry and Frances.,Elizabeth Griffith,38,1770,4,4,"London : [s.n.], Printed in the Year MDCCLXX. [1770].",London,266,female,1720,1793,True
0013800102_000025,A tale of the times. By the author of A gossip's story. Dedicated by permission to Mrs. Carter. In three volumes. ...,Jane West,39,1799,2,3,"London : printed for T. N. Longman and O. Rees, Paternoster-Row, 1799.",London,314,female,1758,1852,False
0343200102_000007,"Religion considered as the only basis of happiness, and of true philosophy. A work written for the instruction of the children of his Most Serene Highness the Duke of Orleans; And in which the Principles of modern pretended Philosophers are laid open and refuted. By Madame the Marchioness of Sillery, heretofore countess of genlis. In two volumes. ...",Stéphanie Félicité du Crest de Saint-Aubin,42,1787,2,2,"London : printed for T. Payne and Son, at the Mews Gate; T. Cadell, and P. Elmsly, in the Strand, M.DCC.LXXXVII. [1787].",London,295,female,1746,1830,True
0414500301_000034,Strictures on the modern system of female education. With a view of the principles and conduct prevalent among women of rank and fortune. By Hannah More. In two volumes. ...,Hannah More,41,1799,1,2,"London : printed for T. Cadell Jun. and W. Davies in the Strand, 1799.",London,310,female,1745,1833,True
0186200300_000003,An historical and moral view of the origin and progress of the French revolution; and the effect it has produced in Europe. By Mary Wollstonecraft. Volume the first.,Mary Wollstonecraft,36,1794,1,1,"London : printed for J. Johnson, in St. Paul's Church-Yard, 1794.",London,534,female,1759,1797,True
0206700104_000010,The female Spectator. |...,Eliza Haywood,36,1748,4,4,"London : printed and published by T. Gardner, at Cowley's-Head, opposite St. Clement's Church in the Stárand, M,DCC,XLVIII. [1748].",London,328,female,1693,1756,True
0343200102_000049,"Religion considered as the only basis of happiness, and of true philosophy. A work written for the instruction of the children of his Most Serene Highness the Duke of Orleans; And in which the Principles of modern pretended Philosophers are laid open and refuted. By Madame the Marchioness of Sillery, heretofore countess of genlis. In two volumes. ...",Stéphanie Félicité du Crest de Saint-Aubin,42,1787,2,2,"London : printed for T. Payne and Son, at the Mews Gate; T. Cadell, and P. Elmsly, in the Strand, M.DCC.LXXXVII. [1787].",London,295,female,1746,1830,True
0431500202_000044,"The world unmask'd: or, the Philosopher the greatest Cheat; in twenty-four dialogues. To which is added, The state of souls separated from their Bodies; Being an Epistolary Treatise, wherein is proved, by a Variety of Arguments, deduced from Holy Scripture, that the Punishments of the Wicked will not be Eternal; and all Objections against it solved. To which is prefix'd, A Large Introduction, evincing the same Truth from the Principles of Natural Religion. Translated from the French.",Marie Huber,48,1743,2,2,"London : printed for A. Millar, opposite to Katharine-Street in the Strand, M.DCC.XLIII. [1743].",London,300,female,1695,1753,False
0063001100_000013,"Botanical dialogues, between Hortensia and her four children, Charles, Harriet, Juliette and Henry. Designed for the use of schools, by a lady.","Jackson, Maria Elizabeth",54,1797,1,1,"London : printed for J. Johnson, in St. Paul's Church-Yard, 1797.",London,404,female,,,False
0631600600_000021,An estimate of the religion of the fashionable world. By Hannah More.,Hannah More,40,1793,1,1,"London : printed for T. Cadel, in the Strand, 1793.",London,269,female,1745,1833,True
0416000800_000010,"Female restoration, by a moral and physical vindication of female talents; in opposition to all dogmatical assertions relative to disparity in the sexes. Dedicated to her Majesty; and humbly addressed to the ladies of Great Britain and Ireland. By a lady.",Lady,53,1780,1,1,"London : sold only at Free-Masons coffee-house, Great Queen-Street, Lincoln's-Inn-Fields; and J. Macgowan's, No. 27, Paternoster-Row, M,DCC,LXXX. [1780].",London,71,female,,,False
0865100501_000071,"La belle assemblée: or, the adventures of six days. Being a curious collection of remarkable incidents which happen'd to some of the first quality in France. Written in French ... by Madam de Gomez. Translated into English. Compleat, in two volumes. ...",Madeleine Angélique Poisson Gomez,39,1727,1,2,"London : printed for D. Browne; S. Chapman; and Weaver Bickerton, 1727.",London,385,female,1684,1770,False
0653400100_000003,"Mentoria: or, the young ladies instructor, in familiar conversations on moral and entertaining subjects: Calculated to improve Young Minds In the Essential, as well as Ornamental Parts of Female Education. By Ann Murry.","Murry, Ann",36,1782,1,1,"London : printed by Frys, Couchman, and Collier, for Charles Dilly, in the Poultry, M.DCC.LXXXII. [1782].",London,295,female,,,False
1342900100_000004,"Rudiments of taste. In a series of letters, from a mother to her daughters. By the Author of the life of Jacob.","Peddle, M, Mrs",34,1790,1,1,"Dublin : Printed for H. Chamberlaine, P. Byrne, J. Moore, J. Jones, Grueber and M'Allister, and W. Jones, MDCCXC. [1790].",Dublin,70,female,,,False
0634301500_000012,An estimate of the religion of the fashionable world. By one of the laity.,Hannah More,31,1791,1,1,"London : printed for T. Cadell, in the Strand, M.DCC.XCI. [1791].",London,268,female,1745,1833,True
0403500100_000012,An estimate of the religion of the fashionable world. By one of the laity.,Hannah More,31,1791,1,1,"London : printed for T. Cadell, in the Strand, M.DCC.XCI. [1791].",London,269,female,1745,1833,True
0031801000_000084,"The world unmask'd: or, the Philosopher the greatest Cheat; in twenty-four dialogues Between Crito a Philosopher, Philo a Lawyer, and Erastus a Merchant. In which True Virtue is distinguished from what usually bears the Name or Resemblance of it: The many Prejudices and Mistakes in Judgment and Practice, in regard to conscience and religion, are examined and rectified: And the Value of truth is shewn; with the Reasons why it is not more generally known. To which is added, The state of Souls separated from their Bodies: Being an Epistolary Treatise, wherein is proved, by a Variety of Arguments, deduced from Holy Scripture, that the Punishments of the Wicked will not be Eternal; and all Objections against it solved. In Answer to a Treatise, entitled, An Enquiry into Origenism. Together with A Large Introduction, evincing the same Truth from the Principles of Natural Religion. Translated from the French.",Marie Huber,55,1736,1,1,"London : printed for A. Millar, over-against St. Clement's Church in the Strand, MDCCXXXVI. [1736].",London,455,female,1695,1753,False
0343200202_000038,"Religion considered as the only basis of happiness and of true philosophy. A work written for the instruction of the children of his most serene highness the Duke of Orleans; ... By Madame the Marchioness of Sillery, ... In two volumes.",Stéphanie Félicité du Crest de Saint-Aubin,33,1787,2,2,"Dublin : printed by William Porter, for H. Chamberlaine, White, Byrne, Colbert, W. Porter, and Moore, 1787.",Dublin,151,female,1746,1830,True
1427400102_000015,"Letters on the improvement of the mind, addressed to a young lady. In two volumes. By Mrs. Chapone.",Hester Chapone,39,1787,2,2,"London : printed for J. Walter, Charing-Cross; and C. Dilly, in the Poultry, MDCCLXXXVII. [1787].",London,235,female,1727,1801,True
1240500300_000035,"The works of Mrs. Chapone, containing letters on the improvement of the mind, addressed to a young lady: and Miscellanies in prose and verse. In two volumes. ...",Hester Chapone,36,1786,1,1,"Dublin : printed by Brett Smith, for W. Colles, No. 17, Dame-Street, MDCCLXXXVI. [1786].",Dublin,255,female,1727,1801,True
0206700103_000039,The female Spectator. |...,Eliza Haywood,37,1748,3,4,"London : printed and published by T. Gardner, at Cowley's-Head, opposite St. Clement's Church in the Stárand, M,DCC,XLVIII. [1748].",London,334,female,1693,1756,True
1445201000_000040,"A plan for the conduct of female education, in boarding schools, private families, and public seminaries. By Erasmus Darwin, M.D. F.R.S. author of Zoonomia, and of The botanic garden. To which are added, Rudiments of taste, in a series of letters from a mother to her daughters. Embellished with an elegant frontispiece.",Erasmus Darwin,46,1798,1,1,"Philadelphia: : Printed by John Ormrod, no. 41, Chesnut-Street, 1798.",Philadelphia,303,female,1731,1802,True
0343200102_000029,"Religion considered as the only basis of happiness, and of true philosophy. A work written for the instruction of the children of his Most Serene Highness the Duke of Orleans; And in which the Principles of modern pretended Philosophers are laid open and refuted. By Madame the Marchioness of Sillery, heretofore countess of genlis. In two volumes. ...",Stéphanie Félicité du Crest de Saint-Aubin,45,1787,2,2,"London : printed for T. Payne and Son, at the Mews Gate; T. Cadell, and P. Elmsly, in the Strand, M.DCC.LXXXVII. [1787].",London,295,female,1746,1830,True
0414500400_000034,Strictures on the modern system of female education. With a view of the principles and conduct prevalent among women of rank and fortune. By Hannah More.,Hannah More,47,1800,1,1,"Dublin : printed by William Porter, for Pat. Wogan, Old-Bridge, and William Porter, Grafton-Street, 1800.",Dublin,460,female,1745,1833,True
1700500400_000008,"The works of Mrs. Chapone, adressed to a young lady.",Hester Chapone,39,1793,1,1,"London : Printed for J. Warlters, MDCCXCIII. [1793].",London,312,female,1727,1801,True
0325001302_000015,Letters on the improvement of the mind. Addressed to a young lady. In two volumes.,Hester Chapone,46,1773,2,2,"Dublin : printed for J. Exshaw, H. Saunders, W. Sleater, J. Potts, D. Chamberlaine, J. Williams, and R. Moncrieffe, MDCCLXXIII. [1773].",Dublin,139,female,1727,1801,True
0298400400_000025,An estimate of the religion of the fashionable world. By one of the laity.,Hannah More,40,1791,1,1,"London : printed for T. Cadell, in the Strand, M.DCC.XCI. [1791].",London,272,female,1745,1833,True
1128800300_000005,"Maxims, characters, and reflections, critical, satirical, and moral.",Frances Greville,46,1768,1,1,"London : printed for T. Cadell (successor to Mr. Millar) in the Strand, MDCCLXVIII. [1768].",London,260,female,1730,1789,False
0217701400_000016,A vindication of the rights of woman: with strictures on political and moral subjects. By Mary Wollstonecraft.,Mary Wollstonecraft,37,1793,1,1,"Dublin : printed by J. Stockdale, for James Moore, No. 45, College-Green, 1793.",Dublin,269,female,1759,1797,True
0763100500_000003,"Devout exercises of the heart, in meditation and soliloquy, prayer and praise. By the late pious and ingenious Mrs. Elizabeth Rowe. Reviewed and published at her request, by I. Watts, D.D. Cooke's edition. Embellished with superb engravings.",Elizabeth Rowe,41,1796,1,1,"London : printed for C. Cooke, No. 17, Paternoster-Row, and sold by all the booksellers in Great Britain and Ireland, [1796].",London,144,female,1674,1737,True
0617501500_000107,Letters on education. With observations on religious and metaphysical subjects. By Catherine Macaulay Graham.,Catharine Macaulay,47,1790,1,1,"Dublin : printed for H. Chamberlaine and Rice, L. White, W. Mc. Kenzie, J. Moore, Grueber and Mc. Allister, [and 2 others in Dublin], 1790.",Dublin,336,female,1731,1791,True
0478901802_000007,Memoirs of the Marchioness de Louvoi. In letters. By a lady. In three volumes. ...,Mary Walker,46,1777,2,3,"London : printed for Robson; Walter; and Robinson, 1777.",London,205,female,1736,,False
0255700600_000019,Religious and Christian advice to a daughter. Written by a lady.,Lady,41,1714,1,1,"London : printed for R. Robinson, at the Golden Lyon, in St. Paul's Church-Yard, 1714.",London,254,female,,,False
0050800300_000009,"A treatise on the influence of the passions, upon the happiness of individuals and of nations. Illustrated by striking references to the Principal Events and Characters that have Distinguished the French Revolution. From the French of the Baroness Stael de Holstein. To which is prefixed a sketch of her life, by the translator.",Germaine de Staël,41,1798,1,1,"London : printed and published by George Cawthorn, British Library, No. 132, Strand; sold also by W. J. & J. Richardson, Royal-Exchange; and J. Wright, Piccadilly, 1798.",London,355,female,1766,1817,False
0883700900_000006,"Madam Johnson's present; or, the best instructions for young women, in useful and universal knowledge. With a summary of the late Marriage Act, and Instructions how to marry purinant thereto. Digested under the following Heads. I. An Estimate of the Expences of a Family in the middling Station of Life. II. The Art and Terms of Carving, Fish, Fowl, and Flesh. III. A Bill of Fare for every Month in the Year for Dinner and Supper, and also for extraordinary Occasions. IV. The young Woman's Guide to Knowledge. V. A new English Spelling Dictionary. VI. The Compleat Market-Woman. Vii. The Cook's Guide for dressing all Sorts of Flesh Fowl and Fish. Viii. Pickling, Pastry, and Confectionary. With several useful tables, being the compleatest Book of the Kind ever published.","Johnson, Mary",46,1755,1,1,"London : printed for M. Cooper, Pater-Noster-Row; and C. Sympson, at the Bible, Chancery-Lane, [1755].",London,239,female,,,False
0164002402_000011,The cry: a new dramatic fable. In two volumes. ...,Jane Collier,30,1754,2,2,"Dublin : printed by George Faulkner, 1754.",Dublin,285,female,1714,1754,True
1539200100_000012,"The work of the Marchioness de Lambert. Containing advice to a son and a daughter. Treatises on friend-ship and old age. Reflections on the fair sex, taste and riches. With a number of genuine letters that passed between her and the Archbishop of Cambray, author of Telemachus, Mons. Rivicre, Madam Tresnel, and other the most eminent persons of the age; and several other pieces never before printed. Containing thoughts on various entertaining and useful subjects, reflections on education, on the writings of homer, and on various publick events of the time. Carefully translated from the French.",Anne-Thérèse de Marguenat de Courcelles,49,1752,1,1,"Dublin : Printed by R. Wilson, in Eustace Street, M,DCC,LII. [1752].",Dublin,280,female,1647,1733,False
0152701300_000015,"Letters on the works and character of J. J. Rousseau. To which are Added A Letter from the Countess Alexandre de Vassy to the Baroness de Stael, with the Baroness's Answer, and an Account of the last Moments of Rousseau. By Mademoiselle Necker, Baroness de Stael. Translated from the French.",Germaine de Staël,48,1789,1,1,"London : printed for G. G. J. and J. Robinson, Paternoster-Row, MDCCLXXXIX. [1789].",London,145,female,1766,1817,False
0710500500_000005,"Maxims, characters, and reflections, critical, satyrical, and moral.",Frances Greville,45,1757,1,1,"London : printed for J. and R. Tonson in the Strand, MDCCLVII. [1757].",London,261,female,1730,1789,False
0410901101_000007,Interesting memoirs. By a lady. In two volumes. ...,"Keir, Elizabeth",34,1786,1,2,"London : printed for A. Strahan, and T. Cadell; J. Balfour, and W. Creech, Edinburgh, 1786.",London,252,female,,,False
0343200201_000028,"Religion considered as the only basis of happiness and of true philosophy. A work written for the instruction of the children of his most serene highness the Duke of Orleans; ... By Madame the Marchioness of Sillery, ... In two volumes.",Stéphanie Félicité du Crest de Saint-Aubin,37,1787,1,2,"Dublin : printed by William Porter, for H. Chamberlaine, White, Byrne, Colbert, W. Porter, and Moore, 1787.",Dublin,160,female,1746,1830,True
0290100102_000042,The cry: a new dramatic fable. In three volumes. ...,Jane Collier,31,1754,2,3,"London : printed for R. and J. Dodsley, 1754.",London,339,female,1714,1754,True
0642501202_000039,"Walsingham; or, the pupil of nature. A domestic story. By Mary Robinson, ...",Mary Robinson,42,1797,2,4,"London : printed for T. N. Longman, 1797.",London,334,female,1758,1800,True
0343200102_000003,"Religion considered as the only basis of happiness, and of true philosophy. A work written for the instruction of the children of his Most Serene Highness the Duke of Orleans; And in which the Principles of modern pretended Philosophers are laid open and refuted. By Madame the Marchioness of Sillery, heretofore countess of genlis. In two volumes. ...",Stéphanie Félicité du Crest de Saint-Aubin,47,1787,2,2,"London : printed for T. Payne and Son, at the Mews Gate; T. Cadell, and P. Elmsly, in the Strand, M.DCC.LXXXVII. [1787].",London,295,female,1746,1830,True
0325001302_000020,Letters on the improvement of the mind. Addressed to a young lady. In two volumes.,Hester Chapone,40,1773,2,2,"Dublin : printed for J. Exshaw, H. Saunders, W. Sleater, J. Potts, D. Chamberlaine, J. Williams, and R. Moncrieffe, MDCCLXXIII. [1773].",Dublin,139,female,1727,1801,True
0101600800_000003,"Madam Johnson's present: or, every young woman's companion, in useful and universal knowledge. Digested under the following Heads: I. Spelling, Reading, Writing, and Arithmetick, taught without the Help of a Master. II. The Compleat Market-Woman. III. The Cook's Guide for dressing all Sorts of Flesh, Fowl and Fish. IV. For Pickling, Pastry, and Confectionary. V. An Estimate of the Expences of a Family in the middling Station of Life. VI. The Art and Terms of Carving Fish, Fowl, and Flesh. Vii. A Bill of Fare for every Month in the Year for Dinner and Supper, and also for extraordinary Occasions. Viii. The Young Woman's Instructor for the right Spelling of Words used in Marketting, Cookery, Pickling, Preserving, &c. &c. &c. To this edition are added, some plain and very necessary directions to maid-servants in general, and several useful Tables: Which renders it the Completest Book of the Kind ever published. The Compiler, Madam Johnson, in order to make this Book come as cheap as possible to the Purchasers, has, out of her Benevolence, fixed the Price at 1 s. 6 d. Bound; though it contains double the Quantity that is usually sold for that Sum.","Johnson, Mary",50,1765,1,1,"London : printed for J. Fuller, in Blowbladder Street; and W. Nicoll, in St. Paul's Church-Yard, [1765].",London,214,female,,,False
0783300200_000021,"Essays on various subjects, principally designed for young ladies.",Hannah More,27,1778,1,1,"London : printed for J. Wilkie, in St. Paul's Church-Yard; and T. Cadell, in the Strand, MDCCLXXVIII. [1778].",London,221,female,1745,1833,True
0356000302_000021,"A series of genuine letters between Henry and Frances. The second edition, revised, corrected, enlarged, and improved, by the authors. Vol. I.",Elizabeth Griffith,35,1761,2,2,"London : printed for W. Johnston in Ludgate Street, 1761.",London,444,female,1720,1793,True
0264100302_000099,"The works of Mrs. Catharine Cockburn, ... Several of them now first printed. Revised and published, with an account of the life of the author, by Thomas Birch, ... In two volumes. ...",Catharine Trotter,46,1751,2,2,"London : printed for J. and P. Knapton, 1751.",London,586,female,1679,1749,False
0272900701_000013,"The works of the Marchioness de Lambert. A new edition, from the French. In two volumes. ...",Anne-Thérèse de Marguenat de Courcelles,39,1769,1,2,"London : printed for W. Owen, Near Temple-Bar, Fleet-Street, M.DCC.LXIX. [1769].",London,284,female,1647,1733,False
1640300204_000015,"Letters on different subjects, in four volumes. Amongst which are interspers'd the adventures of Alphonso, after the destruction of Lisbon. By the author of The unfortunate mother's advice to her absent daughters.",Sarah Pennington,28,1766,4,4,"Dublin : printed for J. Hoey, Sen. P. Wilson, J. Exshaw, S. Cotter, E. Watts, J. Murphy, L. Flin, B. Grierson, J. Hoey, Jun. W. Sleater, J. Potts, W. Watson, S. Watson, D. Chamberlain, J. Williams, and J. Shephard, M.DCC.LXVI. [1766].",Dublin,162,female,1720,1783,True
1056100300_000001,"Original stories, from real life; with conversations, calculated to regulate the affections, and form the mind to truth and goodness, by Mary Wollstonecraft.",Mary Wollstonecraft,33,1792,1,1,"Dublin : printed for J. Jones, No. 111, Grafton-Street, opposite the College, 1792.",Dublin,188,female,1759,1797,True
1743400300_000001,Remarks upon the principles and reasonings of Dr. Rutherforth's Essay on the nature and obligations of virtue: in vindication of the contrary principles ... inforced in the writings of the late Dr. Samuel Clarke. Published by Mr. Warburton with a preface.,Catharine Trotter,44,1747,1,1,"London : printed for J. and P. Knapton, 1747.",London,165,female,1679,1749,False
0343200101_000023,"Religion considered as the only basis of happiness, and of true philosophy. A work written for the instruction of the children of his Most Serene Highness the Duke of Orleans; And in which the Principles of modern pretended Philosophers are laid open and refuted. By Madame the Marchioness of Sillery, heretofore countess of genlis. In two volumes. ...",Stéphanie Félicité du Crest de Saint-Aubin,37,1787,1,2,"London : printed for T. Payne and Son, at the Mews Gate; T. Cadell, and P. Elmsly, in the Strand, M.DCC.LXXXVII. [1787].",London,312,female,1746,1830,True
0277400902_000050,Epistles for ladies. By the authors of The female spectator. In two volumes. ...,Eliza Haywood,31,1756,2,2,"London : printed for T. Gardner, at Cowley's-Head, near St. Clement's Church in the Strand, M.DCC.LVI. [1756].",London,301,female,1693,1756,True
0139100500_000069,"A compendious system of astronomy, in a course of familiar lectures; In which the Principles of that Science are Clearly Elucidated, so as to be Intelligible to those who have not Studied the Mathematics. Also trigonometrical and celestial problems, with a key to the ephemeris, and a vocabulary of the terms of science used in the Lectures; which latter are explained Agreeably to their Application in them. By Margaret Bryan.","Bryan, Margaret           1815",34,1797,1,1,"London : printed for the author, and sold by Leigh and Sotheby, York Street, Covent Garden; and G. Kearsley, No. 46, Fleet Street, 1797.",London,351,female,,,False
0954500400_000023,"The progress of a female mind, in some interesting enquiries. Containing, I. A Soliloquy. II. A Letter to a Jew, on the Evidences of Revelation. III. A Letter to a Christian Divine on the Gospel System; with some References to a late Free Enquirer. IV. A Remark on the Importance of the Hebrew Language. By a lady.",Lady,41,1764,1,1,"London : printed for A. and C. Corbett, opposite St. Dunstan's Church, Fleet-Street, MDCCLXIV. [1764].",London,94,female,,,False
0356700201_000050,"A series of genuine letters, between Henry and Frances. Accepit famam, nec minus illa dedit. ...",Elizabeth Griffith,43,1786,1,6,"London : printed (by assignment from E. Johnston) for J. Bew, Pater-Noster-Row, MDCCLXXXVI. [1786].",London,326,female,1720,1793,True
0496800600_000001,"Original stories from real life; with conversations, calculated to regulate the affections, and form the mind to truth and goodness. By Mary Wollstonecraft.",Mary Wollstonecraft,35,1791,1,1,"London : printed for J. Johnson, No. 72, St. Paul's Church-Yard, 1791.",London,197,female,1759,1797,True
0337800300_000004,"A new method of instruction for children from five to ten years old, including moral dialogues, The Children's Island A Tale, Thoughts And Maxims, Models Of Composition In Writing For Children Ten OR Twelve Years Old, and a new method of teaching children to draw. Translated from the French of Madame de Genlis.",Stéphanie Félicité du Crest de Saint-Aubin,46,1800,1,1,"London : printed by A. Strahan, Printers Street, for T. N. Longman and O. Rees, Paternoster-Row, 1800.",London,322,female,1746,1830,True
0617501500_000077,Letters on education. With observations on religious and metaphysical subjects. By Catherine Macaulay Graham.,Catharine Macaulay,34,1790,1,1,"Dublin : printed for H. Chamberlaine and Rice, L. White, W. Mc. Kenzie, J. Moore, Grueber and Mc. Allister, [and 2 others in Dublin], 1790.",Dublin,336,female,1731,1791,True
0702300800_000034,Strictures on the modern system of female education. With a view of the principles and conduct prevalent among women of rank and fortune. By Hannah More.,Hannah More,41,1799,1,1,"Dublin : printed by William Porter, for P. Wogan, Old-Bridge, and W. Porter, Grafton-Street, 1799.",Dublin,434,female,1745,1833,True
0357300803_000036,"Lessons of a governess to her pupils: or, journal of the method adopted by Madame de Sillery-Brulart (formerly Countess de Genlis) in the education of the children of M. D'Orleans First Prince of the Blood-Royal. Published by herself. Translated from the French.",Stéphanie Félicité du Crest de Saint-Aubin,46,1792,3,3,"London : printed for G.G.J. and J. Robinson, Paternoster-Row, M.DCC.XCII. [1792].",London,313,female,1746,1830,True
0277201100_000032,"An easy introduction to the knowledge of nature, and reading the holy scriptures. Adapted to the capacities of children. By Mrs. Trimmer.",Sarah Trimmer,44,1793,1,1,"London : printed for T. Longman, and G. G. J. and J. Robinson, Paternoster-Row; and J. Johnson, St. Paul's Church-Yard, MDCCXCIII. [1793].",London,178,female,1741,1810,True
0107900400_000027,The works of the late Mrs. Catharine Talbot.,Catherine Talbot,35,1780,1,1,"London : printed by John Rivington, jun. for John, Francis, and Charles Rivington, at No 62, in St. Paul's Church Yard, MDCCLXXX. [1780].",London,332,female,1721,1770,False
1436700900_000035,"Letters on the improvement of the mind, addressed to a young lady. By Mrs. Chapone.",Hester Chapone,38,1778,1,1,"London : Printed for J. Walter, at Homer's Head, Charing Cross; and E. and C. Dilly, in the Poultry, MDCCLXXVIII. [1778].",London,247,female,1727,1801,True
0622301500_000021,"Essays on various subjects, principally designed for young ladies.",Hannah More,27,1778,1,1,"London : printed for J. Wilkie, in St. Paul's Church-Yard; and T. Cadell, in the Strand, MDCCLXXVIII. [1778].",London,220,female,1745,1833,True
0940300600_000013,Remarks on Mr. Gilbert Wakefield's Enquiry into the expediency and propriety of public or social worship. By Anna Lætitia Barbauld.,Anna Laetitia Barbauld,30,1792,1,1,"London : printed for J. Johnson, No. 72, st. Paul's Church-Yard, 1792.",London,80,female,1743,1825,True
0645800102_000043,The history of Portia. Written by a lady. ...,Lady,34,1759,2,2,"London : printed for R. Withy, at the Dunciad in Cornhill; J. Pottinger, in Great Turnstile, Holborn; J. Wilkie, in St. Paul's Church-Yard; and J. Cooke, in Queen-Street, May-Fair, MDCCLIX. [1759].",London,249,female,,,False
0656300601_000026,"The progress of romance, through times, countries and manners; ... in a course of evening conversations. By C. R. author of the English Baron, The two mentors, &c. In two volumes. ...",Clara Reeve,41,1785,1,2,"[Colchester] : printed for the author, by W. Keymer, Colchester, and sold by him; sold also by G. G. J. and J. Robinson, London, 1785.",Colchester,159,female,1729,1807,True
1651903100_000138,"The dunciad, in four books. Printed according to the complete copy found in the year 1742. With the prolegomena of scriblerus, and notes variorum. To which are added, several notes now first publish'd, the hypercritics of aristarchus, and his dissertation on the hero of the poem.",Mary Cooper,50,1743,1,1,"London : Printed for M. Cooper at the Globe in Pater-noster-row, MDCCXLIII. [1743].",London,436,female,,1761,False
0777200600_000013,Remarks on Mr. Gilbert Wakefield's Enquiry into the expediency and propriety of public or social worship. By Anna Laetitia Barbauld.,Anna Laetitia Barbauld,35,1792,1,1,"London : printed for J. Johnson, No. 72, St. Paul's Church-Yard, 1792.",London,85,female,1743,1825,True
0139100500_000048,"A compendious system of astronomy, in a course of familiar lectures; In which the Principles of that Science are Clearly Elucidated, so as to be Intelligible to those who have not Studied the Mathematics. Also trigonometrical and celestial problems, with a key to the ephemeris, and a vocabulary of the terms of science used in the Lectures; which latter are explained Agreeably to their Application in them. By Margaret Bryan.","Bryan, Margaret           1815",47,1797,1,1,"London : printed for the author, and sold by Leigh and Sotheby, York Street, Covent Garden; and G. Kearsley, No. 46, Fleet Street, 1797.",London,351,female,,,False
0866100101_000035,Strictures on the modern system of female education. With a view of the principles and conduct prevalent among women of rank and fortune. By Hannah More. In two volumes. ...,Hannah More,39,1799,1,2,"London : printed for T. Cadell jun. and W. Davies, in the Strand, 1799.",London,325,female,1745,1833,True
0093300400_000004,"The miscellaneous works, in prose and verse, of Mrs. Mary Latter, of Reading, Berks. In three parts.",Mary Latter,30,1759,1,1,"Reading : printed and sold by C. Pocock MDCCLIX. Sold also by J. Wilkie in St. Paul's Church-Yard, London; J. Wimpey in Newbury, and R. Aillen in Basingstoke, [1759].",Reading,210,female,1725,1777,False
0404500600_000031,"The secret history of Queen Zarah, and the Zarazians. Wherein the amours, intrigues, and gallantries of the court of Albigion (during her Reign) are pleasantly expos'd; and as surprizing a Scene of Love and Politicks, represented, as perhaps this, or any other Age or Country, has hitherto produc'd. Suppos'd to be translated from the Italian copy, now lodg'd in the Vatican at Rome, by the late ingenious Mrs. Manley: and design'd as looking-glass for an illustrious lady.",Mary de La Rivière Manley,36,1743,1,1,"London : printed for J. Huggonson, in Sword and Buckler-Court, opposite to the Crown-Tavern upon Ludgate-Hill, MDCCXLIII. [1743].",London,101,female,1663,1724,True
0560001300_000012,"The description of Bath. A poem. Humbly Inscribed To Her Royal Highness the Princess Amelia. With several other poems. By Mrs. Mary Chandler. The seventh edition. To which is added, A true tale, by the same author.",Mary Chandler,37,1755,1,1,"London : printed for James Leake, Bookseller in Bath; and sold by Messieurs Hitch and Hawes, Booksellers in London, MDCC.LV. [1755].",London,101,female,1687,1745,False
0836400101_000008,"Letters on the improvement of the mind, addressed to a young lady. In two volumes. ...",Hester Chapone,40,1773,1,2,"London : printed by H. Hughs, for J. Walter, Homer's Head, Charing-Cross, MDCCLXXIII. [1773].",London,207,female,1727,1801,True
0587200200_000021,"Essays on various subjects, principally designed for young ladies.",Hannah More,29,1777,1,1,"London : printed for J. Wilkie, in St. Paul's Church-Yard; and T. Cadell, in the Strand, MDCCLXXVII. [1777].",London,220,female,1745,1833,True
0272800901_000001,"Lilliputian Spectacle de la nature: or, nature delineated, in conversations and letters passing between the children of a family. In three volumes. ...",Ellenor Fenn,46,1790,1,3,"London : printed and sold by John Marshall and Co. at No. 4, Aldermary Church Yard, in Bow-Lane, [1790?].",London,89,female,1743,1813,False
0941400101_000013,"Memoirs of modern philosophers. In three volumes. By Elizabeth Hamilton, ...",Elizabeth Hamilton,27,1800,1,3,"Bath : printed by R. Cruttwell; for G. G. and J. Robinson, London, 1800.",Bath,355,female,1758,1816,False
0290100102_000001,The cry: a new dramatic fable. In three volumes. ...,Jane Collier,41,1754,2,3,"London : printed for R. and J. Dodsley, 1754.",London,339,female,1714,1754,True
0093500500_000031,"Miscellanies in prose and verse, by the Honourable Lady Margaret Pennyman. Containing, I. Her late journey to Paris, giving an Account of the present State of the Court of France, and of all that is curious and remarkable in that famous City. II. Poems on several occasions, with Familiar Letters to a Friend. Published from her original manuscripts. To which are annexed, some other curious pieces.","Pennyman, Margaret, Lady",31,1740,1,1,"London : printed for E. Curll, at Pope's Head, in Rose-Street, Covent-Garden, [1740].",London,306,female,1688,1733,False
0050500101_000007,"A series of genuine letters between Henry and Frances. The second edition, revised, corrected, enlarged, and improved, by the authors. ...",Elizabeth Griffith,34,1760,1,2,"Dublin : printed by S. Powell, in Crane-Lane, for the Authors, MDCCLX. [1760].",Dublin,418,female,1720,1793,True
1042800201_000002,"Familiar letters between the principal characters in David Simple, and some others. To which is added, A vision. By the author of David Simple. In two volumes. ...",Sarah Fielding,47,1747,1,2,"Dublin : printed for E. and J. Exshaw, 1747.",Dublin,154,female,1710,1768,True
0343200202_000025,"Religion considered as the only basis of happiness and of true philosophy. A work written for the instruction of the children of his most serene highness the Duke of Orleans; ... By Madame the Marchioness of Sillery, ... In two volumes.",Stéphanie Félicité du Crest de Saint-Aubin,37,1787,2,2,"Dublin : printed by William Porter, for H. Chamberlaine, White, Byrne, Colbert, W. Porter, and Moore, 1787.",Dublin,151,female,1746,1830,True
0439200401_000009,"Miscellanies in prose and verse, mostly written in the epistolary style: chiefly upon moral subjects, and particularly calculated for the improvement of younger minds. By Mrs. M. Deverell, Gloucestershire. ...","Deverell, Mary",34,1781,1,2,"[London] : Printed for the author, by J. Rivington, jun, St. John's-Square, Clerkenwell; sold by Mr. Dodsley, Pall-Mall; Mr. Robson and Mr. Michell, New Bond-Street; Mr. Cadell, Strand; Messrs. Rivingtons and Mr. Wilkie's, St. Paul's Church-Yard; Mr. Crowder, Pater-Noster Row; and Mrs. Davenhill, Cornhill, Booksellers, London. - Also by Mr. Cadell, Wine-Street, Bristol; Messrs. Pract and Clinch, Melsome-Street, and Mr. Meyler, in the Grove, Bath; Mr. Fletcher, Oxford; Mr. Pugh, Hereford; Mr. Sprange, Tunbridge-Wells; and by the author, at No. 115, Jermyn-Street, St. James's, London. MDCCLXXXI. Entered at Stationers-Hall, [1781].",London,287,female,,,False
0102400501_000016,"Memoirs of Hyppolite Clairon, the celebrated French actress: with reflections upon the dramatic art: written by herself. Translated from the French. In two volumes. ...","Clairon, Mlle",47,1800,1,2,"London : printed for G. G. and J. Robinson, Paternoster-Row; by S. Hamilton, Falcon-Court, Fleet-Street, 1800.",London,260,female,1723,1803,False
0389702200_000002,Letters concerning the religion essential to man: as it is distinct from what is merely an accession to it. In two parts. Translated from the French.,Marie Huber,53,1761,1,1,"Glasgow : printed for Robert Urie, MDCCLXI. [1761].",Glasgow,250,female,1695,1753,False
0191900201_000076,Epistles for the ladies ...,Eliza Haywood,30,1749,1,2,"London : printed and published by T. Gardner, at Cowley's-Head opposite St. Clement's Church in the Strand, 1749-50.",London,403,female,1693,1756,True
0343200202_000040,"Religion considered as the only basis of happiness and of true philosophy. A work written for the instruction of the children of his most serene highness the Duke of Orleans; ... By Madame the Marchioness of Sillery, ... In two volumes.",Stéphanie Félicité du Crest de Saint-Aubin,50,1787,2,2,"Dublin : printed by William Porter, for H. Chamberlaine, White, Byrne, Colbert, W. Porter, and Moore, 1787.",Dublin,151,female,1746,1830,True
0343200202_000039,"Religion considered as the only basis of happiness and of true philosophy. A work written for the instruction of the children of his most serene highness the Duke of Orleans; ... By Madame the Marchioness of Sillery, ... In two volumes.",Stéphanie Félicité du Crest de Saint-Aubin,42,1787,2,2,"Dublin : printed by William Porter, for H. Chamberlaine, White, Byrne, Colbert, W. Porter, and Moore, 1787.",Dublin,151,female,1746,1830,True
0343200101_000014,"Religion considered as the only basis of happiness, and of true philosophy. A work written for the instruction of the children of his Most Serene Highness the Duke of Orleans; And in which the Principles of modern pretended Philosophers are laid open and refuted. By Madame the Marchioness of Sillery, heretofore countess of genlis. In two volumes. ...",Stéphanie Félicité du Crest de Saint-Aubin,27,1787,1,2,"London : printed for T. Payne and Son, at the Mews Gate; T. Cadell, and P. Elmsly, in the Strand, M.DCC.LXXXVII. [1787].",London,312,female,1746,1830,True
0389401000_000060,"Mental improvement: or, the beauties and wonders of nature and art. In a series of instructive conversations. By Priscilla Wakefield, Author Of Leisure Hours, Juvenile Anecdotes, &c. &c. &c.",Priscilla Wakefield,41,1800,1,1,"Dublin : printed for P. Wogan, No 23, Old Bridge, by T. Burnside, 1800.",Dublin,315,female,1751,1832,False
1335700401_000019,Essays on various subjects. To which are added reflections on the seven days of the week. By Mrs. Talbot.,Catherine Talbot,32,1773,1,2,"Dublin : printed for J. Milliken, College-Green, M,DCC,LXXIII. [1773].",Dublin,129,female,1721,1770,False
0031801000_000128,"The world unmask'd: or, the Philosopher the greatest Cheat; in twenty-four dialogues Between Crito a Philosopher, Philo a Lawyer, and Erastus a Merchant. In which True Virtue is distinguished from what usually bears the Name or Resemblance of it: The many Prejudices and Mistakes in Judgment and Practice, in regard to conscience and religion, are examined and rectified: And the Value of truth is shewn; with the Reasons why it is not more generally known. To which is added, The state of Souls separated from their Bodies: Being an Epistolary Treatise, wherein is proved, by a Variety of Arguments, deduced from Holy Scripture, that the Punishments of the Wicked will not be Eternal; and all Objections against it solved. In Answer to a Treatise, entitled, An Enquiry into Origenism. Together with A Large Introduction, evincing the same Truth from the Principles of Natural Religion. Translated from the French.",Marie Huber,42,1736,1,1,"London : printed for A. Millar, over-against St. Clement's Church in the Strand, MDCCXXXVI. [1736].",London,455,female,1695,1753,False
0343200102_000019,"Religion considered as the only basis of happiness, and of true philosophy. A work written for the instruction of the children of his Most Serene Highness the Duke of Orleans; And in which the Principles of modern pretended Philosophers are laid open and refuted. By Madame the Marchioness of Sillery, heretofore countess of genlis. In two volumes. ...",Stéphanie Félicité du Crest de Saint-Aubin,35,1787,2,2,"London : printed for T. Payne and Son, at the Mews Gate; T. Cadell, and P. Elmsly, in the Strand, M.DCC.LXXXVII. [1787].",London,295,female,1746,1830,True
1090904000_000002,A modest plea for the property of copy right. By Catharine Macaulay.,Catharine Macaulay,38,1774,1,1,"[Bath] : Printed by R. Cruttwell, in Bath; for Edward and Charles Dilly, in the Poultry, London, MDCCLXXIV. [1774].",Bath,44,female,1731,1791,True
0192300401_000045,A series of genuine letters between Henry and Frances. |...,Elizabeth Griffith,43,1757,1,2,"London : printed for W. Johnston, in St. Paul's Church-Yard, MDCCLVII. [1757].",London,336,female,1720,1793,True
0613000400_000026,A treatise on the immutability of moral truth. By Catharine Macaulay Graham.,Catharine Macaulay,41,1783,1,1,"London : printed by A. Hamilton, jun. And sold by C. Dilly, Poultry ; G. Robinson, Paternoster Row ; T. Cadell, Strand ; T. Lewis, Covent-Garden ; J. Walter, Charing-Cross ; and R. Faulder, New Bond-Street, MDCCLXXXIII. [1783].",London,341,female,1731,1791,True
0296200500_000027,"Miscellanies in prose and verse, by Mrs. Chapone, Author Of Letters ON The Improvement Of The Mind. To which is added, The temple of virtue, a dream. Published by James Fordyce, D.D. Author Of Sermons To Young Women.",Hester Chapone,34,1775,1,1,"Dublin : printed for J. Williams, W. Wilson, and R. Moncrieffe, M.DCC.LXXV. [1775].",Dublin,252,female,1727,1801,True
0343200201_000005,"Religion considered as the only basis of happiness and of true philosophy. A work written for the instruction of the children of his most serene highness the Duke of Orleans; ... By Madame the Marchioness of Sillery, ... In two volumes.",Stéphanie Félicité du Crest de Saint-Aubin,40,1787,1,2,"Dublin : printed by William Porter, for H. Chamberlaine, White, Byrne, Colbert, W. Porter, and Moore, 1787.",Dublin,160,female,1746,1830,True
0670002100_000008,"Letters on the improvement of the mind, addressed to a young lady. By Mrs. Chapone.",Hester Chapone,40,1787,1,1,"London : printed for J. Walter, Charing-Cross ; and C. Dilly, in the Poultry, M.DCC.LXXXVII. [1787].",London,244,female,1727,1801,True
0351400201_000030,"Poems and essays, by a lady lately deceased. Published for the benefit of the General Hospital at Bath. ... . - The Second Edition.",Jane Bowdler,48,1786,1,2,"Bath : printed by R. Cruttwell; and sold by C. Dilly, Poultry, London, MDCCLXXXVI. [1786].",Bath,249,female,1743,1784,False
0392000800_000005,"Dialogues of the dead. The fourth edition, corrected. To which are added four new dialogues.",Elizabeth Montagu,28,1765,1,1,"London : printed for W. Sandby, in Fleet-Street, M.DCC.LXV. [1765].",London,421,female,1720,1800,False
0431500202_000060,"The world unmask'd: or, the Philosopher the greatest Cheat; in twenty-four dialogues. To which is added, The state of souls separated from their Bodies; Being an Epistolary Treatise, wherein is proved, by a Variety of Arguments, deduced from Holy Scripture, that the Punishments of the Wicked will not be Eternal; and all Objections against it solved. To which is prefix'd, A Large Introduction, evincing the same Truth from the Principles of Natural Religion. Translated from the French.",Marie Huber,46,1743,2,2,"London : printed for A. Millar, opposite to Katharine-Street in the Strand, M.DCC.XLIII. [1743].",London,300,female,1695,1753,False
1112101302_000004,"Poems and essays, by the late Miss Bowdler. ...",Jane Bowdler,47,1787,2,2,"Bath : printed by R. Cruttwell; and sold by C. Dilly, Poultry, J. Robson and T. Hookham, New-Bond-Street, London; and N. R. Cheyne, New Edinburgh, MDCCLXXXVIII. [1787]-1788.",Bath,214,female,1743,1784,False
0691101400_000006,An address to the opposers of the repeal of the Corporation and Test Acts.,Anna Laetitia Barbauld,28,1790,1,1,"London : printed for J. Johnson, No 72, St. Paul's Church-Yard, MDCCXC. [1790].",London,44,female,1743,1825,True
0929000301_000001,"Sacred history, selected from the scriptures; with annotations and reflections, particularly calculated to facilitate the study of the Holy Scriptures in schools and families. Second edition. ... . By Mrs. Trimmer.",Sarah Trimmer,28,1788,1,6,"Glocester : printed by R. Raikes; for T. Longman, G. G. J. and J. Robinson, Pater-Noster-Row; and J. Johnson, St. Paul's Church-Yard, M.DCC.LXXXVIII. [1788].",Gloucester,448,female,1741,1810,True
0272600900_000001,"Original stories from real life; with conversations, calculated to regulate the affections, and form the mind to truth and goodness. By Mary Wollstonecraft.",Mary Wollstonecraft,34,1796,1,1,"London : printed for J. Johnson, No. 72, St. Paul's Church-Yard, 1796.",London,173,female,1759,1797,True
1622600104_000004,"Tales of the castle: Or, Stories of instruction and delight being Les veilles du Chateau, written in French by Madame la Comtesse de Genlis, author of the Theatre of education, Adela and Theodore, &c. Translated into English by Thomas Holcroft.",Stéphanie Félicité du Crest de Saint-Aubin,39,1789,4,4,"Dublin : Printed for Messrs. Moncrieffe, Walker, White, Byrne, and Parker, MDCCLXXXIX. [1789].",Dublin,294,female,1746,1830,True
0561500200_000026,"The breathings of genius. Being a collection of poems; to which are added, essays moral and philosophical. By Elizabeth Gilding, Woolwich, Kent.","Gilding, Elizabeth",45,1776,1,1,"London : printed by W. Faden, and sold by J. Wilkie, No. 62, St. Paul's Church-Yard; J. Walter, at Charing-Cross; and W. Domville, under the Royal Exchange, MDCCLXXVI. [1776].",London,159,female,,,False
0866100101_000033,Strictures on the modern system of female education. With a view of the principles and conduct prevalent among women of rank and fortune. By Hannah More. In two volumes. ...,Hannah More,56,1799,1,2,"London : printed for T. Cadell jun. and W. Davies, in the Strand, 1799.",London,325,female,1745,1833,True
0296200200_000003,"An essay on the writings and genius of Shakespear, compared with the Greek and French dramatic poets. With some remarks upon the misrepresentations of Mons. de Voltaire.",Elizabeth Montagu,41,1769,1,1,"Dublin : printed for H. Saunders, J. Potts, W. Sleater, D. Chamberlaine, and J. Williams, M,DCC,LXIX. [1769].",Dublin,233,female,1720,1800,False
0850400100_000007,The female advocate; a poem. Occasioned by reading Mr. Duncombe's Feminead. By Miss Scott.,"Scott, Mary, poet",39,1775,1,1,"London : printed for Joseph Johnson, No. 72, St. Paul's Church-Yard, M.DCC.LXXV. [1775].",London,47,female,,,False
0613000400_000035,A treatise on the immutability of moral truth. By Catharine Macaulay Graham.,Catharine Macaulay,40,1783,1,1,"London : printed by A. Hamilton, jun. And sold by C. Dilly, Poultry ; G. Robinson, Paternoster Row ; T. Cadell, Strand ; T. Lewis, Covent-Garden ; J. Walter, Charing-Cross ; and R. Faulder, New Bond-Street, MDCCLXXXIII. [1783].",London,341,female,1731,1791,True
0631300300_000012,An estimate of the religion of the fashionable world. By one of the laity.,Hannah More,33,1791,1,1,"Dublin : printed for P. Wogan, P. Byrne, J. Moore, J. Jones, A. Grueber, R. M`allister, W. Jones, G. Draper, R. White, J. Rice, M.DCC.XCI. [1791].",Dublin,283,female,1745,1833,True
0631600600_000012,An estimate of the religion of the fashionable world. By Hannah More.,Hannah More,31,1793,1,1,"London : printed for T. Cadel, in the Strand, 1793.",London,269,female,1745,1833,True
1101900700_000004,"Letters on the improvement of the mind, addressed to a young lady. By Mrs. Chapone.",Hester Chapone,41,1800,1,1,"London : published for the proprietors: and printed and sold by H. and G. Mozley, Market Place, Gainsbro', 1800.",London,203,female,1727,1801,True
0337800300_000012,"A new method of instruction for children from five to ten years old, including moral dialogues, The Children's Island A Tale, Thoughts And Maxims, Models Of Composition In Writing For Children Ten OR Twelve Years Old, and a new method of teaching children to draw. Translated from the French of Madame de Genlis.",Stéphanie Félicité du Crest de Saint-Aubin,40,1800,1,1,"London : printed by A. Strahan, Printers Street, for T. N. Longman and O. Rees, Paternoster-Row, 1800.",London,322,female,1746,1830,True
0343200201_000046,"Religion considered as the only basis of happiness and of true philosophy. A work written for the instruction of the children of his most serene highness the Duke of Orleans; ... By Madame the Marchioness of Sillery, ... In two volumes.",Stéphanie Félicité du Crest de Saint-Aubin,34,1787,1,2,"Dublin : printed by William Porter, for H. Chamberlaine, White, Byrne, Colbert, W. Porter, and Moore, 1787.",Dublin,160,female,1746,1830,True
0271400200_000097,Letters on education. With observations on religious and metaphysical subjects. By Catharine Macaulay Graham.,Catharine Macaulay,39,1790,1,1,"London : printed for C. Dilly, in the Poultry, MDCCXC. [1790].",London,525,female,1731,1791,True
0613000400_000033,A treatise on the immutability of moral truth. By Catharine Macaulay Graham.,Catharine Macaulay,52,1783,1,1,"London : printed by A. Hamilton, jun. And sold by C. Dilly, Poultry ; G. Robinson, Paternoster Row ; T. Cadell, Strand ; T. Lewis, Covent-Garden ; J. Walter, Charing-Cross ; and R. Faulder, New Bond-Street, MDCCLXXXIII. [1783].",London,341,female,1731,1791,True
0168800401_000014,"A tour in Switzerland; or, a view of the present state of the governments and manners of those cantons: with comparative sketches of the present state of Paris. By Helen Maria Williams. ...",Helen Maria Williams,34,1798,1,2,"London : printed for G. G. and J. Robinson, Paternoster-Row, M,DCC,XCVIII. [1798].",London,373,female,1762,1827,True
0191900202_000054,Epistles for the ladies ...,Eliza Haywood,33,1749,2,2,"London : printed and published by T. Gardner, at Cowley's-Head opposite St. Clement's Church in the Strand, 1749-50.",London,399,female,1693,1756,True
0271300600_000017,"A packet for youth, or evidences of Christianity drawn from the mind. By a lady.","M. P., Lady",37,1799,1,1,"Hanley : printed and sold by Mort; also by Knott, Lombard Street, Chapman, Fleet Street, Heptinstall, Holborn, London, ---- Chester, Newcastle, ---- Jones, Birmingham, ---- Pritchard, Derby, ---- Smith, Sheffield, Boden, Manchester ; and may be had of all Booksellers, [1799].",Hanley,122,female,,,False
0038600500_000010,Female rights vindicated; or the equality of the sexes morally and physically proved. By a lady.,Lady,53,1758,1,1,"London : printed for G. Burnet, at Bishop Burnet's Head without Temple-Bar, MDCCLVIII. [1758].",London,146,female,,,False
0989700103_000022,"Letters on different subjects, in four volumes; amongst which are interspers'd the adventures of Alphonso, after the destruction of Lisbon. By the author of The unfortunate mother's advice to her absent daughters. ...",Sarah Pennington,38,1766,3,4,"London : to be had by the subscribers at those booksellers where they have subscribed, and at W. Bristow's late shop in St. Paul's Church Yard, or at his house in Roll's Buildings, Fetter-Lane, M.DCC.LXVI. [1766]-67.",London,203,female,1720,1783,True
0397700400_000003,A vindication of the rights of woman: with strictures on political and moral subjects. By Mary Wollstonecraft.,Mary Wollstonecraft,38,1792,1,1,"London : printed for J. Johnson, No 72, St. Paul's Church Yard, 1792.",London,469,female,1759,1797,True
0083701400_000002,Ideal trifles. Published by a lady.,Lady,54,1774,1,1,"London : printed for John Boosey, Bookseller, at No. 39, King-Street, Cheapside, 1774.",London,275,female,,,False
0622301500_000026,"Essays on various subjects, principally designed for young ladies.",Hannah More,38,1778,1,1,"London : printed for J. Wilkie, in St. Paul's Church-Yard; and T. Cadell, in the Strand, MDCCLXXVIII. [1778].",London,220,female,1745,1833,True
0613000400_000009,A treatise on the immutability of moral truth. By Catharine Macaulay Graham.,Catharine Macaulay,43,1783,1,1,"London : printed by A. Hamilton, jun. And sold by C. Dilly, Poultry ; G. Robinson, Paternoster Row ; T. Cadell, Strand ; T. Lewis, Covent-Garden ; J. Walter, Charing-Cross ; and R. Faulder, New Bond-Street, MDCCLXXXIII. [1783].",London,341,female,1731,1791,True
0264100302_000001,"The works of Mrs. Catharine Cockburn, ... Several of them now first printed. Revised and published, with an account of the life of the author, by Thomas Birch, ... In two volumes. ...",Catharine Trotter,47,1751,2,2,"London : printed for J. and P. Knapton, 1751.",London,586,female,1679,1749,False
0031801000_000121,"The world unmask'd: or, the Philosopher the greatest Cheat; in twenty-four dialogues Between Crito a Philosopher, Philo a Lawyer, and Erastus a Merchant. In which True Virtue is distinguished from what usually bears the Name or Resemblance of it: The many Prejudices and Mistakes in Judgment and Practice, in regard to conscience and religion, are examined and rectified: And the Value of truth is shewn; with the Reasons why it is not more generally known. To which is added, The state of Souls separated from their Bodies: Being an Epistolary Treatise, wherein is proved, by a Variety of Arguments, deduced from Holy Scripture, that the Punishments of the Wicked will not be Eternal; and all Objections against it solved. In Answer to a Treatise, entitled, An Enquiry into Origenism. Together with A Large Introduction, evincing the same Truth from the Principles of Natural Religion. Translated from the French.",Marie Huber,46,1736,1,1,"London : printed for A. Millar, over-against St. Clement's Church in the Strand, MDCCXXXVI. [1736].",London,455,female,1695,1753,False
0343200102_000010,"Religion considered as the only basis of happiness, and of true philosophy. A work written for the instruction of the children of his Most Serene Highness the Duke of Orleans; And in which the Principles of modern pretended Philosophers are laid open and refuted. By Madame the Marchioness of Sillery, heretofore countess of genlis. In two volumes. ...",Stéphanie Félicité du Crest de Saint-Aubin,38,1787,2,2,"London : printed for T. Payne and Son, at the Mews Gate; T. Cadell, and P. Elmsly, in the Strand, M.DCC.LXXXVII. [1787].",London,295,female,1746,1830,True
0168800402_000018,"A tour in Switzerland; or, a view of the present state of the governments and manners of those cantons: with comparative sketches of the present state of Paris. By Helen Maria Williams. ...",Helen Maria Williams,34,1798,2,2,"London : printed for G. G. and J. Robinson, Paternoster-Row, M,DCC,XCVIII. [1798].",London,359,female,1762,1827,True
0277700301_000035,"The works of Mrs. Chapone, containing letters on the improvement of the mind, addressed to a young lady. And miscellanies in prose and verse. In two volumes. ...",Hester Chapone,38,1775,1,2,"Dublin : printed for J. Williams, 1775.",Dublin,156,female,1727,1801,True
0137000200_000003,"An essay on the writings and genius of Shakespear, compared with the Greek and French dramatic poets. With some remarks upon the misrepresentations of Mons. de Voltaire.",Elizabeth Montagu,40,1772,1,1,"London : printed by H. Hughs, near Lincoln's-Inn-Fields; for Edward and Charles Dilly, in the Poultry, M.DCC.LXXII. [1772].",London,277,female,1720,1800,False
0989700103_000021,"Letters on different subjects, in four volumes; amongst which are interspers'd the adventures of Alphonso, after the destruction of Lisbon. By the author of The unfortunate mother's advice to her absent daughters. ...",Sarah Pennington,34,1766,3,4,"London : to be had by the subscribers at those booksellers where they have subscribed, and at W. Bristow's late shop in St. Paul's Church Yard, or at his house in Roll's Buildings, Fetter-Lane, M.DCC.LXVI. [1766]-67.",London,203,female,1720,1783,True
0271400200_000100,Letters on education. With observations on religious and metaphysical subjects. By Catharine Macaulay Graham.,Catharine Macaulay,41,1790,1,1,"London : printed for C. Dilly, in the Poultry, MDCCXC. [1790].",London,525,female,1731,1791,True
0031801000_000133,"The world unmask'd: or, the Philosopher the greatest Cheat; in twenty-four dialogues Between Crito a Philosopher, Philo a Lawyer, and Erastus a Merchant. In which True Virtue is distinguished from what usually bears the Name or Resemblance of it: The many Prejudices and Mistakes in Judgment and Practice, in regard to conscience and religion, are examined and rectified: And the Value of truth is shewn; with the Reasons why it is not more generally known. To which is added, The state of Souls separated from their Bodies: Being an Epistolary Treatise, wherein is proved, by a Variety of Arguments, deduced from Holy Scripture, that the Punishments of the Wicked will not be Eternal; and all Objections against it solved. In Answer to a Treatise, entitled, An Enquiry into Origenism. Together with A Large Introduction, evincing the same Truth from the Principles of Natural Religion. Translated from the French.",Marie Huber,45,1736,1,1,"London : printed for A. Millar, over-against St. Clement's Church in the Strand, MDCCXXXVI. [1736].",London,455,female,1695,1753,False
0101600800_000001,"Madam Johnson's present: or, every young woman's companion, in useful and universal knowledge. Digested under the following Heads: I. Spelling, Reading, Writing, and Arithmetick, taught without the Help of a Master. II. The Compleat Market-Woman. III. The Cook's Guide for dressing all Sorts of Flesh, Fowl and Fish. IV. For Pickling, Pastry, and Confectionary. V. An Estimate of the Expences of a Family in the middling Station of Life. VI. The Art and Terms of Carving Fish, Fowl, and Flesh. Vii. A Bill of Fare for every Month in the Year for Dinner and Supper, and also for extraordinary Occasions. Viii. The Young Woman's Instructor for the right Spelling of Words used in Marketting, Cookery, Pickling, Preserving, &c. &c. &c. To this edition are added, some plain and very necessary directions to maid-servants in general, and several useful Tables: Which renders it the Completest Book of the Kind ever published. The Compiler, Madam Johnson, in order to make this Book come as cheap as possible to the Purchasers, has, out of her Benevolence, fixed the Price at 1 s. 6 d. Bound; though it contains double the Quantity that is usually sold for that Sum.","Johnson, Mary",31,1765,1,1,"London : printed for J. Fuller, in Blowbladder Street; and W. Nicoll, in St. Paul's Church-Yard, [1765].",London,214,female,,,False
0159100304_000009,The Female spectator.,Eliza Haywood,34,1745,4,4,"London [England] : printed and published by T. Gardner, at Cowley's Head, opposite St. Clement's Church, in the Strand, MDCCXLV. [i.e. 1745-1746].",London,397,female,1693,1755,True
0852200100_000042,"A serious proposal to the ladies, for the advancement of their true and greatest interest. In two parts. By a lover of her sex.",Mary Astell,48,1697,1,1,"London : printed for Richard Wilkin, 1697 [1701].",London,423,female,1666,1731,True
0927600700_000005,Thoughts on female education: with advice to young ladies. By Sarah Howard. Addressed to her pupils.,"Howard, Sarah",34,1783,1,1,"London : printed for J. Mathews, Numb. 18, Strand; Whitewood, and Breadhower, Portsmouth; and Harding, at Gosport, M.DCC.LXXXIII. [1783].",London,104,female,,,False
1640300202_000013,"Letters on different subjects, in four volumes. Amongst which are interspers'd the adventures of Alphonso, after the destruction of Lisbon. By the author of The unfortunate mother's advice to her absent daughters.",Sarah Pennington,37,1766,2,4,"Dublin : printed for J. Hoey, Sen. P. Wilson, J. Exshaw, S. Cotter, E. Watts, J. Murphy, L. Flin, B. Grierson, J. Hoey, Jun. W. Sleater, J. Potts, W. Watson, S. Watson, D. Chamberlain, J. Williams, and J. Shephard, M.DCC.LXVI. [1766].",Dublin,134,female,1720,1783,True
0699600101_000001,Maria: a novel. In two volumes. By the author of George Bateman. ...,Elizabeth Blower,32,1785,1,2,"London : printed for T. Cadell, in the Strand, M.DCC.LXXXV. [1785].",London,268,female,1763,1820,False
0628900200_000019,"Letters for literary ladies. To which is added, an essay on the noble science of self-justification.",Maria Edgeworth,28,1795,1,1,"London : printed for J. Johnson, in St. Paul's Church-Yard, MDCCXCV. [1795].",London,201,female,1767,1849,True
0144600101_000002,The history of England from the accession of James I. to that of the Brunswick line. ... By Catherine Macaulay.,Catharine Macaulay,34,1763,1,8,"London : printed for J. Nourse; R. and J. Dodsley; and W. Johnston, 1763-83.",London,457,female,1731,1791,True
0482400302_000004,"Poems and essays, by the late Miss Bowdler. ...",Jane Bowdler,43,1787,2,2,"Bath : printed by R. Cruttwell; and sold by C. Dilly, Poultry, J. Robson and T. Hookham, New-Bond-Street, London; and N. R. Cheyne, New Edinburgh, MDCCLXXXVII. [1787].",Bath,214,female,1743,1784,False
0236000404_000032,"Letters from France: containing a great variety of interesting and original information concerning the most important events that have lately occurred in that country, and particularly respecting the campaign of 1792. ...",Helen Maria Williams,39,1793,4,4,"London : printed for G. G. and J. Robinson, Paternoster-Row, M.DCC.XCIII. [1793].",London,272,female,1762,1827,True
0459700102_000004,"Advice from a lady of quality to her children; in the last stage of a lingering illness. Translated from the French by S. Glasse, D. D. F. R. S. Chaplain in Ordinary to his Majesty. ...",Lady of quality,59,1794,2,2,"Glocester : printed by R. Raikes. For R. Faulder, New-Bond-Street, London, M.DCC.XCIV. [1794].",Gloucester,212,female,,,False
0898300200_000067,"La belle assemblée: or, the adventures of six days. Being a curious collection of remarkable incidents which happen'd to some of the first quality in France. Written in French for the Entertainment of the King, and dedicated to him by Madam de Gomez. Translated into English.",Madeleine Angélique Poisson Gomez,38,1724,1,1,"London : printed for D. Browne junr. at the Black-Swan without Temple-Bar; and S. Chapman, at the Angel in Pall-Mall M.DCC.XXIV. [1724].",London,376,female,1684,1770,False
0343200101_000002,"Religion considered as the only basis of happiness, and of true philosophy. A work written for the instruction of the children of his Most Serene Highness the Duke of Orleans; And in which the Principles of modern pretended Philosophers are laid open and refuted. By Madame the Marchioness of Sillery, heretofore countess of genlis. In two volumes. ...",Stéphanie Félicité du Crest de Saint-Aubin,51,1787,1,2,"London : printed for T. Payne and Son, at the Mews Gate; T. Cadell, and P. Elmsly, in the Strand, M.DCC.LXXXVII. [1787].",London,312,female,1746,1830,True
1110800700_000029,"Dinarbas; a tale: being a continuation of Rasselas, Prince of Abissinia.",Cornelia Knight,26,1793,1,1,"London : printed for C. Dilly, in the Poultry, M.DCC.XCIII. [1793].",London,346,female,1757,1837,False
0857400402_000014,"Letters on the improvement of the mind, addressed to a young lady. In two volumes. By Mrs. Chapone.",Hester Chapone,38,1773,2,2,"London : printed by H. Hughs, for J. Walter, 1773.",London,231,female,1727,1801,True
0013800102_000004,A tale of the times. By the author of A gossip's story. Dedicated by permission to Mrs. Carter. In three volumes. ...,Jane West,27,1799,2,3,"London : printed for T. N. Longman and O. Rees, Paternoster-Row, 1799.",London,314,female,1758,1852,False
0617501500_000001,Letters on education. With observations on religious and metaphysical subjects. By Catherine Macaulay Graham.,Catharine Macaulay,39,1790,1,1,"Dublin : printed for H. Chamberlaine and Rice, L. White, W. Mc. Kenzie, J. Moore, Grueber and Mc. Allister, [and 2 others in Dublin], 1790.",Dublin,336,female,1731,1791,True
0325001401_000008,"Letters on the improvement of the mind, addressed to a young lady. In two volumes. By Mrs. Chapone. The Fourth Edition. ...",Hester Chapone,40,1774,1,2,"London : printed by H. Hughs, for J. Walter, at Homer's Head, Charing-Cross, MDCCLXXIV. [1774].",London,207,female,1727,1801,True
0954500400_000008,"The progress of a female mind, in some interesting enquiries. Containing, I. A Soliloquy. II. A Letter to a Jew, on the Evidences of Revelation. III. A Letter to a Christian Divine on the Gospel System; with some References to a late Free Enquirer. IV. A Remark on the Importance of the Hebrew Language. By a lady.",Lady,41,1764,1,1,"London : printed for A. and C. Corbett, opposite St. Dunstan's Church, Fleet-Street, MDCCLXIV. [1764].",London,94,female,,,False
0642501202_000037,"Walsingham; or, the pupil of nature. A domestic story. By Mary Robinson, ...",Mary Robinson,39,1797,2,4,"London : printed for T. N. Longman, 1797.",London,334,female,1758,1800,True
0039100400_000029,"Advice from a lady of quality, to her children; in the last stage of a lingering illness. Translated from the French, by S. Glasse, D. D. F. R. S. Chaplain in Ordinary to his Majesty.",Lady of quality,60,1786,1,1,"Glocester : printed by R. Raikes; and sold by J.F. and C. Rivington, No. 62, St. Paul's Church-Yard; T. Cadell, and H. Gardner, Strand; and J. Walter, Charing-Cross, London, M.DCC.LXXXVI. [1786].",Gloucester,363,female,,,False
0343200202_000028,"Religion considered as the only basis of happiness and of true philosophy. A work written for the instruction of the children of his most serene highness the Duke of Orleans; ... By Madame the Marchioness of Sillery, ... In two volumes.",Stéphanie Félicité du Crest de Saint-Aubin,52,1787,2,2,"Dublin : printed by William Porter, for H. Chamberlaine, White, Byrne, Colbert, W. Porter, and Moore, 1787.",Dublin,151,female,1746,1830,True
1436700900_000036,"Letters on the improvement of the mind, addressed to a young lady. By Mrs. Chapone.",Hester Chapone,36,1778,1,1,"London : Printed for J. Walter, at Homer's Head, Charing Cross; and E. and C. Dilly, in the Poultry, MDCCLXXVIII. [1778].",London,247,female,1727,1801,True
0510800900_000007,"A compendious system of astronomy, in a course of familiar lectures, In which the Principles of that Science are clearly elucidated, so as to be intelligible to those who have not studied the Mathematics: also trigonometrical and celestial problems, with a key to the ephemeris, and a vocabulary of the terms of science Used In The Lectures, Which latter are explained agreeably to their Application in them. By Margaret Bryan.","Bryan, Margaret           1815",45,1799,1,1,"London : printed, by H.L. Galabin, Ingram-Court, Fenchurch-Street, for J. Wallis, NO. 46, and Wynne and Scholey, NO. 45, Paternoster-Row, 1799.",London,466,female,,,False
0403500100_000021,An estimate of the religion of the fashionable world. By one of the laity.,Hannah More,44,1791,1,1,"London : printed for T. Cadell, in the Strand, M.DCC.XCI. [1791].",London,269,female,1745,1833,True
0343200102_000039,"Religion considered as the only basis of happiness, and of true philosophy. A work written for the instruction of the children of his Most Serene Highness the Duke of Orleans; And in which the Principles of modern pretended Philosophers are laid open and refuted. By Madame the Marchioness of Sillery, heretofore countess of genlis. In two volumes. ...",Stéphanie Félicité du Crest de Saint-Aubin,42,1787,2,2,"London : printed for T. Payne and Son, at the Mews Gate; T. Cadell, and P. Elmsly, in the Strand, M.DCC.LXXXVII. [1787].",London,295,female,1746,1830,True
0108701400_000031,"A discourse, proving, that the faith and practice of true Christians, are no just matter of shame or reproach. Being eight sermons preached at the cathedral church of St. Paul, in the year 1709, at the lecture founded by the Honourable Robert Boyle, Esq;. By Lilly Butler , D. D. Minister of St. Mary Aldermanbury.","Butler, Lilly",39,1711,1,1,"London : printed for Brabazon Aylmer, at the Three Pigeons against the Royal Exchange in Cornhill, 1711.",London,217,female,,,False
0093100300_000032,"The works (never before published) of Jeanne-Marie Phlipon Roland, wife of the ex-minister of the interior; containing her philosophical and literary essays, Writtin Previous To Her Marriage; Her Correspondence, And Her Travels. To Which Are Annexed The Justificative Documents Relative To Her Imprisonment And Condemnation. The whole preceded by a preliminary discourse, interspersed with notes, illustrative and explanatory, by L. A. Champagneux. Translated from the French.",Manon Roland,38,1800,1,1,"London : printed for J. Johnson, ST. Paul's Church-Yard. 1800. Luke Hansard, printer, Great Turnstile, Lincoln's Inn Fields, [1800].",London,404,female,1754,1793,False
0343200102_000016,"Religion considered as the only basis of happiness, and of true philosophy. A work written for the instruction of the children of his Most Serene Highness the Duke of Orleans; And in which the Principles of modern pretended Philosophers are laid open and refuted. By Madame the Marchioness of Sillery, heretofore countess of genlis. In two volumes. ...",Stéphanie Félicité du Crest de Saint-Aubin,36,1787,2,2,"London : printed for T. Payne and Son, at the Mews Gate; T. Cadell, and P. Elmsly, in the Strand, M.DCC.LXXXVII. [1787].",London,295,female,1746,1830,True
0628401000_000003,"Madam Johnson's present: or, every young woman's companion, in useful and universal knowledge. Digested under the following Heads: I. Spelling, Reading, Writing, and Arithmetick, taught without the Help of a Master. II. The Compleat Market-Woman. III. The Cook's Guide for dressing all Sorts of Flesh, Fowl, and Fish. IV. For Pickling, Pastry, and Consectionary. V. An Estimate of the Expences of a Family in the middling Station of Life. VI. The Art and Terms of Carving Fish, Fowl, and Flesh. Vii. A Bill of Fare for every Month in the Year for Dinner, Supper, and also for extraordinary Occasions. Viii. The Young Woman's Instructor for the right Spelling of Words used in Marketting, Cookery, Pickling, Preserving, &c. &c. &c. To this Edition are added, Some plain and necessary Directions to Maid-Servants in General, and several useful Tables: Which renders it the Completest Book of the Kind ever published. The Compiler, Madam Johnson, in order to make this Book come as cheap as possible to the Purchasers, has, out of her Benevolence, fixed the Price at 1 s. 7 1/2 d. Bound; though it contains double the Quantity that is usually sold for that Sum.","Johnson, Mary",54,1770,1,1,"Dublin : printed for James Williams, No. 5, Skinner-Row, MDCCLXX. [1770].",Dublin,216,female,,,False
0337800300_000007,"A new method of instruction for children from five to ten years old, including moral dialogues, The Children's Island A Tale, Thoughts And Maxims, Models Of Composition In Writing For Children Ten OR Twelve Years Old, and a new method of teaching children to draw. Translated from the French of Madame de Genlis.",Stéphanie Félicité du Crest de Saint-Aubin,45,1800,1,1,"London : printed by A. Strahan, Printers Street, for T. N. Longman and O. Rees, Paternoster-Row, 1800.",London,322,female,1746,1830,True
0364000204_000027,"Tales of the castle: or, stories of instruction and delight. Being Les veillees du chateau, written in French by Madame la Comtesse de Genlis, Author of the Theatre of Education, Adela and Theodore, &c. Translated into English by Thomas Holcroft,",Stéphanie Félicité du Crest de Saint-Aubin,45,1787,4,5,"London : printed for G. G. J. and J. Robinson, No. 25, Pater-Noster-Row, 1787.",London,258,female,1746,1830,True
0325100102_000014,"Letters on the improvement of the mind, addressed to a young lady. In two volumes. By Mrs. Chapone. ...",Hester Chapone,38,1778,2,2,"London : printed for J. Walter, at Homer's Head, Charing Cross; and E. and C. Dilly, in the Poultry, MDCCLXXVIII. [1778].",London,231,female,1727,1801,True
0454200200_000006,A series of plays: in which it is attempted to delineate the stronger passions of the mind. Each passion being the subject of a tragedy and a comedy.,Joanna Baillie,36,1798,1,1,"London : printed for T. Cadell, jun. and W. Davies, in the Strand, 1798-1812.",London,414,female,1762,1851,False
1696600500_000059,"A chronological account and brief history of the events of the French revolution, From the taking of the Bastile, in 1789, to the conquest of Holland, in 1795, including a period of nearly six years, by J. Talma, a native of Paris, and now a dentist in Chester.","Talma, Julie",36,1795,1,1,"London : Printed for the author, and sold by G. Sael, Newcastle-Street, Strand, [1795]",London,254,female,1756,1805,False
0365600503_000042,The female spectator. By Mrs. Eliza Haywood.,Eliza Haywood,28,1771,3,4,"London : printed for H. Gardner, opposite St. Clement's Church, in the Strand, M.DCC.LXXI. [1771].",London,341,female,1693,1756,True
0144600106_000002,The history of England from the accession of James I. to that of the Brunswick line. ... By Catherine Macaulay.,Catharine Macaulay,38,1763,6,8,"London : printed for J. Nourse; R. and J. Dodsley; and W. Johnston, 1763-83.",London,437,female,1731,1791,True
0019300102_000036,"Andrew Stuart, or the northern wanderer. A novel. In Four Volumes. By Mary Ann Hanway. Author of Ellinor, or the World as it is. ...",Mary Ann Hanway,28,1800,2,4,"London : printed at the Minerva Press, for William Lane, Leadenhall-Street, 1800.",London,316,female,,,False
0631300200_000025,An estimate of the religion of the fashionable world. By one of the laity.,Hannah More,39,1791,1,1,"London : printed for T. Cadell, in the Strand, M.DCC.XCI. [1791].",London,270,female,1745,1833,True
0102001000_000001,"Observations on a pamphlet, entitled, Thoughts on the cause of the present discontents. By Catharine Macaulay.",Catharine Macaulay,39,1770,1,1,"London : printed for Edward and Charles Dilly in the Poultry, MDCCLXX. [1770].",London,17,female,1731,1791,True
0150400601_000004,"A residence in France, during the years 1792, 1793, 1794, and 1795; described in a series of letters from an English lady: with general and incidental remarks on the French character and manners. Prepared for the press by John Gifford, Esq. author of the History of France, letter to Lord Lauderdale, &c. In two volumes. ...",English Lady,28,1797,1,2,"London : printed by J. Plymsell; for T. N. Longman, Paternoster Row, 1797.",London,491,female,,,False
0617501500_000096,Letters on education. With observations on religious and metaphysical subjects. By Catherine Macaulay Graham.,Catharine Macaulay,51,1790,1,1,"Dublin : printed for H. Chamberlaine and Rice, L. White, W. Mc. Kenzie, J. Moore, Grueber and Mc. Allister, [and 2 others in Dublin], 1790.",Dublin,336,female,1731,1791,True
1144200400_000003,"An essay on the writings and genius of Shakespear, compared with the Greek and French dramatic poets. With some remarks upon the misrepresentations of Mons. de Voltaire.",Elizabeth Montagu,40,1778,1,1,"Dublin : printed for J. Potts, W. Sleater, D. Chamberlaine, J. Williams, and W. Colles, M,DCC,LXXVIII. [1778].",Dublin,232,female,1720,1800,False
0586000501_000037,Strictures on the modern system of female education. ... By Hannah More. In two volumes. ...,Hannah More,43,1799,1,2,"London : printed for T. Cadell. jun. and W. Davies, 1799.",London,310,female,1745,1833,True
0414500301_000033,Strictures on the modern system of female education. With a view of the principles and conduct prevalent among women of rank and fortune. By Hannah More. In two volumes. ...,Hannah More,43,1799,1,2,"London : printed for T. Cadell Jun. and W. Davies in the Strand, 1799.",London,310,female,1745,1833,True
0020000401_000001,Sentimental memoirs: by a lady. ...,Lady,36,1785,1,2,"London : printed by H. Trapp, No. 1. Pater-Noster-Row; and sold by Mr. Hookham, Bond-Street, MDCCLXXXV. [1785].",London,308,female,,,False
0393201000_000038,"Instructions for a young lady, in every sphere and period of life. Containing, A mother's advice to her daughters. Two letters to a Lady, upon the subject of religion; by a Clergyman. A letter to a young Lady on her Marriage, and, An Epistle upon the Cultivation of Taste.",Sarah Pennington,38,1762,1,1,"Edinburgh : printed by A. Donaldson and J. Reid. For Alex. Donaldson, MDCCLXII. [1762].",Edinburgh,244,female,1720,1783,True
0271300600_000026,"A packet for youth, or evidences of Christianity drawn from the mind. By a lady.","M. P., Lady",32,1799,1,1,"Hanley : printed and sold by Mort; also by Knott, Lombard Street, Chapman, Fleet Street, Heptinstall, Holborn, London, ---- Chester, Newcastle, ---- Jones, Birmingham, ---- Pritchard, Derby, ---- Smith, Sheffield, Boden, Manchester ; and may be had of all Booksellers, [1799].",Hanley,122,female,,,False
0217701400_000001,A vindication of the rights of woman: with strictures on political and moral subjects. By Mary Wollstonecraft.,Mary Wollstonecraft,38,1793,1,1,"Dublin : printed by J. Stockdale, for James Moore, No. 45, College-Green, 1793.",Dublin,269,female,1759,1797,True
1101900700_000035,"Letters on the improvement of the mind, addressed to a young lady. By Mrs. Chapone.",Hester Chapone,32,1800,1,1,"London : published for the proprietors: and printed and sold by H. and G. Mozley, Market Place, Gainsbro', 1800.",London,203,female,1727,1801,True
0587200200_000026,"Essays on various subjects, principally designed for young ladies.",Hannah More,34,1777,1,1,"London : printed for J. Wilkie, in St. Paul's Church-Yard; and T. Cadell, in the Strand, MDCCLXXVII. [1777].",London,220,female,1745,1833,True
0617501500_000068,Letters on education. With observations on religious and metaphysical subjects. By Catherine Macaulay Graham.,Catharine Macaulay,38,1790,1,1,"Dublin : printed for H. Chamberlaine and Rice, L. White, W. Mc. Kenzie, J. Moore, Grueber and Mc. Allister, [and 2 others in Dublin], 1790.",Dublin,336,female,1731,1791,True
0483700100_000067,"Letters of the Right Honourable Lady M--y W--y M---e: written during her travels in Europe, Asia, and Africa, To Persons of Distinction, Men of Letters, &c. in different Parts of Europe. Which Contain Among Other Curious Relations, Accounts of the Policy and Manners of the Turks; Drawn from Sources that have been inaccessable to other Travellers.",Lady Mary Wortley Montagu,29,1794,1,1,"London : printed for the booksellers, M.DCCXCIV. [1794].",London,283,female,1689,1762,True
0038601700_000002,"Il convito amoroso! or, a serio-comico-philosophical lecture, on the causes, nature, and effects of love and beauty, At the different Periods of Human Life, in Persons and Personages, Male, Female, and Demi-Charactêre; And in Praise of the Genial and Prolific Influences of the Celestial Bed! As delivered by Hebe Vestina! The Rosy Goddess of Youth and of Health! from the Electrical Throne! in the Great Apollo-Chamber, At the Temple of Hymen, in London, Before a Glowing and Brilliant Audience of near Three Hundred Ladies and Gentlemen, who were commanded by Venus, Cupid, and Hymen! to assist, in joyous Assembly, at the Grand Feast of very Fat Things, which was held at their Temple, on Monday Evening, the 25th of November, 1782; but which was interrupted by the rude and unexpected Arrival of his Worship, Midas Neutersex, Esq; and his Bum-Possé, just as the Dessert was about to be served up. Published at the earnest Desire of many of the Company, and to gratify the impatient and very intense Longings of Thousands of Adepts, Hibernian and British;-of the Cognoscenti;-et de les Amateurs ardens des delices exquise de Venus! To which is subjoined, a Description of the stupendous Nature and Effects of the Celebrated Celestial Bed!",Hebe Vestina,37,1782,1,1,"London : printed for Hebe Vestina! - and sold at the Temple of Hymen, in Pall-Mall; at the Pamphlet Shop, under the Front Piazza of the Royal Exchange; Mr. Ogilvy's, Bookseller, No. 23, Middle Row, Holborn; Mr. Rich's pamphlet shop, facing Anderton's Coffee-House, Fleet-Street; and at Mr. Milford's, No. 303, Oxford-Street, the Fifth Door above New Bond-Street, MDCCLXXXII. [1782].",London,106,female,,,False
0414500301_000002,Strictures on the modern system of female education. With a view of the principles and conduct prevalent among women of rank and fortune. By Hannah More. In two volumes. ...,Hannah More,39,1799,1,2,"London : printed for T. Cadell Jun. and W. Davies in the Strand, 1799.",London,310,female,1745,1833,True
0038701500_000023,"Instructions for a young lady, in every sphere and period of life. Containing, I. A mother's advice to her daughters. II. Two letters to a Lady upon the subject of religion, by a Clergyman. III. A letter to a Young Lady on her Marriage. IV. An Eristle upon the Cultivation of Taste. V. Fables for the Female-Sex.",Sarah Pennington,35,1773,1,1,"Edinburgh : printed by A. Donaldson, and sold at his shop, No. 48, East corner of St. Paul's Church-Yard, London; and at Edinburgh, M.DCC.LXXIII. [1773].",Edinburgh,286,female,1720,1783,True
0343200101_000054,"Religion considered as the only basis of happiness, and of true philosophy. A work written for the instruction of the children of his Most Serene Highness the Duke of Orleans; And in which the Principles of modern pretended Philosophers are laid open and refuted. By Madame the Marchioness of Sillery, heretofore countess of genlis. In two volumes. ...",Stéphanie Félicité du Crest de Saint-Aubin,33,1787,1,2,"London : printed for T. Payne and Son, at the Mews Gate; T. Cadell, and P. Elmsly, in the Strand, M.DCC.LXXXVII. [1787].",London,312,female,1746,1830,True
0247200201_000066,"La belle assemblée: or, the adventures of twelve days. Being a curious collection of remarkable incidents which happen'd to some of the first quality in France. Written in French for the Entertainment of the King, and dedicated to him by Madam de Gomez. In two volumes.",Madeleine Angélique Poisson Gomez,37,1728,1,2,"London : printed for D. Browne, at the Black-Swan without Temple-Bar; Weaver Bickerton, in Devereux-Court, without Temple-Bar; and Joseph Pote, at the Golden-Door over against Suffolk-Street, near Charing Cross, M.DCC.XXVIII. [1728].",London,285,female,1684,1770,False
0343200102_000022,"Religion considered as the only basis of happiness, and of true philosophy. A work written for the instruction of the children of his Most Serene Highness the Duke of Orleans; And in which the Principles of modern pretended Philosophers are laid open and refuted. By Madame the Marchioness of Sillery, heretofore countess of genlis. In two volumes. ...",Stéphanie Félicité du Crest de Saint-Aubin,32,1787,2,2,"London : printed for T. Payne and Son, at the Mews Gate; T. Cadell, and P. Elmsly, in the Strand, M.DCC.LXXXVII. [1787].",London,295,female,1746,1830,True
0381401100_000006,Dialogues of the dead.,Elizabeth Montagu,29,1768,1,1,"London : printed for J. Murray (successor to Mr. Sandby) at No. 32, opposite St. Dunstan's Church, in Fleet-Street, M.DCC.LXVIII. [1768].",London,452,female,1720,1800,False
0277400901_000075,Epistles for ladies. By the authors of The female spectator. In two volumes. ...,Eliza Haywood,38,1756,1,2,"London : printed for T. Gardner, at Cowley's-Head, near St. Clement's Church in the Strand, M.DCC.LVI. [1756].",London,327,female,1693,1756,True
1445201000_000007,"A plan for the conduct of female education, in boarding schools, private families, and public seminaries. By Erasmus Darwin, M.D. F.R.S. author of Zoonomia, and of The botanic garden. To which are added, Rudiments of taste, in a series of letters from a mother to her daughters. Embellished with an elegant frontispiece.",Erasmus Darwin,46,1798,1,1,"Philadelphia: : Printed by John Ormrod, no. 41, Chesnut-Street, 1798.",Philadelphia,303,female,1731,1802,True
0613000400_000029,A treatise on the immutability of moral truth. By Catharine Macaulay Graham.,Catharine Macaulay,39,1783,1,1,"London : printed by A. Hamilton, jun. And sold by C. Dilly, Poultry ; G. Robinson, Paternoster Row ; T. Cadell, Strand ; T. Lewis, Covent-Garden ; J. Walter, Charing-Cross ; and R. Faulder, New Bond-Street, MDCCLXXXIII. [1783].",London,341,female,1731,1791,True
1073100102_000005,"Letters from the Duchess de Crui and others, on subjects moral and entertaining, wherein the character of the female sex, with their rank, importance, and consequence, is stated, and their relative duties in life are enforced. By Lady Mary Walker. ...",Mary Walker,40,1777,2,5,"London : printed for Robson, New Bond-Street; Walter, Charing-Cross; and Robinson, Pater-Noster-Row, MDCCLXXVII. [1777].",London,222,female,1736,,False
1168400202_000062,The female Spectator. ...,Eliza Haywood,28,1750,2,4,"London : printed and published by T. Gardner, 1750.",London,328,female,1693,1756,True
0375800202_000011,"Memoirs of the Marchioness of Pompadour. Written by herself. Wherein are displayed the motives of the wars, treaties of peace, embassies, and negotiations, in the several courts of Europe: The Cabals and Intrigues of Courtiers; the Characters of Generals, and Ministers of State, with the Causes of their Rise and Fall; and, in general, the most remarkable Occurrences at the Court of France, during the last twenty Years of the Reign of Lewis XV. Translated from the French. In two volumes. ...",Madame de Pompadour,34,1766,2,2,"London : printed for P. Vaillant, in the Strand; and W. Johnston, in Ludgate-Street, MDCCLXVI. [1766].",London,253,female,1721,1764,False
1383900200_000042,"Letters of the Right Honourable Lady M--y M---y M---e: written during her travels in Europe, Asia, and Africa, to persons of distinction, men of letters, &c. in different parts of Europe. Which contain, among other curious relations, accounts of the policy and manners of the Turks. Drawn from sources that have been inaccessible to other travellers. Complete in one volume.",Lady Mary Wortley Montagu,34,1783,1,1,"London : Printed for M. Cooper, in Pater-noster-Row, M,DCC,LXXXIII. [1783].",London,290,female,1689,1762,True
0431500201_000086,"The world unmask'd: or, the Philosopher the greatest Cheat; in twenty-four dialogues. To which is added, The state of souls separated from their Bodies; Being an Epistolary Treatise, wherein is proved, by a Variety of Arguments, deduced from Holy Scripture, that the Punishments of the Wicked will not be Eternal; and all Objections against it solved. To which is prefix'd, A Large Introduction, evincing the same Truth from the Principles of Natural Religion. Translated from the French.",Marie Huber,41,1743,1,2,"London : printed for A. Millar, opposite to Katharine-Street in the Strand, M.DCC.XLIII. [1743].",London,373,female,1695,1753,False
0610400400_000002,"A tour to Milford Haven, in the year 1791. By Mrs. Morgan.","Morgan, Mary, Mrs",39,1795,1,1,"London : printed for John Stockdale, in Piccadilly, M.DCC.XCV. [1795].",London,483,female,,,False
1118001101_000036,Strictures on the modern system of female education. With a view of the principles and conduct prevalent among women of rank and fortune. By Hannah More. In two volumes. ...,Hannah More,38,1799,1,2,"London : printed by A. Strahan, Printers Street, for T. Cadell jun. and W. Davies, Strand, 1799.",London,323,female,1745,1833,True
0634301500_000021,An estimate of the religion of the fashionable world. By one of the laity.,Hannah More,42,1791,1,1,"London : printed for T. Cadell, in the Strand, M.DCC.XCI. [1791].",London,268,female,1745,1833,True
0144100201_000002,The history of England from the accession of Iames I to the elevation of the House of Hanover. By Catharine Macaulay. Edit. III. ...,Catharine Macaulay,36,1769,1,5,"London : printed for Edward and Charles Dilly in the Poultry, MDCCLXIX. [1769]-72.",London,446,female,1731,1791,True
0032700401_000001,"Translation of the letters of a Hindoo Rajah; written previous to, and during the period of his residence in England. To which is prefixed a preliminary dissertation on the history, religion, and manners, of the Hindoos. In two volumes. By Eliza Hamilton, ...",Elizabeth Hamilton,50,1796,1,2,"London : printed for G.G. and J. Robinson, No. 25, Paternoster Row, 1796.",London,341,female,1758,1816,False
0610400400_000017,"A tour to Milford Haven, in the year 1791. By Mrs. Morgan.","Morgan, Mary, Mrs",29,1795,1,1,"London : printed for John Stockdale, in Piccadilly, M.DCC.XCV. [1795].",London,483,female,,,False
1128800300_000018,"Maxims, characters, and reflections, critical, satirical, and moral.",Frances Greville,44,1768,1,1,"London : printed for T. Cadell (successor to Mr. Millar) in the Strand, MDCCLXVIII. [1768].",London,260,female,1730,1789,False
0488700102_000002,Strictures on the modern system of female education. ... By Hannah More. In two volumes. ...,Hannah More,37,1799,2,2,"London : printed for T. Cadell Jun. and W. Davies, 1799.",London,331,female,1745,1833,True
0346301202_000013,A series of genuine letters between Henry and Frances.,Elizabeth Griffith,36,1770,2,4,"London : [s.n.], Printed in the Year MDCCLXX. [1770].",London,295,female,1720,1793,True
0137000100_000003,"An essay on the writings and genius of Shakespear, compared with the Greek and French dramatic poets. With some remarks upon the misrepresentations of Mons. de Voltaire.",Elizabeth Montagu,39,1770,1,1,"London : printed by J. and H. Hughs, near Lincoln's-Inn-Fields: and sold by J. Dodsley, Pall-Mall; Mess. Baker and Leigh, York-Street, Covent-Garden; T. Becket, and T. Cadell, in the Strand; J. Walter, Charing-Cross; H. Denoyer, Lisle-Street; and J. Wilkie, No 71. St. Paul's Church-Yard, M.DCC.LXX. [1770].",London,277,female,1720,1800,False
0866500300_000009,"Miscellaneous pieces, in prose, by J. and A. L. Aikin.",Anna Laetitia Barbauld,40,1775,1,1,"London : printed for J. Johnson, in St. Paul's Church-Yard, MDCCLXXV. [1775].",London,221,female,1743,1825,True
0343200201_000025,"Religion considered as the only basis of happiness and of true philosophy. A work written for the instruction of the children of his most serene highness the Duke of Orleans; ... By Madame the Marchioness of Sillery, ... In two volumes.",Stéphanie Félicité du Crest de Saint-Aubin,48,1787,1,2,"Dublin : printed by William Porter, for H. Chamberlaine, White, Byrne, Colbert, W. Porter, and Moore, 1787.",Dublin,160,female,1746,1830,True
0617501500_000073,Letters on education. With observations on religious and metaphysical subjects. By Catherine Macaulay Graham.,Catharine Macaulay,42,1790,1,1,"Dublin : printed for H. Chamberlaine and Rice, L. White, W. Mc. Kenzie, J. Moore, Grueber and Mc. Allister, [and 2 others in Dublin], 1790.",Dublin,336,female,1731,1791,True
0488700101_000044,Strictures on the modern system of female education. ... By Hannah More. In two volumes. ...,Hannah More,28,1799,1,2,"London : printed for T. Cadell Jun. and W. Davies, 1799.",London,295,female,1745,1833,True
0343200101_000036,"Religion considered as the only basis of happiness, and of true philosophy. A work written for the instruction of the children of his Most Serene Highness the Duke of Orleans; And in which the Principles of modern pretended Philosophers are laid open and refuted. By Madame the Marchioness of Sillery, heretofore countess of genlis. In two volumes. ...",Stéphanie Félicité du Crest de Saint-Aubin,43,1787,1,2,"London : printed for T. Payne and Son, at the Mews Gate; T. Cadell, and P. Elmsly, in the Strand, M.DCC.LXXXVII. [1787].",London,312,female,1746,1830,True
0225700101_000012,Melbourne. A novel. In three volumes. By the author of Deloraine.,"Martin, Mrs",30,1798,1,3,"London : printed at the Minerva-Press, for William Lane, 1798.",London,230,female,,,False
0934100101_000004,"The miscellaneous works, in prose and verse, of Mrs. Elizabeth Rowe: Published by her Order, By Mr. Theophilus Rowe. To which are added, Poems on Several Occasions, By Mr. Thomas Rowe. And to the Whole is prefixed, An Account of the Lives and Writings of the Authors. In two volumes.",Elizabeth Rowe,29,1749,1,2,"London : printed for Henry Lintot, MDCCXLIX. [1749].",London,367,female,1674,1737,True
0315000602_000015,"Letters on the improvement of the mind, addressed to a young lady. In two volumes. By Mrs. Chapone. ...",Hester Chapone,36,1774,2,2,"London : printed by H. Hughs, for J. Walter. at Homer's Head, Charing-Cross, MDCCLXXIV. [1774].",London,233,female,1727,1801,True
0431500201_000085,"The world unmask'd: or, the Philosopher the greatest Cheat; in twenty-four dialogues. To which is added, The state of souls separated from their Bodies; Being an Epistolary Treatise, wherein is proved, by a Variety of Arguments, deduced from Holy Scripture, that the Punishments of the Wicked will not be Eternal; and all Objections against it solved. To which is prefix'd, A Large Introduction, evincing the same Truth from the Principles of Natural Religion. Translated from the French.",Marie Huber,44,1743,1,2,"London : printed for A. Millar, opposite to Katharine-Street in the Strand, M.DCC.XLIII. [1743].",London,373,female,1695,1753,False
0586000502_000002,Strictures on the modern system of female education. ... By Hannah More. In two volumes. ...,Hannah More,37,1799,2,2,"London : printed for T. Cadell. jun. and W. Davies, 1799.",London,334,female,1745,1833,True
0164002401_000003,The cry: a new dramatic fable. In two volumes. ...,Jane Collier,35,1754,1,2,"Dublin : printed by George Faulkner, 1754.",Dublin,306,female,1714,1754,True
0631300300_000011,An estimate of the religion of the fashionable world. By one of the laity.,Hannah More,32,1791,1,1,"Dublin : printed for P. Wogan, P. Byrne, J. Moore, J. Jones, A. Grueber, R. M`allister, W. Jones, G. Draper, R. White, J. Rice, M.DCC.XCI. [1791].",Dublin,283,female,1745,1833,True
0058301300_000024,"Sacred dramas; chiefly intended for young persons: the subjects taken from the Bible. To which is added, Sensibility, a poem.",Hannah More,26,1783,1,1,"London : printed for T. Cadell in the Strand, MDCCLXXXIII. [1783].",London,298,female,1745,1833,True
0856000100_000007,"Essays, addressed to young married women. By Mrs. Griffith.",Elizabeth Griffith,30,1782,1,1,"London : printed for T. Cadell, in the Strand; and J. Robson, in New Bond-Street, MDCCLXXXII. [1782].",London,135,female,1720,1793,True
0063001100_000047,"Botanical dialogues, between Hortensia and her four children, Charles, Harriet, Juliette and Henry. Designed for the use of schools, by a lady.","Jackson, Maria Elizabeth",50,1797,1,1,"London : printed for J. Johnson, in St. Paul's Church-Yard, 1797.",London,404,female,,,False
0383300103_000048,"The rival mothers, or Calumny. Translated from the French of Madame de Genlis.",Stéphanie Félicité du Crest de Saint-Aubin,30,1800,3,4,"London : printed by A. Strahan, for T.N. Longman and D. Rees, 1800.",London,381,female,1746,1830,True
0086100202_000063,"A residence in France, during the years 1792, 1793, 1794, and 1795; described in a series of letters from an English lady: with general and incidental remarks on the French character and manners. Prepared for the press by John Gifford, Esq. Author of the History of France, Letter to Lord Lauderdale, Letter to the Hon. T. Erskine, &c. In two volumes. ...",English Lady,30,1797,2,2,"London : printed for T. N. Longman, Paternoster Row, 1797.",London,495,female,,,False
0086100201_000001,"A residence in France, during the years 1792, 1793, 1794, and 1795; described in a series of letters from an English lady: with general and incidental remarks on the French character and manners. Prepared for the press by John Gifford, Esq. Author of the History of France, Letter to Lord Lauderdale, Letter to the Hon. T. Erskine, &c. In two volumes. ...",English Lady,33,1797,1,2,"London : printed for T. N. Longman, Paternoster Row, 1797.",London,499,female,,,False
0346301203_000043,A series of genuine letters between Henry and Frances.,Elizabeth Griffith,42,1770,3,4,"London : [s.n.], Printed in the Year MDCCLXX. [1770].",London,260,female,1720,1793,True
0599900302_000001,Strictures on the modern system of female education. With a view of the principles and conduct prevalent among women of rank and fortune. By Hannah More. In two volumes. ...,Hannah More,37,1799,2,2,"London : printed by A. Strahan, for T. Cadell jun. and W. Davies, 1799.",London,349,female,1745,1833,True
0217701400_000031,A vindication of the rights of woman: with strictures on political and moral subjects. By Mary Wollstonecraft.,Mary Wollstonecraft,33,1793,1,1,"Dublin : printed by J. Stockdale, for James Moore, No. 45, College-Green, 1793.",Dublin,269,female,1759,1797,True
0562000400_000002,"Poems on various subjects, by Ann Yearsley, Milkwoman of Clifton, near Bristol; being her second work.",Ann Yearsley,28,1787,1,1,"London : printed for the author, and sold by G. G. J. and J. Robinson, Pater-Noster Row, M.DCC.LXXXVII. [1787].",London,190,female,1756,1806,True
1122700201_000061,"Constantia Neville; or, the West Indian. A novel. In three volumes. By Helena Wells, Author of ``the Step-Mother,'' &c. ...",Helena Wells,30,1800,1,3,"London : printed by C. Whittingham, Dean-Street, Fetter-Lane, for T. Cadell, jun. and W. Davies, Strand ; and W. Creech, Edinburgh, 1800.",London,398,female,,,False
0436500701_000019,"The peruvian letters, translated from the French. With an additional original volume. By R. Roberts, translator of Select Tales from Marmontel, Author of Sermons by a Lady, and Translator of the History of France, from the Abbé Millot.",Françoise de Graffigny,32,1774,1,2,"London : printed for T. Cadell, in the Strand, MDCCLXXIV. [1774].",London,230,female,1695,1758,False
0050800300_000064,"A treatise on the influence of the passions, upon the happiness of individuals and of nations. Illustrated by striking references to the Principal Events and Characters that have Distinguished the French Revolution. From the French of the Baroness Stael de Holstein. To which is prefixed a sketch of her life, by the translator.",Germaine de Staël,35,1798,1,1,"London : printed and published by George Cawthorn, British Library, No. 132, Strand; sold also by W. J. & J. Richardson, Royal-Exchange; and J. Wright, Piccadilly, 1798.",London,355,female,1766,1817,False
0417100402_000004,"Advice from a lady of quality to her children, in the last stage of a lingering illness, in a series of evening conferences on the most interesting subjects. Translated from the French. ...",Lady of quality,59,1779,2,2,"Dublin : printed by P. Higly, for S. Price, W. and H. Whitestone, J. Potts, T. Wilkinson, J. Williams [and 14 others in Dublin], 1779.",Dublin,135,female,,,False
0852700700_000005,Dialogues of the dead.,Elizabeth Montagu,24,1760,1,1,"London : printed for W. Sandby, in Fleet-Street, M.DCC.LX. [1760].",London,330,female,1720,1800,False
0336900400_000017,"Advice from a mother to her son and daughter. Written originally in French by the Marchioness de Lambert, and just publish'd with great Approbation at Paris. Done into English by a gentleman.",Anne-Thérèse de Marguenat de Courcelles,39,1729,1,1,"London : printed for Tho. Worrall, at the Judge's Head. over against St. Dunstan's Church, in Fleet-Street, MDCCXXIX. [1729].",London,171,female,1647,1733,False
0290000100_000029,"The sequel to Mentoria; or, the young ladies instructor: in familiar conversations, on a variety of interesting subjects, in which are Introduced, Lectures on Astronomy and Natural Philosophy, Expressed in Terms suited to the Comprehension of Juvenile Readers; Being principally intended to enlarge the Ideas, and inspire just Conceptions of the Deity, from the Contemplation of the general System of the Universe. By Ann Murry.","Murry, Ann",38,1799,1,1,"London : printed for C. Dilly, in the Poultry, 1799.",London,342,female,,,False
0941400200_000002,"Poems, on several occasions. By Ann Yearsley, a Milkwoman of Bristol.",Ann Yearsley,29,1785,1,1,"London : printed for T. Cadell, in the Strand, MDCCLXXXV. [1785].",London,153,female,1756,1806,True
0343200202_000046,"Religion considered as the only basis of happiness and of true philosophy. A work written for the instruction of the children of his most serene highness the Duke of Orleans; ... By Madame the Marchioness of Sillery, ... In two volumes.",Stéphanie Félicité du Crest de Saint-Aubin,36,1787,2,2,"Dublin : printed by William Porter, for H. Chamberlaine, White, Byrne, Colbert, W. Porter, and Moore, 1787.",Dublin,151,female,1746,1830,True
0852700700_000055,Dialogues of the dead.,Elizabeth Montagu,36,1760,1,1,"London : printed for W. Sandby, in Fleet-Street, M.DCC.LX. [1760].",London,330,female,1720,1800,False
1445201000_000028,"A plan for the conduct of female education, in boarding schools, private families, and public seminaries. By Erasmus Darwin, M.D. F.R.S. author of Zoonomia, and of The botanic garden. To which are added, Rudiments of taste, in a series of letters from a mother to her daughters. Embellished with an elegant frontispiece.",Erasmus Darwin,35,1798,1,1,"Philadelphia: : Printed by John Ormrod, no. 41, Chesnut-Street, 1798.",Philadelphia,303,female,1731,1802,True
0699500201_000012,"The works of the Marchioness de Lambert. A new edition, from the French. In two volumes. ...",Anne-Thérèse de Marguenat de Courcelles,46,1770,1,2,"Dublin : printed by J. Potts, 1770.",Dublin,246,female,1647,1733,False
0381401000_000049,Dialogues of the dead.,Elizabeth Montagu,43,1760,1,1,"Dublin : printed by Oli. Nelson, in Skinner-Row, M,DCC,LX. [1760].",Dublin,335,female,1720,1800,False
1041800401_000079,"Walsingham; or, the pupil of nature, a domestic story. By Mary Robinson, author of Angelina-Hubert de sevrac-the Widow-Vancenza, &c. &c. &c. In two volumes. ...",Mary Robinson,31,1798,1,2,"Dublin : printed by B. Smith, for P. Wogan, C. Brown, H. Colbert, W. Porter, and J. Rice, 1798.",Dublin,337,female,1758,1800,True
1263100201_000008,"The knights of the Swan, or, the court of Charlemagne: a romance, written by the Countess of Genlis, in continuation of The tales of the castle. In two volumes. ...",Stéphanie Félicité du Crest de Saint-Aubin,32,1796,1,2,"Edinburgh : printed for Bell & Bradfute; and for Vernor and Hood, London, 1796.",Edinburgh,424,female,1746,1830,True
0586000501_000032,Strictures on the modern system of female education. ... By Hannah More. In two volumes. ...,Hannah More,49,1799,1,2,"London : printed for T. Cadell. jun. and W. Davies, 1799.",London,310,female,1745,1833,True
0367600200_000007,"A new method of instruction for children from five to ten years old, Including Moral Dialogues, The Children's Island, A Tale, Thoughts And Maxims, Models Of Composition In Writing, For Children Ten OR Twelve Years Old, And A New Method Of Teaching Children To Draw. Translated from the French of Madame de Genlis.",Stéphanie Félicité du Crest de Saint-Aubin,45,1800,1,1,"Dublin : printed by William Porter, for P. Wogan, W. Porter, and T. Jackson, 1800.",Dublin,256,female,1746,1830,True
0005600400_000004,"Select novels, containing The blind boy, a fairy tale; Indian letters, and The distressed orphan, or adventures of Ernestina. Translated from the French of Madam Riccoboni.",Marie Jeanne Riccoboni,33,1781,1,1,"London : printed for W. Lane, Leadenhall-Street, MDCCLXXXI. [1781].",London,133,female,1713,1792,False
1142102200_000002,"Falsehood examined at the bar of truth; or, a farewell to Mr. Wm. Huntington, and Mr. Thomas Jones, Of Reading: containing strictures on the broken cistern; written by the former, Addressed to the Rev. Mr. Ryland, Senior. And upon Mystery Babylon, encompassed for utter destruction, written by the latter. By Maria De Fleury.",Maria de Fleury,38,1791,1,1,"London : printed and sold for the author by T. Wilkins, Aldermanbury. Sold also by Mrs. Trapp, No. 1, Paternoster Row; M. Gurney, No. 228, Holborn; and by the author, No. 31, Jewin-Street, 1791.",London,55,female,1773,1791,False
0405901203_000021,"The romance of the forest: interspersed with some pieces of poetry. In three volumes. ... . The second edition. By Ann Radcliffe, Author of ``a Sicilian-Romance,'' &c.",Ann Radcliffe,34,1792,3,3,"London : printed for T. Hookham and J. Carpenter, New and Old Bond Street, M.DCC.XCII. [1792].",London,349,female,1764,1823,True
0557900900_000025,"Memoirs of an unfortunate queen. Interspersed with letters (written by herself) to several of her illustrious relations and friends, on various subjects and occasions.","Caroline Mathilde, Queen consort of Christian VII, King of Denmark",42,1776,1,1,"London : printed for J. Bew, in Pater-Noster-Row, 1776.",London,265,female,1751,1775,False
0035201100_000007,"Letters and essays, moral, and miscellaneous. By Mary Hays.",Mary Hays,33,1793,1,1,"London : printed for T. Knott, No. 47, Lombard-Street, MDCCXCIII. [1793].",London,271,female,1759,1843,True
0614301201_000018,"An appeal to impartial posterity, by Madame Roland, wife of the Minister of the Interior; or, a collection of tracts written by her during her confinement in the prisons of the Abbey, and St. Pélagie, In Paris. In Four Parts. Translated from the French Original, Published for the Benefit of her only Daughter, deprived of the Fortune of her Parents by Scquestration.",Manon Roland,29,1796,1,2,"London : printed for J. Johnson, ST. Paul's Church-Yard, 1796.",London,359,female,1754,1793,False
0053400101_000001,"Sacred history, selected from the Scriptures; with annotations and reflections, particularly calculated to facilitate the study of the Holy Scriptures in schools and families. Third edition ... . By Mrs. Trimmer.",Sarah Trimmer,27,1796,1,6,"London : printed for T. Longman, G. G. and J. Robinson, Pater-Noster-Row; J. Johnson, and F. and C. Rivington, ST. Paul's Church-Yard, MDCCXCVI. [1796].",London,403,female,1741,1810,True
0264100301_000142,"The works of Mrs. Catharine Cockburn, ... Several of them now first printed. Revised and published, with an account of the life of the author, by Thomas Birch, ... In two volumes. ...",Catharine Trotter,50,1751,1,2,"London : printed for J. and P. Knapton, 1751.",London,512,female,1679,1749,False
0397700400_000010,A vindication of the rights of woman: with strictures on political and moral subjects. By Mary Wollstonecraft.,Mary Wollstonecraft,39,1792,1,1,"London : printed for J. Johnson, No 72, St. Paul's Church Yard, 1792.",London,469,female,1759,1797,True
0264100301_000034,"The works of Mrs. Catharine Cockburn, ... Several of them now first printed. Revised and published, with an account of the life of the author, by Thomas Birch, ... In two volumes. ...",Catharine Trotter,49,1751,1,2,"London : printed for J. and P. Knapton, 1751.",London,512,female,1679,1749,False
0341300101_000011,Address to a young lady on her entrance into the world. In two volumes. ...,"Nicklin, Susan",35,1796,1,2,"London : printed for Hookham and Carpenter, 1796.",London,200,female,,,False
0048602600_000001,"An address to heads of schools and families; pointing out, Under the Sanction of the most respectable Authorities, the necessity for a reformation in the modern system of education in the higher and middling stations, as far as the interests of religion are concerned; and offering to consideration a set of books designed as helps towards the accomplishment of this desirable end. By Sarah Trimmer. N.B. Persons disposed to favour the Views of the Writer, by dispersing the following Address in Schools, may be supplied with Copies gratis, by Messrs. F. and C. Rivington, St. Paul's Church-Yard.",Sarah Trimmer,33,1799,1,1,"[London : s.n., 1799?].",London,8,female,1741,1810,True
0360202101_000003,"The adventures of David Simple: containing an account of his travels through the cities of London and Westminster, in the search of a real friend. By a lady. In two volumes. ...",Sarah Fielding,43,1761,1,2,"Dublin : printed for Peter Wilson, 1761.",Dublin,154,female,1710,1768,True
0343200102_000028,"Religion considered as the only basis of happiness, and of true philosophy. A work written for the instruction of the children of his Most Serene Highness the Duke of Orleans; And in which the Principles of modern pretended Philosophers are laid open and refuted. By Madame the Marchioness of Sillery, heretofore countess of genlis. In two volumes. ...",Stéphanie Félicité du Crest de Saint-Aubin,46,1787,2,2,"London : printed for T. Payne and Son, at the Mews Gate; T. Cadell, and P. Elmsly, in the Strand, M.DCC.LXXXVII. [1787].",London,295,female,1746,1830,True
0139100500_000019,"A compendious system of astronomy, in a course of familiar lectures; In which the Principles of that Science are Clearly Elucidated, so as to be Intelligible to those who have not Studied the Mathematics. Also trigonometrical and celestial problems, with a key to the ephemeris, and a vocabulary of the terms of science used in the Lectures; which latter are explained Agreeably to their Application in them. By Margaret Bryan.","Bryan, Margaret           1815",35,1797,1,1,"London : printed for the author, and sold by Leigh and Sotheby, York Street, Covent Garden; and G. Kearsley, No. 46, Fleet Street, 1797.",London,351,female,,,False
0381401000_000005,Dialogues of the dead.,Elizabeth Montagu,29,1760,1,1,"Dublin : printed by Oli. Nelson, in Skinner-Row, M,DCC,LX. [1760].",Dublin,335,female,1720,1800,False
0510800900_000041,"A compendious system of astronomy, in a course of familiar lectures, In which the Principles of that Science are clearly elucidated, so as to be intelligible to those who have not studied the Mathematics: also trigonometrical and celestial problems, with a key to the ephemeris, and a vocabulary of the terms of science Used In The Lectures, Which latter are explained agreeably to their Application in them. By Margaret Bryan.","Bryan, Margaret           1815",33,1799,1,1,"London : printed, by H.L. Galabin, Ingram-Court, Fenchurch-Street, for J. Wallis, NO. 46, and Wynne and Scholey, NO. 45, Paternoster-Row, 1799.",London,466,female,,,False
0516500600_000003,"An essay on the writings and genius of Shakespear, compared with the Greek and French dramatic poets. With some remarks upon the misrepresentations of Mons. de Voltaire. The fifth edition, corrected. To which are added, three dialogues of the dead. By Mrs. Montagu.",Elizabeth Montagu,42,1785,1,1,"London : printed for Charles Dilly, M,DCC,LXXXV. [1785].",London,305,female,1720,1800,False
1240500300_000036,"The works of Mrs. Chapone, containing letters on the improvement of the mind, addressed to a young lady: and Miscellanies in prose and verse. In two volumes. ...",Hester Chapone,39,1786,1,1,"Dublin : printed by Brett Smith, for W. Colles, No. 17, Dame-Street, MDCCLXXXVI. [1786].",Dublin,255,female,1727,1801,True
0332200900_000038,"Poems on several occasions. To John Dryden Esq; Hen. Cromwel Esq; Reverend Mr. Norris, Sir R. L'Estrange, Lord Hallifax, Anth. Henly Esq; Sir Samuel Garth, Lady Chudleigh, Lady Packington, and Mrs. Phillips, written by a lady.",Elizabeth Thomas,26,1727,1,1,"London : printed for Tho. Astley, at the Dolphin and Crown, in St. Paul's Church-Yard, M.DCC.XXVII. [1727] [1726].",London,317,female,1677,1731,False
0586000501_000034,Strictures on the modern system of female education. ... By Hannah More. In two volumes. ...,Hannah More,36,1799,1,2,"London : printed for T. Cadell. jun. and W. Davies, 1799.",London,310,female,1745,1833,True
1445201000_000039,"A plan for the conduct of female education, in boarding schools, private families, and public seminaries. By Erasmus Darwin, M.D. F.R.S. author of Zoonomia, and of The botanic garden. To which are added, Rudiments of taste, in a series of letters from a mother to her daughters. Embellished with an elegant frontispiece.",Erasmus Darwin,28,1798,1,1,"Philadelphia: : Printed by John Ormrod, no. 41, Chesnut-Street, 1798.",Philadelphia,303,female,1731,1802,True
0108701400_000030,"A discourse, proving, that the faith and practice of true Christians, are no just matter of shame or reproach. Being eight sermons preached at the cathedral church of St. Paul, in the year 1709, at the lecture founded by the Honourable Robert Boyle, Esq;. By Lilly Butler , D. D. Minister of St. Mary Aldermanbury.","Butler, Lilly",40,1711,1,1,"London : printed for Brabazon Aylmer, at the Three Pigeons against the Royal Exchange in Cornhill, 1711.",London,217,female,,,False
0365600502_000062,The female spectator. By Mrs. Eliza Haywood.,Eliza Haywood,29,1771,2,4,"London : printed for H. Gardner, opposite St. Clement's Church, in the Strand, M.DCC.LXXI. [1771].",London,326,female,1693,1756,True
0586000501_000030,Strictures on the modern system of female education. ... By Hannah More. In two volumes. ...,Hannah More,42,1799,1,2,"London : printed for T. Cadell. jun. and W. Davies, 1799.",London,310,female,1745,1833,True
0685700200_000017,Poems on several occasions. The fourth edition. By Mrs. Elizabeth Carter.,Elizabeth Carter,37,1777,1,1,"Dublin : William Watson, M,DCC,LXXVII. [1777].",Dublin,127,female,1717,1806,True
0248601000_000019,Letters written by a Peruvian princess. Translated from the French.,Françoise de Graffigny,34,1748,1,1,"Dublin : printed by S. Powell, for Thomas Moore at Erasmus's-Head in Dame-Street, Bookseller, MDCCXLVIII. [1748].",Dublin,118,female,1695,1758,False
0552100904_000023,Posthumous works of the author of A vindication of the rights of woman. In four volumes. ...,Mary Wollstonecraft,36,1798,4,4,"London : printed for J. Johnson, No. 72, St. Paul's Church-Yard; and G.G. and J. Robinson, Paternoster-Row, 1798.",London,188,female,1759,1797,True
1174600400_000005,Essays upon several subjects in prose and verse. Written by the Lady Chudleigh.,Lady Mary Chudleigh,32,1710,1,1,"London : printed by T.H. for R. Bonwicke, W. Freeman, T. Goodwin, J. Walthoe, M. Wotton, S. Manship, J. Nicholson, R. Parker, B. Tooke, and R. Smith, MDCCX. [1710].",London,257,female,1656,1710,False
0617501500_000054,Letters on education. With observations on religious and metaphysical subjects. By Catherine Macaulay Graham.,Catharine Macaulay,31,1790,1,1,"Dublin : printed for H. Chamberlaine and Rice, L. White, W. Mc. Kenzie, J. Moore, Grueber and Mc. Allister, [and 2 others in Dublin], 1790.",Dublin,336,female,1731,1791,True
0710900500_000002,"The rational dame; or, hints towards supplying prattle for children.",Ellenor Fenn,39,1795,1,1,"London : printed and sold by John Marshall, at No. 4, Aldermary Church Yard, Bow Lane, and No. 17, Queen Street, Cheapside, [1795?].",London,129,female,1743,1813,False
0537300900_000034,"The secret history of Queen Zarah, and the Zarazians. Containing the true reasons of the necessity of the Revolution that lately happen'd in the kingdom of Albigion. By way of appendix to the New Atlantis. In two parts.",Mary de La Rivière Manley,32,1711,1,1,Albigion [i.e. London] : printed in the year [1711].,London,286,female,1663,1724,True
0356000302_000004,"A series of genuine letters between Henry and Frances. The second edition, revised, corrected, enlarged, and improved, by the authors. Vol. I.",Elizabeth Griffith,34,1761,2,2,"London : printed for W. Johnston in Ludgate Street, 1761.",London,444,female,1720,1793,True
0414500400_000056,Strictures on the modern system of female education. With a view of the principles and conduct prevalent among women of rank and fortune. By Hannah More.,Hannah More,41,1800,1,1,"Dublin : printed by William Porter, for Pat. Wogan, Old-Bridge, and William Porter, Grafton-Street, 1800.",Dublin,460,female,1745,1833,True
0343200101_000011,"Religion considered as the only basis of happiness, and of true philosophy. A work written for the instruction of the children of his Most Serene Highness the Duke of Orleans; And in which the Principles of modern pretended Philosophers are laid open and refuted. By Madame the Marchioness of Sillery, heretofore countess of genlis. In two volumes. ...",Stéphanie Félicité du Crest de Saint-Aubin,26,1787,1,2,"London : printed for T. Payne and Son, at the Mews Gate; T. Cadell, and P. Elmsly, in the Strand, M.DCC.LXXXVII. [1787].",London,312,female,1746,1830,True
0137000200_000002,"An essay on the writings and genius of Shakespear, compared with the Greek and French dramatic poets. With some remarks upon the misrepresentations of Mons. de Voltaire.",Elizabeth Montagu,37,1772,1,1,"London : printed by H. Hughs, near Lincoln's-Inn-Fields; for Edward and Charles Dilly, in the Poultry, M.DCC.LXXII. [1772].",London,277,female,1720,1800,False
0610300201_000005,"The life of Petrarch. Collected from Memoires pour la vie de Petrarch. By Mrs. Dobson. Third edition, embellished with eight copper-plates, ... In two volumes. ...","Dobson, Mrs. (Susannah)",35,1797,1,2,"London : printed, by T. Bensley, for the Associated Booksellers, Vernon and Hood; J. Cuthell; J. Walker; Ogilvy and Son; Lackington, Allen, and Co. and J. Nunn, 1797.",London,423,female,,,False
0866500101_000070,"La belle assemblée: being a curious collection of some very remarkable incidents which happened to persons of the first quality in France. Interspers'd with Entertaining and Improving Observations made by them on several Passages in History, both Ancient and Modern. Written in French for the Entertainment of the King, and dedicated to him by Madam de Gomez. In four volumes. Adorn'd with copper-plates.",Madeleine Angélique Poisson Gomez,37,1736,1,4,"London : printed for J. Brotherton, J. Hazard, W. Meadows, T. Cox, W. Hinchliffe, D. Browne, W. Bickerton, T. Astley, S. Austen, L. Gilliver, R. Willock, and F. Cogan, M.DCC.XXXVI. [1736].",London,281,female,1684,1770,False
0158202600_000001,Appeal to the men of Great Britain in behalf of women.,Mary Hays,37,1798,1,1,"[London] : Printed for J. Johnson; and J. Bell, 1798.",London,305,female,1759,1843,True
1233801100_000068,"Letters of the Right Honourable Lady M--y W--y M--e: written during her travels in Europe, Asia and Africa, to Persons of Distinction, Men of Letters, etc. in different Parts of Europe. Which contain, Among other curious Relations, Accounts of the policy and manners of the Turks, Drawn from Sources that have been inaccessible to other Travellers.",Lady Mary Wortley Montagu,29,1790,1,1,"Paris : sold by Theophilus Barrois junior, Bookseller, Quai des Augustins, M.DCC.XC. [1790].",Paris,321,female,1689,1762,True
0592100502_000004,"Advice from a lady of quality to her children, in the last stage of a lingering illness, in a series of evening-conferences on the most interesting subjects. Translated from the French. ...",Lady of quality,58,1778,2,2,"Glocester : printed by R. Raikes; and sold by J.F. and C. Rivington, No. 62, in St. Paul's Church-Yard T. Cadell, and H. Gardner, in the Strand, London; and S. Arnold, in the High-Street, Oxford, M.DCC.LXXVIII. [1778].",Gloucester,230,female,,,False
1651903100_000152,"The dunciad, in four books. Printed according to the complete copy found in the year 1742. With the prolegomena of scriblerus, and notes variorum. To which are added, several notes now first publish'd, the hypercritics of aristarchus, and his dissertation on the hero of the poem.",Mary Cooper,43,1743,1,1,"London : Printed for M. Cooper at the Globe in Pater-noster-row, MDCCXLIII. [1743].",London,436,female,,1761,False
0463801700_000027,"The grand instructions to the commissioners appointed to frame a new code of laws for the Russian Empire: composed by Her Imperial Majesty Catherine II. Empress of all the Russias. To which is prefixed, a description of the manner of opening the commission, with the orde and rules for electing the commissioners. Translated from the original, in the Russian language, by Michael Tatischeff, a Russian Gentleman; And published by Permission.",Russia. Sovereign (1762-1796: Catherine II),49,1768,1,1,"London : printed for T. Jefferys, at the Corner of St. Martin's Lane, Charing-Cross, MDCCLXVIII. [1768].",London,278,female,,,False
0050800300_000013,"A treatise on the influence of the passions, upon the happiness of individuals and of nations. Illustrated by striking references to the Principal Events and Characters that have Distinguished the French Revolution. From the French of the Baroness Stael de Holstein. To which is prefixed a sketch of her life, by the translator.",Germaine de Staël,32,1798,1,1,"London : printed and published by George Cawthorn, British Library, No. 132, Strand; sold also by W. J. & J. Richardson, Royal-Exchange; and J. Wright, Piccadilly, 1798.",London,355,female,1766,1817,False
0381401100_000052,Dialogues of the dead.,Elizabeth Montagu,45,1768,1,1,"London : printed for J. Murray (successor to Mr. Sandby) at No. 32, opposite St. Dunstan's Church, in Fleet-Street, M.DCC.LXVIII. [1768].",London,452,female,1720,1800,False
0052602700_000018,"The moralist; or a collection of maxims, observations, &c.","Gregg, H., Mrs",32,1800,1,1,"Liverpool : printed by J. M'creery, Houghton-Street, 1800.",Liverpool,206,female,,,False
0729700900_000017,"Woman not inferior to man: or, a short and modest vindication of the natural right of the fair-sex to a perfect equality of power, dignity, and esteem, with the men. By Sophia, a person of quality.","Sophia, Person of Quality",38,1740,1,1,"London : printed for John Hawkins, at the Falcon in St Paul's Church-Yard, MDCCXL. [1740].",London,67,female,,,False
0130001000_000001,"Parsing lessons for young children: resolved into their elements, for the assistance of parents and teachers. By Mrs. Lovechild.",Ellenor Fenn,32,1798,1,1,"London : printed for E. Newbery, the Corner of St. Paul's Church-Yard, 1798.",London,70,female,1743,1813,False
0531800300_000029,"Poems and essays, by Miss Boudler [sic], lately deceased.",Jane Bowdler,46,1787,1,1,"Dublin : printed by William M'Kenzie, 1787.",Dublin,230,female,1743,1784,False
0050800300_000011,"A treatise on the influence of the passions, upon the happiness of individuals and of nations. Illustrated by striking references to the Principal Events and Characters that have Distinguished the French Revolution. From the French of the Baroness Stael de Holstein. To which is prefixed a sketch of her life, by the translator.",Germaine de Staël,32,1798,1,1,"London : printed and published by George Cawthorn, British Library, No. 132, Strand; sold also by W. J. & J. Richardson, Royal-Exchange; and J. Wright, Piccadilly, 1798.",London,355,female,1766,1817,False
0439200401_000025,"Miscellanies in prose and verse, mostly written in the epistolary style: chiefly upon moral subjects, and particularly calculated for the improvement of younger minds. By Mrs. M. Deverell, Gloucestershire. ...","Deverell, Mary",30,1781,1,2,"[London] : Printed for the author, by J. Rivington, jun, St. John's-Square, Clerkenwell; sold by Mr. Dodsley, Pall-Mall; Mr. Robson and Mr. Michell, New Bond-Street; Mr. Cadell, Strand; Messrs. Rivingtons and Mr. Wilkie's, St. Paul's Church-Yard; Mr. Crowder, Pater-Noster Row; and Mrs. Davenhill, Cornhill, Booksellers, London. - Also by Mr. Cadell, Wine-Street, Bristol; Messrs. Pract and Clinch, Melsome-Street, and Mr. Meyler, in the Grove, Bath; Mr. Fletcher, Oxford; Mr. Pugh, Hereford; Mr. Sprange, Tunbridge-Wells; and by the author, at No. 115, Jermyn-Street, St. James's, London. MDCCLXXXI. Entered at Stationers-Hall, [1781].",London,287,female,,,False
0031801000_000145,"The world unmask'd: or, the Philosopher the greatest Cheat; in twenty-four dialogues Between Crito a Philosopher, Philo a Lawyer, and Erastus a Merchant. In which True Virtue is distinguished from what usually bears the Name or Resemblance of it: The many Prejudices and Mistakes in Judgment and Practice, in regard to conscience and religion, are examined and rectified: And the Value of truth is shewn; with the Reasons why it is not more generally known. To which is added, The state of Souls separated from their Bodies: Being an Epistolary Treatise, wherein is proved, by a Variety of Arguments, deduced from Holy Scripture, that the Punishments of the Wicked will not be Eternal; and all Objections against it solved. In Answer to a Treatise, entitled, An Enquiry into Origenism. Together with A Large Introduction, evincing the same Truth from the Principles of Natural Religion. Translated from the French.",Marie Huber,35,1736,1,1,"London : printed for A. Millar, over-against St. Clement's Church in the Strand, MDCCXXXVI. [1736].",London,455,female,1695,1753,False
0337800300_000009,"A new method of instruction for children from five to ten years old, including moral dialogues, The Children's Island A Tale, Thoughts And Maxims, Models Of Composition In Writing For Children Ten OR Twelve Years Old, and a new method of teaching children to draw. Translated from the French of Madame de Genlis.",Stéphanie Félicité du Crest de Saint-Aubin,56,1800,1,1,"London : printed by A. Strahan, Printers Street, for T. N. Longman and O. Rees, Paternoster-Row, 1800.",London,322,female,1746,1830,True
0587200200_000025,"Essays on various subjects, principally designed for young ladies.",Hannah More,36,1777,1,1,"London : printed for J. Wilkie, in St. Paul's Church-Yard; and T. Cadell, in the Strand, MDCCLXXVII. [1777].",London,220,female,1745,1833,True
0038600500_000012,Female rights vindicated; or the equality of the sexes morally and physically proved. By a lady.,Lady,43,1758,1,1,"London : printed for G. Burnet, at Bishop Burnet's Head without Temple-Bar, MDCCLVIII. [1758].",London,146,female,,,False
1546300301_000019,Essays on various subjects. By the author of reflections on the seven days of the week. Vol. I.,Catherine Talbot,31,1773,1,1,"Dublin : Printed for J. Milliken, College-Green, M,DCC,LXXIII. [1773].",Dublin,246,female,1721,1770,False
0397700400_000017,A vindication of the rights of woman: with strictures on political and moral subjects. By Mary Wollstonecraft.,Mary Wollstonecraft,40,1792,1,1,"London : printed for J. Johnson, No 72, St. Paul's Church Yard, 1792.",London,469,female,1759,1797,True
0397700400_000005,A vindication of the rights of woman: with strictures on political and moral subjects. By Mary Wollstonecraft.,Mary Wollstonecraft,51,1792,1,1,"London : printed for J. Johnson, No 72, St. Paul's Church Yard, 1792.",London,469,female,1759,1797,True
1300801602_000060,The female spectator.,Eliza Haywood,32,1747,2,4,"Dublin : Printed for George and Alexander Ewing at the Angel and Bible in Dame-street, booksellers, M,DCC,XLVII. [1747].",Dublin,265,female,1693,1756,True
0462301200_000001,"The exclamations of the soul to God: or the meditations of St. Teresa after Communion. Newly translated. Together with an introductory dedication ... By the Rev. John Milner, ...",Teresa of Ávila,30,1790,1,1,"London : printed by J. P. Coghlan; and sold by Messrs. Robinsons, 1790.",London,127,female,1515,1582,False
0364000204_000036,"Tales of the castle: or, stories of instruction and delight. Being Les veillees du chateau, written in French by Madame la Comtesse de Genlis, Author of the Theatre of Education, Adela and Theodore, &c. Translated into English by Thomas Holcroft,",Stéphanie Félicité du Crest de Saint-Aubin,40,1787,4,5,"London : printed for G. G. J. and J. Robinson, No. 25, Pater-Noster-Row, 1787.",London,258,female,1746,1830,True
0343200201_000035,"Religion considered as the only basis of happiness and of true philosophy. A work written for the instruction of the children of his most serene highness the Duke of Orleans; ... By Madame the Marchioness of Sillery, ... In two volumes.",Stéphanie Félicité du Crest de Saint-Aubin,45,1787,1,2,"Dublin : printed by William Porter, for H. Chamberlaine, White, Byrne, Colbert, W. Porter, and Moore, 1787.",Dublin,160,female,1746,1830,True
0052602700_000001,"The moralist; or a collection of maxims, observations, &c.","Gregg, H., Mrs",36,1800,1,1,"Liverpool : printed by J. M'creery, Houghton-Street, 1800.",Liverpool,206,female,,,False
0168800401_000013,"A tour in Switzerland; or, a view of the present state of the governments and manners of those cantons: with comparative sketches of the present state of Paris. By Helen Maria Williams. ...",Helen Maria Williams,27,1798,1,2,"London : printed for G. G. and J. Robinson, Paternoster-Row, M,DCC,XCVIII. [1798].",London,373,female,1762,1827,True
0391500301_000002,"The knights of the Swan; or, the court of Charlemagne: a historical and moral tale: to serve as a continuation to the Tales of the Castle: and of which all the incidents that bear analogy to the French Revolution are taken from history. Translated from the French of Madame de Genlis, author of the theatre of education, adelaide & theodore, &c. By the Rev. Mr. Beresford. ...",Stéphanie Félicité du Crest de Saint-Aubin,33,1796,1,3,"London : printed for J. Johnson, St. Paul's Church-Yard, 1796.",London,282,female,1746,1830,True
0613000400_000007,A treatise on the immutability of moral truth. By Catharine Macaulay Graham.,Catharine Macaulay,39,1783,1,1,"London : printed by A. Hamilton, jun. And sold by C. Dilly, Poultry ; G. Robinson, Paternoster Row ; T. Cadell, Strand ; T. Lewis, Covent-Garden ; J. Walter, Charing-Cross ; and R. Faulder, New Bond-Street, MDCCLXXXIII. [1783].",London,341,female,1731,1791,True
0336900500_000016,"The marchioness de Lambert's letters to her son and daughter, on true education, &c. &c. &c. Translated by Mr. Rowell.",Anne-Thérèse de Marguenat de Courcelles,47,1749,1,1,"London : printed for M. Cooper in Pater-Noster-Row, MDCCXLIX. [1749].",London,222,female,1647,1733,False
0666600500_000004,"The female geniad; a poem. Inscribed to Mrs. Crespigny. By Elizabeth Ogilvy Benger, of Portsmouth; written at the age of thirteen.","Benger, E. (Elizabeth)",36,1791,1,1,"London : printed for T. Hookham and J. Carpenter, No 147, new, and 15, old Bond-Street; and C. and G. Kearsley, No 46, Fleet-Street, 1791.",London,62,female,1778,1827,False
0414500302_000002,Strictures on the modern system of female education. With a view of the principles and conduct prevalent among women of rank and fortune. By Hannah More. In two volumes. ...,Hannah More,36,1799,2,2,"London : printed for T. Cadell Jun. and W. Davies in the Strand, 1799.",London,334,female,1745,1833,True
1073100102_000024,"Letters from the Duchess de Crui and others, on subjects moral and entertaining, wherein the character of the female sex, with their rank, importance, and consequence, is stated, and their relative duties in life are enforced. By Lady Mary Walker. ...",Mary Walker,42,1777,2,5,"London : printed for Robson, New Bond-Street; Walter, Charing-Cross; and Robinson, Pater-Noster-Row, MDCCLXXVII. [1777].",London,222,female,1736,,False
0660200101_000021,The gipsy countess: a novel. By Miss Gunning. ...,Elizabeth Gunning,28,1799,1,4,"London : printed for T.N. Longman and O. Rees, 1799.",London,239,female,1769,1823,False
1101900700_000008,"Letters on the improvement of the mind, addressed to a young lady. By Mrs. Chapone.",Hester Chapone,37,1800,1,1,"London : published for the proprietors: and printed and sold by H. and G. Mozley, Market Place, Gainsbro', 1800.",London,203,female,1727,1801,True
0431500202_000072,"The world unmask'd: or, the Philosopher the greatest Cheat; in twenty-four dialogues. To which is added, The state of souls separated from their Bodies; Being an Epistolary Treatise, wherein is proved, by a Variety of Arguments, deduced from Holy Scripture, that the Punishments of the Wicked will not be Eternal; and all Objections against it solved. To which is prefix'd, A Large Introduction, evincing the same Truth from the Principles of Natural Religion. Translated from the French.",Marie Huber,33,1743,2,2,"London : printed for A. Millar, opposite to Katharine-Street in the Strand, M.DCC.XLIII. [1743].",London,300,female,1695,1753,False
0634301500_000011,An estimate of the religion of the fashionable world. By one of the laity.,Hannah More,30,1791,1,1,"London : printed for T. Cadell, in the Strand, M.DCC.XCI. [1791].",London,268,female,1745,1833,True
0613000400_000001,A treatise on the immutability of moral truth. By Catharine Macaulay Graham.,Catharine Macaulay,47,1783,1,1,"London : printed by A. Hamilton, jun. And sold by C. Dilly, Poultry ; G. Robinson, Paternoster Row ; T. Cadell, Strand ; T. Lewis, Covent-Garden ; J. Walter, Charing-Cross ; and R. Faulder, New Bond-Street, MDCCLXXXIII. [1783].",London,341,female,1731,1791,True
0225700103_000002,Melbourne. A novel. In three volumes. By the author of Deloraine.,"Martin, Mrs",35,1798,3,3,"London : printed at the Minerva-Press, for William Lane, 1798.",London,315,female,,,False
0954500400_000019,"The progress of a female mind, in some interesting enquiries. Containing, I. A Soliloquy. II. A Letter to a Jew, on the Evidences of Revelation. III. A Letter to a Christian Divine on the Gospel System; with some References to a late Free Enquirer. IV. A Remark on the Importance of the Hebrew Language. By a lady.",Lady,46,1764,1,1,"London : printed for A. and C. Corbett, opposite St. Dunstan's Church, Fleet-Street, MDCCLXIV. [1764].",London,94,female,,,False
0343200201_000022,"Religion considered as the only basis of happiness and of true philosophy. A work written for the instruction of the children of his most serene highness the Duke of Orleans; ... By Madame the Marchioness of Sillery, ... In two volumes.",Stéphanie Félicité du Crest de Saint-Aubin,35,1787,1,2,"Dublin : printed by William Porter, for H. Chamberlaine, White, Byrne, Colbert, W. Porter, and Moore, 1787.",Dublin,160,female,1746,1830,True
0414500400_000065,Strictures on the modern system of female education. With a view of the principles and conduct prevalent among women of rank and fortune. By Hannah More.,Hannah More,35,1800,1,1,"Dublin : printed by William Porter, for Pat. Wogan, Old-Bridge, and William Porter, Grafton-Street, 1800.",Dublin,460,female,1745,1833,True
1168400203_000039,The female Spectator. ...,Eliza Haywood,35,1750,3,4,"London : printed and published by T. Gardner, 1750.",London,334,female,1693,1756,True
0271400200_000033,Letters on education. With observations on religious and metaphysical subjects. By Catharine Macaulay Graham.,Catharine Macaulay,39,1790,1,1,"London : printed for C. Dilly, in the Poultry, MDCCXC. [1790].",London,525,female,1731,1791,True
0206700103_000041,The female Spectator. |...,Eliza Haywood,32,1748,3,4,"London : printed and published by T. Gardner, at Cowley's-Head, opposite St. Clement's Church in the Stárand, M,DCC,XLVIII. [1748].",London,334,female,1693,1756,True
0264100302_000041,"The works of Mrs. Catharine Cockburn, ... Several of them now first printed. Revised and published, with an account of the life of the author, by Thomas Birch, ... In two volumes. ...",Catharine Trotter,33,1751,2,2,"London : printed for J. and P. Knapton, 1751.",London,586,female,1679,1749,False
0617501500_000046,Letters on education. With observations on religious and metaphysical subjects. By Catherine Macaulay Graham.,Catharine Macaulay,41,1790,1,1,"Dublin : printed for H. Chamberlaine and Rice, L. White, W. Mc. Kenzie, J. Moore, Grueber and Mc. Allister, [and 2 others in Dublin], 1790.",Dublin,336,female,1731,1791,True
0391500301_000008,"The knights of the Swan; or, the court of Charlemagne: a historical and moral tale: to serve as a continuation to the Tales of the Castle: and of which all the incidents that bear analogy to the French Revolution are taken from history. Translated from the French of Madame de Genlis, author of the theatre of education, adelaide & theodore, &c. By the Rev. Mr. Beresford. ...",Stéphanie Félicité du Crest de Saint-Aubin,34,1796,1,3,"London : printed for J. Johnson, St. Paul's Church-Yard, 1796.",London,282,female,1746,1830,True
0023600103_000022,"The romance of the forest: interspersed with some pieces of poetry. In three volumes. ... . The fourth edition. By Ann Radcliffe, author of ``a Sicilian Romance,'' &c.",Ann Radcliffe,30,1794,3,3,"London : printed for T. Hookham and J. Carpenter, new and old Bond Street, M,DCC,XCIV. [1794].",London,352,female,1764,1823,True
0217701400_000003,A vindication of the rights of woman: with strictures on political and moral subjects. By Mary Wollstonecraft.,Mary Wollstonecraft,43,1793,1,1,"Dublin : printed by J. Stockdale, for James Moore, No. 45, College-Green, 1793.",Dublin,269,female,1759,1797,True
1084200300_000021,"Instructions for a young lady, in every sphere and period of life. Containing, I. A mother's advice to her daughters. II. Two letters to a Lady upon the subject of religion, by a Clergyman. III. A Letter to a Young Lady on her Marriage. IV. A Letter on Temper. V. On Oeconomy. VI. On Politeness. Vii. An Epistle upon the Cultivation of Taste. Viii. Fables for the female sex. Compiled by a lady.",Sarah Pennington,36,1777,1,1,"London : printed for John Donaldson, the Corner of Arundel Street, No 188. in the Strand, M.DCC.LXXVII. [1777].",London,293,female,1720,1783,True
0137000100_000043,"An essay on the writings and genius of Shakespear, compared with the Greek and French dramatic poets. With some remarks upon the misrepresentations of Mons. de Voltaire.",Elizabeth Montagu,26,1770,1,1,"London : printed by J. and H. Hughs, near Lincoln's-Inn-Fields: and sold by J. Dodsley, Pall-Mall; Mess. Baker and Leigh, York-Street, Covent-Garden; T. Becket, and T. Cadell, in the Strand; J. Walter, Charing-Cross; H. Denoyer, Lisle-Street; and J. Wilkie, No 71. St. Paul's Church-Yard, M.DCC.LXX. [1770].",London,277,female,1720,1800,False
0336900400_000010,"Advice from a mother to her son and daughter. Written originally in French by the Marchioness de Lambert, and just publish'd with great Approbation at Paris. Done into English by a gentleman.",Anne-Thérèse de Marguenat de Courcelles,39,1729,1,1,"London : printed for Tho. Worrall, at the Judge's Head. over against St. Dunstan's Church, in Fleet-Street, MDCCXXIX. [1729].",London,171,female,1647,1733,False
0857400401_000012,"Letters on the improvement of the mind, addressed to a young lady. In two volumes. By Mrs. Chapone.",Hester Chapone,36,1773,1,2,"London : printed by H. Hughs, for J. Walter, 1773.",London,213,female,1727,1801,True
0909300900_000001,"Observations on a pamphlet, entitled, Thoughts on the cause of the present discontents. By Catharine Macaulay.",Catharine Macaulay,37,1770,1,1,"London : printed for Edward and Charles Dilly in the Poultry, MDCCLXX. [1770].",London,29,female,1731,1791,True
0272200302_000027,"The contrast; or, an antidote against the pernicious principles disseminated in the letters of the late Earl of Chesterfield; Being The Correspondence of an eminent Person, deceased, with the Editor, during a Course of Years. To which are added anniversary addresses from a father to his son. By the Rev. Sir Adam Gordon, Bart. M. A. Rector of Hinxworth, Herts.","Berkeley, Ann",37,1791,2,2,"London : printed for John Stockdale, Piccadilly, 1791.",London,263,female,,,False
0343200202_000017,"Religion considered as the only basis of happiness and of true philosophy. A work written for the instruction of the children of his most serene highness the Duke of Orleans; ... By Madame the Marchioness of Sillery, ... In two volumes.",Stéphanie Félicité du Crest de Saint-Aubin,36,1787,2,2,"Dublin : printed by William Porter, for H. Chamberlaine, White, Byrne, Colbert, W. Porter, and Moore, 1787.",Dublin,151,female,1746,1830,True
0134002300_000030,Poems on several occasions. With Anne Boleyn to King Henry Viii. An epistle. By Mrs. Elizabeth Tollet.,Elizabeth Tollet,34,1756,1,1,"London : printed for T. Lownds, in Fleet Street, [1756?].",London,249,female,1694,1754,False
0613000400_000067,A treatise on the immutability of moral truth. By Catharine Macaulay Graham.,Catharine Macaulay,32,1783,1,1,"London : printed by A. Hamilton, jun. And sold by C. Dilly, Poultry ; G. Robinson, Paternoster Row ; T. Cadell, Strand ; T. Lewis, Covent-Garden ; J. Walter, Charing-Cross ; and R. Faulder, New Bond-Street, MDCCLXXXIII. [1783].",London,341,female,1731,1791,True
0340900100_000015,Poems on several occasions.,Elizabeth Carter,35,1766,1,1,"London : printed for John Rivington, at the Bible and Crown in St. Paul's Church-Yard, MDCCLXVI. [1766].",London,115,female,1717,1806,True
0352100501_000002,"The knights of the Swan; or, the court of Charlemagne: an historical and moral tale. To serve as a continuation to The tales of the castle; And of which all the Incidents that bear Analogy to the French Revolution are taken from History. Translated from the French of Madame de Genlis, Author of the theatre of education, adelaide and theodore, &c. by the Rev. Mr. Beresford. ...",Stéphanie Félicité du Crest de Saint-Aubin,33,1797,1,2,"Dublin : printed for P. Wogan, P. Byrne, H. Colbert, J. Milliken, J. Chambers, B. Dugdale, W. Porter, H. Fitzpatrick, J. Rice, G. Folingsby, and N. Kelly, 1797.",Dublin,352,female,1746,1830,True
0603100601_000037,"Letters from the Duchess de Crui and others, on subjects moral and entertaining. Wherein the character of the female sex, with their rank, importance, and consequence, is stated, and their relative duties in life are enforced. By Lady Mary Walker. The Third Edition corrected, ...",Mary Walker,38,1779,1,2,"Dublin : printed for S. Price, W. and H. Whitestone, R. Fitzsimons, T. Wilkinson. J. Williams, W. Colles, W. Wilson, C. Jenkin, T. Walker, E. Cross, R. Moncrieffe, P. Higly, E. Mackelrath, J. Exshaw, J. Beatty, C. Talbot, J. Parker, and J. Norman, MDCCLXXIX. [1779].",Dublin,293,female,1736,,False
0187100100_000043,"An essay on the writings and genius of Shakespear, compared with the Greek and French dramatic poets. With some remarks upon the misrepresentations of Mons. de Voltaire.",Elizabeth Montagu,28,1769,1,1,"London : printed for J. Dodsley, Pall-Mall; Mess. Baker and Leigh, York-Street, Covent-Garden; J. Walter, Charing-Cross; T. Cadell, in the Strand; and J. Wilkie, No 71. St. Paul's Church-Yard, M.DCC.LXIX. [1769].",London,278,female,1720,1800,False
1266700404_000009,The female Spectator. By Mrs. Eliza Haywood. In four volumes. ...,Eliza Haywood,35,1775,4,4,"London : printed for A. Millar, W. Law, & R. Cater, 1775.",London,330,female,1693,1756,True
0159100303_000038,The Female spectator.,Eliza Haywood,30,1745,3,4,"London [England] : printed and published by T. Gardner, at Cowley's Head, opposite St. Clement's Church, in the Strand, MDCCXLV. [i.e. 1745-1746].",London,402,female,1693,1755,True
1436700900_000037,"Letters on the improvement of the mind, addressed to a young lady. By Mrs. Chapone.",Hester Chapone,40,1778,1,1,"London : Printed for J. Walter, at Homer's Head, Charing Cross; and E. and C. Dilly, in the Poultry, MDCCLXXVIII. [1778].",London,247,female,1727,1801,True
0599900301_000034,Strictures on the modern system of female education. With a view of the principles and conduct prevalent among women of rank and fortune. By Hannah More. In two volumes. ...,Hannah More,42,1799,1,2,"London : printed by A. Strahan, for T. Cadell jun. and W. Davies, 1799.",London,320,female,1745,1833,True
0217701400_000010,A vindication of the rights of woman: with strictures on political and moral subjects. By Mary Wollstonecraft.,Mary Wollstonecraft,33,1793,1,1,"Dublin : printed by J. Stockdale, for James Moore, No. 45, College-Green, 1793.",Dublin,269,female,1759,1797,True
0093500500_000035,"Miscellanies in prose and verse, by the Honourable Lady Margaret Pennyman. Containing, I. Her late journey to Paris, giving an Account of the present State of the Court of France, and of all that is curious and remarkable in that famous City. II. Poems on several occasions, with Familiar Letters to a Friend. Published from her original manuscripts. To which are annexed, some other curious pieces.","Pennyman, Margaret, Lady",37,1740,1,1,"London : printed for E. Curll, at Pope's Head, in Rose-Street, Covent-Garden, [1740].",London,306,female,1688,1733,False
0217701400_000005,A vindication of the rights of woman: with strictures on political and moral subjects. By Mary Wollstonecraft.,Mary Wollstonecraft,53,1793,1,1,"Dublin : printed by J. Stockdale, for James Moore, No. 45, College-Green, 1793.",Dublin,269,female,1759,1797,True
1601700600_000059,"Mental imporvement: Or, the beauties and wonders of nature and art. In a series of instructive conversations. By Priscilla Wakefield, author of leisure hours, juvenile anecdotes, &c. &c. &c.",Priscilla Wakefield,47,1799,1,1,"Dublin : [P]rinted by T. Burnside, Lower Liffey-Street, for P. Wogan, H. Colbert, and J. Gough, 1799.",Dublin,307,female,1751,1832,False
1007300302_000004,A tale of the times. By the author of A gossip's story. Dedicated by Permission to Mrs. Carter. In three volumes. ...,Jane West,27,1799,2,3,"London : printed for T. N. Longman and O Rees, Paternoster-Row, 1799.",London,315,female,1758,1852,False
1101900700_000037,"Letters on the improvement of the mind, addressed to a young lady. By Mrs. Chapone.",Hester Chapone,38,1800,1,1,"London : published for the proprietors: and printed and sold by H. and G. Mozley, Market Place, Gainsbro', 1800.",London,203,female,1727,1801,True
0437800500_000002,A mirror for the female sex. Historical beauties for young ladies. Intended to lead the female mind to the love and practice of moral goodness. Designed principally for the use of ladies' schools. By Mrs. Pilkington.,Mary Pilkington,31,1799,1,1,"London : printed by T. Maiden, Sherbourne-Lane, for Vernor and Hood, In The Poultry; and sold by E. Newbery, the Corner of St Paul's Church-Yard, 1799.",London,264,female,1766,1839,True
0357400100_000005,Dialogues of the dead.,Elizabeth Montagu,25,1760,1,1,"London : printed [by Samuel Richardson] for W. Sandby, in Fleet-Street, M.DCC.LX. [1760].",London,332,female,1720,1800,False
0365600503_000040,The female spectator. By Mrs. Eliza Haywood.,Eliza Haywood,34,1771,3,4,"London : printed for H. Gardner, opposite St. Clement's Church, in the Strand, M.DCC.LXXI. [1771].",London,341,female,1693,1756,True
0634301500_000024,An estimate of the religion of the fashionable world. By one of the laity.,Hannah More,45,1791,1,1,"London : printed for T. Cadell, in the Strand, M.DCC.XCI. [1791].",London,268,female,1745,1833,True
0152701300_000002,"Letters on the works and character of J. J. Rousseau. To which are Added A Letter from the Countess Alexandre de Vassy to the Baroness de Stael, with the Baroness's Answer, and an Account of the last Moments of Rousseau. By Mademoiselle Necker, Baroness de Stael. Translated from the French.",Germaine de Staël,34,1789,1,1,"London : printed for G. G. J. and J. Robinson, Paternoster-Row, MDCCLXXXIX. [1789].",London,145,female,1766,1817,False
0419801700_000021,"Essays on various subjects, principally designed for young ladies.",Hannah More,26,1791,1,1,"London : printed for T. Cadell, in the Strand, MDCCXCI. [1791].",London,222,female,1745,1833,True
0448600200_000051,"Fabulous histories. Designed for the instruction of children, respecting their treatment of animals. By Mrs. Trimmer.",Sarah Trimmer,27,1786,1,1,"London : printed for T. Longman, and G. G. J. and J. Robinson, Pater-Noster-Row; and J. Johnson, St. Paul's Church-Yard, MDCCLXXXVI. [1786].",London,238,female,1741,1810,True
0436500701_000012,"The peruvian letters, translated from the French. With an additional original volume. By R. Roberts, translator of Select Tales from Marmontel, Author of Sermons by a Lady, and Translator of the History of France, from the Abbé Millot.",Françoise de Graffigny,33,1774,1,2,"London : printed for T. Cadell, in the Strand, MDCCLXXIV. [1774].",London,230,female,1695,1758,False
0871400500_000001,"Original stories, from real life; with conversations, calculated to regulate the affections, and form the mind to truth and goodness.",Mary Wollstonecraft,33,1788,1,1,"London : printed for J. Johnson, No. 72, St. Paul's Church-Yard, M.DCC.LXXXVIII. [1788].",London,208,female,1759,1797,True
0857400401_000008,"Letters on the improvement of the mind, addressed to a young lady. In two volumes. By Mrs. Chapone.",Hester Chapone,37,1773,1,2,"London : printed by H. Hughs, for J. Walter, 1773.",London,213,female,1727,1801,True
0290100103_000001,The cry: a new dramatic fable. In three volumes. ...,Jane Collier,30,1754,3,3,"London : printed for R. and J. Dodsley, 1754.",London,304,female,1714,1754,True
0895400600_000033,"Poems and essays, by the late Miss Bowdler.",Jane Bowdler,52,1797,1,1,"Bath : printed by R. Crutwell; and sold by C. Dilly, Poultry, J. Robson and T. Hookham, New Bond-Street, London; and N. R. Cheyne, Edinburgh, MDCCXCVII. [1797].",Bath,266,female,1743,1784,False
0296200200_000002,"An essay on the writings and genius of Shakespear, compared with the Greek and French dramatic poets. With some remarks upon the misrepresentations of Mons. de Voltaire.",Elizabeth Montagu,36,1769,1,1,"Dublin : printed for H. Saunders, J. Potts, W. Sleater, D. Chamberlaine, and J. Williams, M,DCC,LXIX. [1769].",Dublin,233,female,1720,1800,False
1144200400_000043,"An essay on the writings and genius of Shakespear, compared with the Greek and French dramatic poets. With some remarks upon the misrepresentations of Mons. de Voltaire.",Elizabeth Montagu,25,1778,1,1,"Dublin : printed for J. Potts, W. Sleater, D. Chamberlaine, J. Williams, and W. Colles, M,DCC,LXXVIII. [1778].",Dublin,232,female,1720,1800,False
1445201000_000030,"A plan for the conduct of female education, in boarding schools, private families, and public seminaries. By Erasmus Darwin, M.D. F.R.S. author of Zoonomia, and of The botanic garden. To which are added, Rudiments of taste, in a series of letters from a mother to her daughters. Embellished with an elegant frontispiece.",Erasmus Darwin,37,1798,1,1,"Philadelphia: : Printed by John Ormrod, no. 41, Chesnut-Street, 1798.",Philadelphia,303,female,1731,1802,True
0656300601_000016,"The progress of romance, through times, countries and manners; ... in a course of evening conversations. By C. R. author of the English Baron, The two mentors, &c. In two volumes. ...",Clara Reeve,41,1785,1,2,"[Colchester] : printed for the author, by W. Keymer, Colchester, and sold by him; sold also by G. G. J. and J. Robinson, London, 1785.",Colchester,159,female,1729,1807,True
0074301000_000006,"Miscellanies in prose and verse, by Mrs. Chapone, Author of Letters on the Improvement of the Mind. The third edition. To which is now first added, a letter to a new-married lady.",Hester Chapone,32,1777,1,1,"London : printed for E. and C. Dilly, in the Poultry ; and J. Walter, Charing-Cross, M.DCC.LXXVII. [1777].",London,216,female,1727,1801,True
0050500102_000004,"A series of genuine letters between Henry and Frances. The second edition, revised, corrected, enlarged, and improved, by the authors. ...",Elizabeth Griffith,34,1760,2,2,"Dublin : printed by S. Powell, in Crane-Lane, for the Authors, MDCCLX. [1760].",Dublin,410,female,1720,1793,True
1427400102_000014,"Letters on the improvement of the mind, addressed to a young lady. In two volumes. By Mrs. Chapone.",Hester Chapone,36,1787,2,2,"London : printed for J. Walter, Charing-Cross; and C. Dilly, in the Poultry, MDCCLXXXVII. [1787].",London,235,female,1727,1801,True
0343200201_000048,"Religion considered as the only basis of happiness and of true philosophy. A work written for the instruction of the children of his most serene highness the Duke of Orleans; ... By Madame the Marchioness of Sillery, ... In two volumes.",Stéphanie Félicité du Crest de Saint-Aubin,32,1787,1,2,"Dublin : printed by William Porter, for H. Chamberlaine, White, Byrne, Colbert, W. Porter, and Moore, 1787.",Dublin,160,female,1746,1830,True
0576400402_000004,"Poems and essays, by the late Miss Bowdler. ...",Jane Bowdler,45,1787,2,2,"Bath : printed by R. Cruttwell; sold by C. Dilly, Poultry, J. Robson and T. Hookham, New-Bond-Street, London; and N. R. Cheyne, New Edinburgh, MDCCLXXXVII. [1787].",Bath,215,female,1743,1784,False
0150400601_000023,"A residence in France, during the years 1792, 1793, 1794, and 1795; described in a series of letters from an English lady: with general and incidental remarks on the French character and manners. Prepared for the press by John Gifford, Esq. author of the History of France, letter to Lord Lauderdale, &c. In two volumes. ...",English Lady,24,1797,1,2,"London : printed by J. Plymsell; for T. N. Longman, Paternoster Row, 1797.",London,491,female,,,False
1385300402_000018,"A tour in Switzerland; or A view of the present state of the governments and manners of these cantons: With comparative sketches of the present state of Paris. To which is annexed, a map of that country not in the London edition. By Helen Maria Williams.",Helen Maria Williams,36,1798,2,2,"Dublin : Printed for P. Eyrne, No. 108, ... Street, 1798.",Dublin,245,female,1762,1827,True
0222100203_000003,The history of Emily Montague. In four volumes. By the author of Lady Julia Mandeville. ...,Frances Brooke,26,1800,3,4,"London : printed for Rd. Dodsley, in Pall-Mall, [1800?].",London,224,female,1724,1789,True
0290000100_000066,"The sequel to Mentoria; or, the young ladies instructor: in familiar conversations, on a variety of interesting subjects, in which are Introduced, Lectures on Astronomy and Natural Philosophy, Expressed in Terms suited to the Comprehension of Juvenile Readers; Being principally intended to enlarge the Ideas, and inspire just Conceptions of the Deity, from the Contemplation of the general System of the Universe. By Ann Murry.","Murry, Ann",29,1799,1,1,"London : printed for C. Dilly, in the Poultry, 1799.",London,342,female,,,False
0031801000_000087,"The world unmask'd: or, the Philosopher the greatest Cheat; in twenty-four dialogues Between Crito a Philosopher, Philo a Lawyer, and Erastus a Merchant. In which True Virtue is distinguished from what usually bears the Name or Resemblance of it: The many Prejudices and Mistakes in Judgment and Practice, in regard to conscience and religion, are examined and rectified: And the Value of truth is shewn; with the Reasons why it is not more generally known. To which is added, The state of Souls separated from their Bodies: Being an Epistolary Treatise, wherein is proved, by a Variety of Arguments, deduced from Holy Scripture, that the Punishments of the Wicked will not be Eternal; and all Objections against it solved. In Answer to a Treatise, entitled, An Enquiry into Origenism. Together with A Large Introduction, evincing the same Truth from the Principles of Natural Religion. Translated from the French.",Marie Huber,33,1736,1,1,"London : printed for A. Millar, over-against St. Clement's Church in the Strand, MDCCXXXVI. [1736].",London,455,female,1695,1753,False
0032700402_000031,"Translation of the letters of a Hindoo Rajah; written previous to, and during the period of his residence in England. To which is prefixed a preliminary dissertation on the history, religion, and manners, of the Hindoos. In two volumes. By Eliza Hamilton, ...",Elizabeth Hamilton,29,1796,2,2,"London : printed for G.G. and J. Robinson, No. 25, Paternoster Row, 1796.",London,348,female,1758,1816,False
0442700201_000001,"Marcus Flaminius; or, a view of the military, political, and social life of the Romans: in a series of letters from a patrician to his friend; in the Year DCC.LXII from the Foundation of Rome, to the Year DCC.LXIX. By E. Cornelia Knight. In two volumes. ...",Cornelia Knight,30,1792,1,2,"London : printed for C. Dilly, in the Poultry, M.DCC.XCII. [1792].",London,411,female,1757,1837,False
0384300100_000033,"Poems and essays, by the late Miss Bowdler.",Jane Bowdler,49,1793,1,1,"Bath : printed by R. Cruttwell; and sold by C. Dilly, Poultry, J. Robson and T. Hookham, New Bond-Street, London; and N. R. Cheyne, Edinburgh, MDCCXCIII. [1793].",Bath,283,female,1743,1784,False
0454200200_000012,A series of plays: in which it is attempted to delineate the stronger passions of the mind. Each passion being the subject of a tragedy and a comedy.,Joanna Baillie,33,1798,1,1,"London : printed for T. Cadell, jun. and W. Davies, in the Strand, 1798-1812.",London,414,female,1762,1851,False
0038701400_000025,Reflections on the present condition of the female sex; with suggestions for its improvement. By Priscilla Wakefield.,Priscilla Wakefield,34,1798,1,1,"London : printed for J. Johnson, in St. Paul's Church-Yard; and Darton and Harvey, in Gracechurch Street, 1798.",London,203,female,1751,1832,False
0356700202_000056,"A series of genuine letters, between Henry and Frances. Accepit famam, nec minus illa dedit. ...",Elizabeth Griffith,35,1786,2,6,"London : printed (by assignment from E. Johnston) for J. Bew, Pater-Noster-Row, MDCCLXXXVI. [1786].",London,299,female,1720,1793,True
1538800402_000029,"Letters of the Right Honourable lady M---y W----y M-----e: written during her travels in Europe, Asia and Africa, to persons of distinction, men of letters, &c. in different parts of Europe. Which contain among other curious relations, accounts of the policy and manners of Turks; drawn from sources that have been inaccessible to other travellers. A new edition. In two volumes.",Lady Mary Wortley Montagu,30,1778,2,2,"London : printed for T. Becket, the corner of the Adelphi in the Strand, M DCC LXXVIII. [1778].",London,224,female,1689,1762,True
0468100300_000037,"Dinarbas; a tale: being a continuation of Rasselas, Prince of Abissinia.",Cornelia Knight,42,1800,1,1,"London : printed by Luke Hansard, Great Turnstile, Lincoln's-Inn Fields, for T. Cadell, jun. and W. Davies, in the Strand, 1800.",London,320,female,1757,1837,False
0477700102_000029,"Letters of the Right Honourable Lady M-y W--y M--e: written during her travels in Europe, Asia, and Africa, ... A new edition. To which are added, poems, by the same author. In two volumes. ...",Lady Mary Wortley Montagu,30,1789,2,2,"London : printed for T. Cadell; J. Murray; and R. Baldwin, 1789 [1790].",London,273,female,1689,1762,True
0277700301_000034,"The works of Mrs. Chapone, containing letters on the improvement of the mind, addressed to a young lady. And miscellanies in prose and verse. In two volumes. ...",Hester Chapone,34,1775,1,2,"Dublin : printed for J. Williams, 1775.",Dublin,156,female,1727,1801,True
0271300600_000001,"A packet for youth, or evidences of Christianity drawn from the mind. By a lady.","M. P., Lady",36,1799,1,1,"Hanley : printed and sold by Mort; also by Knott, Lombard Street, Chapman, Fleet Street, Heptinstall, Holborn, London, ---- Chester, Newcastle, ---- Jones, Birmingham, ---- Pritchard, Derby, ---- Smith, Sheffield, Boden, Manchester ; and may be had of all Booksellers, [1799].",Hanley,122,female,,,False
0429500600_000024,"Sacred dramas: chiefly intended for young persons. The subjects taken from the Bible. To which is added, Sensibility, a poem.",Hannah More,26,1799,1,1,"London : printed for T. Cadell, jun. and W. Davies, In The Strand; by G. Woodfall, NO. 22, Paternoster-Row, 1799.",London,296,female,1745,1833,True
0397700400_000016,A vindication of the rights of woman: with strictures on political and moral subjects. By Mary Wollstonecraft.,Mary Wollstonecraft,38,1792,1,1,"London : printed for J. Johnson, No 72, St. Paul's Church Yard, 1792.",London,469,female,1759,1797,True
0351900700_000014,"Letters for literary ladies. To which is added, an essay on the noble science of self-justification. The second edition, corrected and much enlarged. By Maria Edgeworth, author of practical education, and the parents' assistant.",Maria Edgeworth,33,1799,1,1,"London : printed for J. Johnson, in St. Paul's Church-Yard, 1799.",London,243,female,1767,1849,True
1128800300_000003,"Maxims, characters, and reflections, critical, satirical, and moral.",Frances Greville,50,1768,1,1,"London : printed for T. Cadell (successor to Mr. Millar) in the Strand, MDCCLXVIII. [1768].",London,260,female,1730,1789,False
0431500201_000037,"The world unmask'd: or, the Philosopher the greatest Cheat; in twenty-four dialogues. To which is added, The state of souls separated from their Bodies; Being an Epistolary Treatise, wherein is proved, by a Variety of Arguments, deduced from Holy Scripture, that the Punishments of the Wicked will not be Eternal; and all Objections against it solved. To which is prefix'd, A Large Introduction, evincing the same Truth from the Principles of Natural Religion. Translated from the French.",Marie Huber,65,1743,1,2,"London : printed for A. Millar, opposite to Katharine-Street in the Strand, M.DCC.XLIII. [1743].",London,373,female,1695,1753,False
0139100500_000007,"A compendious system of astronomy, in a course of familiar lectures; In which the Principles of that Science are Clearly Elucidated, so as to be Intelligible to those who have not Studied the Mathematics. Also trigonometrical and celestial problems, with a key to the ephemeris, and a vocabulary of the terms of science used in the Lectures; which latter are explained Agreeably to their Application in them. By Margaret Bryan.","Bryan, Margaret           1815",47,1797,1,1,"London : printed for the author, and sold by Leigh and Sotheby, York Street, Covent Garden; and G. Kearsley, No. 46, Fleet Street, 1797.",London,351,female,,,False
0128200501_000001,"Feudal events, or, days of yore. An ancient story. In two volumes. By Anna Maria Mackenzie , Author of Neaiolitan, Dusseldory, &c. &c. ...","Mackenzie, Anna Maria",31,1800,1,2,"London : printed at the Minerva-Press, for William Lane, Leadenhall-Street, 1800.",London,261,female,,,False
0035201100_000010,"Letters and essays, moral, and miscellaneous. By Mary Hays.",Mary Hays,26,1793,1,1,"London : printed for T. Knott, No. 47, Lombard-Street, MDCCXCIII. [1793].",London,271,female,1759,1843,True
0439200402_000044,"Miscellanies in prose and verse, mostly written in the epistolary style: chiefly upon moral subjects, and particularly calculated for the improvement of younger minds. By Mrs. M. Deverell, Gloucestershire. ...","Deverell, Mary",33,1781,2,2,"[London] : Printed for the author, by J. Rivington, jun, St. John's-Square, Clerkenwell; sold by Mr. Dodsley, Pall-Mall; Mr. Robson and Mr. Michell, New Bond-Street; Mr. Cadell, Strand; Messrs. Rivingtons and Mr. Wilkie's, St. Paul's Church-Yard; Mr. Crowder, Pater-Noster Row; and Mrs. Davenhill, Cornhill, Booksellers, London. - Also by Mr. Cadell, Wine-Street, Bristol; Messrs. Pract and Clinch, Melsome-Street, and Mr. Meyler, in the Grove, Bath; Mr. Fletcher, Oxford; Mr. Pugh, Hereford; Mr. Sprange, Tunbridge-Wells; and by the author, at No. 115, Jermyn-Street, St. James's, London. MDCCLXXXI. Entered at Stationers-Hall, [1781].",London,287,female,,,False
0343200101_000016,"Religion considered as the only basis of happiness, and of true philosophy. A work written for the instruction of the children of his Most Serene Highness the Duke of Orleans; And in which the Principles of modern pretended Philosophers are laid open and refuted. By Madame the Marchioness of Sillery, heretofore countess of genlis. In two volumes. ...",Stéphanie Félicité du Crest de Saint-Aubin,24,1787,1,2,"London : printed for T. Payne and Son, at the Mews Gate; T. Cadell, and P. Elmsly, in the Strand, M.DCC.LXXXVII. [1787].",London,312,female,1746,1830,True
0184501400_000024,"The continuation of The life of Marianne. To which is added the history of Ernestina, with letters and other miscellaneous pieces. Translated from the French of Madame Riccoboni.",Marie Jeanne Riccoboni,31,1766,1,1,"London : printed for T. Becket and P. A. De Hondt, near Surry-Street, in the Strand, M,DCC,LXVI. [1766].",London,227,female,1713,1792,False
1244600700_000008,"Friendship in death; in twenty letters from the dead to the living. To which are added, letters moral and entertaining. In prose and verse. In three parts. By Mrs. Elizabeth Rowe. With the Author's Life prefixt; And other additions.",Elizabeth Rowe,29,1752,1,1,"Dublin : printed for John Exshaw, at the Bible on Cork-Hill, MDCCLII. [1752].",Dublin,439,female,1674,1737,True
0631600600_000009,An estimate of the religion of the fashionable world. By Hannah More.,Hannah More,34,1793,1,1,"London : printed for T. Cadel, in the Strand, 1793.",London,269,female,1745,1833,True
0356700204_000010,"A series of genuine letters, between Henry and Frances. Accepit famam, nec minus illa dedit. ...",Elizabeth Griffith,36,1786,4,6,"London : printed (by assignment from E. Johnston) for J. Bew, Pater-Noster-Row, MDCCLXXXVI. [1786].",London,289,female,1720,1793,True
0850800101_000002,"The mysteries of Udolpho, a romance; interspersed with some pieces of poetry. By Ann Radcliffe, Author of the romance of the Forest, etc. The third edition. In four volumes. ...",Ann Radcliffe,23,1795,1,4,"London : printed for G. G. and J. Robinson, Paternoster-Row, 1795.",London,430,female,1764,1823,True
1110800700_000037,"Dinarbas; a tale: being a continuation of Rasselas, Prince of Abissinia.",Cornelia Knight,37,1793,1,1,"London : printed for C. Dilly, in the Poultry, M.DCC.XCIII. [1793].",London,346,female,1757,1837,False
0393800101_000002,"The mysteries of Udolpho, a romance; interspersed with some pieces of poetry. By Ann Ratcliffe [sic], author of The romance of the forest, A Sicilian romance, &c. In three volumes. ...",Ann Radcliffe,23,1795,1,3,"Boston : Printed by Samuel Etheridge, for J. White, W. Spotswood, Thomas & Andrews, D. West, E. Larkin, W.P. Blake, J. West, and J.W. Folsom, 1795.",Boston,230,female,1764,1823,True
0376700400_000002,"Mythology; or, a history of the fabulous deities of the ancients: designed to facilitate the study of history, poetry, painting, &c.","Monsigny, Madame",31,1794,1,1,"London : printed for William Richardson, Royal-Exchange, [1794?].",London,334,female,,,False
0603100601_000038,"Letters from the Duchess de Crui and others, on subjects moral and entertaining. Wherein the character of the female sex, with their rank, importance, and consequence, is stated, and their relative duties in life are enforced. By Lady Mary Walker. The Third Edition corrected, ...",Mary Walker,38,1779,1,2,"Dublin : printed for S. Price, W. and H. Whitestone, R. Fitzsimons, T. Wilkinson. J. Williams, W. Colles, W. Wilson, C. Jenkin, T. Walker, E. Cross, R. Moncrieffe, P. Higly, E. Mackelrath, J. Exshaw, J. Beatty, C. Talbot, J. Parker, and J. Norman, MDCCLXXIX. [1779].",Dublin,293,female,1736,,False
0357300803_000037,"Lessons of a governess to her pupils: or, journal of the method adopted by Madame de Sillery-Brulart (formerly Countess de Genlis) in the education of the children of M. D'Orleans First Prince of the Blood-Royal. Published by herself. Translated from the French.",Stéphanie Félicité du Crest de Saint-Aubin,29,1792,3,3,"London : printed for G.G.J. and J. Robinson, Paternoster-Row, M.DCC.XCII. [1792].",London,313,female,1746,1830,True
0628900500_000022,New and elegant amusements for the ladies of Great Britain. By a lady.,Lady,25,1772,1,1,"London : printed for the author, and sold by S. Crowder, Pater-Noster-Row; W. Shropshire, New Bond-Street; J. Walter, Charing-Cross, and W. Cooke, Royal Exchange, 1772.",London,170,female,,,False
0271400200_000075,Letters on education. With observations on religious and metaphysical subjects. By Catharine Macaulay Graham.,Catharine Macaulay,38,1790,1,1,"London : printed for C. Dilly, in the Poultry, MDCCXC. [1790].",London,525,female,1731,1791,True
0656300601_000004,"The progress of romance, through times, countries and manners; ... in a course of evening conversations. By C. R. author of the English Baron, The two mentors, &c. In two volumes. ...",Clara Reeve,37,1785,1,2,"[Colchester] : printed for the author, by W. Keymer, Colchester, and sold by him; sold also by G. G. J. and J. Robinson, London, 1785.",Colchester,159,female,1729,1807,True
0430400500_000024,"Sacred dramas; chiefly intended for young persons: the subjects taken from the Bible. To which is added, Sensibility, a poem.",Hannah More,25,1785,1,1,"London : printed for T. Cadell in the Strand, MDCCLXXXV. [1785].",London,297,female,1745,1833,True
0459900600_000001,A series of plays: in which it is attempted to delineate the stronger passions of the mind. Each passion being the subject of a tragedy and a comedy. By Joanna Baillie.,Joanna Baillie,37,1800,1,1,"London : printed for T. Cadell, jun. and W. Davies, In The Strand. 1800. H. Baldwin and Son, printers, New Bridge-Street, [1800].",London,417,female,1762,1851,False
0277700301_000008,"The works of Mrs. Chapone, containing letters on the improvement of the mind, addressed to a young lady. And miscellanies in prose and verse. In two volumes. ...",Hester Chapone,35,1775,1,2,"Dublin : printed for J. Williams, 1775.",Dublin,156,female,1727,1801,True
0325001302_000013,Letters on the improvement of the mind. Addressed to a young lady. In two volumes.,Hester Chapone,32,1773,2,2,"Dublin : printed for J. Exshaw, H. Saunders, W. Sleater, J. Potts, D. Chamberlaine, J. Williams, and R. Moncrieffe, MDCCLXXIII. [1773].",Dublin,139,female,1727,1801,True
0050500102_000057,"A series of genuine letters between Henry and Frances. The second edition, revised, corrected, enlarged, and improved, by the authors. ...",Elizabeth Griffith,40,1760,2,2,"Dublin : printed by S. Powell, in Crane-Lane, for the Authors, MDCCLX. [1760].",Dublin,410,female,1720,1793,True
1317900500_000004,The works of Mrs. Chapone. Addressed to a young lady.,Hester Chapone,38,1796,1,1,"London : Printed for J. Warlters, MDCCXCVI. [1796].",London,288,female,1727,1801,True
0628900500_000007,New and elegant amusements for the ladies of Great Britain. By a lady.,Lady,41,1772,1,1,"London : printed for the author, and sold by S. Crowder, Pater-Noster-Row; W. Shropshire, New Bond-Street; J. Walter, Charing-Cross, and W. Cooke, Royal Exchange, 1772.",London,170,female,,,False
0263800301_000001,"The exiles; or, memoirs of the Count de Cronstadt. By Clara Reeve, Author of the Old English Baron, Two Mentors, &c. &c. In three volumes. ...",Clara Reeve,34,1788,1,3,"London : printed for T. Hookham, New Bond Street, M.DCC.LXXXVIII. [1788].",London,238,female,1729,1807,True
0751200202_000029,"British synonymy; or, an attempt at regulating the choice of words in familiar conversation. Inscribed, With Sentiments of Gratitude and Respect, to such of her Foreign Friends as have made English Literature their peculiar Study, By Hester Lynch Piozzi. In Two Volumes. ...",Hester Thrale,40,1794,2,2,"London : printed for G. G. and J. Robinson, Paternoster-Row, MDCCXCIV. [1794].",London,419,female,1741,1821,True
0379800200_000018,"A description of Millenium Hall, and the country adjacent: together with the characters of the inhabitants, and such historical anecdotes and reflections, as may excite in the reader proper sentiments of humanity, and lead the mind to the love of virtue. By a gentleman o his travels.",Sarah Scott,31,1763,1,1,"Dublin : printed for Peter Wilson, in Dame-Street, M,DCC,LXIII. [1763].",Dublin,286,female,1720,1795,True
0919300701_000004,Dialogues of the dead. In two volumes. ...,Elizabeth Montagu,30,1775,1,2,"London : printed for T. Pridden, Fleet Street, M.DCC.LXXV. [1775].",London,152,female,1720,1800,False
1266700403_000039,The female Spectator. By Mrs. Eliza Haywood. In four volumes. ...,Eliza Haywood,33,1775,3,4,"London : printed for A. Millar, W. Law, & R. Cater, 1775.",London,333,female,1693,1756,True
0772700401_000036,"Letters on the improvement of the mind. Addressed to a young lady. To which are added, miscellanies in prose and verse. By Mrs. Chapone. The third edition. ...",Hester Chapone,38,1777,1,2,"Dublin : printed for the United Company of Booksellers, M.DCC.LXXVII. [1777].",Dublin,129,female,1727,1801,True
0271300600_000019,"A packet for youth, or evidences of Christianity drawn from the mind. By a lady.","M. P., Lady",48,1799,1,1,"Hanley : printed and sold by Mort; also by Knott, Lombard Street, Chapman, Fleet Street, Heptinstall, Holborn, London, ---- Chester, Newcastle, ---- Jones, Birmingham, ---- Pritchard, Derby, ---- Smith, Sheffield, Boden, Manchester ; and may be had of all Booksellers, [1799].",Hanley,122,female,,,False
0264100302_000002,"The works of Mrs. Catharine Cockburn, ... Several of them now first printed. Revised and published, with an account of the life of the author, by Thomas Birch, ... In two volumes. ...",Catharine Trotter,47,1751,2,2,"London : printed for J. and P. Knapton, 1751.",London,586,female,1679,1749,False
1322400103_000039,The female spectator.,Eliza Haywood,30,1755,3,4,"London : Printed for T. Gardner, at Cowley's-Head, near St. Clement's-Church in the Strand, M,DCC,LV. [1755].",London,336,female,1693,1756,True
0271300600_000007,"A packet for youth, or evidences of Christianity drawn from the mind. By a lady.","M. P., Lady",42,1799,1,1,"Hanley : printed and sold by Mort; also by Knott, Lombard Street, Chapman, Fleet Street, Heptinstall, Holborn, London, ---- Chester, Newcastle, ---- Jones, Birmingham, ---- Pritchard, Derby, ---- Smith, Sheffield, Boden, Manchester ; and may be had of all Booksellers, [1799].",Hanley,122,female,,,False
0343200101_000009,"Religion considered as the only basis of happiness, and of true philosophy. A work written for the instruction of the children of his Most Serene Highness the Duke of Orleans; And in which the Principles of modern pretended Philosophers are laid open and refuted. By Madame the Marchioness of Sillery, heretofore countess of genlis. In two volumes. ...",Stéphanie Félicité du Crest de Saint-Aubin,29,1787,1,2,"London : printed for T. Payne and Son, at the Mews Gate; T. Cadell, and P. Elmsly, in the Strand, M.DCC.LXXXVII. [1787].",London,312,female,1746,1830,True
0936800201_000034,"Adelaide and Theodore; or, letters on education: containing all the principles relative to three different plans of education; to that of princes, and to those of young persons of both sexes. Translated from the French of Madame la Comtesse de Genlis.",Stéphanie Félicité du Crest de Saint-Aubin,34,1796,1,3,"London : printed for T. Cadell, jun. and W. Davies, (successors to Mr. Cadell) in the Strand, 1796.",London,291,female,1746,1830,True
0130001203_000028,"The school: being a series of letters, between a young lady and her mother.","Maese, Sarah",37,1766,3,3,"London : printed for W. Flexney, near Gray's-Inn Gate, Holborn, MDCCLXVI. [1766]-72.",London,317,female,,,False
0431500201_000001,"The world unmask'd: or, the Philosopher the greatest Cheat; in twenty-four dialogues. To which is added, The state of souls separated from their Bodies; Being an Epistolary Treatise, wherein is proved, by a Variety of Arguments, deduced from Holy Scripture, that the Punishments of the Wicked will not be Eternal; and all Objections against it solved. To which is prefix'd, A Large Introduction, evincing the same Truth from the Principles of Natural Religion. Translated from the French.",Marie Huber,32,1743,1,2,"London : printed for A. Millar, opposite to Katharine-Street in the Strand, M.DCC.XLIII. [1743].",London,373,female,1695,1753,False
0617501500_000036,Letters on education. With observations on religious and metaphysical subjects. By Catherine Macaulay Graham.,Catharine Macaulay,32,1790,1,1,"Dublin : printed for H. Chamberlaine and Rice, L. White, W. Mc. Kenzie, J. Moore, Grueber and Mc. Allister, [and 2 others in Dublin], 1790.",Dublin,336,female,1731,1791,True
0716101700_000002,"The rational dame: or, hints towards supplying prattle for children.",Ellenor Fenn,35,1795,1,1,"Dublin : printed by N. Kelly, for T. Jackson, 23, Parliament-Street, 1795.",Dublin,84,female,1743,1813,False
0451300300_000024,"Sacred dramas: chiefly intended for young persons. The Subjects taken from the Bible. To which is added, sensibility, a poem.",Hannah More,25,1793,1,1,"London : printed for T. Cadell, in the Strand, 1793.",London,298,female,1745,1833,True
1076800500_000001,"The parent's assistant; or, stories for children. Part I. Containing, The Little Dog Trusty; OR, The Liar And Boy Of Truth. The Orange Man; OR, The Honest Boy And The Thief. Tarlton. Lazy Lawrence. The False Key: and Barring-Out. To which is prefixed, an address to parents.",Maria Edgeworth,33,1796,1,1,"London : printed for J. Johnson, In ST. Paul's Church-Yard, 1796.",London,242,female,1767,1849,True
0403500100_000024,An estimate of the religion of the fashionable world. By one of the laity.,Hannah More,46,1791,1,1,"London : printed for T. Cadell, in the Strand, M.DCC.XCI. [1791].",London,269,female,1745,1833,True
0325100102_000023,"Letters on the improvement of the mind, addressed to a young lady. In two volumes. By Mrs. Chapone. ...",Hester Chapone,36,1778,2,2,"London : printed for J. Walter, at Homer's Head, Charing Cross; and E. and C. Dilly, in the Poultry, MDCCLXXVIII. [1778].",London,231,female,1727,1801,True
0431500202_000001,"The world unmask'd: or, the Philosopher the greatest Cheat; in twenty-four dialogues. To which is added, The state of souls separated from their Bodies; Being an Epistolary Treatise, wherein is proved, by a Variety of Arguments, deduced from Holy Scripture, that the Punishments of the Wicked will not be Eternal; and all Objections against it solved. To which is prefix'd, A Large Introduction, evincing the same Truth from the Principles of Natural Religion. Translated from the French.",Marie Huber,34,1743,2,2,"London : printed for A. Millar, opposite to Katharine-Street in the Strand, M.DCC.XLIII. [1743].",London,300,female,1695,1753,False
0264100301_000148,"The works of Mrs. Catharine Cockburn, ... Several of them now first printed. Revised and published, with an account of the life of the author, by Thomas Birch, ... In two volumes. ...",Catharine Trotter,40,1751,1,2,"London : printed for J. and P. Knapton, 1751.",London,512,female,1679,1749,False
0187100100_000002,"An essay on the writings and genius of Shakespear, compared with the Greek and French dramatic poets. With some remarks upon the misrepresentations of Mons. de Voltaire.",Elizabeth Montagu,35,1769,1,1,"London : printed for J. Dodsley, Pall-Mall; Mess. Baker and Leigh, York-Street, Covent-Garden; J. Walter, Charing-Cross; T. Cadell, in the Strand; and J. Wilkie, No 71. St. Paul's Church-Yard, M.DCC.LXIX. [1769].",London,278,female,1720,1800,False
0137000100_000002,"An essay on the writings and genius of Shakespear, compared with the Greek and French dramatic poets. With some remarks upon the misrepresentations of Mons. de Voltaire.",Elizabeth Montagu,35,1770,1,1,"London : printed by J. and H. Hughs, near Lincoln's-Inn-Fields: and sold by J. Dodsley, Pall-Mall; Mess. Baker and Leigh, York-Street, Covent-Garden; T. Becket, and T. Cadell, in the Strand; J. Walter, Charing-Cross; H. Denoyer, Lisle-Street; and J. Wilkie, No 71. St. Paul's Church-Yard, M.DCC.LXX. [1770].",London,277,female,1720,1800,False
0191300102_000006,"Letters from the Duchess de Crui and others, on subjects moral and entertaining, wherein the character of the female sex, with their rank, importance, and consequence, is stated, and their relative duties in life are enforced. By a lady. ...",Mary Walker,39,1776,2,5,"London : printed for Robson, New Bond-Street; Walter, Charing-Cross; and Robinson, Pater-Noster Row, MDCCLXXVI. [1776].",London,243,female,1736,,False
0524300101_000051,"A series of genuine letters between Henry and Frances. The Third edition, revised, corrected, enlarged, and improved, by the authors. ...",Elizabeth Griffith,37,1767,1,2,"London : printed, for W. Johnston, in Ludgate-Street, MDCCLXVII. [1767].",London,318,female,1720,1793,True
0343200201_000002,"Religion considered as the only basis of happiness and of true philosophy. A work written for the instruction of the children of his most serene highness the Duke of Orleans; ... By Madame the Marchioness of Sillery, ... In two volumes.",Stéphanie Félicité du Crest de Saint-Aubin,50,1787,1,2,"Dublin : printed by William Porter, for H. Chamberlaine, White, Byrne, Colbert, W. Porter, and Moore, 1787.",Dublin,160,female,1746,1830,True
0264100301_000050,"The works of Mrs. Catharine Cockburn, ... Several of them now first printed. Revised and published, with an account of the life of the author, by Thomas Birch, ... In two volumes. ...",Catharine Trotter,44,1751,1,2,"London : printed for J. and P. Knapton, 1751.",London,512,female,1679,1749,False
0008400300_000342,"The ladies history of England; from the descent of Julius Cæsar, to the summer of 1780. Calculated for the use of the ladies of Great-Britain and Ireland; and likewise adapted to general use, entertainment, and instruction. By Charlotte Cowley.","Cowley, Charlotte",27,1780,1,1,"London : printed for the proprietors; and sold by S. Bladon, No. 13, in Pater-Noster-Row, MDCCLXXX. [1780][-81].",London,774,female,,,False
0381300300_000034,"Poems and essays, by the late Miss Bowdler.",Jane Bowdler,52,1793,1,1,"Bath : printed by R. Cruttwell; and sold by C. Dilly, Poultry, J. Robson and T. Hookham, New Bond-Street, London; and N. R. Cheyne, Edinburgh, MDCCXCIII. [1793].",Bath,285,female,1743,1784,False
0272200301_000015,"The contrast; or, an antidote against the pernicious principles disseminated in the letters of the late Earl of Chesterfield; Being The Correspondence of an eminent Person, deceased, with the Editor, during a Course of Years. To which are added anniversary addresses from a father to his son. By the Rev. Sir Adam Gordon, Bart. M. A. Rector of Hinxworth, Herts.","Berkeley, Ann",39,1791,1,2,"London : printed for John Stockdale, Piccadilly, 1791.",London,272,female,,,False
0171500100_000044,"Anecdotes of the late Samuel Johnson, LL.D. during the last twenty years of his life. By Hesther Lynch Piozzi.",Hester Thrale,29,1786,1,1,"London : printed for T. Cadell in the Strand, MDCCLXXXVI. [1786].",London,314,female,1741,1821,True
1657900103_000038,The female spectator. By Mrs. Eliza Haywood. In four volumes.,Eliza Haywood,30,1775,3,4,"Glasgow : Printed and sold by R. Chapman and A. Duncan, MDCCLXXV. [1775].",Glasgow,324,female,1693,1756,True
0277400700_000044,"Anecdotes of the late Samuel Johnson, LL.D. during the last twenty years of his life. By Hesther Lynch Piozzi.",Hester Thrale,29,1786,1,1,"London : printed for T. Cadell in the Strand, MDCCLXXXVI. [1786].",London,314,female,1741,1821,True
0429900202_000078,"The female Quixote; or, the adventures of Arabella. In two volumes. ...",Charlotte Lennox,35,1752,2,2,"London : printed for A. Millar, over-against Catharine-Street in the Strand, M.DCC.LII. [1752].",London,319,female,1729,1804,True
1224701201_000019,"Letters of a Peruvian princess: with the sequel. Translated from the French of Madame de Grafigny, by Francis Ashworth, Esq. In two volumes.",Françoise de Graffigny,34,1782,1,2,"London : printed for Harrison and Co. No. 18, Paternoster-Row, MDCCLXXXII. [1782].",London,52,female,1695,1758,False
1445101800_000003,"An essay on the education and genius of the female sex. To which is added, an account, of the commencement of the Young-Ladies' Academy of Philadelphia, held the 18th of December, 1794; under the direction of Mr. John Poor, A.M. principal. By J.A. Neal. [Four lines from Young].",Young Ladies' Academy of Philadelphia,31,1795,1,1,"Philadelphia : Printed by Jacob Johnson & Co. No. 147, Market Street, --1795.",Philadelphia,43,female,,,False
0631600600_000024,An estimate of the religion of the fashionable world. By Hannah More.,Hannah More,44,1793,1,1,"London : printed for T. Cadel, in the Strand, 1793.",London,269,female,1745,1833,True
0373400402_000094,"Secret histories, novels, and poems. In four volumes. Written by Mrs. Eliza Haywood. ...",Eliza Haywood,26,1732,2,4,"London : printed [by Samuel Richardson, Henry Woodfall and another printer] for A. Bettesworth, and C. Hitch, in Pater-Noster-Row; D. Browne, without Temple-Bar; T. Astley, in St. Paul's Church-Yard; and T. Green, at Charing-Cross, M.DCC.XXXII. [1732].",London,290,female,1693,1756,True
0557900900_000039,"Memoirs of an unfortunate queen. Interspersed with letters (written by herself) to several of her illustrious relations and friends, on various subjects and occasions.","Caroline Mathilde, Queen consort of Christian VII, King of Denmark",35,1776,1,1,"London : printed for J. Bew, in Pater-Noster-Row, 1776.",London,265,female,1751,1775,False
0586000501_000033,Strictures on the modern system of female education. ... By Hannah More. In two volumes. ...,Hannah More,41,1799,1,2,"London : printed for T. Cadell. jun. and W. Davies, 1799.",London,310,female,1745,1833,True
0927600700_000001,Thoughts on female education: with advice to young ladies. By Sarah Howard. Addressed to her pupils.,"Howard, Sarah",37,1783,1,1,"London : printed for J. Mathews, Numb. 18, Strand; Whitewood, and Breadhower, Portsmouth; and Harding, at Gosport, M.DCC.LXXXIII. [1783].",London,104,female,,,False
0357300803_000035,"Lessons of a governess to her pupils: or, journal of the method adopted by Madame de Sillery-Brulart (formerly Countess de Genlis) in the education of the children of M. D'Orleans First Prince of the Blood-Royal. Published by herself. Translated from the French.",Stéphanie Félicité du Crest de Saint-Aubin,35,1792,3,3,"London : printed for G.G.J. and J. Robinson, Paternoster-Row, M.DCC.XCII. [1792].",London,313,female,1746,1830,True
1607600700_000035,"La bruyere the less or, Characters and manners of the children of the present age. Written for the use of children of twelve or thirteen years of age; with the exception of the ten last chapters, which apply to persons of more advanced years. Translated from the French of Madame De Genlis.",Stéphanie Félicité du Crest de Saint-Aubin,35,1800,1,1,"London : Printed by A. Strahan, Printers Street, for T.N. Longman and O. Ress, Paternoster-Row, 1800.",London,288,female,1746,1830,True
0020301001_000003,"The adventures of David Simple: containing an account of his travels through the cities of London and Westminster, in the search of a real friend. By a lady. In two volumes. ...",Sarah Fielding,37,1744,1,5,"London : printed for A. Millar, opposite Katharine-Street, in the Strand, M.DCC.XLIV. [1744].",London,300,female,1710,1768,True
0659502400_000003,"The young w[o]man's companion; or the servant-maid's assistant; digested under the several heads hereinafter mentioned, Viz. I. A short Essay on the Benefits of Learning, &c. by way of Introduction. II. The Young Womans's Guide to the Knowledge of her Mother-Tongue. III. A compendious English Spelling Dictionary, peculiarly calculated for the present Undertaking. IV. An easy Introduction to the Art of Writing; with Rules of Life. V. Familar Letters on various Subjects. VI. The Young Woman's Guide to the Art of Numbers; with a great Variety of useful Tables. Vii. The compleat Market Woman; with proper Instructions to prevent the Purchaser from being imposed upon. Viii. The compleat Cook-Maid, Pastry-Cook, and Confectioner. IX. Advice to Sevants in general, with Respect to their Duty towards God, their Employers, and themselves, with additional Prayers and Hymns. And Lastly A compleat Table of the Contents. The whole compiled by Mary Johnson, For many Years a Superintendant of a Lady of Quality's Family in the City of York.","Johnson, Mary",46,1753,1,1,"London : printed for H. Jeffery, in Mercer's Chapel, Cheapside, MDCCLIII. [1753].",London,227,female,,,False
1042800201_000001,"Familiar letters between the principal characters in David Simple, and some others. To which is added, A vision. By the author of David Simple. In two volumes. ...",Sarah Fielding,40,1747,1,2,"Dublin : printed for E. and J. Exshaw, 1747.",Dublin,154,female,1710,1768,True
0164002401_000033,The cry: a new dramatic fable. In two volumes. ...,Jane Collier,36,1754,1,2,"Dublin : printed by George Faulkner, 1754.",Dublin,306,female,1714,1754,True
0961700200_000001,The mother's grammar. Being a continuation of the child's grammar. With lessons for parsing. And a few already done as examples.,Ellenor Fenn,38,1800,1,1,"London : printed and sold by John Marshall. NO. 4, Aldermary Church-Yard, Bow-Lane, Cheapside, [1800?].",London,95,female,1743,1813,False
0341300500_000010,Poems on several occasions. With Anne Boleyn to King Henry Viii. An epistle.,Elizabeth Tollet,37,1724,1,1,"London : printed for John Clarke at the Bible under the Royal-Exchange, M.DCC.XXIV. [1724].",London,83,female,1694,1754,False
0115801101_000002,"The female mentor: or, select conversations. In two volumes. ...",Justa Grata Honoria,30,1793,1,2,"London : printed for T. Cadell, in the Strand, 1793.",London,247,female,417,455,False
0127900700_000001,"Original stories, from real life; with conversations, calculated to regulate the affections, and form the mind to truth and goodness.",Mary Wollstonecraft,33,1788,1,1,"London : printed for J. Johnson, No. 72, St. Paul's Church-Yard, N.DCC.LXXXVIII. [1788].",London,188,female,1759,1797,True
1069800103_000003,The history of Emily Montague. By the author of Lady Julia Mandeville. ...,Frances Brooke,29,1777,3,4,"London : printed for J. Dodsley, in Pall-Mall, M.DCC.LXXVII. [1777].",London,224,female,1724,1789,True
1168400204_000009,The female Spectator. ...,Eliza Haywood,37,1750,4,4,"London : printed and published by T. Gardner, 1750.",London,323,female,1693,1756,True
0442700500_000018,"A description of Millenium Hall, and the country adjacent: together with the character of the inhabitants, and such historical anecdotes and reflections, as may excite in the reader proper sentiments of humanity, and lead the mind to the love of virtue. By a gentleman on his travels.",Sarah Scott,30,1767,1,1,"London : printed for J. Newbery, at the Bible and Sun in St. Paul's Church-Yard, 1767.",London,265,female,1720,1795,True
1118600503_000003,The history of Emily Montague. By the author of Lady Julia Mandeville. ...,Frances Brooke,29,1784,3,4,"London : printed for J. Dodsley, in Pall-Mall, M.DCC.LXXXIV. [1784].",London,224,female,1724,1789,True
0459700102_000003,"Advice from a lady of quality to her children; in the last stage of a lingering illness. Translated from the French by S. Glasse, D. D. F. R. S. Chaplain in Ordinary to his Majesty. ...",Lady of quality,38,1794,2,2,"Glocester : printed by R. Raikes. For R. Faulder, New-Bond-Street, London, M.DCC.XCIV. [1794].",Gloucester,212,female,,,False
0187100100_000003,"An essay on the writings and genius of Shakespear, compared with the Greek and French dramatic poets. With some remarks upon the misrepresentations of Mons. de Voltaire.",Elizabeth Montagu,39,1769,1,1,"London : printed for J. Dodsley, Pall-Mall; Mess. Baker and Leigh, York-Street, Covent-Garden; J. Walter, Charing-Cross; T. Cadell, in the Strand; and J. Wilkie, No 71. St. Paul's Church-Yard, M.DCC.LXIX. [1769].",London,278,female,1720,1800,False
0552100904_000022,Posthumous works of the author of A vindication of the rights of woman. In four volumes. ...,Mary Wollstonecraft,36,1798,4,4,"London : printed for J. Johnson, No. 72, St. Paul's Church-Yard; and G.G. and J. Robinson, Paternoster-Row, 1798.",London,188,female,1759,1797,True
0159100304_000010,The Female spectator.,Eliza Haywood,30,1745,4,4,"London [England] : printed and published by T. Gardner, at Cowley's Head, opposite St. Clement's Church, in the Strand, MDCCXLV. [i.e. 1745-1746].",London,397,female,1693,1755,True
0343200202_000012,"Religion considered as the only basis of happiness and of true philosophy. A work written for the instruction of the children of his most serene highness the Duke of Orleans; ... By Madame the Marchioness of Sillery, ... In two volumes.",Stéphanie Félicité du Crest de Saint-Aubin,37,1787,2,2,"Dublin : printed by William Porter, for H. Chamberlaine, White, Byrne, Colbert, W. Porter, and Moore, 1787.",Dublin,151,female,1746,1830,True
0414500302_000001,Strictures on the modern system of female education. With a view of the principles and conduct prevalent among women of rank and fortune. By Hannah More. In two volumes. ...,Hannah More,42,1799,2,2,"London : printed for T. Cadell Jun. and W. Davies in the Strand, 1799.",London,334,female,1745,1833,True
0158202600_000009,Appeal to the men of Great Britain in behalf of women.,Mary Hays,30,1798,1,1,"[London] : Printed for J. Johnson; and J. Bell, 1798.",London,305,female,1759,1843,True
0389702200_000036,Letters concerning the religion essential to man: as it is distinct from what is merely an accession to it. In two parts. Translated from the French.,Marie Huber,28,1761,1,1,"Glasgow : printed for Robert Urie, MDCCLXI. [1761].",Glasgow,250,female,1695,1753,False
0351900700_000025,"Letters for literary ladies. To which is added, an essay on the noble science of self-justification. The second edition, corrected and much enlarged. By Maria Edgeworth, author of practical education, and the parents' assistant.",Maria Edgeworth,25,1799,1,1,"London : printed for J. Johnson, in St. Paul's Church-Yard, 1799.",London,243,female,1767,1849,True
1084200300_000031,"Instructions for a young lady, in every sphere and period of life. Containing, I. A mother's advice to her daughters. II. Two letters to a Lady upon the subject of religion, by a Clergyman. III. A Letter to a Young Lady on her Marriage. IV. A Letter on Temper. V. On Oeconomy. VI. On Politeness. Vii. An Epistle upon the Cultivation of Taste. Viii. Fables for the female sex. Compiled by a lady.",Sarah Pennington,32,1777,1,1,"London : printed for John Donaldson, the Corner of Arundel Street, No 188. in the Strand, M.DCC.LXXVII. [1777].",London,293,female,1720,1783,True
0050800300_000031,"A treatise on the influence of the passions, upon the happiness of individuals and of nations. Illustrated by striking references to the Principal Events and Characters that have Distinguished the French Revolution. From the French of the Baroness Stael de Holstein. To which is prefixed a sketch of her life, by the translator.",Germaine de Staël,28,1798,1,1,"London : printed and published by George Cawthorn, British Library, No. 132, Strand; sold also by W. J. & J. Richardson, Royal-Exchange; and J. Wright, Piccadilly, 1798.",London,355,female,1766,1817,False
0951200301_000006,"The progress of romance, through times, countries, and manners; with Remarks on the Good and Bad Effects of it, on them Respectively; in a course of evening conversations. By C. R. author of the English Baron, the Two mentors, &c. In two volumes. ...",Clara Reeve,29,1785,1,2,"Dublin : printed for Messrs. Price, Exshaw, White, Cash Colbert, Marchbank and Porter, M,DCC,LXXXV. [1785].",Dublin,163,female,1729,1807,True
0343200101_000050,"Religion considered as the only basis of happiness, and of true philosophy. A work written for the instruction of the children of his Most Serene Highness the Duke of Orleans; And in which the Principles of modern pretended Philosophers are laid open and refuted. By Madame the Marchioness of Sillery, heretofore countess of genlis. In two volumes. ...",Stéphanie Félicité du Crest de Saint-Aubin,30,1787,1,2,"London : printed for T. Payne and Son, at the Mews Gate; T. Cadell, and P. Elmsly, in the Strand, M.DCC.LXXXVII. [1787].",London,312,female,1746,1830,True
0586000502_000004,Strictures on the modern system of female education. ... By Hannah More. In two volumes. ...,Hannah More,24,1799,2,2,"London : printed for T. Cadell. jun. and W. Davies, 1799.",London,334,female,1745,1833,True
1700500400_000034,"The works of Mrs. Chapone, adressed to a young lady.",Hester Chapone,38,1793,1,1,"London : Printed for J. Warlters, MDCCXCIII. [1793].",London,312,female,1727,1801,True
0181300400_000080,"A sketch of modern France. In a series of letters to a lady of fashion. Written in the years 1796 and 1797, during a tour through France. By a lady. Edited by C. L. Moody, LL.D. F.A.S.",Lady,24,1798,1,1,"London : printed for T. Cadell jun. and W. Davies in the Strand, 1798.",London,526,female,,,False
0168800401_000012,"A tour in Switzerland; or, a view of the present state of the governments and manners of those cantons: with comparative sketches of the present state of Paris. By Helen Maria Williams. ...",Helen Maria Williams,24,1798,1,2,"London : printed for G. G. and J. Robinson, Paternoster-Row, M,DCC,XCVIII. [1798].",London,373,female,1762,1827,True
0035201100_000004,"Letters and essays, moral, and miscellaneous. By Mary Hays.",Mary Hays,32,1793,1,1,"London : printed for T. Knott, No. 47, Lombard-Street, MDCCXCIII. [1793].",London,271,female,1759,1843,True
0137000200_000043,"An essay on the writings and genius of Shakespear, compared with the Greek and French dramatic poets. With some remarks upon the misrepresentations of Mons. de Voltaire.",Elizabeth Montagu,24,1772,1,1,"London : printed by H. Hughs, near Lincoln's-Inn-Fields; for Edward and Charles Dilly, in the Poultry, M.DCC.LXXII. [1772].",London,277,female,1720,1800,False
0325100200_000034,"Letters on the improvement of the mind, addressed to a young lady. By Mrs. Chapone.",Hester Chapone,32,1793,1,1,"Edinburgh : printed for Silvester Doig, Royal-Echange, MDCCXCIII. [1793] [1794?].",Edinburgh,215,female,1727,1801,True
0144100201_000092,The history of England from the accession of Iames I to the elevation of the House of Hanover. By Catharine Macaulay. Edit. III. ...,Catharine Macaulay,25,1769,1,5,"London : printed for Edward and Charles Dilly in the Poultry, MDCCLXIX. [1769]-72.",London,446,female,1731,1791,True
0374802100_000028,An abridgement of the sacred history: being an easy introduction to the reading of the Holy Bible.,"Mayne, Lady",32,1770,1,1,"London : printed for R. Main, in Hambleton-Street, near Hyde-Park Corner. Also sold by G. Pearch (no. 12.) Cheap-Side, and the Booksellers in Town and Country, MDCCLXX. [1770].",London,142,female,,,False
0180500700_000050,"The antidote; or an enquiry into the merits of a book, entitled A journey into Siberia, made in MDCCLXI in Obedience to an Order of the French King, and published, with Approbation, by the Abbé Chappe D'Auteroche, of the Royal Academy of Sciences: In which many essential Errors and Misrepresentations are pointed out and confuted; and many interesting Anecdotes added, for the better Elucidation of the several Matters necessarily discussed: By a lover of truth. Translated into English by a Lady, and Dedicated, with Permission, to her Imperial Majesty the Czarina.",Catherine II of Russia,29,1772,1,1,"London : printed for S. Leacroft, Opposite Spring-Garden, Charing-Cross, MDCCLXXII. [1772].",London,206,female,1729,1796,False
0898600200_000006,A series of plays: in which it is attempted to delineate the stronger passions of the mind. Each passion being the subject of a tragedy and a comedy.,Joanna Baillie,34,1799,1,1,"London : printed for T. Cadell, jun. and W. Davies, in the Strand, 1799.",London,412,female,1762,1851,False
0663901800_000026,"Miscellaneous pieces, in prose, by J. and A. L. Aikin.",Anna Laetitia Barbauld,29,1773,1,1,"London : printed for J. Johnson, in St. Paul's Church-Yard, MDCCLXXIII. [1773].",London,224,female,1743,1825,True
0273100302_000030,"Mental improvement: or the beauties and wonders of nature and art, Conveyed in a Series of Instructive Conversations. By Priscilla Wakefield, Author of Leisure Hours. ...",Priscilla Wakefield,44,1794,2,2,"London : printed and sold by Darton and Harvey, No. 55, Gracechurch-Street, M.DCC.XCIV. [1794].",London,200,female,1751,1832,False
0271400200_000001,Letters on education. With observations on religious and metaphysical subjects. By Catharine Macaulay Graham.,Catharine Macaulay,39,1790,1,1,"London : printed for C. Dilly, in the Poultry, MDCCXC. [1790].",London,525,female,1731,1791,True
1522100400_000026,"The breathings of genius. Being a collection of poems; to which are added, essays, moral and philosophical. By Elizabeth Gilding, Woolwich, Kent.","Gilding, Elizabeth",39,1776,1,1,"London : Printed by W. Faden, and sold by J. Wilkie, No. 62, St. Paul's Church-yard; J. Walter, at Charing-cross; and W. Domville, under the Royal Exchange, MDCCLXXVI. [1776].",London,160,female,,,False
0032700401_000003,"Translation of the letters of a Hindoo Rajah; written previous to, and during the period of his residence in England. To which is prefixed a preliminary dissertation on the history, religion, and manners, of the Hindoos. In two volumes. By Eliza Hamilton, ...",Elizabeth Hamilton,32,1796,1,2,"London : printed for G.G. and J. Robinson, No. 25, Paternoster Row, 1796.",London,341,female,1758,1816,False
0206700103_000044,The female Spectator. |...,Eliza Haywood,33,1748,3,4,"London : printed and published by T. Gardner, at Cowley's-Head, opposite St. Clement's Church in the Stárand, M,DCC,XLVIII. [1748].",London,334,female,1693,1756,True
1494400400_000044,"An essay on the writings and genius of Shakespear, compared with the Greek and French dramatic poets. With some remarks upon the misrepresentations of Mons. de Voltaire. The fourth edition. To which are now first added, three dialogues of the dead. By Mrs. Montagu.",Elizabeth Montagu,28,1777,1,1,"London : Printed for Edward and Charles Dilly, M.DCC.LXXVII. [1777].",London,320,female,1720,1800,False
1436700900_000012,"Letters on the improvement of the mind, addressed to a young lady. By Mrs. Chapone.",Hester Chapone,34,1778,1,1,"London : Printed for J. Walter, at Homer's Head, Charing Cross; and E. and C. Dilly, in the Poultry, MDCCLXXVIII. [1778].",London,247,female,1727,1801,True
1073100101_000026,"Letters from the Duchess de Crui and others, on subjects moral and entertaining, wherein the character of the female sex, with their rank, importance, and consequence, is stated, and their relative duties in life are enforced. By Lady Mary Walker. ...",Mary Walker,32,1777,1,5,"London : printed for Robson, New Bond-Street; Walter, Charing-Cross; and Robinson, Pater-Noster-Row, MDCCLXXVII. [1777].",London,229,female,1736,,False
0343200201_000039,"Religion considered as the only basis of happiness and of true philosophy. A work written for the instruction of the children of his most serene highness the Duke of Orleans; ... By Madame the Marchioness of Sillery, ... In two volumes.",Stéphanie Félicité du Crest de Saint-Aubin,39,1787,1,2,"Dublin : printed by William Porter, for H. Chamberlaine, White, Byrne, Colbert, W. Porter, and Moore, 1787.",Dublin,160,female,1746,1830,True
0777000500_000116,"The experienced English housekeeper, for the use and ease of ladies, housekeepers, cooks, &c. Wrote purely from practice, And dedicated to the Hon. Lady Elizabeth Warburton, Whom the Author lately served as Housekeeper: consisting of near nine hundred original receipts, most of which never appeared in Print. Part I. Lemon Pickle, Browning for all Sorts of Made Dishes, Soups, Fish, Plain Meat, Game, Made Dishes both hot and cold, Pyes, Puddings, &c. Part II. All Kinds of Confecrionary, particularly the Gold and Silver Web for covering of Sweetmeats, and a Desert of Spun Sugar, with Directions to set out a Table in the most elegant Manner and in the modern Taste, Floating Islands, Fish-Ponds, Transparent Puddings, Trifles, Whips, &c. Part III. Pickling, Potting, and Collaring, Wines, Vinegars, Catchups, Distilling, with two most valuable Receipts, one for refining Malt Liquors, the other for curing Acid Wines, and a correct List of every Thing in Season for every Month in the Year. The fourth edition. With three copper plates of a curious new-invented Fire Stove, wherein any common Fuel may be burnt instead of Charcoal, and Two Plans of a Grand Table of Two Covers. By Elizabeth Raffald.",Elizabeth Raffald,32,1775,1,1,"London : printed for the author, and sold by R. Baldwin, No. 47, in Pater-Noster-Row, 1775.",London,450,female,1733,1781,False
0038701400_000019,Reflections on the present condition of the female sex; with suggestions for its improvement. By Priscilla Wakefield.,Priscilla Wakefield,36,1798,1,1,"London : printed for J. Johnson, in St. Paul's Church-Yard; and Darton and Harvey, in Gracechurch Street, 1798.",London,203,female,1751,1832,False
0403500100_000015,An estimate of the religion of the fashionable world. By one of the laity.,Hannah More,31,1791,1,1,"London : printed for T. Cadell, in the Strand, M.DCC.XCI. [1791].",London,269,female,1745,1833,True
0013100201_000002,Memoirs of Emma Courtney. By Mary Hays. In two volumes. ...,Mary Hays,33,1796,1,2,"London : printed for G. G. and J. Robinson, Paternoster-Row, 1796.",London,193,female,1759,1843,True
0613000400_000021,A treatise on the immutability of moral truth. By Catharine Macaulay Graham.,Catharine Macaulay,50,1783,1,1,"London : printed by A. Hamilton, jun. And sold by C. Dilly, Poultry ; G. Robinson, Paternoster Row ; T. Cadell, Strand ; T. Lewis, Covent-Garden ; J. Walter, Charing-Cross ; and R. Faulder, New Bond-Street, MDCCLXXXIII. [1783].",London,341,female,1731,1791,True
0249100301_000002,"The life of Petrarch. Collected from Memoires pour la vie de Petrarch, in two volumes. ...","Dobson, Mrs. (Susannah)",34,1775,1,2,"London : printed for James Buckland, Pater-Noster Row, MDCCLXXV. [1775].",London,573,female,,,False
0524300101_000055,"A series of genuine letters between Henry and Frances. The Third edition, revised, corrected, enlarged, and improved, by the authors. ...",Elizabeth Griffith,29,1767,1,2,"London : printed, for W. Johnston, in Ludgate-Street, MDCCLXVII. [1767].",London,318,female,1720,1793,True
0032100900_000011,"Maxims, characters, and reflections, critical, satyrical, and moral.",Frances Greville,33,1756,1,1,"London : printed for J. and R. Tonson in the Strand, MDCCLVI. [1756].",London,284,female,1730,1789,False
1542900200_000022,"Essays on various subjects, principally defigned for young ladies.",Hannah More,26,1785,1,1,"London : Printed for T. Cadell, in the Strand, M.DCC.LXXXV. [1785].",London,221,female,1745,1833,True
0729700900_000012,"Woman not inferior to man: or, a short and modest vindication of the natural right of the fair-sex to a perfect equality of power, dignity, and esteem, with the men. By Sophia, a person of quality.","Sophia, Person of Quality",36,1740,1,1,"London : printed for John Hawkins, at the Falcon in St Paul's Church-Yard, MDCCXL. [1740].",London,67,female,,,False
0404500600_000028,"The secret history of Queen Zarah, and the Zarazians. Wherein the amours, intrigues, and gallantries of the court of Albigion (during her Reign) are pleasantly expos'd; and as surprizing a Scene of Love and Politicks, represented, as perhaps this, or any other Age or Country, has hitherto produc'd. Suppos'd to be translated from the Italian copy, now lodg'd in the Vatican at Rome, by the late ingenious Mrs. Manley: and design'd as looking-glass for an illustrious lady.",Mary de La Rivière Manley,36,1743,1,1,"London : printed for J. Huggonson, in Sword and Buckler-Court, opposite to the Crown-Tavern upon Ludgate-Hill, MDCCXLIII. [1743].",London,101,female,1663,1724,True
1240500300_000042,"The works of Mrs. Chapone, containing letters on the improvement of the mind, addressed to a young lady: and Miscellanies in prose and verse. In two volumes. ...",Hester Chapone,35,1786,1,1,"Dublin : printed by Brett Smith, for W. Colles, No. 17, Dame-Street, MDCCLXXXVI. [1786].",Dublin,255,female,1727,1801,True
0431500202_000036,"The world unmask'd: or, the Philosopher the greatest Cheat; in twenty-four dialogues. To which is added, The state of souls separated from their Bodies; Being an Epistolary Treatise, wherein is proved, by a Variety of Arguments, deduced from Holy Scripture, that the Punishments of the Wicked will not be Eternal; and all Objections against it solved. To which is prefix'd, A Large Introduction, evincing the same Truth from the Principles of Natural Religion. Translated from the French.",Marie Huber,37,1743,2,2,"London : printed for A. Millar, opposite to Katharine-Street in the Strand, M.DCC.XLIII. [1743].",London,300,female,1695,1753,False
0617501500_000095,Letters on education. With observations on religious and metaphysical subjects. By Catherine Macaulay Graham.,Catharine Macaulay,38,1790,1,1,"Dublin : printed for H. Chamberlaine and Rice, L. White, W. Mc. Kenzie, J. Moore, Grueber and Mc. Allister, [and 2 others in Dublin], 1790.",Dublin,336,female,1731,1791,True
0617501500_000035,Letters on education. With observations on religious and metaphysical subjects. By Catherine Macaulay Graham.,Catharine Macaulay,35,1790,1,1,"Dublin : printed for H. Chamberlaine and Rice, L. White, W. Mc. Kenzie, J. Moore, Grueber and Mc. Allister, [and 2 others in Dublin], 1790.",Dublin,336,female,1731,1791,True
1300200802_000018,"Letters of the Right Honourable Lady Mary Wortley Montague. Written during her travels in Europe, Asia and Africa, to persons of distinction, men of letters, etc. in different parts of Europe. Which contain, among other curious relations, accounts of the policy and manners of the Turks, drawn from sources that have been inaccessible to other travellers.",Lady Mary Wortley Montagu,30,1797,2,2,"Vienna : printed for R. Sammer, bookseller, M.DCC.XCVII. [1797].",Vienna,281,female,1689,1762,True
0420902800_000006,"Rudiments of taste. In a series of letters, from a mother to her daughters. By the author of The life of Jacob.","Peddle, , Mrs",38,1789,1,1,"[London] : Printed for C. Dilly, in the Poultry, 1789.",London,172,female,,,False
0532201600_000013,Remarks on Mr. Gilbert Wakefield's Enquiry into the expediency and propriety of public or social worship.,Anna Laetitia Barbauld,30,1792,1,1,"London : printed for J. Johnson, No. 72, St. Paul's Church-Yard, 1792.",London,78,female,1743,1825,True
1445101800_000006,"An essay on the education and genius of the female sex. To which is added, an account, of the commencement of the Young-Ladies' Academy of Philadelphia, held the 18th of December, 1794; under the direction of Mr. John Poor, A.M. principal. By J.A. Neal. [Four lines from Young].",Young Ladies' Academy of Philadelphia,28,1795,1,1,"Philadelphia : Printed by Jacob Johnson & Co. No. 147, Market Street, --1795.",Philadelphia,43,female,,,False
0271300600_000005,"A packet for youth, or evidences of Christianity drawn from the mind. By a lady.","M. P., Lady",42,1799,1,1,"Hanley : printed and sold by Mort; also by Knott, Lombard Street, Chapman, Fleet Street, Heptinstall, Holborn, London, ---- Chester, Newcastle, ---- Jones, Birmingham, ---- Pritchard, Derby, ---- Smith, Sheffield, Boden, Manchester ; and may be had of all Booksellers, [1799].",Hanley,122,female,,,False
0579101000_000027,"The little emigrant, a tale. Interspersed with moral anecdotes and instructive conversations. Designed for the perusal of youth. By the author of The adventures of the six princesses of Babylon, Visit for a week, Juvenile magazine, &c &c.","Peacock, Lucy",36,1799,1,1,"London : printed by S. Low, Berwick Street, Soho; for the author, at the Juvenile Library, NO. 259, Oxford Street; and sold by Messrs. Carpenter, Old Bond Street; C. Law, Ave-Maria Lane; and E. Newbery, the Corner of St. Paul's Church Yard, 1799.",London,210,female,,,False
0691101400_000005,An address to the opposers of the repeal of the Corporation and Test Acts.,Anna Laetitia Barbauld,32,1790,1,1,"London : printed for J. Johnson, No 72, St. Paul's Church-Yard, MDCCXC. [1790].",London,44,female,1743,1825,True
0670002100_000044,"Letters on the improvement of the mind, addressed to a young lady. By Mrs. Chapone.",Hester Chapone,34,1787,1,1,"London : printed for J. Walter, Charing-Cross ; and C. Dilly, in the Poultry, M.DCC.LXXXVII. [1787].",London,244,female,1727,1801,True
0936800203_000037,"Adelaide and Theodore; or, letters on education: containing all the principles relative to three different plans of education; to that of princes, and to those of young persons of both sexes. Translated from the French of Madame la Comtesse de Genlis.",Stéphanie Félicité du Crest de Saint-Aubin,34,1796,3,3,"London : printed for T. Cadell, jun. and W. Davies, (successors to Mr. Cadell) in the Strand, 1796.",London,273,female,1746,1830,True
0613000400_000036,A treatise on the immutability of moral truth. By Catharine Macaulay Graham.,Catharine Macaulay,44,1783,1,1,"London : printed by A. Hamilton, jun. And sold by C. Dilly, Poultry ; G. Robinson, Paternoster Row ; T. Cadell, Strand ; T. Lewis, Covent-Garden ; J. Walter, Charing-Cross ; and R. Faulder, New Bond-Street, MDCCLXXXIII. [1783].",London,341,female,1731,1791,True
0013000101_000055,Memoirs of modern philosophers. In three volumes. ...,Elizabeth Hamilton,30,1800,1,3,"Bath : printed by R. Cruttwell, for G. G. and J. Robinson, Pater-Noster-Row, London, 1800.",Bath,348,female,1758,1816,False
0616700200_000018,"A description of Millenium Hall, and the county adjacent: together with the characters of the inhabitants, and such historical anecdotes and reflections, as may excite in the reader proper sentiments of humanity, and lead the mind to the love of virtue. By a gentleman on his travels.",Sarah Scott,27,1778,1,1,"London : printed for T. Carnan, and F. Newbery, jun. at Number 65, in St. Paul's Church-Yard, MDCCLXXVIII. [1778].",London,265,female,1720,1795,True
1269100800_000035,"Letters on the improvement of the mind, addressed to a young lady. By Mrs. Chapone.",Hester Chapone,33,1786,1,1,"London : printed for J. Walter , Charing-Cross ; and C. Dilly, in the Poultry, M.DCC.LXXXVI. [1786].",London,255,female,1727,1801,True
0617501500_000082,Letters on education. With observations on religious and metaphysical subjects. By Catherine Macaulay Graham.,Catharine Macaulay,39,1790,1,1,"Dublin : printed for H. Chamberlaine and Rice, L. White, W. Mc. Kenzie, J. Moore, Grueber and Mc. Allister, [and 2 others in Dublin], 1790.",Dublin,336,female,1731,1791,True
0516700402_000033,"Translation of the letters of a Hindoo Rajah; written previous to, and during the period of his residence in England. To which is prefixed a preliminary dissertation on the History, Religion, and Manners, of the Hindoos. In two volumes. By Eliza Hamilton. ...",Elizabeth Hamilton,30,1797,2,2,"Dublin : printed for H. Colbert, No. 136, Capel-Street, 1797.",Dublin,235,female,1758,1816,False
0032700401_000014,"Translation of the letters of a Hindoo Rajah; written previous to, and during the period of his residence in England. To which is prefixed a preliminary dissertation on the history, religion, and manners, of the Hindoos. In two volumes. By Eliza Hamilton, ...",Elizabeth Hamilton,35,1796,1,2,"London : printed for G.G. and J. Robinson, No. 25, Paternoster Row, 1796.",London,341,female,1758,1816,False
1164100801_000056,Strictures on the modern system of female education. with a view of the principles and conduct prevalent among women of rank and fortune. By Hannah More. In two volumes. ...,Hannah More,26,1800,1,2,"London : printed by A. Strahan, Printers Street, for T. Cadell jun. and W. Davies, Strand, 1800.",London,359,female,1745,1833,True
1322700700_000014,Poems on several occasions.,Elizabeth Carter,28,1762,1,1,"London : Printed for John Rivington, at the Bible and Crown in St. Paul's Church-Yard, MDCCLXII. [1762].",London,111,female,1717,1806,True
0613000400_000027,A treatise on the immutability of moral truth. By Catharine Macaulay Graham.,Catharine Macaulay,53,1783,1,1,"London : printed by A. Hamilton, jun. And sold by C. Dilly, Poultry ; G. Robinson, Paternoster Row ; T. Cadell, Strand ; T. Lewis, Covent-Garden ; J. Walter, Charing-Cross ; and R. Faulder, New Bond-Street, MDCCLXXXIII. [1783].",London,341,female,1731,1791,True
0139100500_000041,"A compendious system of astronomy, in a course of familiar lectures; In which the Principles of that Science are Clearly Elucidated, so as to be Intelligible to those who have not Studied the Mathematics. Also trigonometrical and celestial problems, with a key to the ephemeris, and a vocabulary of the terms of science used in the Lectures; which latter are explained Agreeably to their Application in them. By Margaret Bryan.","Bryan, Margaret           1815",33,1797,1,1,"London : printed for the author, and sold by Leigh and Sotheby, York Street, Covent Garden; and G. Kearsley, No. 46, Fleet Street, 1797.",London,351,female,,,False
0397700400_000055,A vindication of the rights of woman: with strictures on political and moral subjects. By Mary Wollstonecraft.,Mary Wollstonecraft,35,1792,1,1,"London : printed for J. Johnson, No 72, St. Paul's Church Yard, 1792.",London,469,female,1759,1797,True
0397700400_000001,A vindication of the rights of woman: with strictures on political and moral subjects. By Mary Wollstonecraft.,Mary Wollstonecraft,36,1792,1,1,"London : printed for J. Johnson, No 72, St. Paul's Church Yard, 1792.",London,469,female,1759,1797,True
1136900100_000007,Essays addressed to young married women.,Elizabeth Griffith,27,1782,1,1,"London : printed for T. Cadell, in the Strand ; and J. Robson, in New Bond-Street, MDCCLXXXII. [1782].",London,133,female,1720,1793,True
0488700102_000001,Strictures on the modern system of female education. ... By Hannah More. In two volumes. ...,Hannah More,38,1799,2,2,"London : printed for T. Cadell Jun. and W. Davies, 1799.",London,331,female,1745,1833,True
1293400502_000023,"Letters on the improvement of the mind, addressed to a young lady. In two volumes. By Mrs. Chapone. ...",Hester Chapone,34,1783,2,2,"London : printed for J. Walter, Charing-Cross; and C. Dilly, in the Poultry, MDCCLXXXIII. [1783].",London,231,female,1727,1801,True
1240500300_000045,"The works of Mrs. Chapone, containing letters on the improvement of the mind, addressed to a young lady: and Miscellanies in prose and verse. In two volumes. ...",Hester Chapone,31,1786,1,1,"Dublin : printed by Brett Smith, for W. Colles, No. 17, Dame-Street, MDCCLXXXVI. [1786].",Dublin,255,female,1727,1801,True
0158202600_000038,Appeal to the men of Great Britain in behalf of women.,Mary Hays,34,1798,1,1,"[London] : Printed for J. Johnson; and J. Bell, 1798.",London,305,female,1759,1843,True
0102400303_000029,Sketches of the lives and writings of the ladies of France. By Ann Thicknesse. ...,Anne Ford,29,1780,3,3,"London : printed for Dodsley, in Pall-Mall, and W. Brown, in the Strand, M,DCC,LXXX. [1780]-81.",London,253,female,1737,1824,False
0389702200_000017,Letters concerning the religion essential to man: as it is distinct from what is merely an accession to it. In two parts. Translated from the French.,Marie Huber,38,1761,1,1,"Glasgow : printed for Robert Urie, MDCCLXI. [1761].",Glasgow,250,female,1695,1753,False
0325001200_000006,"Miscellanies in prose and verse, by Mrs. Chapone, Author of Letters on the Improvement of the Mind.",Hester Chapone,29,1775,1,1,"London : printed for E. and C. Dilly, in the Poultry ; and J. Walter, Charing-Cross, M.DCC.LXXV. [1775].",London,191,female,1727,1801,True
0315000601_000008,"Letters on the improvement of the mind, addressed to a young lady. In two volumes. By Mrs. Chapone. ...",Hester Chapone,37,1774,1,2,"London : printed by H. Hughs, for J. Walter. at Homer's Head, Charing-Cross, MDCCLXXIV. [1774].",London,207,female,1727,1801,True
0488700101_000024,Strictures on the modern system of female education. ... By Hannah More. In two volumes. ...,Hannah More,48,1799,1,2,"London : printed for T. Cadell Jun. and W. Davies, 1799.",London,295,female,1745,1833,True
0356700201_000054,"A series of genuine letters, between Henry and Frances. Accepit famam, nec minus illa dedit. ...",Elizabeth Griffith,28,1786,1,6,"London : printed (by assignment from E. Johnston) for J. Bew, Pater-Noster-Row, MDCCLXXXVI. [1786].",London,326,female,1720,1793,True
0299700100_000033,Some reflections upon marriage. With Additions.,Mary Astell,34,1730,1,1,"London : printed for William Parker, at the King's Head in St. Paul's Church-Yard, M.DCC.XXX. [1730].",London,190,female,1666,1731,True
0916700104_000001,Theatre of education. Translated from the French of the Countess de Genlis. In four volumes. ...,Stéphanie Félicité du Crest de Saint-Aubin,32,1783,4,4,"Dublin : printed by D. Graisberry, for Messrs. Whitestone, Walker, Moncrieffe, Beatty, Byrne, Burton and Cash, 1783.",Dublin,283,female,1746,1830,True
0451201401_000001,"Shakespear illustrated: or the novels and histories, on which the plays of Shakespear are founded, collected and translated from the original authors. With critical remarks. In two volumes. By the author of The female Quixote.",Charlotte Lennox,38,1753,1,2,"London : printed for A. Millar in the Strand, MDCCLIII. [1753].",London,303,female,1729,1804,True
0866500300_000021,"Miscellaneous pieces, in prose, by J. and A. L. Aikin.",Anna Laetitia Barbauld,29,1775,1,1,"London : printed for J. Johnson, in St. Paul's Church-Yard, MDCCLXXV. [1775].",London,221,female,1743,1825,True
0191300101_000020,"Letters from the Duchess de Crui and others, on subjects moral and entertaining, wherein the character of the female sex, with their rank, importance, and consequence, is stated, and their relative duties in life are enforced. By a lady. ...",Mary Walker,31,1776,1,5,"London : printed for Robson, New Bond-Street; Walter, Charing-Cross; and Robinson, Pater-Noster Row, MDCCLXXVI. [1776].",London,229,female,1736,,False
1525100200_000039,"Mentoria; or, The young ladies instructor: in familiar conversations, on moral and entertaining subjects. Calculated to improve young minds in the essential as well as ornamental parts of female education. By Ann Murry.","Murry, Ann",34,1799,1,1,"London : Printed for C. Dilly, in the Poultry, 1799.",London,267,female,,,False
0653000600_000002,"Florio: A tale, for fine gentlemen and fine ladies: and, the bas bleu; or conversation: two poems.",Hannah More,32,1786,1,1,"Dublin : printed for Messrs. Colles, White, Byrne, cash, Heery, M'Kenzie, and moore, 1786.",Dublin,92,female,1745,1833,True
0963801000_000005,"Poems on several occasions. By Mrs Elisabeth Rowe. To which is prefixed, an account of her life and writings.",Elizabeth Rowe,31,1778,1,1,"London : sold by E. Dudley, J. Jordin, T. Curdell, W. Stanton, R. Burdon, B. Cordaunt, H. Tomlinson, and G Bland, M,DCC,LXXVIII. [1778].",London,213,female,1674,1737,True
0865100502_000033,"La belle assemblée: or, the adventures of six days. Being a curious collection of remarkable incidents which happen'd to some of the first quality in France. Written in French ... by Madam de Gomez. Translated into English. Compleat, in two volumes. ...",Madeleine Angélique Poisson Gomez,25,1727,2,2,"London : printed for D. Browne; S. Chapman; and Weaver Bickerton, 1727.",London,196,female,1684,1770,False
0343200201_000011,"Religion considered as the only basis of happiness and of true philosophy. A work written for the instruction of the children of his most serene highness the Duke of Orleans; ... By Madame the Marchioness of Sillery, ... In two volumes.",Stéphanie Félicité du Crest de Saint-Aubin,25,1787,1,2,"Dublin : printed by William Porter, for H. Chamberlaine, White, Byrne, Colbert, W. Porter, and Moore, 1787.",Dublin,160,female,1746,1830,True
0383300103_000047,"The rival mothers, or Calumny. Translated from the French of Madame de Genlis.",Stéphanie Félicité du Crest de Saint-Aubin,26,1800,3,4,"London : printed by A. Strahan, for T.N. Longman and D. Rees, 1800.",London,381,female,1746,1830,True
0277700301_000041,"The works of Mrs. Chapone, containing letters on the improvement of the mind, addressed to a young lady. And miscellanies in prose and verse. In two volumes. ...",Hester Chapone,40,1775,1,2,"Dublin : printed for J. Williams, 1775.",Dublin,156,female,1727,1801,True
0325001402_000020,"Letters on the improvement of the mind, addressed to a young lady. In two volumes. By Mrs. Chapone. The Fourth Edition. ...",Hester Chapone,40,1774,2,2,"London : printed by H. Hughs, for J. Walter, at Homer's Head, Charing-Cross, MDCCLXXIV. [1774].",London,231,female,1727,1801,True
0459900600_000012,A series of plays: in which it is attempted to delineate the stronger passions of the mind. Each passion being the subject of a tragedy and a comedy. By Joanna Baillie.,Joanna Baillie,32,1800,1,1,"London : printed for T. Cadell, jun. and W. Davies, In The Strand. 1800. H. Baldwin and Son, printers, New Bridge-Street, [1800].",London,417,female,1762,1851,False
0866100102_000001,Strictures on the modern system of female education. With a view of the principles and conduct prevalent among women of rank and fortune. By Hannah More. In two volumes. ...,Hannah More,37,1799,2,2,"London : printed for T. Cadell jun. and W. Davies, in the Strand, 1799.",London,354,female,1745,1833,True
0244000500_000036,"Dinarbas; a tale: being a continuation of Rasselas, Prince of Abissinia.",Cornelia Knight,42,1790,1,1,"London : printed for C. Dilly, In The Poultry, M.DCC.XC. [1790].",London,346,female,1757,1837,False
0397700400_000002,A vindication of the rights of woman: with strictures on political and moral subjects. By Mary Wollstonecraft.,Mary Wollstonecraft,36,1792,1,1,"London : printed for J. Johnson, No 72, St. Paul's Church Yard, 1792.",London,469,female,1759,1797,True
0357400100_000018,Dialogues of the dead.,Elizabeth Montagu,30,1760,1,1,"London : printed [by Samuel Richardson] for W. Sandby, in Fleet-Street, M.DCC.LX. [1760].",London,332,female,1720,1800,False
0186200300_000075,An historical and moral view of the origin and progress of the French revolution; and the effect it has produced in Europe. By Mary Wollstonecraft. Volume the first.,Mary Wollstonecraft,25,1794,1,1,"London : printed for J. Johnson, in St. Paul's Church-Yard, 1794.",London,534,female,1759,1797,True
0343200202_000010,"Religion considered as the only basis of happiness and of true philosophy. A work written for the instruction of the children of his most serene highness the Duke of Orleans; ... By Madame the Marchioness of Sillery, ... In two volumes.",Stéphanie Félicité du Crest de Saint-Aubin,35,1787,2,2,"Dublin : printed by William Porter, for H. Chamberlaine, White, Byrne, Colbert, W. Porter, and Moore, 1787.",Dublin,151,female,1746,1830,True
0355800104_000003,"Tales of the castle: or, stories of instruction and delight. Being Les veillées du chateau, written in French by Madame la Comtesse de Genlis, Author of the Theatre of Education, Adela and Theodore, &c. Translated into English by Thomas Holcroft. ...",Stéphanie Félicité du Crest de Saint-Aubin,38,1785,4,4,"Dublin : printed for Messrs. Price, Moncrieffe, Jenkin, Walker, Burton, Exshaw, White, Byrne, Parker, H. White-Stone, and Cash, MDCCLXXXV. [1785].",Dublin,285,female,1746,1830,True
0670002100_000041,"Letters on the improvement of the mind, addressed to a young lady. By Mrs. Chapone.",Hester Chapone,35,1787,1,1,"London : printed for J. Walter, Charing-Cross ; and C. Dilly, in the Poultry, M.DCC.LXXXVII. [1787].",London,244,female,1727,1801,True
0608100900_000001,"Observations on a pamphlet, entitled, Thoughts on the cause of the present discontents. By Catharine Macaulay.",Catharine Macaulay,35,1770,1,1,"Dublin : printed for G. Faulkner, J. Exshaw, H. Saunders, E. Linch, W. Sleater, D. Chamberlaine, J. Potts, J. Hoye, Jun. J. Williams, W. Colles, and R. Moncrieffe, M,DCC,LXX. [1770].",Dublin,33,female,1731,1791,True
0035600700_000010,Sentimental discourses upon religion and morality. By a lady.,Lady,29,1776,1,1,"London : printed for T. Becket in the Strand, M.DCC.LXXVI. [1776].",London,153,female,,,False
0213900301_000002,"The life of Petrarch. Collected from Memoires pour la vie de Petrarch, by Mrs. Dobson. In two volumes. ... . The fourth edition, embellished with eight copper-plates, designed by Kirk, and engraved by Ridley.","Dobson, Mrs. (Susannah)",33,1799,1,2,"London : printed by T. Maiden, for Vernor and Hood; J. Cuthell; E. Newbery; J. Walker; Lackington, Allen, and Co. Ogilvy and Son; Otridge and Son; J. Nunn; and R. Lea, 1799.",London,433,female,,,False
1122700201_000003,"Constantia Neville; or, the West Indian. A novel. In three volumes. By Helena Wells, Author of ``the Step-Mother,'' &c. ...",Helena Wells,34,1800,1,3,"London : printed by C. Whittingham, Dean-Street, Fetter-Lane, for T. Cadell, jun. and W. Davies, Strand ; and W. Creech, Edinburgh, 1800.",London,398,female,,,False
0158202600_000053,Appeal to the men of Great Britain in behalf of women.,Mary Hays,31,1798,1,1,"[London] : Printed for J. Johnson; and J. Bell, 1798.",London,305,female,1759,1843,True
0702300800_000037,Strictures on the modern system of female education. With a view of the principles and conduct prevalent among women of rank and fortune. By Hannah More.,Hannah More,36,1799,1,1,"Dublin : printed by William Porter, for P. Wogan, Old-Bridge, and W. Porter, Grafton-Street, 1799.",Dublin,434,female,1745,1833,True
0352100501_000008,"The knights of the Swan; or, the court of Charlemagne: an historical and moral tale. To serve as a continuation to The tales of the castle; And of which all the Incidents that bear Analogy to the French Revolution are taken from History. Translated from the French of Madame de Genlis, Author of the theatre of education, adelaide and theodore, &c. by the Rev. Mr. Beresford. ...",Stéphanie Félicité du Crest de Saint-Aubin,33,1797,1,2,"Dublin : printed for P. Wogan, P. Byrne, H. Colbert, J. Milliken, J. Chambers, B. Dugdale, W. Porter, H. Fitzpatrick, J. Rice, G. Folingsby, and N. Kelly, 1797.",Dublin,352,female,1746,1830,True
0389702200_000048,Letters concerning the religion essential to man: as it is distinct from what is merely an accession to it. In two parts. Translated from the French.,Marie Huber,37,1761,1,1,"Glasgow : printed for Robert Urie, MDCCLXI. [1761].",Glasgow,250,female,1695,1753,False
0476700700_000002,"Cursory remarks on An enquiry into the expediency and propriety of public or social worship: inscribed to Gilbert Wakefield, B. A. Late Fellow of Jesus-College, Cambridge. By Eusebia.",Mary Hays,33,1792,1,1,"London : printed for T. Knott, No. 47, Lombard-Street, MDCCXCII. [1792].",London,26,female,1759,1843,True
0901800304_000016,"Secret memoirs and manners of several persons of quality of both sexes. From the new Atalantis, an island in the Mediterranean. In Four Volumes. Written originally in Italian. ...",Delarivier Manley,31,1720,4,4,"London : printed for John Morphew near Stationers-Hall, 1720.",London,336,female,1663,1724,True
0510800900_000032,"A compendious system of astronomy, in a course of familiar lectures, In which the Principles of that Science are clearly elucidated, so as to be intelligible to those who have not studied the Mathematics: also trigonometrical and celestial problems, with a key to the ephemeris, and a vocabulary of the terms of science Used In The Lectures, Which latter are explained agreeably to their Application in them. By Margaret Bryan.","Bryan, Margaret           1815",35,1799,1,1,"London : printed, by H.L. Galabin, Ingram-Court, Fenchurch-Street, for J. Wallis, NO. 46, and Wynne and Scholey, NO. 45, Paternoster-Row, 1799.",London,466,female,,,False
1287700201_000027,"The works of Mrs Elisabeth Rowe. ... . Containing, friendship in death. Letters moral and entertaining, Part I. To which is prefixed, An account of the author's life.",Elizabeth Rowe,25,1770,1,4,"Edinburgh : printed by and for Gray & Alston, M.DCC.LXX. [1770].",Edinburgh,296,female,1674,1737,True
0367600200_000004,"A new method of instruction for children from five to ten years old, Including Moral Dialogues, The Children's Island, A Tale, Thoughts And Maxims, Models Of Composition In Writing, For Children Ten OR Twelve Years Old, And A New Method Of Teaching Children To Draw. Translated from the French of Madame de Genlis.",Stéphanie Félicité du Crest de Saint-Aubin,42,1800,1,1,"Dublin : printed by William Porter, for P. Wogan, W. Porter, and T. Jackson, 1800.",Dublin,256,female,1746,1830,True
1164100801_000037,Strictures on the modern system of female education. with a view of the principles and conduct prevalent among women of rank and fortune. By Hannah More. In two volumes. ...,Hannah More,32,1800,1,2,"London : printed by A. Strahan, Printers Street, for T. Cadell jun. and W. Davies, Strand, 1800.",London,359,female,1745,1833,True
0370300104_000001,Theatre of education. Translated from the French of the Countess de Genlis. In four volumes. ...,Stéphanie Félicité du Crest de Saint-Aubin,30,1781,4,4,"London : printed for T. Cadell, and P. Elmsly; and T. Durham, 1781.",London,410,female,1746,1830,True
0022400500_000018,"A description of Millenium Hall, and the country adjacent: together with the characters of the inhabitants, and such historical anecdotes and reflections, as may excite in the reader proper sentiments of humanity, and lead the Mind to the Love of Virtue. By a gentleman on his travels.",Sarah Scott,29,1762,1,1,"London : printed for J. Newbery, at the Bible and Sun, in St. Paul's Church-Yard, MDCCLXII. [1762].",London,267,female,1720,1795,True
1657900102_000062,The female spectator. By Mrs. Eliza Haywood. In four volumes.,Eliza Haywood,25,1775,2,4,"Glasgow : Printed and sold by R. Chapman and A. Duncan, MDCCLXXV. [1775].",Glasgow,321,female,1693,1756,True
1084200300_000043,"Instructions for a young lady, in every sphere and period of life. Containing, I. A mother's advice to her daughters. II. Two letters to a Lady upon the subject of religion, by a Clergyman. III. A Letter to a Young Lady on her Marriage. IV. A Letter on Temper. V. On Oeconomy. VI. On Politeness. Vii. An Epistle upon the Cultivation of Taste. Viii. Fables for the female sex. Compiled by a lady.",Sarah Pennington,42,1777,1,1,"London : printed for John Donaldson, the Corner of Arundel Street, No 188. in the Strand, M.DCC.LXXVII. [1777].",London,293,female,1720,1783,True
1539200100_000020,"The work of the Marchioness de Lambert. Containing advice to a son and a daughter. Treatises on friend-ship and old age. Reflections on the fair sex, taste and riches. With a number of genuine letters that passed between her and the Archbishop of Cambray, author of Telemachus, Mons. Rivicre, Madam Tresnel, and other the most eminent persons of the age; and several other pieces never before printed. Containing thoughts on various entertaining and useful subjects, reflections on education, on the writings of homer, and on various publick events of the time. Carefully translated from the French.",Anne-Thérèse de Marguenat de Courcelles,40,1752,1,1,"Dublin : Printed by R. Wilson, in Eustace Street, M,DCC,LII. [1752].",Dublin,280,female,1647,1733,False
1266700402_000064,The female Spectator. By Mrs. Eliza Haywood. In four volumes. ...,Eliza Haywood,26,1775,2,4,"London : printed for A. Millar, W. Law, & R. Cater, 1775.",London,330,female,1693,1756,True
0666600500_000003,"The female geniad; a poem. Inscribed to Mrs. Crespigny. By Elizabeth Ogilvy Benger, of Portsmouth; written at the age of thirteen.","Benger, E. (Elizabeth)",31,1791,1,1,"London : printed for T. Hookham and J. Carpenter, No 147, new, and 15, old Bond-Street; and C. and G. Kearsley, No 46, Fleet-Street, 1791.",London,62,female,1778,1827,False
1073100101_000020,"Letters from the Duchess de Crui and others, on subjects moral and entertaining, wherein the character of the female sex, with their rank, importance, and consequence, is stated, and their relative duties in life are enforced. By Lady Mary Walker. ...",Mary Walker,36,1777,1,5,"London : printed for Robson, New Bond-Street; Walter, Charing-Cross; and Robinson, Pater-Noster-Row, MDCCLXXVII. [1777].",London,229,female,1736,,False
0325100102_000013,"Letters on the improvement of the mind, addressed to a young lady. In two volumes. By Mrs. Chapone. ...",Hester Chapone,33,1778,2,2,"London : printed for J. Walter, at Homer's Head, Charing Cross; and E. and C. Dilly, in the Poultry, MDCCLXXVIII. [1778].",London,231,female,1727,1801,True
1283701002_000021,"Court intrigue, or the victim of constancy, an historical romance. In two volumes. By the author of Mental Improvement. ...","Green, Sarah",42,1799,2,2,"London : printed at the Minerva-Press, for William Lane, Leadenhall-Street, 1799.",London,222,female,1763,1808,False
1700500400_000041,"The works of Mrs. Chapone, adressed to a young lady.",Hester Chapone,34,1793,1,1,"London : Printed for J. Warlters, MDCCXCIII. [1793].",London,312,female,1727,1801,True
0414500400_000039,Strictures on the modern system of female education. With a view of the principles and conduct prevalent among women of rank and fortune. By Hannah More.,Hannah More,34,1800,1,1,"Dublin : printed by William Porter, for Pat. Wogan, Old-Bridge, and William Porter, Grafton-Street, 1800.",Dublin,460,female,1745,1833,True
0343200201_000001,"Religion considered as the only basis of happiness and of true philosophy. A work written for the instruction of the children of his most serene highness the Duke of Orleans; ... By Madame the Marchioness of Sillery, ... In two volumes.",Stéphanie Félicité du Crest de Saint-Aubin,33,1787,1,2,"Dublin : printed by William Porter, for H. Chamberlaine, White, Byrne, Colbert, W. Porter, and Moore, 1787.",Dublin,160,female,1746,1830,True
1007300302_000026,A tale of the times. By the author of A gossip's story. Dedicated by Permission to Mrs. Carter. In three volumes. ...,Jane West,33,1799,2,3,"London : printed for T. N. Longman and O Rees, Paternoster-Row, 1799.",London,315,female,1758,1852,False
0783300200_000027,"Essays on various subjects, principally designed for young ladies.",Hannah More,44,1778,1,1,"London : printed for J. Wilkie, in St. Paul's Church-Yard; and T. Cadell, in the Strand, MDCCLXXVIII. [1778].",London,221,female,1745,1833,True
0964600503_000025,"Memoirs of Mrs. Lætitia Pilkington, written by herself. Wherein are occasionally interspersed, all her poems. With variety of anecdotes and secret transactions of eminent persons living and dead. Particularly Dean Swift, Mr. Pope, &c. In two volumes. ...",Laetitia Pilkington,35,1754,3,3,"London : printed for R. Griffiths, 1751.",London,293,female,1712,1750,False
0989700101_000010,"Letters on different subjects, in four volumes; amongst which are interspers'd the adventures of Alphonso, after the destruction of Lisbon. By the author of The unfortunate mother's advice to her absent daughters. ...",Sarah Pennington,36,1766,1,4,"London : to be had by the subscribers at those booksellers where they have subscribed, and at W. Bristow's late shop in St. Paul's Church Yard, or at his house in Roll's Buildings, Fetter-Lane, M.DCC.LXVI. [1766]-67.",London,203,female,1720,1783,True
0634301500_000009,An estimate of the religion of the fashionable world. By one of the laity.,Hannah More,34,1791,1,1,"London : printed for T. Cadell, in the Strand, M.DCC.XCI. [1791].",London,268,female,1745,1833,True
0164301100_000006,"Reflections upon the education of children in charity schools; with the outlines of a plan of appropriate instruction for the children of the poor; submitted to the consideration of the patrons of schools of every denomination, supported by charity. By Mrs. Trimmer.",Sarah Trimmer,33,1792,1,1,"London : printed for T. Longman, Paternoster-Row; and J. and F. Rivington, St. Paul's Church-Yard, M.DCC.XCII. [1792].",London,57,female,1741,1810,True
0272200301_000001,"The contrast; or, an antidote against the pernicious principles disseminated in the letters of the late Earl of Chesterfield; Being The Correspondence of an eminent Person, deceased, with the Editor, during a Course of Years. To which are added anniversary addresses from a father to his son. By the Rev. Sir Adam Gordon, Bart. M. A. Rector of Hinxworth, Herts.","Berkeley, Ann",28,1791,1,2,"London : printed for John Stockdale, Piccadilly, 1791.",London,272,female,,,False
0516500600_000043,"An essay on the writings and genius of Shakespear, compared with the Greek and French dramatic poets. With some remarks upon the misrepresentations of Mons. de Voltaire. The fifth edition, corrected. To which are added, three dialogues of the dead. By Mrs. Montagu.",Elizabeth Montagu,27,1785,1,1,"London : printed for Charles Dilly, M,DCC,LXXXV. [1785].",London,305,female,1720,1800,False
0613000400_000010,A treatise on the immutability of moral truth. By Catharine Macaulay Graham.,Catharine Macaulay,46,1783,1,1,"London : printed by A. Hamilton, jun. And sold by C. Dilly, Poultry ; G. Robinson, Paternoster Row ; T. Cadell, Strand ; T. Lewis, Covent-Garden ; J. Walter, Charing-Cross ; and R. Faulder, New Bond-Street, MDCCLXXXIII. [1783].",London,341,female,1731,1791,True
0617501500_000102,Letters on education. With observations on religious and metaphysical subjects. By Catherine Macaulay Graham.,Catharine Macaulay,23,1790,1,1,"Dublin : printed for H. Chamberlaine and Rice, L. White, W. Mc. Kenzie, J. Moore, Grueber and Mc. Allister, [and 2 others in Dublin], 1790.",Dublin,336,female,1731,1791,True
0050500101_000001,"A series of genuine letters between Henry and Frances. The second edition, revised, corrected, enlarged, and improved, by the authors. ...",Elizabeth Griffith,29,1760,1,2,"Dublin : printed by S. Powell, in Crane-Lane, for the Authors, MDCCLX. [1760].",Dublin,418,female,1720,1793,True
0628900500_000024,New and elegant amusements for the ladies of Great Britain. By a lady.,Lady,40,1772,1,1,"London : printed for the author, and sold by S. Crowder, Pater-Noster-Row; W. Shropshire, New Bond-Street; J. Walter, Charing-Cross, and W. Cooke, Royal Exchange, 1772.",London,170,female,,,False
0346301201_000053,A series of genuine letters between Henry and Frances.,Elizabeth Griffith,26,1770,1,4,"London : [s.n.], Printed in the Year MDCCLXX. [1770].",London,286,female,1720,1793,True
1621400200_000044,"Anecdotes of the late Samuel Johnson, LL.D. During the last twenty years of his life. By Hesther Lynch Piozzi.",Hester Thrale,28,1786,1,1,"London : Printed for T. Cadell in the Strand, MDCCLXXXVI. [1786].",London,315,female,1741,1821,True
0516500600_000002,"An essay on the writings and genius of Shakespear, compared with the Greek and French dramatic poets. With some remarks upon the misrepresentations of Mons. de Voltaire. The fifth edition, corrected. To which are added, three dialogues of the dead. By Mrs. Montagu.",Elizabeth Montagu,35,1785,1,1,"London : printed for Charles Dilly, M,DCC,LXXXV. [1785].",London,305,female,1720,1800,False
1700500400_000046,"The works of Mrs. Chapone, adressed to a young lady.",Hester Chapone,32,1793,1,1,"London : Printed for J. Warlters, MDCCXCIII. [1793].",London,312,female,1727,1801,True
0264100301_000030,"The works of Mrs. Catharine Cockburn, ... Several of them now first printed. Revised and published, with an account of the life of the author, by Thomas Birch, ... In two volumes. ...",Catharine Trotter,40,1751,1,2,"London : printed for J. and P. Knapton, 1751.",London,512,female,1679,1749,False
1538800402_000002,"Letters of the Right Honourable lady M---y W----y M-----e: written during her travels in Europe, Asia and Africa, to persons of distinction, men of letters, &c. in different parts of Europe. Which contain among other curious relations, accounts of the policy and manners of Turks; drawn from sources that have been inaccessible to other travellers. A new edition. In two volumes.",Lady Mary Wortley Montagu,34,1778,2,2,"London : printed for T. Becket, the corner of the Adelphi in the Strand, M DCC LXXVIII. [1778].",London,224,female,1689,1762,True
0271300600_000024,"A packet for youth, or evidences of Christianity drawn from the mind. By a lady.","M. P., Lady",41,1799,1,1,"Hanley : printed and sold by Mort; also by Knott, Lombard Street, Chapman, Fleet Street, Heptinstall, Holborn, London, ---- Chester, Newcastle, ---- Jones, Birmingham, ---- Pritchard, Derby, ---- Smith, Sheffield, Boden, Manchester ; and may be had of all Booksellers, [1799].",Hanley,122,female,,,False
0666600500_000008,"The female geniad; a poem. Inscribed to Mrs. Crespigny. By Elizabeth Ogilvy Benger, of Portsmouth; written at the age of thirteen.","Benger, E. (Elizabeth)",35,1791,1,1,"London : printed for T. Hookham and J. Carpenter, No 147, new, and 15, old Bond-Street; and C. and G. Kearsley, No 46, Fleet-Street, 1791.",London,62,female,1778,1827,False
0601201300_000007,"Poetical sketches, by Ann Batten Cristall.",Ann Batten Cristall,39,1795,1,1,"London : printed for J. Johnson, St. Paul's Church yard, 1795.",London,203,female,1769,1848,False
0343200202_000003,"Religion considered as the only basis of happiness and of true philosophy. A work written for the instruction of the children of his most serene highness the Duke of Orleans; ... By Madame the Marchioness of Sillery, ... In two volumes.",Stéphanie Félicité du Crest de Saint-Aubin,41,1787,2,2,"Dublin : printed by William Porter, for H. Chamberlaine, White, Byrne, Colbert, W. Porter, and Moore, 1787.",Dublin,151,female,1746,1830,True
0343200102_000021,"Religion considered as the only basis of happiness, and of true philosophy. A work written for the instruction of the children of his Most Serene Highness the Duke of Orleans; And in which the Principles of modern pretended Philosophers are laid open and refuted. By Madame the Marchioness of Sillery, heretofore countess of genlis. In two volumes. ...",Stéphanie Félicité du Crest de Saint-Aubin,28,1787,2,2,"London : printed for T. Payne and Son, at the Mews Gate; T. Cadell, and P. Elmsly, in the Strand, M.DCC.LXXXVII. [1787].",London,295,female,1746,1830,True
0622301500_000025,"Essays on various subjects, principally designed for young ladies.",Hannah More,36,1778,1,1,"London : printed for J. Wilkie, in St. Paul's Church-Yard; and T. Cadell, in the Strand, MDCCLXXVIII. [1778].",London,220,female,1745,1833,True
0130001203_000029,"The school: being a series of letters, between a young lady and her mother.","Maese, Sarah",33,1766,3,3,"London : printed for W. Flexney, near Gray's-Inn Gate, Holborn, MDCCLXVI. [1766]-72.",London,317,female,,,False
1185801100_000027,The works of Miss Hannah More in prose and verse.,Hannah More,44,1789,1,1,"[Cork] : Printed for Thomas White, Cork, and P. Byrne, Dublin, M,DCC,LXXXIX. [1789].",Cork,309,female,1745,1833,True
1263100202_000001,"The knights of the Swan, or, the court of Charlemagne: a romance, written by the Countess of Genlis, in continuation of The tales of the castle. In two volumes. ...",Stéphanie Félicité du Crest de Saint-Aubin,25,1796,2,2,"Edinburgh : printed for Bell & Bradfute; and for Vernor and Hood, London, 1796.",Edinburgh,384,female,1746,1830,True
0989700104_000014,"Letters on different subjects, in four volumes; amongst which are interspers'd the adventures of Alphonso, after the destruction of Lisbon. By the author of The unfortunate mother's advice to her absent daughters. ...",Sarah Pennington,27,1766,4,4,"London : to be had by the subscribers at those booksellers where they have subscribed, and at W. Bristow's late shop in St. Paul's Church Yard, or at his house in Roll's Buildings, Fetter-Lane, M.DCC.LXVI. [1766]-67.",London,239,female,1720,1783,True
0206700104_000064,The female Spectator. |...,Eliza Haywood,29,1748,4,4,"London : printed and published by T. Gardner, at Cowley's-Head, opposite St. Clement's Church in the Stárand, M,DCC,XLVIII. [1748].",London,328,female,1693,1756,True
0343200102_000005,"Religion considered as the only basis of happiness, and of true philosophy. A work written for the instruction of the children of his Most Serene Highness the Duke of Orleans; And in which the Principles of modern pretended Philosophers are laid open and refuted. By Madame the Marchioness of Sillery, heretofore countess of genlis. In two volumes. ...",Stéphanie Félicité du Crest de Saint-Aubin,40,1787,2,2,"London : printed for T. Payne and Son, at the Mews Gate; T. Cadell, and P. Elmsly, in the Strand, M.DCC.LXXXVII. [1787].",London,295,female,1746,1830,True
0937801100_000002,"Poems, on several occasions. By Ann Yearsley, a Milkwoman of Bristol.",Ann Yearsley,29,1786,1,1,"London : printed for G. G. J. and J. Robinson, Pater-Noster Row, MDCCLXXXVI. [1786].",London,140,female,1756,1806,True
0929100106_000071,"Sacred history, selected from the scriptures; with annotations and reflections, particularly calculated to facilitate the study of the Holy Scriptures in schools and families. Second edition. ... . By Mrs. Trimmer.",Sarah Trimmer,30,1788,6,6,"Glocester : printed by R. Raikes; for T. Longman, G. G. J. and J. Robinson, Pater-Noster-Row; and J. Johnson, St. Paul's Church-Yard, M.DCC.LXXXVIII. [1788].",Gloucester,455,female,1741,1810,True
1268700700_000001,The Female spectator.,Eliza Haywood,29,1744,1,1,"London [England] : printed and published by T. Gardner, at Cowley's Head, opposite St. Clement's Church, in the Strand, MDCCXLV. [i.e. 1745-1746].",London,69,female,1693,1755,True
0033500301_000001,"The history of Lady Barton, a novel, in letters, by Mrs. Griffith. In three volumes. ...",Elizabeth Griffith,35,1771,1,3,"London : printed for T. Davies, in Russel-Street, Covent-Garden ; and T. Cadell, in the Strand, MDCCLXXI. [1771].",London,286,female,1720,1793,True
0150400602_000049,"A residence in France, during the years 1792, 1793, 1794, and 1795; described in a series of letters from an English lady: with general and incidental remarks on the French character and manners. Prepared for the press by John Gifford, Esq. author of the History of France, letter to Lord Lauderdale, &c. In two volumes. ...",English Lady,28,1797,2,2,"London : printed by J. Plymsell; for T. N. Longman, Paternoster Row, 1797.",London,467,female,,,False
0206700101_000003,The female Spectator. |...,Eliza Haywood,29,1748,1,4,"London : printed and published by T. Gardner, at Cowley's-Head, opposite St. Clement's Church in the Stárand, M,DCC,XLVIII. [1748].",London,332,female,1693,1756,True
0047702500_000013,"Letters of Princess Zilia, to Prince Aza of Peru, newly translated from the French original. By James Seguin, Teacher of the French Tongue in Hereford.",Françoise de Graffigny,32,1755,1,1,"London : printed for the author; and sold by James Wilde, Bookseller, in Hereford, MDCCLV. [1755].",London,235,female,1695,1758,False
0326900902_000021,"Letters on the improvement of the mind, addressed to a young lady. In two volumes. By Mrs. Chapone.",Hester Chapone,34,1775,2,2,"London : printed for J. Walter; and E. and C. Dilly, 1775.",London,234,female,1727,1801,True
0836400102_000016,"Letters on the improvement of the mind, addressed to a young lady. In two volumes. ...",Hester Chapone,40,1773,2,2,"London : printed by H. Hughs, for J. Walter, Homer's Head, Charing-Cross, MDCCLXXIII. [1773].",London,235,female,1727,1801,True
0191300102_000007,"Letters from the Duchess de Crui and others, on subjects moral and entertaining, wherein the character of the female sex, with their rank, importance, and consequence, is stated, and their relative duties in life are enforced. By a lady. ...",Mary Walker,37,1776,2,5,"London : printed for Robson, New Bond-Street; Walter, Charing-Cross; and Robinson, Pater-Noster Row, MDCCLXXVI. [1776].",London,243,female,1736,,False
1084400300_000006,"Miscellanies in prose and verse. By Mrs. Chapone, Author of Letters on the Improvement of the Mind.",Hester Chapone,31,1783,1,1,"London : printed for C. Dilly , in the Poultry ; and J. Walter, Charing-Cross, M.DCC.LXXXIIX. [1783].",London,213,female,1727,1801,True
0537101500_000048,Familiar letters and poems on several occasions. By Mary Masters.,"Masters, Mary",36,1755,1,1,"London : printed for the author, by D. Henry and R. Cave, M.DCC.LV. [1755].",London,365,female,1706,1759,False
0631600600_000011,An estimate of the religion of the fashionable world. By Hannah More.,Hannah More,29,1793,1,1,"London : printed for T. Cadel, in the Strand, 1793.",London,269,female,1745,1833,True
1317500200_000003,"Madam Johnson's present: Or, Every young woman's companion, in useful and universal knowledge. Digested under the following heads: I. Spelling, reading, writing, and arith[met]ick taught without the help of a master. II. The compleat market-woman. III. The cook's guide for dressing all sorts of flesh, fowl and fish. IV. For pickling, pastry, and confectionary. V. An estimate of the expences of a family in the middling station of life. VI. The art and terms of carving fish, fowl, and flesh. VII. A bill of fare for every month in the year for dinner and supper, and also for extraordindary occasions. VIII. The young woman's instructor for the right spelling of words used in marketing, cookery, pickling, preserving,&c. To this edition is added, several useful tables, being the compleatest book of the kind ever published. The compiler, Madam Johnson, in order to make this book come as cheap as possible to the purchasers, has out of her benevolence, fixed the price at 1s. 6d. bound; though it contains double the quality that is usually sold for that sum.","Johnson, Mary",45,1759,1,1,"London : Printed for J. Fuller, in Blowbladder-Street, Cheapside, 1759.",London,221,female,,,False
1158700600_000001,"A letter against popery: particularly, against admitting the authority of fathers or councils in controversies of religion; by Sophia Charlotte the late Queen of Prussia. Being an answer to a letter written to her Majesty by Father Vota, an Italian jesuit, Confessor to King Augustus. There is prefixt by the Publisher, a Letter containing the occasion of the Queen's writing, and an Apology for the Church of England.","Sophia Charlotte, Queen Consort of Frederick I., King of Prussia",30,1712,1,1,"London : printed for A. Baldwin near the Oxford-Arms in Warwick-Lane, [1712].",London,42,female,,,False
0727500200_000002,"A spelling book, designed to render the acquisition of the rudiments of our native language easy and pleasant. Containing I. A Preface, explaining the Manner of using the Book. II. Variety of Alphabets, differently arranged. III. A copious Set of Monosyllables, classed agreeably to their Sounds. IV. Words of two or more Syllables, arranged according to their Accent. V. Sets of Words to be studied as Lessons, previous to reading the Story or Dialogue to which each Set belongs. VI. A Course of easy Reading Lessons for young Children; beginning with single Words of three Letters, and advanting gradually to Sentences of six or seven Words. To which is prefixed, the child's library; or, a catalogue of books, recommended to children from the age of three to twelve years. By Mrs. Teachwell.",Ellenor Fenn,49,1787,1,1,"London : printed and sold by J. Marshall and Co. at No. 4, Aldermary Church Yard, in Bow-Lane, [1787].",London,155,female,1743,1813,False
1332400103_000041,The female spectator. ... Sixth edition. By Mrs. Eliza Haywood.,Eliza Haywood,27,1766,3,4,"London : printed for T. Gardner, at Cowley's-Head, opposite St. Clement's-Church, in the Strand, M.DCC.LXVI. [1766].",London,335,female,1693,1756,True
0152701300_000010,"Letters on the works and character of J. J. Rousseau. To which are Added A Letter from the Countess Alexandre de Vassy to the Baroness de Stael, with the Baroness's Answer, and an Account of the last Moments of Rousseau. By Mademoiselle Necker, Baroness de Stael. Translated from the French.",Germaine de Staël,27,1789,1,1,"London : printed for G. G. J. and J. Robinson, Paternoster-Row, MDCCLXXXIX. [1789].",London,145,female,1766,1817,False
0477600201_000004,Cecilia: or memoirs of an heiress. By Miss Burney. Author of Evelina. In three volumes. ...,Frances Burney,34,1783,1,3,"Dublin : printed for Messrs. Price, Moncrieffe, Wilson, Walker, and Byrne, M,DCC,LXXXIII. [1783].",Dublin,393,female,1752,1840,True
0192300401_000066,A series of genuine letters between Henry and Frances. |...,Elizabeth Griffith,31,1757,1,2,"London : printed for W. Johnston, in St. Paul's Church-Yard, MDCCLVII. [1757].",London,336,female,1720,1793,True
0134002300_000002,Poems on several occasions. With Anne Boleyn to King Henry Viii. An epistle. By Mrs. Elizabeth Tollet.,Elizabeth Tollet,26,1756,1,1,"London : printed for T. Lownds, in Fleet Street, [1756?].",London,249,female,1694,1754,False
0038701500_000021,"Instructions for a young lady, in every sphere and period of life. Containing, I. A mother's advice to her daughters. II. Two letters to a Lady upon the subject of religion, by a Clergyman. III. A letter to a Young Lady on her Marriage. IV. An Eristle upon the Cultivation of Taste. V. Fables for the Female-Sex.",Sarah Pennington,37,1773,1,1,"Edinburgh : printed by A. Donaldson, and sold at his shop, No. 48, East corner of St. Paul's Church-Yard, London; and at Edinburgh, M.DCC.LXXIII. [1773].",Edinburgh,286,female,1720,1783,True
0927600700_000010,Thoughts on female education: with advice to young ladies. By Sarah Howard. Addressed to her pupils.,"Howard, Sarah",32,1783,1,1,"London : printed for J. Mathews, Numb. 18, Strand; Whitewood, and Breadhower, Portsmouth; and Harding, at Gosport, M.DCC.LXXXIII. [1783].",London,104,female,,,False
0967900101_000001,"The British garden. A descriptive catalogue of hardy plants, indigenous, or cultivated in the climate of Great-Britain. With their Generic and Specific Characters, Latin and English Names, Native Country, and Time of Flowering. With Introductory Remarks. ...",Lady Charlotte Murray,34,1799,1,2,"Bath : printed and sold by S. Hazard: sold also by Cadell & Davies, Strand, London; Creech, Edinburgh; and all other booksellers, MDCCXCIX. [1799].",Bath,410,female,1754,1808,False
0936700301_000023,"Adelaide and Theodore; or letters on education: containing All the Principles relative to three different Plans of Education; to that of Princes, and to those of young Persons of both Sexes. Translated from the French of Madame la Comtesse de Genlis.",Stéphanie Félicité du Crest de Saint-Aubin,29,1784,1,3,"London : printed for C. Bathurst, in Fleet-Street; and T. Cadell, in the Strand, M.DCC.LXXXIV. [1784].",London,311,female,1746,1830,True
0416000800_000001,"Female restoration, by a moral and physical vindication of female talents; in opposition to all dogmatical assertions relative to disparity in the sexes. Dedicated to her Majesty; and humbly addressed to the ladies of Great Britain and Ireland. By a lady.",Lady,37,1780,1,1,"London : sold only at Free-Masons coffee-house, Great Queen-Street, Lincoln's-Inn-Fields; and J. Macgowan's, No. 27, Paternoster-Row, M,DCC,LXXX. [1780].",London,71,female,,,False
0392000800_000050,"Dialogues of the dead. The fourth edition, corrected. To which are added four new dialogues.",Elizabeth Montagu,45,1765,1,1,"London : printed for W. Sandby, in Fleet-Street, M.DCC.LXV. [1765].",London,421,female,1720,1800,False
0107900400_000019,The works of the late Mrs. Catharine Talbot.,Catherine Talbot,31,1780,1,1,"London : printed by John Rivington, jun. for John, Francis, and Charles Rivington, at No 62, in St. Paul's Church Yard, MDCCLXXX. [1780].",London,332,female,1721,1770,False
0101501701_000022,The history of Lady Julia Mandeville. In two volumes. By the translator of Lady Catesby's letters. ...,Frances Brooke,27,1782,1,2,"London : printed for J. Dodsley, in Pall-Mall, MDCCLXXXII. [1782].",London,243,female,1724,1789,True
0217701400_000017,A vindication of the rights of woman: with strictures on political and moral subjects. By Mary Wollstonecraft.,Mary Wollstonecraft,37,1793,1,1,"Dublin : printed by J. Stockdale, for James Moore, No. 45, College-Green, 1793.",Dublin,269,female,1759,1797,True
0345501300_000040,"Dinarbas; a tale: being a continuation of Rasselas, Prince of Abissinia.",Cornelia Knight,39,1792,1,1,"London : printed for C. Dilly, In The Poultry, M.DCC.XCII. [1792].",London,346,female,1757,1837,False
0806100202_000082,"The female Quixote: or, the adventures of Arabella. In two volumes. ...",Charlotte Lennox,36,1752,2,2,"Dublin : printed for J. Smith, at the Philosophers-Heads on the Blind-Quay, MDCCLII. [1752].",Dublin,256,female,1729,1804,True
0186200300_000101,An historical and moral view of the origin and progress of the French revolution; and the effect it has produced in Europe. By Mary Wollstonecraft. Volume the first.,Mary Wollstonecraft,29,1794,1,1,"London : printed for J. Johnson, in St. Paul's Church-Yard, 1794.",London,534,female,1759,1797,True
1240500300_000037,"The works of Mrs. Chapone, containing letters on the improvement of the mind, addressed to a young lady: and Miscellanies in prose and verse. In two volumes. ...",Hester Chapone,38,1786,1,1,"Dublin : printed by Brett Smith, for W. Colles, No. 17, Dame-Street, MDCCLXXXVI. [1786].",Dublin,255,female,1727,1801,True
0431500202_000049,"The world unmask'd: or, the Philosopher the greatest Cheat; in twenty-four dialogues. To which is added, The state of souls separated from their Bodies; Being an Epistolary Treatise, wherein is proved, by a Variety of Arguments, deduced from Holy Scripture, that the Punishments of the Wicked will not be Eternal; and all Objections against it solved. To which is prefix'd, A Large Introduction, evincing the same Truth from the Principles of Natural Religion. Translated from the French.",Marie Huber,37,1743,2,2,"London : printed for A. Millar, opposite to Katharine-Street in the Strand, M.DCC.XLIII. [1743].",London,300,female,1695,1753,False
0264100301_000166,"The works of Mrs. Catharine Cockburn, ... Several of them now first printed. Revised and published, with an account of the life of the author, by Thomas Birch, ... In two volumes. ...",Catharine Trotter,31,1751,1,2,"London : printed for J. and P. Knapton, 1751.",London,512,female,1679,1749,False
0615100602_000076,The morality of Shakespeare's drama illustrated. In two volumes. ... By Mrs. Griffith.,Elizabeth Griffith,27,1777,2,2,"Dublin : printed for J. Beatty, 1777.",Dublin,302,female,1720,1793,True
0009300401_000015,"Letters from Lord Rivers to Sir Charles Cardigan, and to other English correspondents, while he resided in France. Translated from the original French of Madame Riccoboni, by Percival Stockdale. In two volumes. ...",Marie Jeanne Riccoboni,31,1778,1,2,"London : printed for T. Becket, 1778.",London,211,female,1713,1792,False
0617501500_000087,Letters on education. With observations on religious and metaphysical subjects. By Catherine Macaulay Graham.,Catharine Macaulay,47,1790,1,1,"Dublin : printed for H. Chamberlaine and Rice, L. White, W. Mc. Kenzie, J. Moore, Grueber and Mc. Allister, [and 2 others in Dublin], 1790.",Dublin,336,female,1731,1791,True
1240500300_000008,"The works of Mrs. Chapone, containing letters on the improvement of the mind, addressed to a young lady: and Miscellanies in prose and verse. In two volumes. ...",Hester Chapone,35,1786,1,1,"Dublin : printed by Brett Smith, for W. Colles, No. 17, Dame-Street, MDCCLXXXVI. [1786].",Dublin,255,female,1727,1801,True
0075801400_000002,A dialogue on friendship and society. by the Translator of the Life of Petrarch.,"Dobson, Mrs. (Susannah)           1795",31,1777,1,1,"London : printed for T. Becket, the Corner of the Adelphi, Strand, 1777.",London,189,female,,,False
0951200301_000004,"The progress of romance, through times, countries, and manners; with Remarks on the Good and Bad Effects of it, on them Respectively; in a course of evening conversations. By C. R. author of the English Baron, the Two mentors, &c. In two volumes. ...",Clara Reeve,40,1785,1,2,"Dublin : printed for Messrs. Price, Exshaw, White, Cash Colbert, Marchbank and Porter, M,DCC,LXXXV. [1785].",Dublin,163,female,1729,1807,True
0137000100_000023,"An essay on the writings and genius of Shakespear, compared with the Greek and French dramatic poets. With some remarks upon the misrepresentations of Mons. de Voltaire.",Elizabeth Montagu,31,1770,1,1,"London : printed by J. and H. Hughs, near Lincoln's-Inn-Fields: and sold by J. Dodsley, Pall-Mall; Mess. Baker and Leigh, York-Street, Covent-Garden; T. Becket, and T. Cadell, in the Strand; J. Walter, Charing-Cross; H. Denoyer, Lisle-Street; and J. Wilkie, No 71. St. Paul's Church-Yard, M.DCC.LXX. [1770].",London,277,female,1720,1800,False
1758000304_000008,"Letters of the Right Honourable Lady M-y W-y M-e: written, during her travels in Europe, Asia, and Africa, to persons of distinction, men of letters, &c. in different parts of Europe. Which contain, among other curious relations, accounts of the policy and manners of the Turks, ... In four volumes. ...",Lady Mary Wortley Montagu,29,1776,4,4,"London : printed for B. Dodd, and T. Reily, 1776.",London,85,female,1689,1762,False
0341300101_000010,Address to a young lady on her entrance into the world. In two volumes. ...,"Nicklin, Susan",29,1796,1,2,"London : printed for Hookham and Carpenter, 1796.",London,200,female,,,False
0046901400_000014,"Letters on Popery: being a vindication of the civil principles of Papists. By Cosmopolita, and others.",Cosmopolita,28,1775,1,1,"Dublin : printed by R. Ennis, Bookseller in Thomas-Street, [1775].",Dublin,62,female,,,False
0298400400_000002,An estimate of the religion of the fashionable world. By one of the laity.,Hannah More,37,1791,1,1,"London : printed for T. Cadell, in the Strand, M.DCC.XCI. [1791].",London,272,female,1745,1833,True
0108701400_000023,"A discourse, proving, that the faith and practice of true Christians, are no just matter of shame or reproach. Being eight sermons preached at the cathedral church of St. Paul, in the year 1709, at the lecture founded by the Honourable Robert Boyle, Esq;. By Lilly Butler , D. D. Minister of St. Mary Aldermanbury.","Butler, Lilly",43,1711,1,1,"London : printed for Brabazon Aylmer, at the Three Pigeons against the Royal Exchange in Cornhill, 1711.",London,217,female,,,False
0636200100_000009,"Friendship in death: in twenty letters from the dead to the living. To which are added, letters moral and entertaining, in prose and verse. In three parts. By Mrs Elizabeth Rowe. To which is prefix'd, an account of the author's life.",Elizabeth Rowe,39,1760,1,1,"Glasgow : printed by James Knox, and sold at his shop near the Head of the Salt-Mercat, MDCCLX. [1760].",Glasgow,361,female,1674,1737,True
0381300300_000033,"Poems and essays, by the late Miss Bowdler.",Jane Bowdler,50,1793,1,1,"Bath : printed by R. Cruttwell; and sold by C. Dilly, Poultry, J. Robson and T. Hookham, New Bond-Street, London; and N. R. Cheyne, Edinburgh, MDCCXCIII. [1793].",Bath,285,female,1743,1784,False
0398200401_000001,"Familiar letters between the principal characters in David Simple, and some others. To which is added, A vision. By the author of David Simple. In two volumes. ...",Sarah Fielding,41,1747,1,2,"London : printed for the author: and sold by A. Millar, 1747.",London,351,female,1710,1768,True
0039100800_000006,"Miscellanies in prose and verse, by Mrs. Chapone, Author of Letters on the Improvement of the Mind.",Hester Chapone,31,1787,1,1,"London : printed for C. Dilly in the Poultry ; and J. Walter, Charing-Cross, M.DCC.LXXXVII. [1787].",London,215,female,1727,1801,True
0343200101_000020,"Religion considered as the only basis of happiness, and of true philosophy. A work written for the instruction of the children of his Most Serene Highness the Duke of Orleans; And in which the Principles of modern pretended Philosophers are laid open and refuted. By Madame the Marchioness of Sillery, heretofore countess of genlis. In two volumes. ...",Stéphanie Félicité du Crest de Saint-Aubin,31,1787,1,2,"London : printed for T. Payne and Son, at the Mews Gate; T. Cadell, and P. Elmsly, in the Strand, M.DCC.LXXXVII. [1787].",London,312,female,1746,1830,True
0391500301_000075,"The knights of the Swan; or, the court of Charlemagne: a historical and moral tale: to serve as a continuation to the Tales of the Castle: and of which all the incidents that bear analogy to the French Revolution are taken from history. Translated from the French of Madame de Genlis, author of the theatre of education, adelaide & theodore, &c. By the Rev. Mr. Beresford. ...",Stéphanie Félicité du Crest de Saint-Aubin,28,1796,1,3,"London : printed for J. Johnson, St. Paul's Church-Yard, 1796.",London,282,female,1746,1830,True
1164100801_000038,Strictures on the modern system of female education. with a view of the principles and conduct prevalent among women of rank and fortune. By Hannah More. In two volumes. ...,Hannah More,54,1800,1,2,"London : printed by A. Strahan, Printers Street, for T. Cadell jun. and W. Davies, Strand, 1800.",London,359,female,1745,1833,True
0488700101_000029,Strictures on the modern system of female education. ... By Hannah More. In two volumes. ...,Hannah More,48,1799,1,2,"London : printed for T. Cadell Jun. and W. Davies, 1799.",London,295,female,1745,1833,True
0628900500_000010,New and elegant amusements for the ladies of Great Britain. By a lady.,Lady,41,1772,1,1,"London : printed for the author, and sold by S. Crowder, Pater-Noster-Row; W. Shropshire, New Bond-Street; J. Walter, Charing-Cross, and W. Cooke, Royal Exchange, 1772.",London,170,female,,,False
0249100301_000008,"The life of Petrarch. Collected from Memoires pour la vie de Petrarch, in two volumes. ...","Dobson, Mrs. (Susannah)",28,1775,1,2,"London : printed for James Buckland, Pater-Noster Row, MDCCLXXV. [1775].",London,573,female,,,False
0363500202_000028,"La belle assemblée: being a curious collection of some very remarkable incidents which happen'd to persons of the first quality in France. Interspers'd with entertaining and improving observations made by them on several Passages in History, both Ancient and Modern. Written in French for the Entertainment of the King, and dedicated to him by Madam de Gomez. Adorn'd with copper-plates. In four volumes.",Madeleine Angélique Poisson Gomez,25,1765,2,4,"London : printed for H. Woodfall, W. Strahan, J. Rivington, R. Baldwin, W. Johnston, C. Rivington, R. Horsfield, G. Keith, W. Nichol, C. and R. Ware, M. Richardson, J. and T. Pote, and T. Burnet, MDCCLXV. [1765].",London,331,female,1684,1770,False
0013000102_000013,Memoirs of modern philosophers. In three volumes. ...,Elizabeth Hamilton,33,1800,2,3,"Bath : printed by R. Cruttwell, for G. G. and J. Robinson, Pater-Noster-Row, London, 1800.",Bath,403,female,1758,1816,False
0103800400_000019,The works of the late Mrs. Catherine Talbot.,Catherine Talbot,29,1795,1,1,"London : printed for F. and C. Rivington, No 62, St. Paul's Church-Yard, 1795.",London,332,female,1721,1770,False
0447700202_000016,"Evenings at home; or, the juvenile budget opened. Consisting of a variety of miscellaneous pieces, for the instruction and amusement of young persons. ...",Anna Laetitia Barbauld,33,1795,2,3,"London : printed for J. Johnson, 1795-1800.",London,157,female,1743,1825,True
1566200103_000013,"Adelaide and theodore; or, Letters on education: Containing all the principles relative to three different plans of education; to that of Princes, and to those of young persons of both sexes. Translated from the French of Madame la Comtesse de Genlis.",Stéphanie Félicité du Crest de Saint-Aubin,36,1794,3,3,"Dublin : Printed for W. Jones, No. 86, Dame-Street, 1794.",Dublin,296,female,1746,1830,True
0397700400_000050,A vindication of the rights of woman: with strictures on political and moral subjects. By Mary Wollstonecraft.,Mary Wollstonecraft,45,1792,1,1,"London : printed for J. Johnson, No 72, St. Paul's Church Yard, 1792.",London,469,female,1759,1797,True
0066000300_000025,"Letters for literary ladies. To which is added, an essay on the noble science of self-justification.",Maria Edgeworth,25,1799,1,1,"London : printed for J. Johnson, in St. Paul's Church-Yard, M.DCC.XCIX. [1799].",London,243,female,1767,1849,True
1454700900_000001,"A persuasive address to the people of Great Britain at large; But more particularly recommended to the attention of the partizans of democracy, and the members of corresponding societies. And factious institutions; with some stricking observations on existing facts. Dedicated to the Right Hon. Lord Eardley, By a Lady.",Lady,34,1795,1,1,"London : Printed for the author, and sold by W. Boag, bookseller, No. 11, Great Turnstile, Holburn, 1795.",London,26,female,,,False
0383400101_000004,"Cecilia, or memoirs of an heiress. By the author of Evelina. ...",Frances Burney,35,1796,1,5,"London : printed for T. Cadell, jun. and W. Davies, (successors to Mr. Cadell) in the Strand; and T. Payne, at the Mews-Gate, M,DCC,XCVI. [1796].",London,299,female,1752,1840,True
0642501202_000030,"Walsingham; or, the pupil of nature. A domestic story. By Mary Robinson, ...",Mary Robinson,28,1797,2,4,"London : printed for T. N. Longman, 1797.",London,334,female,1758,1800,True
1208900100_000001,"The history of England, from the Revolution to the present time, in a series of letters to the Reverend Doctor Wilson, Rector of St. Stephen's, Walbrook, and Prebendary of Westminster. By Catharine Macaulay. Vol.I.",Catharine Macaulay,22,1779,1,1,"Dublin : printed for John Exshaw, No. 86, and William Hallhead, No. 63, Dame-Street, M.DCC.LXXIX. [1779].",Dublin,463,female,1731,1791,True
0613000400_000041,A treatise on the immutability of moral truth. By Catharine Macaulay Graham.,Catharine Macaulay,39,1783,1,1,"London : printed by A. Hamilton, jun. And sold by C. Dilly, Poultry ; G. Robinson, Paternoster Row ; T. Cadell, Strand ; T. Lewis, Covent-Garden ; J. Walter, Charing-Cross ; and R. Faulder, New Bond-Street, MDCCLXXXIII. [1783].",London,341,female,1731,1791,True
0710500500_000003,"Maxims, characters, and reflections, critical, satyrical, and moral.",Frances Greville,50,1757,1,1,"London : printed for J. and R. Tonson in the Strand, MDCCLVII. [1757].",London,261,female,1730,1789,False
0343200201_000021,"Religion considered as the only basis of happiness and of true philosophy. A work written for the instruction of the children of his most serene highness the Duke of Orleans; ... By Madame the Marchioness of Sillery, ... In two volumes.",Stéphanie Félicité du Crest de Saint-Aubin,28,1787,1,2,"Dublin : printed by William Porter, for H. Chamberlaine, White, Byrne, Colbert, W. Porter, and Moore, 1787.",Dublin,160,female,1746,1830,True
0315000602_000014,"Letters on the improvement of the mind, addressed to a young lady. In two volumes. By Mrs. Chapone. ...",Hester Chapone,35,1774,2,2,"London : printed by H. Hughs, for J. Walter. at Homer's Head, Charing-Cross, MDCCLXXIV. [1774].",London,233,female,1727,1801,True
0295300200_000105,"British synonymy; or, an attempt at regulating the choice of words in familiar conversation. Inscribed, With Sentiments Of Gratitude And Respect, to Such Of her foreign friends AS Have Made English Literature Their Peculiar Study, by Hester Lynch Piozzi.",Hester Thrale,30,1794,1,1,"Dublin : printed by William Porter, for P. Byrne, Grafton-Street, and W. Jones, Dame-Street, 1794.",Dublin,536,female,1741,1821,True
0046901400_000001,"Letters on Popery: being a vindication of the civil principles of Papists. By Cosmopolita, and others.",Cosmopolita,26,1775,1,1,"Dublin : printed by R. Ennis, Bookseller in Thomas-Street, [1775].",Dublin,62,female,,,False
0041201900_000002,"Remarks on the speech of M. Dupont, made in the National Convention of France, on the subjects of religion and public education. By Hannah More.",Hannah More,34,1793,1,1,"London : printed for T. Cadell in the Strand, MDCCXCIII. [1793].",London,63,female,1745,1833,True
0895400600_000034,"Poems and essays, by the late Miss Bowdler.",Jane Bowdler,50,1797,1,1,"Bath : printed by R. Crutwell; and sold by C. Dilly, Poultry, J. Robson and T. Hookham, New Bond-Street, London; and N. R. Cheyne, Edinburgh, MDCCXCVII. [1797].",Bath,266,female,1743,1784,False
0558000601_000033,"The memoirs of Ninon de L'Enclos: with her letters to Monsr. de St. Evremond, and to the marquis de Sevigné. Collected and translated from the French, by a lady. In two volumes. Vol. I.",Ninon de l'Enclos,25,1776,1,2,"London : printed for J. Dodsley, in Pall-Mall ; J. Wilkie, St. Paul's Church Yard ; and E. Johnston, Ludgate-Street, M.DCC.LXXVI. [1776].",London,287,female,1620,1705,False
0431500201_000056,"The world unmask'd: or, the Philosopher the greatest Cheat; in twenty-four dialogues. To which is added, The state of souls separated from their Bodies; Being an Epistolary Treatise, wherein is proved, by a Variety of Arguments, deduced from Holy Scripture, that the Punishments of the Wicked will not be Eternal; and all Objections against it solved. To which is prefix'd, A Large Introduction, evincing the same Truth from the Principles of Natural Religion. Translated from the French.",Marie Huber,40,1743,1,2,"London : printed for A. Millar, opposite to Katharine-Street in the Strand, M.DCC.XLIII. [1743].",London,373,female,1695,1753,False
0075800700_000002,A mirror for the female sex. Historical beauties for young ladies. Intended to lead the female mind to the love and practice of moral goodness. Designed principally for the use of ladies' schools. By Mrs. Pilkington. ...,Mary Pilkington,31,1798,1,1,"London : printed for Vernor and Hood; and sold by E. Newbery, 1798.",London,253,female,1766,1839,True
0356000302_000060,"A series of genuine letters between Henry and Frances. The second edition, revised, corrected, enlarged, and improved, by the authors. Vol. I.",Elizabeth Griffith,35,1761,2,2,"London : printed for W. Johnston in Ludgate Street, 1761.",London,444,female,1720,1793,True
0617501500_000075,Letters on education. With observations on religious and metaphysical subjects. By Catherine Macaulay Graham.,Catharine Macaulay,31,1790,1,1,"Dublin : printed for H. Chamberlaine and Rice, L. White, W. Mc. Kenzie, J. Moore, Grueber and Mc. Allister, [and 2 others in Dublin], 1790.",Dublin,336,female,1731,1791,True
0381401100_000020,Dialogues of the dead.,Elizabeth Montagu,30,1768,1,1,"London : printed for J. Murray (successor to Mr. Sandby) at No. 32, opposite St. Dunstan's Church, in Fleet-Street, M.DCC.LXVIII. [1768].",London,452,female,1720,1800,False
1426801400_000015,"Letters from Lord Rivers to Sir Charles Cardigan, and to other English correspondents, while he resided in France. Translated from the original French of Madame Riccoboni, by Percival Stockdale. In two volumes.",Marie Jeanne Riccoboni,32,1785,1,1,"Dublin : printed by S. Colbert. (at the established circulating library) No. 136, Capel-street, opposite Abbey-street; where every new book is hired out, 1785.",Dublin,289,female,1713,1792,False
0150400602_000005,"A residence in France, during the years 1792, 1793, 1794, and 1795; described in a series of letters from an English lady: with general and incidental remarks on the French character and manners. Prepared for the press by John Gifford, Esq. author of the History of France, letter to Lord Lauderdale, &c. In two volumes. ...",English Lady,28,1797,2,2,"London : printed by J. Plymsell; for T. N. Longman, Paternoster Row, 1797.",London,467,female,,,False
0019300104_000006,"Andrew Stuart, or the northern wanderer. A novel. In Four Volumes. By Mary Ann Hanway. Author of Ellinor, or the World as it is. ...",Mary Ann Hanway,33,1800,4,4,"London : printed at the Minerva Press, for William Lane, Leadenhall-Street, 1800.",London,422,female,,,False
0702300800_000003,Strictures on the modern system of female education. With a view of the principles and conduct prevalent among women of rank and fortune. By Hannah More.,Hannah More,33,1799,1,1,"Dublin : printed by William Porter, for P. Wogan, Old-Bridge, and W. Porter, Grafton-Street, 1799.",Dublin,434,female,1745,1833,True
0414500400_000002,Strictures on the modern system of female education. With a view of the principles and conduct prevalent among women of rank and fortune. By Hannah More.,Hannah More,31,1800,1,1,"Dublin : printed by William Porter, for Pat. Wogan, Old-Bridge, and William Porter, Grafton-Street, 1800.",Dublin,460,female,1745,1833,True
0941400102_000013,"Memoirs of modern philosophers. In three volumes. By Elizabeth Hamilton, ...",Elizabeth Hamilton,33,1801,2,3,"Bath : printed by R. Cruttwell; for G. G. and J. Robinson, London, 1800.",Bath,407,female,1758,1816,False
0613000400_000031,A treatise on the immutability of moral truth. By Catharine Macaulay Graham.,Catharine Macaulay,41,1783,1,1,"London : printed by A. Hamilton, jun. And sold by C. Dilly, Poultry ; G. Robinson, Paternoster Row ; T. Cadell, Strand ; T. Lewis, Covent-Garden ; J. Walter, Charing-Cross ; and R. Faulder, New Bond-Street, MDCCLXXXIII. [1783].",London,341,female,1731,1791,True
0898600200_000012,A series of plays: in which it is attempted to delineate the stronger passions of the mind. Each passion being the subject of a tragedy and a comedy.,Joanna Baillie,33,1799,1,1,"London : printed for T. Cadell, jun. and W. Davies, in the Strand, 1799.",London,412,female,1762,1851,False
0103600101_000030,"Poems and essays, by a lady lately deceased. ...",Jane Bowdler,47,1786,1,2,"Bath : printed by R. Cruttwell, MDCCLXXXVI. [1786].",Bath,236,female,1743,1784,False
0343200202_000050,"Religion considered as the only basis of happiness and of true philosophy. A work written for the instruction of the children of his most serene highness the Duke of Orleans; ... By Madame the Marchioness of Sillery, ... In two volumes.",Stéphanie Félicité du Crest de Saint-Aubin,36,1787,2,2,"Dublin : printed by William Porter, for H. Chamberlaine, White, Byrne, Colbert, W. Porter, and Moore, 1787.",Dublin,151,female,1746,1830,True
0343200101_000022,"Religion considered as the only basis of happiness, and of true philosophy. A work written for the instruction of the children of his Most Serene Highness the Duke of Orleans; And in which the Principles of modern pretended Philosophers are laid open and refuted. By Madame the Marchioness of Sillery, heretofore countess of genlis. In two volumes. ...",Stéphanie Félicité du Crest de Saint-Aubin,34,1787,1,2,"London : printed for T. Payne and Son, at the Mews Gate; T. Cadell, and P. Elmsly, in the Strand, M.DCC.LXXXVII. [1787].",London,312,female,1746,1830,True
1144200400_000002,"An essay on the writings and genius of Shakespear, compared with the Greek and French dramatic poets. With some remarks upon the misrepresentations of Mons. de Voltaire.",Elizabeth Montagu,35,1778,1,1,"Dublin : printed for J. Potts, W. Sleater, D. Chamberlaine, J. Williams, and W. Colles, M,DCC,LXXVIII. [1778].",Dublin,232,female,1720,1800,False
0459900600_000006,A series of plays: in which it is attempted to delineate the stronger passions of the mind. Each passion being the subject of a tragedy and a comedy. By Joanna Baillie.,Joanna Baillie,33,1800,1,1,"London : printed for T. Cadell, jun. and W. Davies, In The Strand. 1800. H. Baldwin and Son, printers, New Bridge-Street, [1800].",London,417,female,1762,1851,False
0428600101_000004,"Cecilia, or memoirs of an heiress. By the author of Evelina.",Frances Burney,35,1783,1,5,"London : printed for T. Payne and Son, and T. Cadell, 1783.",London,297,female,1752,1840,True
0341300102_000014,Address to a young lady on her entrance into the world. In two volumes. ...,"Nicklin, Susan",28,1796,2,2,"London : printed for Hookham and Carpenter, 1796.",London,216,female,,,False
