PassageID,Title,Author,Total termFreq,Publication Year,Volume Number,Total Volumes,Imprint,Publication Place,Total Pages,Gender,Birth Year,Death Year,Popular Authors
1253800102_000097,"The Family magazine; or, a Repository of religious instruction, and rational amusement. ... By Mrs. Trimmer.",Sarah Trimmer,49,1788,2,18,"London [England] : printed by and for J[ohn]. Marshall and Co. Aldermary Church Yard, in Bow Lane, [1788-1789].",London,467,female,1741,1810,True
0129900300_000012,Plans of education; with remarks on the systems of other writers. In a series of letters between Mrs. Darnford and her friends. By Clara Reeve.,Clara Reeve,30,1792,1,1,"London : printed for T. Hookham, and J. Carpenter, New and Old Bond-Street, 1792.",London,250,female,1729,1807,True
0442000200_000030,Extracts and original anecdotes; for the improvement of youth.,Mary Leadbeater,38,1794,1,1,"Dublin : printed by R. M. Jackson, NO. 20 Meath-Street, 1794.",Dublin,235,female,1758,1826,False
1253800102_000098,"The Family magazine; or, a Repository of religious instruction, and rational amusement. ... By Mrs. Trimmer.",Sarah Trimmer,39,1788,2,18,"London [England] : printed by and for J[ohn]. Marshall and Co. Aldermary Church Yard, in Bow Lane, [1788-1789].",London,467,female,1741,1810,True
0032700401_000022,"Translation of the letters of a Hindoo Rajah; written previous to, and during the period of his residence in England. To which is prefixed a preliminary dissertation on the history, religion, and manners, of the Hindoos. In two volumes. By Eliza Hamilton, ...",Elizabeth Hamilton,33,1796,1,2,"London : printed for G.G. and J. Robinson, No. 25, Paternoster Row, 1796.",London,341,female,1758,1816,False
0984900200_000039,"Geography and history. Selected by a lady, for the use of her own children.",Lady,41,1790,1,1,"London : printed for B. Law, No. 13, Ave-Maria Lane, Ludgate Street, MDCCXC. [1790].",London,377,female,,,False
0516700401_000014,"Translation of the letters of a Hindoo Rajah; written previous to, and during the period of his residence in England. To which is prefixed a preliminary dissertation on the History, Religion, and Manners, of the Hindoos. In two volumes. By Eliza Hamilton. ...",Elizabeth Hamilton,27,1797,1,2,"Dublin : printed for H. Colbert, No. 136, Capel-Street, 1797.",Dublin,183,female,1758,1816,False
0138900400_000040,"Geography and history. Selected by a lady, for the use of her own children.",Lady,34,1797,1,1,"London : printed for B. Law, No. 5, Stationers-Court; and C. Law, No. 13, Ave-Mary Lane, Ludgate Street, MDCCXCVII. [1797].",London,404,female,,,False
0273100301_000027,"Mental improvement: or the beauties and wonders of nature and art, Conveyed in a Series of Instructive Conversations. By Priscilla Wakefield, Author of Leisure Hours. ...",Priscilla Wakefield,32,1794,1,2,"London : printed and sold by Darton and Harvey, No. 55, Gracechurch-Street, M.DCC.XCIV. [1794].",London,210,female,1751,1832,False
1601700600_000027,"Mental imporvement: Or, the beauties and wonders of nature and art. In a series of instructive conversations. By Priscilla Wakefield, author of leisure hours, juvenile anecdotes, &c. &c. &c.",Priscilla Wakefield,27,1799,1,1,"Dublin : [P]rinted by T. Burnside, Lower Liffey-Street, for P. Wogan, H. Colbert, and J. Gough, 1799.",Dublin,307,female,1751,1832,False
0435002700_000085,"The world unmask'd; or, the philosopher the greatest cheat; in twenty-four dialogues. A new edition. Translated from the French.",Marie Huber,23,1786,1,1,"London : printed and sold by J. Phillips, George-Yard, Lombard-Street, M.DCC.LXXXVI. [1786].",London,369,female,1695,1753,False
0737000201_000005,"Slavery: or, the times. In two volumes. By the author of Monmouth, The Danish massacre, &c. ...","Mackenzie, Anna Maria",23,1792,1,2,"London : printed for G. G. J. and J. Robinsons; and J. Dennis, 1792.",London,222,female,,,False
1683700300_000021,"An easy introduction to the knowledge of nature, and reading the Holy Scriptures. Adapted to the capacities of children. By Mrs. Trimmer.",Sarah Trimmer,30,1796,1,1,"London : Printed for T. Longman, G.G. and J. Robinson, Pater-Noster-Row; J. Johnson, and J. and F. Rivington, St. Paul's Church-Yard, M.DCC.XCVI. [1796].",London,156,female,1741,1810,True
0389401000_000028,"Mental improvement: or, the beauties and wonders of nature and art. In a series of instructive conversations. By Priscilla Wakefield, Author Of Leisure Hours, Juvenile Anecdotes, &c. &c. &c.",Priscilla Wakefield,24,1800,1,1,"Dublin : printed for P. Wogan, No 23, Old Bridge, by T. Burnside, 1800.",Dublin,315,female,1751,1832,False
0277201100_000021,"An easy introduction to the knowledge of nature, and reading the holy scriptures. Adapted to the capacities of children. By Mrs. Trimmer.",Sarah Trimmer,30,1793,1,1,"London : printed for T. Longman, and G. G. J. and J. Robinson, Paternoster-Row; and J. Johnson, St. Paul's Church-Yard, MDCCXCIII. [1793].",London,178,female,1741,1810,True
0463801700_000037,"The grand instructions to the commissioners appointed to frame a new code of laws for the Russian Empire: composed by Her Imperial Majesty Catherine II. Empress of all the Russias. To which is prefixed, a description of the manner of opening the commission, with the orde and rules for electing the commissioners. Translated from the original, in the Russian language, by Michael Tatischeff, a Russian Gentleman; And published by Permission.",Russia. Sovereign (1762-1796: Catherine II),61,1768,1,1,"London : printed for T. Jefferys, at the Corner of St. Martin's Lane, Charing-Cross, MDCCLXVIII. [1768].",London,278,female,,,False
1253800102_000099,"The Family magazine; or, a Repository of religious instruction, and rational amusement. ... By Mrs. Trimmer.",Sarah Trimmer,22,1788,2,18,"London [England] : printed by and for J[ohn]. Marshall and Co. Aldermary Church Yard, in Bow Lane, [1788-1789].",London,467,female,1741,1810,True
0984700100_000039,"Geography and history. Selected by a lady, for the use of her own children.",Lady,32,1794,1,1,"Southampton : printed and sold by T. Baker. For B. Law, Ave-Maria-Lane, Ludgate-Street. [London], MDCCXCIV. [1794].",Southampton,400,female,,,False
0302100703_000029,"Desmond. A novel, in three volumes. By Charlotte Smith. ...",Charlotte Turner Smith,27,1792,3,3,"London : printed for G.G.J. and J. Robinson, Pater-Noster-Row, 1792.",London,365,female,1749,1806,True
1601700600_000026,"Mental imporvement: Or, the beauties and wonders of nature and art. In a series of instructive conversations. By Priscilla Wakefield, author of leisure hours, juvenile anecdotes, &c. &c. &c.",Priscilla Wakefield,25,1799,1,1,"Dublin : [P]rinted by T. Burnside, Lower Liffey-Street, for P. Wogan, H. Colbert, and J. Gough, 1799.",Dublin,307,female,1751,1832,False
0519100400_000021,"An easy introduction to the knowledge of nature, and reading the holy scriptures. Adapted to the capacities of children. By Mrs. Trimmer.",Sarah Trimmer,31,1789,1,1,"London : printed for T. Longman, and G. G. J. and J. Robinson, Paternoster-Row; and J. Johnson, St. Paul's Church-Yard, M.DCC.LXXXIX. [1789].",London,204,female,1741,1810,True
0277901300_000021,"An easy introduction to the knowledge of nature, and reading the holy scriptures. Adapted to the capacities of children. By Mrs. Trimmer.",Sarah Trimmer,31,1783,1,1,"London : printed for J. Dodsley, Pall Mall; T. Longman, and G. Robinson, Pater-Noster-Row; and J. Johnson, St. Paul's Church-Yard, M.DCC.LXXXIII. [1783].",London,211,female,1741,1810,True
0248200500_000021,"An easy introduction to the knowledge of nature, and reading the holy scriptures. Adapted to the capacities of children. By Mrs. Trimmer.",Sarah Trimmer,29,1799,1,1,"London : printed for T. Longman and O. Rees, G. G. and J. Robinson, Paternoster-Row; J. Johnson, and F. and C. Rivington, St. Paul's Church-Yard. [by T. Bensley], M.DCC.XCIX. [1799].",London,156,female,1741,1810,True
1329401200_000021,"An easy introduction to the knowledge of nature, and reading the Holy Scriptures, adapted to the capacities of children. By Mrs. Trimmer.",Sarah Trimmer,30,1787,1,1,"London : Printed for T. Longman, and G. Robinson, Pater-Noster-Row; and J. Johnson, St. Paul's Church-yard, M.DCC.LXXXVII. [1787].",London,204,female,1741,1810,True
1253800102_000096,"The Family magazine; or, a Repository of religious instruction, and rational amusement. ... By Mrs. Trimmer.",Sarah Trimmer,40,1788,2,18,"London [England] : printed by and for J[ohn]. Marshall and Co. Aldermary Church Yard, in Bow Lane, [1788-1789].",London,467,female,1741,1810,True
1047000100_000018,"An easy introduction to the knowledge of nature, and reading the holy scriptures. Adapted to the capacities of children.",Sarah Trimmer,31,1780,1,1,"London : printed for the author, and sold by J. Dodsley, Pall-Mall; J. Robson, Bond-Street; T. Longman, and G. Robinson, Pater-Noster-Row; and J. Johnson, St. Paul's-Church-Yard. Also by Mess. Welles and Grosvenor, Cornhill; and J. Shave, at Ipswich, M.DCC.LXXX. [1780].",London,279,female,1741,1810,True
0984900200_000036,"Geography and history. Selected by a lady, for the use of her own children.",Lady,27,1790,1,1,"London : printed for B. Law, No. 13, Ave-Maria Lane, Ludgate Street, MDCCXC. [1790].",London,377,female,,,False
1601700600_000055,"Mental imporvement: Or, the beauties and wonders of nature and art. In a series of instructive conversations. By Priscilla Wakefield, author of leisure hours, juvenile anecdotes, &c. &c. &c.",Priscilla Wakefield,30,1799,1,1,"Dublin : [P]rinted by T. Burnside, Lower Liffey-Street, for P. Wogan, H. Colbert, and J. Gough, 1799.",Dublin,307,female,1751,1832,False
0009200600_000012,The wanderings of Warwick. By Charlotte Smith.,Charlotte Turner Smith,21,1794,1,1,"London : printed for J. Bell, No. 148, Oxford-Street, M.DCC.XCIV. [1794].",London,293,female,1749,1806,True
0315000700_000043,"All the histories and novels written by the late ingenious Mrs. Behn, intire in one volume. Viz. I. The History of Oroonoko; Or, the Royal-Slave. Written by the Command of King Charles the Second. II. The Fair Jilt; Or, Prince Tarquin. III. Agnes de Castro; Or, the Force of generous Love. IV. The Lover's Watch; Or, the Art of making Love: Being Rules for Courtship for every Hour of the Day and Night. V. The Ladies Looking-Glass to Dress themselves by; Or, the whole Art of Charming all Mankind. VI. The Lucky Mistake. Vii. Memoirs of the Court of the King of Bantam. Viii. The Nun; Or, the Perjured Beauty. IX. The Adventure of the Black Lady. Together with the history of the life and memoirs of Mrs. Behn. By one of the fair sex. Intermix'd with Pleasant Love-Letters that pass'd betwixt her and Minheer Van Bruin, a Dutch Merchant; with her Character of the Country and Lover: And her Love-Letters to a Gentleman in England.",Aphra Behn,21,1718,1,1,"London : printed by J. D. for M. Wellington, at the King's-Head, against St. Clement's Church in the Strand, M.DCC.XVIII. [1718].",London,486,female,1640,1689,True
0138900400_000044,"Geography and history. Selected by a lady, for the use of her own children.",Lady,28,1797,1,1,"London : printed for B. Law, No. 5, Stationers-Court; and C. Law, No. 13, Ave-Mary Lane, Ludgate Street, MDCCXCVII. [1797].",London,404,female,,,False
0311301001_000040,"All the histories and novels written by the late ingenious Mrs. Behn, intire in two volumes. Published by Mr. Charles Gildon.",Aphra Behn,19,1735,1,2,"London : printed for W. Feales, at Rowe's Head, against St. Clement's Church in the Strand; R. Wellington, at the Dolphin and Crown, without Temple-Bar; J. Brindley, at the King's Arms in New Bond-Street; C. Corbett, at Addison's Head, against St. Dunstan's Church in Fleet-Street; A. Bettesworth, and F. Clay, in trust for B. Wellington, M.DCC.XXXV. [1735].",London,337,female,1640,1689,True
0138900400_000038,"Geography and history. Selected by a lady, for the use of her own children.",Lady,23,1797,1,1,"London : printed for B. Law, No. 5, Stationers-Court; and C. Law, No. 13, Ave-Mary Lane, Ludgate Street, MDCCXCVII. [1797].",London,404,female,,,False
0984700100_000040,"Geography and history. Selected by a lady, for the use of her own children.",Lady,23,1794,1,1,"Southampton : printed and sold by T. Baker. For B. Law, Ave-Maria-Lane, Ludgate-Street. [London], MDCCXCIV. [1794].",Southampton,400,female,,,False
0008400300_000553,"The ladies history of England; from the descent of Julius Cæsar, to the summer of 1780. Calculated for the use of the ladies of Great-Britain and Ireland; and likewise adapted to general use, entertainment, and instruction. By Charlotte Cowley.","Cowley, Charlotte",24,1780,1,1,"London : printed for the proprietors; and sold by S. Bladon, No. 13, in Pater-Noster-Row, MDCCLXXX. [1780][-81].",London,774,female,,,False
0311301001_000020,"All the histories and novels written by the late ingenious Mrs. Behn, intire in two volumes. Published by Mr. Charles Gildon.",Aphra Behn,27,1735,1,2,"London : printed for W. Feales, at Rowe's Head, against St. Clement's Church in the Strand; R. Wellington, at the Dolphin and Crown, without Temple-Bar; J. Brindley, at the King's Arms in New Bond-Street; C. Corbett, at Addison's Head, against St. Dunstan's Church in Fleet-Street; A. Bettesworth, and F. Clay, in trust for B. Wellington, M.DCC.XXXV. [1735].",London,337,female,1640,1689,True
0113000101_000020,"All the histories and novels written by the late ingenious Mrs. Behn, intire in two volumes. Published by Mr. Charles Gildon.",Aphra Behn,27,1722,1,2,"London : printed by J.D. for M.P. and sold by A. Bettesworth, and F. Clay, 1722.",London,337,female,1640,1689,True
0426701700_000005,"Slavery: or, the times. By the author of Monmouth, The Danish massacre, &c.","Mackenzie, Anna Maria",19,1793,1,1,"Dublin : printed for Messrs. P. Wogan, P. Byrne, J. Moore, W. Jones, and J. Rice, 1793.",Dublin,308,female,,,False
0426701700_000004,"Slavery: or, the times. By the author of Monmouth, The Danish massacre, &c.","Mackenzie, Anna Maria",15,1793,1,1,"Dublin : printed for Messrs. P. Wogan, P. Byrne, J. Moore, W. Jones, and J. Rice, 1793.",Dublin,308,female,,,False
0113000101_000041,"All the histories and novels written by the late ingenious Mrs. Behn, intire in two volumes. Published by Mr. Charles Gildon.",Aphra Behn,22,1722,1,2,"London : printed by J.D. for M.P. and sold by A. Bettesworth, and F. Clay, 1722.",London,337,female,1640,1689,True
0389401000_000027,"Mental improvement: or, the beauties and wonders of nature and art. In a series of instructive conversations. By Priscilla Wakefield, Author Of Leisure Hours, Juvenile Anecdotes, &c. &c. &c.",Priscilla Wakefield,20,1800,1,1,"Dublin : printed for P. Wogan, No 23, Old Bridge, by T. Burnside, 1800.",Dublin,315,female,1751,1832,False
0380900401_000003,Rambles farther: a continuation of Rural walks: in dialogues. Intended for the use of young persons. By Charlotte Smith. In two volumes. ...,Charlotte Turner Smith,22,1796,1,2,"London : printed for T. Cadell jun. and W. Davies, (successors to Mr. Cadell) in the Strand, 1796.",London,161,female,1749,1806,True
0363500103_000019,"Tales of the castle: or, stories of instruction and delight. Being Les veillees du chateau, written in French by Madame la Comtesse de Genlis, Author of the Theatre of Education, Adela and Theodore, &c. Translated into English by Thomas Holcroft,",Stéphanie Félicité du Crest de Saint-Aubin,18,1793,3,5,"London : printed for G. G. J. and J. Robinson, No. 25, Pater-Noster-Row, 1793.",London,285,female,1746,1830,True
0206803002_000017,"The rambles of fancy; or, moral and interesting tales. Containing, The Laplander, The ambitious mother, Letters from - Lindamira to Olivia, Miranda to Elvira, Felicia to Cecilia, the American Indian, the Fatal Resolution, the Creole. By the author of The adventures of the six Princesses of Babylon. In two volumes. ...","Peacock, Lucy",21,1786,2,2,"London : printed by T. Bensley, for the author; and sold by J. Buckland, Paternoster-Row ; T. Hookham, New Bond-Street ; T. Becket, Pall Mall ; J. Pridden, Fleet-Street ; A. Perfetti, No 91, Wimpole-Street ; and by the author, No. 28, Warwick-Street, Golden-Square. (entered at Stationers Hall.), MDCCLXXXVI. [1786].",London,178,female,,,False
0364000203_000019,"Tales of the castle: or, stories of instruction and delight. Being Les veillees du chateau, written in French by Madame la Comtesse de Genlis, Author of the Theatre of Education, Adela and Theodore, &c. Translated into English by Thomas Holcroft,",Stéphanie Félicité du Crest de Saint-Aubin,18,1787,3,5,"London : printed for G. G. J. and J. Robinson, No. 25, Pater-Noster-Row, 1787.",London,286,female,1746,1830,True
0757400501_000048,"Desmond. A novel, in three volumes. By Charlotte Smith. ...",Charlotte Turner Smith,18,1792,1,3,"London : printed for G.G.J. and J. Robinson, Pater-Noster-Row, 1792.",London,303,female,1749,1806,True
0273100302_000026,"Mental improvement: or the beauties and wonders of nature and art, Conveyed in a Series of Instructive Conversations. By Priscilla Wakefield, Author of Leisure Hours. ...",Priscilla Wakefield,27,1794,2,2,"London : printed and sold by Darton and Harvey, No. 55, Gracechurch-Street, M.DCC.XCIV. [1794].",London,200,female,1751,1832,False
0363500102_000054,"Tales of the castle: or, stories of instruction and delight. Being Les veillees du chateau, written in French by Madame la Comtesse de Genlis, Author of the Theatre of Education, Adela and Theodore, &c. Translated into English by Thomas Holcroft,",Stéphanie Félicité du Crest de Saint-Aubin,19,1793,2,5,"London : printed for G. G. J. and J. Robinson, No. 25, Pater-Noster-Row, 1793.",London,264,female,1746,1830,True
0737000201_000004,"Slavery: or, the times. In two volumes. By the author of Monmouth, The Danish massacre, &c. ...","Mackenzie, Anna Maria",15,1792,1,2,"London : printed for G. G. J. and J. Robinsons; and J. Dennis, 1792.",London,222,female,,,False
0008400300_000608,"The ladies history of England; from the descent of Julius Cæsar, to the summer of 1780. Calculated for the use of the ladies of Great-Britain and Ireland; and likewise adapted to general use, entertainment, and instruction. By Charlotte Cowley.","Cowley, Charlotte",23,1780,1,1,"London : printed for the proprietors; and sold by S. Bladon, No. 13, in Pater-Noster-Row, MDCCLXXX. [1780][-81].",London,774,female,,,False
0628601200_000003,Rambles farther: a continuation of Rural Walks: in dialogues. Intended for the use of young persons. By Charlotte Smith. Two Volumes in One.,Charlotte Turner Smith,20,1796,1,1,"Dublin : printed for P. Wogan, P. Byrne, J. Moore, B. Dugdale, H. Fitzpatrick, J. Rice, and J. Milliken, 1796.",Dublin,276,female,1749,1806,True
0442000200_000029,Extracts and original anecdotes; for the improvement of youth.,Mary Leadbeater,22,1794,1,1,"Dublin : printed by R. M. Jackson, NO. 20 Meath-Street, 1794.",Dublin,235,female,1758,1826,False
1538600500_000034,"All the histories and novels written by the late ingenious Mrs. Behn, entire in one volume. Viz. I. The history of Oroonoko, or the royal slave. Written by the command of King Charles the second. II. The fair Jilt, or Prince Tarquin. III. Agnes de Castro, or the force of generous love. IV. The lovers watch, or the art of making love; being rules for courtship for every hour of the day and night. V. The ladies looking-glass to dress themselves by, or the whole art of charming all mankind. VI. The lucky mistake. VII. Memoirs of the court of the King of Bantam. VIII. The nun, or the perjured beauty. IX. The adventure of the black lady. These three last never before published. Together with the history of the life and memoirs of Mrs. Behn. Never before printed. By one of the fair sex. Intermix'd with pleasant love-letters that pass'd betwixt her and Minheer Van Bruin, a Dutch merchant; with her character of the country and lover: and her love-letters to a gentleman in England.",Aphra Behn,20,1700,1,1,"London : Printed for R. Wellington, at the Lute in St. Paul's Church-yard: and are to be sold by R. Tuckyr, at the Golden Leg, the corner of Salisbury Street, in the Strand, 1700.",London,525,female,1640,1689,True
0381500602_000054,"Tales of the castle: or, stories of instruction and delight. Being Les veillées du chateau, written in French by Madame la comtesse de Genlis, Author of the Theatre of Education, Adela and Theodore, &c. Translated into English by Thomas Holcroft. ...",Stéphanie Félicité du Crest de Saint-Aubin,18,1785,2,5,"London : printed for G. Robinson, No 25, Pater-Noster-Row, MDCCLXXXV. [1785].",London,297,female,1746,1830,True
0381500603_000019,"Tales of the castle: or, stories of instruction and delight. Being Les veillées du chateau, written in French by Madame la comtesse de Genlis, Author of the Theatre of Education, Adela and Theodore, &c. Translated into English by Thomas Holcroft. ...",Stéphanie Félicité du Crest de Saint-Aubin,18,1785,3,5,"London : printed for G. Robinson, No 25, Pater-Noster-Row, MDCCLXXXV. [1785].",London,320,female,1746,1830,True
0311501000_000017,"Mentoria: or, the young ladies instructor, in familiar conversations on moral and entertaining subjects: Calculated to improve Young Minds In the Essential, as well as Ornamental Parts of Female Education. By Ann Murry.","Murry, Ann",28,1785,1,1,"London : printed by Frys and Couchman, for Charles Dilly, in the Poultry, M.DCC.LXXXV. [1785].",London,292,female,,,False
1401700300_000043,"Two voyages to Sierra Leone, during the years 1791-2-3, in a series of letters, By Anna Maria Falconbridge. To which is added, a letter from the author, to Henry Thornton, Esq. M.P. and chairman of the Court of Directors of the Sierra Leone Company.","Falconbridge, A. M. (Anna Maria)",37,1794,1,1,"London : Printed for the author, and sold by different booksellers throughout the Kingdom, 1794.",London,291,female,,,False
0322000700_000017,"Mentoria: or, the young ladies instructor, in familiar conversations on moral and entertaining subjects: Calculated to improve Young Minds In the Essential, as well as Ornamental Parts of Female Education. By Ann Murry.","Murry, Ann",29,1791,1,1,"London : printed by L. Wayland, for Charles Dilly, in the Poultry, M.DCC.XCI. [1791].",London,294,female,,,False
0984700100_000037,"Geography and history. Selected by a lady, for the use of her own children.",Lady,21,1794,1,1,"Southampton : printed and sold by T. Baker. For B. Law, Ave-Maria-Lane, Ludgate-Street. [London], MDCCXCIV. [1794].",Southampton,400,female,,,False
0009200600_000011,The wanderings of Warwick. By Charlotte Smith.,Charlotte Turner Smith,19,1794,1,1,"London : printed for J. Bell, No. 148, Oxford-Street, M.DCC.XCIV. [1794].",London,293,female,1749,1806,True
0313901003_000021,"A collection of entertaining histories and novels, ... By Mrs. Penelope Aubin. And now first collected in three volumes. ...",Penelope Aubin,23,1739,3,3,"London : printed for D. Midwinter, A. Bettesworth and C Hitch, J. and J. Pemberton, R. Ware, C. Rivington, A. Ward, J. and P. Knapton, T. Longman, R. Hett, S. Austen, and J. Wood, 1739.",London,320,female,1679,1731,False
1613702500_000043,"Two voyages to Sierra Leone, during the years 1791-2-3, in a series of letters, By Anna Maria Falconbridge.To which is added, a letter from the author, to Henry Thornton, Esq. M.P. and chairman of the Court of Directors of the Sierra Leone Company.","Falconbridge, A. M. (Anna Maria)",35,1794,1,1,"London : Printed for the author, and sold by different booksellers throughout the kingdom, 1794.",London,291,female,,,False
0364000202_000054,"Tales of the castle: or, stories of instruction and delight. Being Les veillees du chateau, written in French by Madame la Comtesse de Genlis, Author of the Theatre of Education, Adela and Theodore, &c. Translated into English by Thomas Holcroft,",Stéphanie Félicité du Crest de Saint-Aubin,17,1787,2,5,"London : printed for G. G. J. and J. Robinson, No. 25, Pater-Noster-Row, 1787.",London,265,female,1746,1830,True
0984900200_000043,"Geography and history. Selected by a lady, for the use of her own children.",Lady,24,1790,1,1,"London : printed for B. Law, No. 13, Ave-Maria Lane, Ludgate Street, MDCCXC. [1790].",London,377,female,,,False
0008400300_000621,"The ladies history of England; from the descent of Julius Cæsar, to the summer of 1780. Calculated for the use of the ladies of Great-Britain and Ireland; and likewise adapted to general use, entertainment, and instruction. By Charlotte Cowley.","Cowley, Charlotte",25,1780,1,1,"London : printed for the proprietors; and sold by S. Bladon, No. 13, in Pater-Noster-Row, MDCCLXXX. [1780][-81].",London,774,female,,,False
1749800100_000078,"Friendship in death: in twenty letters from the dead to the living. To which are added, letters moral and entertaining, in prose and verse. In three parts. By Mrs. Elizabeth Rowe.",Elizabeth Rowe,19,1740,1,1,"London : printed for Henry Lintot, 1740.",London,491,female,1674,1737,False
0019000101_000005,"The asiatic princess. Dedicated, by permission, to Her Royal Highness Princess Charlotte of Wales. By Mrs. Pilkington.",Mary Pilkington,17,1800,1,2,"London : printed for Vernor and Hood, in the Poultry ; and E. Newbery, Corner of St. Paul's Church-Yard ; by J. Cundee, Ivy-Lane, 1800.",London,182,female,1766,1839,True
0315000700_000021,"All the histories and novels written by the late ingenious Mrs. Behn, intire in one volume. Viz. I. The History of Oroonoko; Or, the Royal-Slave. Written by the Command of King Charles the Second. II. The Fair Jilt; Or, Prince Tarquin. III. Agnes de Castro; Or, the Force of generous Love. IV. The Lover's Watch; Or, the Art of making Love: Being Rules for Courtship for every Hour of the Day and Night. V. The Ladies Looking-Glass to Dress themselves by; Or, the whole Art of Charming all Mankind. VI. The Lucky Mistake. Vii. Memoirs of the Court of the King of Bantam. Viii. The Nun; Or, the Perjured Beauty. IX. The Adventure of the Black Lady. Together with the history of the life and memoirs of Mrs. Behn. By one of the fair sex. Intermix'd with Pleasant Love-Letters that pass'd betwixt her and Minheer Van Bruin, a Dutch Merchant; with her Character of the Country and Lover: And her Love-Letters to a Gentleman in England.",Aphra Behn,24,1718,1,1,"London : printed by J. D. for M. Wellington, at the King's-Head, against St. Clement's Church in the Strand, M.DCC.XVIII. [1718].",London,486,female,1640,1689,True
0100300300_000021,"The life of Charlotta Du Pont, an English lady; taken from her own memoirs. Giving an account how she was trepan'd by her stepmother to Virginia, how the Ship was taken by some Madagasear Pirates, and retaken by a Spanish Man of War. Of her Marriage in the Spanish West-Indies, and Adventures whilst she resided there, with her return to England. And the History of several Gentlemen and Ladys whom she met withal in her Travels; some of whom had been Slaves in Barbary, and others cast on Shore by Shipwreck on the barbarous Coasts up the great River Oroonoko: with their Escape thence, and safe Return to France and Spain. A History that contains the greatest Variety of Events that ever was publish'd. By Mrs. Aubin.",Penelope Aubin,22,1723,1,1,"London : printed for A. Bettesworth at the Red Lion in Pater-Noster-Row, M.DCC.XXIII. [1723].",London,289,female,1679,1731,False
0019800200_000024,"The history of Oronooko; or, the royal slave. A novel. Containing a variety of entertaining passages. Published by Charles Gildon.",Aphra Behn,15,1770,1,1,"Doncaster : printed by C. Plummer, MDCCLXX. [1770].",Doncaster,151,female,1640,1689,True
0699500802_000001,"The inquisitor; or, Invisible rambler. In three volumes. By Mrs. Rowson, author of Victoria. Volume I[-III].",Susanna Rowson,16,1794,2,3,"Philadelphia : Printed for Mathew Carey, bookseller, South Market Street, near Fourth, --1794--",Philadelphia,78,female,1762,1824,True
1545900600_000008,The wanderings of Warwick. By Charlotte Smith.,Charlotte Turner Smith,18,1794,1,1,"Dublin : Printed for P. Wogan, P. Byrne, J. Moore, W. Jones, W. Porter, H. Colbert, and J. Rice, 1794.",Dublin,291,female,1749,1806,True
0442000200_000028,Extracts and original anecdotes; for the improvement of youth.,Mary Leadbeater,27,1794,1,1,"Dublin : printed by R. M. Jackson, NO. 20 Meath-Street, 1794.",Dublin,235,female,1758,1826,False
0013400101_000099,"A collection of novels, selected and revised by Mrs. Griffith. ...",Elizabeth Griffith,18,1777,1,3,"London : printed for G. Kearsly, at No. 40, in Fleet-Street: and the other Proprietors, MDCCLXXVII. [1777].",London,290,female,1720,1793,True
0020800502_000001,"The inquisitor; or, invisible rambler. In three volumes. By Mrs. Rowson, Author of Victoria. ...",Susanna Rowson,17,1788,2,3,"[London] : Printed for G. G. J. and J. Robinson, Paternoster Row, M.DCC.LXXXVIII. [1788].",London,186,female,1762,1824,True
1208900100_000058,"The history of England, from the Revolution to the present time, in a series of letters to the Reverend Doctor Wilson, Rector of St. Stephen's, Walbrook, and Prebendary of Westminster. By Catharine Macaulay. Vol.I.",Catharine Macaulay,23,1779,1,1,"Dublin : printed for John Exshaw, No. 86, and William Hallhead, No. 63, Dame-Street, M.DCC.LXXIX. [1779].",Dublin,463,female,1731,1791,True
0653400100_000017,"Mentoria: or, the young ladies instructor, in familiar conversations on moral and entertaining subjects: Calculated to improve Young Minds In the Essential, as well as Ornamental Parts of Female Education. By Ann Murry.","Murry, Ann",27,1782,1,1,"London : printed by Frys, Couchman, and Collier, for Charles Dilly, in the Poultry, M.DCC.LXXXII. [1782].",London,295,female,,,False
0008400300_000738,"The ladies history of England; from the descent of Julius Cæsar, to the summer of 1780. Calculated for the use of the ladies of Great-Britain and Ireland; and likewise adapted to general use, entertainment, and instruction. By Charlotte Cowley.","Cowley, Charlotte",34,1780,1,1,"London : printed for the proprietors; and sold by S. Bladon, No. 13, in Pater-Noster-Row, MDCCLXXX. [1780][-81].",London,774,female,,,False
0106200901_000075,The works of Mrs Elizabeth Rowe: in four volumes. ... . Containing Letters from the Dead to the Living. In Twenty Letters. Letters Moral & Entertaining Parts First & Second.,Elizabeth Rowe,20,1796,1,4,"London : printed for John & Arthur Arch, Grace-Church Street, & for Silvester Doig, Edinburgh, 1796.",London,319,female,1674,1737,True
1401700300_000044,"Two voyages to Sierra Leone, during the years 1791-2-3, in a series of letters, By Anna Maria Falconbridge. To which is added, a letter from the author, to Henry Thornton, Esq. M.P. and chairman of the Court of Directors of the Sierra Leone Company.","Falconbridge, A. M. (Anna Maria)",22,1794,1,1,"London : Printed for the author, and sold by different booksellers throughout the Kingdom, 1794.",London,291,female,,,False
0898500500_000013,"Lyrical tales, by Mrs. Mary Robinson.",Mary Robinson,13,1800,1,1,"London : printed for T. N. Longman and O. Rees, Paternoster-Row, by Biggs and Co. Bristol, 1800.",London,222,female,1758,1800,True
0013400101_000090,"A collection of novels, selected and revised by Mrs. Griffith. ...",Elizabeth Griffith,21,1777,1,3,"London : printed for G. Kearsly, at No. 40, in Fleet-Street: and the other Proprietors, MDCCLXXVII. [1777].",London,290,female,1720,1793,True
1772800203_000020,The works of Mrs. Behn. Entire in three volumes. ...,Aphra Behn,20,1711,3,3,"London : printed for R. Wellington, 1711.",London,470,female,1640,1689,True
1696600500_000065,"A chronological account and brief history of the events of the French revolution, From the taking of the Bastile, in 1789, to the conquest of Holland, in 1795, including a period of nearly six years, by J. Talma, a native of Paris, and now a dentist in Chester.","Talma, Julie",18,1795,1,1,"London : Printed for the author, and sold by G. Sael, Newcastle-Street, Strand, [1795]",London,254,female,1756,1805,False
0129900300_000014,Plans of education; with remarks on the systems of other writers. In a series of letters between Mrs. Darnford and her friends. By Clara Reeve.,Clara Reeve,18,1792,1,1,"London : printed for T. Hookham, and J. Carpenter, New and Old Bond-Street, 1792.",London,250,female,1729,1807,True
0036600400_000020,"All the histories and novels written by the late ingenious Mrs. Behn, Entire in One Volume. Viz. I. The History of Oroonoko, or the Royal Slave. Written by the Command of King Charles the Second. II. The Fair Jist, or Prince Tarquin. III. Agnes de Castro, or the Force of Generous Love. IV. The Lover's Watch, or the Art of making Love; being Rules for Courtship for every Hour of the Day and Night. V. The Ladies Looking-Glass to Dress themselves by, or the whole Art of Charming all Mankind. VI. The Lucky Mistake. Vii. Memoirs of the Court of the King of Banram. Viii. The Nun, or the Perjured Beauty. IX The Adventure of the Black Lady. Together with the history of the life and memoirs of Mrs. Behn. By one of the Fair Sex. Intermix'd with Pleasant Love-Letters that pass'd betwixt her and Minheer Van Bruin, a Dutch Merchant; with her Character of the Country and Lover: And her Love-Letters to a Gentleman in England.",Aphra Behn,24,1705,1,1,"London : printed for R. Wellington, at the Dolphin and Crown in St. Paul's Church-Yard, 1705.",London,469,female,1640,1689,True
1451901800_000017,"Evening recreations: a collection of original stories, for the amusement of her young friends. By a Lady.",Lady,15,1794,1,1,"London : Printed for J. Deighton, No. 325, Holborn, MDCCXCIV. [1794].",London,230,female,,,False
0355800102_000067,"Tales of the castle: or, stories of instruction and delight. Being Les veillées du chateau, written in French by Madame la Comtesse de Genlis, Author of the Theatre of Education, Adela and Theodore, &c. Translated into English by Thomas Holcroft. ...",Stéphanie Félicité du Crest de Saint-Aubin,14,1785,2,4,"Dublin : printed for Messrs. Price, Moncrieffe, Jenkin, Walker, Burton, Exshaw, White, Byrne, Parker, H. White-Stone, and Cash, MDCCLXXXV. [1785].",Dublin,282,female,1746,1830,True
0613400800_000017,"A sketch of universal history, from the earliest times, to the year 1763; distinctly divided into ages and periods, For The Assistance Of The Memory. By a lady.",Lady,20,1786,1,1,"London : printed for the author; and sold by T. Payne and Son, At The Mews-Gats, M.DCC.LXXXVI. [1786].",London,97,female,,,False
0295901200_000008,"The happy king. A sacred poem: with occasional remarks. Respectfully addressed to George the Third, by Catharine Phillips.","Phillips, Catharine",17,1794,1,1,"[London] : Printed for the author, in the year, 1794.",London,131,female,1727,1794,False
1252300600_000081,"Friendship in death; in twenty letters from the dead to the living. To which are added, letters moral and entertaining, in prose and verse. In three parts. By Mrs. Elizabeth Rowe.",Elizabeth Rowe,18,1770,1,1,"London : printed for the proprietors, and sold by all the booksellers in Great-Britain and Ireland, MDCCLXX. [1770].",London,369,female,1674,1737,True
0008400300_000708,"The ladies history of England; from the descent of Julius Cæsar, to the summer of 1780. Calculated for the use of the ladies of Great-Britain and Ireland; and likewise adapted to general use, entertainment, and instruction. By Charlotte Cowley.","Cowley, Charlotte",17,1780,1,1,"London : printed for the proprietors; and sold by S. Bladon, No. 13, in Pater-Noster-Row, MDCCLXXX. [1780][-81].",London,774,female,,,False
0874500604_000117,"La belle assemblée: being a curious collection of some very remarkable incidents which happened to persons of the first quality in France. Interspers'd with entertaining and improving observations made by them on several Passages in History, both Ancient and Modern. Written in French for the Entertainment of the King, and dedicated to him by Madam de Gomez. Adorn'd with copper-plates. Vol.IV.",Madeleine Angélique Poisson Gomez,17,1738,4,4,"London : printed for D. Browne, J. Brotherton, J. and R. Hazard, W. Meadows, T. Cox, W. Hinchliffe, T. Astley, S. Austen, L. Gilliver, H. Lintot, and E. Comins, MDCC.XXXVIII. [1738].",London,350,female,1684,1770,False
1089300900_000078,"Friendship in death: in twenty letters from the dead to the living. To which are added letters moral and entertaining, in prose and verse. In three parts. By Mrs. Elizabeth Rowe.",Elizabeth Rowe,18,1743,1,1,"London : printed for Henry Lintot; and sold by B. Dod, at the Bible and Key in Avemary-Lane, near Stationer's-Hall, MDCCXLIII. [1743].",London,496,female,1674,1737,True
0008400300_000671,"The ladies history of England; from the descent of Julius Cæsar, to the summer of 1780. Calculated for the use of the ladies of Great-Britain and Ireland; and likewise adapted to general use, entertainment, and instruction. By Charlotte Cowley.","Cowley, Charlotte",41,1780,1,1,"London : printed for the proprietors; and sold by S. Bladon, No. 13, in Pater-Noster-Row, MDCCLXXX. [1780][-81].",London,774,female,,,False
0986000400_000091,"The instructor: or, American young man's best companion. Containing, spelling, reading, writing, and arithmetick, in an easier way than any yet published; and how to qualify any person for business, without the help of a master. Instructions to write variety of hands ... How to write letters on business or friendship. Forms of deeds ... releases, &c. Also, merchants accounts, and a short and easy method of shop and book-keeping ... Together with a method of measuring carpenters ... and painters work ... Likewise, the practical gauger, made easy ... and some genera observations for gardening every month in the year. To which is added, the family's best companion ... And a compendium of the sciences of geography and astronomy ... Also, several very useful tables. By George Fisher, accomptant.",Anne Fisher,24,1785,1,1,"Printed at Worcester, Massachusetts : by Isaiah Thomas, for I. Thomas, in Worcester; J. Boyle, E. Battelle, W. Green, B. Larkin, and J. Condy, in Boston, MDCCLXXXV. [1785] (Price bound 6s).",Boston|Worcester.,392,female,1719,1778,False
0364000203_000020,"Tales of the castle: or, stories of instruction and delight. Being Les veillees du chateau, written in French by Madame la Comtesse de Genlis, Author of the Theatre of Education, Adela and Theodore, &c. Translated into English by Thomas Holcroft,",Stéphanie Félicité du Crest de Saint-Aubin,18,1787,3,5,"London : printed for G. G. J. and J. Robinson, No. 25, Pater-Noster-Row, 1787.",London,286,female,1746,1830,True
1545900600_000011,The wanderings of Warwick. By Charlotte Smith.,Charlotte Turner Smith,15,1794,1,1,"Dublin : Printed for P. Wogan, P. Byrne, J. Moore, W. Jones, W. Porter, H. Colbert, and J. Rice, 1794.",Dublin,291,female,1749,1806,True
0026400600_000014,"Britain's golden mines discover'd: or, the fishery trade considered, Under these Three Heads, I. What Benefit Britain may reap by it. II. Which is the most probable Way of recovering it. III. The Three great Fishing Trades, viz. That upon our own Coasts, That upon our own Coasts, That upon the Coasts of Greenland, and that upon the Coasts of Newfoundland, particularly examined. In a letter from Sally Fisher, at Paris, to Mally Loverus, at London.","Fisher, Sally",54,1720,1,1,"London : printed for J. Morphew near Stationers-Hall, 1720.",London,99,female,,,False
0033500400_000075,"Friendship in death, in twenty letters from the dead to the living. To which are added, Thoughts on death: translated from the Moral essays of the Messieurs du Port Royal.",Elizabeth Rowe,17,1733,1,1,"London : printed for T. Worrall, at Judge Coke's Head, against St Dunstan's Church in Fleet-Street, [1733].",London,479,female,1674,1737,True
0426701700_000064,"Slavery: or, the times. By the author of Monmouth, The Danish massacre, &c.","Mackenzie, Anna Maria",13,1793,1,1,"Dublin : printed for Messrs. P. Wogan, P. Byrne, J. Moore, W. Jones, and J. Rice, 1793.",Dublin,308,female,,,False
0381500603_000020,"Tales of the castle: or, stories of instruction and delight. Being Les veillées du chateau, written in French by Madame la comtesse de Genlis, Author of the Theatre of Education, Adela and Theodore, &c. Translated into English by Thomas Holcroft. ...",Stéphanie Félicité du Crest de Saint-Aubin,18,1785,3,5,"London : printed for G. Robinson, No 25, Pater-Noster-Row, MDCCLXXXV. [1785].",London,320,female,1746,1830,True
0398900800_000002,"Slavery, a poem. By Hannah More.",Hannah More,18,1788,1,1,"London : printed for T. Cadell, in the Strand, M.DCC.LXXXVIII. [1788].",London,23,female,1745,1833,True
0940700803_000043,"The old manor house. A novel, in four volumes. By Charlotte Smith.",Charlotte Turner Smith,16,1793,3,4,"London : printed for J. Bell, 1793.",London,340,female,1749,1806,True
0381401100_000056,Dialogues of the dead.,Elizabeth Montagu,22,1768,1,1,"London : printed for J. Murray (successor to Mr. Sandby) at No. 32, opposite St. Dunstan's Church, in Fleet-Street, M.DCC.LXVIII. [1768].",London,452,female,1720,1800,False
1622600102_000058,"Tales of the castle: Or, Stories of instruction and delight being Les veilles du Chateau, written in French by Madame la Comtesse de Genlis, author of the Theatre of education, Adela and Theodore, &c. Translated into English by Thomas Holcroft.",Stéphanie Félicité du Crest de Saint-Aubin,15,1789,2,4,"Dublin : Printed for Messrs. Moncrieffe, Walker, White, Byrne, and Parker, MDCCLXXXIX. [1789].",Dublin,298,female,1746,1830,True
0036600400_000041,"All the histories and novels written by the late ingenious Mrs. Behn, Entire in One Volume. Viz. I. The History of Oroonoko, or the Royal Slave. Written by the Command of King Charles the Second. II. The Fair Jist, or Prince Tarquin. III. Agnes de Castro, or the Force of Generous Love. IV. The Lover's Watch, or the Art of making Love; being Rules for Courtship for every Hour of the Day and Night. V. The Ladies Looking-Glass to Dress themselves by, or the whole Art of Charming all Mankind. VI. The Lucky Mistake. Vii. Memoirs of the Court of the King of Banram. Viii. The Nun, or the Perjured Beauty. IX The Adventure of the Black Lady. Together with the history of the life and memoirs of Mrs. Behn. By one of the Fair Sex. Intermix'd with Pleasant Love-Letters that pass'd betwixt her and Minheer Van Bruin, a Dutch Merchant; with her Character of the Country and Lover: And her Love-Letters to a Gentleman in England.",Aphra Behn,17,1705,1,1,"London : printed for R. Wellington, at the Dolphin and Crown in St. Paul's Church-Yard, 1705.",London,469,female,1640,1689,True
0033300300_000021,"The life of Charlotta Du Pont, an English lady; taken from her own memoirs. Giving an account how she was trepann'd by her step-mother to Virginia, how the Ship was taken by some Madagascar Pirates, and retaken by a Spanish Man of War: Of her Marriage in the Spanish West-Indies, and Adventures whilst she resided there, with her Return to England: And the History of several Gentlemen and Ladies whom she met withal in her Travels; some of whom had been Slaves in Barbary, and others cast on Shore by Shipwreck on the barbarous Coasts up the Great River Oroonoko; with their Escape thence, and safe Return to France and Spain.",Penelope Aubin,19,1739,1,1,"London : [s.n.], Printed in the Year 1739.",London,201,female,1679,1731,False
1622600102_000073,"Tales of the castle: Or, Stories of instruction and delight being Les veilles du Chateau, written in French by Madame la Comtesse de Genlis, author of the Theatre of education, Adela and Theodore, &c. Translated into English by Thomas Holcroft.",Stéphanie Félicité du Crest de Saint-Aubin,16,1789,2,4,"Dublin : Printed for Messrs. Moncrieffe, Walker, White, Byrne, and Parker, MDCCLXXXIX. [1789].",Dublin,298,female,1746,1830,True
0311400100_000017,"Mentoria; or, the young ladies instructor: in familiar conversations, on moral and entertaining subjects. Calculated to improve Young Minds In the Essential as well as Ornamental Parts Of Female Education. By Ann Murry.","Murry, Ann",25,1794,1,1,"London : printed for C. Dilly, in the Poultry, 1794.",London,296,female,,,False
1577700200_000004,The history of Sir George Ellison. In two volumes.,Sarah Scott,18,1767,1,1,"Dublin : printed by W. Sleater, J. Potts, and J. Williams, MDCCLXVII. [1767].",Dublin,295,female,1720,1795,True
0569001000_000053,Dialogues of the dead. By the late Lord (George) Lyttleton.,Elizabeth Montagu,20,1797,1,1,"Printed at Worcester, Massachusetts : by Thomas, Son & Thomas. Sold by them, and in Boston, by Thomas & Andrews, April--1797.",Boston|Worcester.,263,female,1720,1800,False
0036600400_000033,"All the histories and novels written by the late ingenious Mrs. Behn, Entire in One Volume. Viz. I. The History of Oroonoko, or the Royal Slave. Written by the Command of King Charles the Second. II. The Fair Jist, or Prince Tarquin. III. Agnes de Castro, or the Force of Generous Love. IV. The Lover's Watch, or the Art of making Love; being Rules for Courtship for every Hour of the Day and Night. V. The Ladies Looking-Glass to Dress themselves by, or the whole Art of Charming all Mankind. VI. The Lucky Mistake. Vii. Memoirs of the Court of the King of Banram. Viii. The Nun, or the Perjured Beauty. IX The Adventure of the Black Lady. Together with the history of the life and memoirs of Mrs. Behn. By one of the Fair Sex. Intermix'd with Pleasant Love-Letters that pass'd betwixt her and Minheer Van Bruin, a Dutch Merchant; with her Character of the Country and Lover: And her Love-Letters to a Gentleman in England.",Aphra Behn,21,1705,1,1,"London : printed for R. Wellington, at the Dolphin and Crown in St. Paul's Church-Yard, 1705.",London,469,female,1640,1689,True
1007800100_000052,Dialogues of the dead. By George Lord Lyttleton. [sic].,Elizabeth Montagu,23,1795,1,1,"London : printed for J. Walker, 1795.",London,98,female,1720,1800,False
0259600200_000079,"Friendship in death; in twenty letters from the dead to the living. To which are added, letters moral and entertaining, in prose and verse. In three parts. By Mrs. Elizabeth Rowe.",Elizabeth Rowe,24,1750,1,1,"London : printed for Henry Lintot, M.DCC.L. [1750].",London,505,female,1674,1737,True
0019800200_000002,"The history of Oronooko; or, the royal slave. A novel. Containing a variety of entertaining passages. Published by Charles Gildon.",Aphra Behn,18,1770,1,1,"Doncaster : printed by C. Plummer, MDCCLXX. [1770].",Doncaster,151,female,1640,1689,True
1061000100_000031,"A dialogue between a lady and her pupils, describing a journey through England and Wales; in which a detail of the different arts and manufactures of each city and town is accurately given; Interspersed with Observations and Descriptions in Natural History. Designed for young ladies and schools. By Mrs. Brook.","Brook, Mrs",26,1800,1,1,"London : printed for and sold by Thomas Clio Rickman, Upper Mary-Le-Bone Street; and to be had of all booksellers, [1800?].",London,287,female,,,False
0363500204_000114,"La belle assemblée: being a curious collection of some very remarkable incidents which happen'd to persons of the first quality in France. Interspers'd with entertaining and improving observations made by them on several Passages in History, both Ancient and Modern. Written in French for the Entertainment of the King, and dedicated to him by Madam de Gomez. Adorn'd with copper-plates. In four volumes.",Madeleine Angélique Poisson Gomez,17,1765,4,4,"London : printed for H. Woodfall, W. Strahan, J. Rivington, R. Baldwin, W. Johnston, C. Rivington, R. Horsfield, G. Keith, W. Nichol, C. and R. Ware, M. Richardson, J. and T. Pote, and T. Burnet, MDCCLXV. [1765].",London,341,female,1684,1770,False
0026400600_000020,"Britain's golden mines discover'd: or, the fishery trade considered, Under these Three Heads, I. What Benefit Britain may reap by it. II. Which is the most probable Way of recovering it. III. The Three great Fishing Trades, viz. That upon our own Coasts, That upon our own Coasts, That upon the Coasts of Greenland, and that upon the Coasts of Newfoundland, particularly examined. In a letter from Sally Fisher, at Paris, to Mally Loverus, at London.","Fisher, Sally",49,1720,1,1,"London : printed for J. Morphew near Stationers-Hall, 1720.",London,99,female,,,False
0022900401_000004,The history of Sir George Ellison. In two volumes. ...,Sarah Scott,17,1766,1,2,"London : printed for A. Millar, in the Strand, MDCCLXVI. [1766].",London,338,female,1720,1795,True
1525100200_000017,"Mentoria; or, The young ladies instructor: in familiar conversations, on moral and entertaining subjects. Calculated to improve young minds in the essential as well as ornamental parts of female education. By Ann Murry.","Murry, Ann",24,1799,1,1,"London : Printed for C. Dilly, in the Poultry, 1799.",London,267,female,,,False
1545900600_000012,The wanderings of Warwick. By Charlotte Smith.,Charlotte Turner Smith,14,1794,1,1,"Dublin : Printed for P. Wogan, P. Byrne, J. Moore, W. Jones, W. Porter, H. Colbert, and J. Rice, 1794.",Dublin,291,female,1749,1806,True
0103601000_000050,"The posthumous works of Ann Eliza Bleecker, in prose and verse. To which is added, a collection of essays, prose and poetical, by Margaretta V. Faugeres.","Faugeres, Margaretta V.",13,1793,1,1,"New-York : Printed by T. and J. Swords, no. 27, William-Street, --1793--",New York,387,female,1771,1801,False
0311301001_000041,"All the histories and novels written by the late ingenious Mrs. Behn, intire in two volumes. Published by Mr. Charles Gildon.",Aphra Behn,18,1735,1,2,"London : printed for W. Feales, at Rowe's Head, against St. Clement's Church in the Strand; R. Wellington, at the Dolphin and Crown, without Temple-Bar; J. Brindley, at the King's Arms in New Bond-Street; C. Corbett, at Addison's Head, against St. Dunstan's Church in Fleet-Street; A. Bettesworth, and F. Clay, in trust for B. Wellington, M.DCC.XXXV. [1735].",London,337,female,1640,1689,True
0389401000_000056,"Mental improvement: or, the beauties and wonders of nature and art. In a series of instructive conversations. By Priscilla Wakefield, Author Of Leisure Hours, Juvenile Anecdotes, &c. &c. &c.",Priscilla Wakefield,22,1800,1,1,"Dublin : printed for P. Wogan, No 23, Old Bridge, by T. Burnside, 1800.",Dublin,315,female,1751,1832,False
0314001200_000017,"Mentoria: or, the young ladies instructor, in familiar conversations on moral and entertaining subjects: Calculated to improve Young Minds In the Essential, as well as Ornamental Parts of Female Education. By Ann Murry.","Murry, Ann",24,1787,1,1,"London : printed by Fry and Couchman, for Charles Dilly, in the Poultry, M.DCC.LXXXVII. [1787].",London,297,female,,,False
0113000101_000036,"All the histories and novels written by the late ingenious Mrs. Behn, intire in two volumes. Published by Mr. Charles Gildon.",Aphra Behn,16,1722,1,2,"London : printed by J.D. for M.P. and sold by A. Bettesworth, and F. Clay, 1722.",London,337,female,1640,1689,True
0315000700_000047,"All the histories and novels written by the late ingenious Mrs. Behn, intire in one volume. Viz. I. The History of Oroonoko; Or, the Royal-Slave. Written by the Command of King Charles the Second. II. The Fair Jilt; Or, Prince Tarquin. III. Agnes de Castro; Or, the Force of generous Love. IV. The Lover's Watch; Or, the Art of making Love: Being Rules for Courtship for every Hour of the Day and Night. V. The Ladies Looking-Glass to Dress themselves by; Or, the whole Art of Charming all Mankind. VI. The Lucky Mistake. Vii. Memoirs of the Court of the King of Bantam. Viii. The Nun; Or, the Perjured Beauty. IX. The Adventure of the Black Lady. Together with the history of the life and memoirs of Mrs. Behn. By one of the fair sex. Intermix'd with Pleasant Love-Letters that pass'd betwixt her and Minheer Van Bruin, a Dutch Merchant; with her Character of the Country and Lover: And her Love-Letters to a Gentleman in England.",Aphra Behn,14,1718,1,1,"London : printed by J. D. for M. Wellington, at the King's-Head, against St. Clement's Church in the Strand, M.DCC.XVIII. [1718].",London,486,female,1640,1689,True
1253800101_000038,"The Family magazine; or, a Repository of religious instruction, and rational amusement. ... By Mrs. Trimmer.",Sarah Trimmer,13,1788,1,18,"London [England] : printed by and for J[ohn]. Marshall and Co. Aldermary Church Yard, in Bow Lane, [1788-1789].",London,464,female,1741,1810,True
0984700100_000044,"Geography and history. Selected by a lady, for the use of her own children.",Lady,20,1794,1,1,"Southampton : printed and sold by T. Baker. For B. Law, Ave-Maria-Lane, Ludgate-Street. [London], MDCCXCIV. [1794].",Southampton,400,female,,,False
1539300200_000047,"Friendship in death, in twenty letters from the dead to the living. To which are added, letters moral and entertaining, in prose and verse. In three parts. By the same hand.",Elizabeth Rowe,15,1735,1,1,"Dublin : Printed by S. Powell, for Edward Exshaw, at the Bible on the Blind-Key, near Cork-hill, 1735.",Dublin,382,female,1674,1737,True
0129900300_000013,Plans of education; with remarks on the systems of other writers. In a series of letters between Mrs. Darnford and her friends. By Clara Reeve.,Clara Reeve,16,1792,1,1,"London : printed for T. Hookham, and J. Carpenter, New and Old Bond-Street, 1792.",London,250,female,1729,1807,True
0295901200_000013,"The happy king. A sacred poem: with occasional remarks. Respectfully addressed to George the Third, by Catharine Phillips.","Phillips, Catharine",23,1794,1,1,"[London] : Printed for the author, in the year, 1794.",London,131,female,1727,1794,False
0532500800_000002,"Britannus and Africus; or, an attempt to instruct the untutored mind in the principles of Christianity; in a course of conversations, Supposed to Take Place Between the Companion of a Missionary, and a Native of Africa. By the author of ""sacred history, in familiar dialogues, &c."" Published for the Benefit of a Society for Propagating the Gospel among the Heathen.","Neale, Hannah",27,1797,1,1,"London : sold by T. Gardiner, No. 19, Prince's Street, Cavendish-Square; T. Chapman, No. 151, Fleet-Street; J. Mathews, Strand; W. Button, Paternoster-Row; J. Martin, jun. No. 27, Great Russell-Street, Bloomsbury; and T. Knott, No. 47, Lombard-Street, 1797.",London,83,female,,,False
0013400101_000102,"A collection of novels, selected and revised by Mrs. Griffith. ...",Elizabeth Griffith,14,1777,1,3,"London : printed for G. Kearsly, at No. 40, in Fleet-Street: and the other Proprietors, MDCCLXXVII. [1777].",London,290,female,1720,1793,True
1601700600_000048,"Mental imporvement: Or, the beauties and wonders of nature and art. In a series of instructive conversations. By Priscilla Wakefield, author of leisure hours, juvenile anecdotes, &c. &c. &c.",Priscilla Wakefield,32,1799,1,1,"Dublin : [P]rinted by T. Burnside, Lower Liffey-Street, for P. Wogan, H. Colbert, and J. Gough, 1799.",Dublin,307,female,1751,1832,False
0022900401_000017,The history of Sir George Ellison. In two volumes. ...,Sarah Scott,14,1766,1,2,"London : printed for A. Millar, in the Strand, MDCCLXVI. [1766].",London,338,female,1720,1795,True
1253800101_000056,"The Family magazine; or, a Repository of religious instruction, and rational amusement. ... By Mrs. Trimmer.",Sarah Trimmer,22,1788,1,18,"London [England] : printed by and for J[ohn]. Marshall and Co. Aldermary Church Yard, in Bow Lane, [1788-1789].",London,464,female,1741,1810,True
0363500103_000020,"Tales of the castle: or, stories of instruction and delight. Being Les veillees du chateau, written in French by Madame la Comtesse de Genlis, Author of the Theatre of Education, Adela and Theodore, &c. Translated into English by Thomas Holcroft,",Stéphanie Félicité du Crest de Saint-Aubin,16,1793,3,5,"London : printed for G. G. J. and J. Robinson, No. 25, Pater-Noster-Row, 1793.",London,285,female,1746,1830,True
1324600200_000025,"The entertaining correspondent, Containing, a natural, historical and political history of Europe, giving an account of its extent, trade, manufactures, and chief cities. In a series of letters from a gentleman on his travels to his friend at constantinople.",Sarah Scott,21,1757,1,1,"London : Printed for M. Cooper in Paternoster-Row, 1757.",London,169,female,1720,1795,False
1253800101_000104,"The Family magazine; or, a Repository of religious instruction, and rational amusement. ... By Mrs. Trimmer.",Sarah Trimmer,13,1788,1,18,"London [England] : printed by and for J[ohn]. Marshall and Co. Aldermary Church Yard, in Bow Lane, [1788-1789].",London,464,female,1741,1810,True
0739900201_000025,Tales of instruction and amusement. Written for the use of young persons. By Miss Mitchell. In two volumes. ...,"Hurry, Mrs. Ives",16,1795,1,2,"London : printed for E. Newbery, Corner of St. Paul's Church Yard, 1795.",London,229,female,,,False
0028900103_000043,"The old manor house. A novel, in four volumes. By Charlotte Smith. ...",Charlotte Turner Smith,14,1793,3,4,"London : printed for J. Bell, No. 148, Oxford-Street, MDCCXCIII. [1793].",London,355,female,1749,1806,True
1712400700_000024,Tales of instruction and amusement. Written for the use of young persons. By Miss Mitchell.,"Hurry, Mrs. Ives",15,1795,1,1,"Dublin : Printed for P. Wogan, P. Byrne, W. Jones, J. Rice, and J. Potts, Jun, 1795.",Dublin,296,female,,,False
0357400100_000051,Dialogues of the dead.,Elizabeth Montagu,23,1760,1,1,"London : printed [by Samuel Richardson] for W. Sandby, in Fleet-Street, M.DCC.LX. [1760].",London,332,female,1720,1800,False
1214900400_000020,"An easy introduction to the knowledge of nature, and reading the Holy Scriptures. Adapted to the capacities of children. By Sarah Trimmer.",Sarah Trimmer,18,1781,1,1,"London : printed for J. Dodsley, Pall-Mall; T. Longman, and G. Robinson, Pater-Noster-Row; and J. Johnson, St. Paul's-Church-Yard, M.DCC.LXXXI. [1781].",London,203,female,1741,1810,True
0737000201_000002,"Slavery: or, the times. In two volumes. By the author of Monmouth, The Danish massacre, &c. ...","Mackenzie, Anna Maria",14,1792,1,2,"London : printed for G. G. J. and J. Robinsons; and J. Dennis, 1792.",London,222,female,,,False
0156500200_000087,"The history of England, from the Revolution to the present time, in a series of letters to the Reverend Doctor Wilson, ... By Catherine Macaulay. Vol.I.",Catharine Macaulay,21,1778,1,1,"Bath : printed by R. Cruttwell: and sold by E. and C. Dilly, T. Cadell, and J. Walter, London, 1778.",Bath,455,female,1731,1791,True
0424901301_000022,Adolphus de Biron. A novel. Founded on the French Revolution. In two volumes. ...,"Thomas, Ann, of Millbrook, Cornwall",18,1795,1,2,"Plymouth : printed by P. Nettleton, for the authoress, at Millbrook; of whom they may be had; and of Messrs. Nettleton, Wills, and Barnikel, in Plymouth; Mr. Huss, Stonehouse; Messrs. Hoxland, Fraser, and Heydon, Dock; and of Mr. Woolmer, Bookseller, Exeter, [1795?].",,257,female,,,False
1103801500_000002,"The character, and necessary qualifications, of a British minister of state. In a Letter to a Member of Parliament, 1759. By a Lady.","Pitt, Villiers Clara",44,1759,1,1,"London : printed for M. Cooper, at the Globe in Pater-Noster Row, MDCCLIX. [1759].",London,46,female,,,False
0148400300_000021,"The life of Charlotta Du Pont, an English lady; taken from her own memoirs. Giving an account how she was trepan'd by her stepmother to Virginia, how the Ship was taken by some Madagasear Pirates, and retaken by a Spanish Man of War. Of her Marriage in the Spanish West-Indies, and Adventures whilst she resided there, with her return to England. And the History of several Gentlemen and Ladys whom she met withal in her Travels; some of whom had been Slaves in Barbary, and others cast on Shore by Shipwreck on the barbarous Coasts up the great River Oroonoko: with their Escape thence, and safe Return to France and Spain. A History that contains the greatest Variety of Events that ever was publish'd. By Mrs. Aubin.",Penelope Aubin,18,1723,1,1,"London : printed for A. Bettesworth at the Red Lion in Pater-Noster-Row, M.DCC.XXIII. [1723].",London,287,female,1679,1731,False
0355800102_000054,"Tales of the castle: or, stories of instruction and delight. Being Les veillées du chateau, written in French by Madame la Comtesse de Genlis, Author of the Theatre of Education, Adela and Theodore, &c. Translated into English by Thomas Holcroft. ...",Stéphanie Félicité du Crest de Saint-Aubin,18,1785,2,4,"Dublin : printed for Messrs. Price, Moncrieffe, Jenkin, Walker, Burton, Exshaw, White, Byrne, Parker, H. White-Stone, and Cash, MDCCLXXXV. [1785].",Dublin,282,female,1746,1830,True
0617501500_000059,Letters on education. With observations on religious and metaphysical subjects. By Catherine Macaulay Graham.,Catharine Macaulay,15,1790,1,1,"Dublin : printed for H. Chamberlaine and Rice, L. White, W. Mc. Kenzie, J. Moore, Grueber and Mc. Allister, [and 2 others in Dublin], 1790.",Dublin,336,female,1731,1791,True
0273100301_000028,"Mental improvement: or the beauties and wonders of nature and art, Conveyed in a Series of Instructive Conversations. By Priscilla Wakefield, Author of Leisure Hours. ...",Priscilla Wakefield,25,1794,1,2,"London : printed and sold by Darton and Harvey, No. 55, Gracechurch-Street, M.DCC.XCIV. [1794].",London,210,female,1751,1832,False
0984900200_000037,"Geography and history. Selected by a lady, for the use of her own children.",Lady,17,1790,1,1,"London : printed for B. Law, No. 13, Ave-Maria Lane, Ludgate Street, MDCCXC. [1790].",London,377,female,,,False
1061000100_000042,"A dialogue between a lady and her pupils, describing a journey through England and Wales; in which a detail of the different arts and manufactures of each city and town is accurately given; Interspersed with Observations and Descriptions in Natural History. Designed for young ladies and schools. By Mrs. Brook.","Brook, Mrs",16,1800,1,1,"London : printed for and sold by Thomas Clio Rickman, Upper Mary-Le-Bone Street; and to be had of all booksellers, [1800?].",London,287,female,,,False
0144600106_000068,The history of England from the accession of James I. to that of the Brunswick line. ... By Catherine Macaulay.,Catharine Macaulay,32,1763,6,8,"London : printed for J. Nourse; R. and J. Dodsley; and W. Johnston, 1763-83.",London,437,female,1731,1791,True
0724200200_000040,"The vale of felicity, or, sylvan happiness: pourtrayed [sic] in a series of letters, moral and entertaining. By a lady.",Lady,25,1792,1,1,"Dublin : printed for Messrs. P. Byrne, P. Wogan, R. Gruber, W. Moore, W. Jones [and 2 others in Dublin], 1792.",Dublin,290,female,,,False
0009200600_000008,The wanderings of Warwick. By Charlotte Smith.,Charlotte Turner Smith,15,1794,1,1,"London : printed for J. Bell, No. 148, Oxford-Street, M.DCC.XCIV. [1794].",London,293,female,1749,1806,True
0138900400_000037,"Geography and history. Selected by a lady, for the use of her own children.",Lady,21,1797,1,1,"London : printed for B. Law, No. 5, Stationers-Court; and C. Law, No. 13, Ave-Mary Lane, Ludgate Street, MDCCXCVII. [1797].",London,404,female,,,False
0026400600_000008,"Britain's golden mines discover'd: or, the fishery trade considered, Under these Three Heads, I. What Benefit Britain may reap by it. II. Which is the most probable Way of recovering it. III. The Three great Fishing Trades, viz. That upon our own Coasts, That upon our own Coasts, That upon the Coasts of Greenland, and that upon the Coasts of Newfoundland, particularly examined. In a letter from Sally Fisher, at Paris, to Mally Loverus, at London.","Fisher, Sally",38,1720,1,1,"London : printed for J. Morphew near Stationers-Hall, 1720.",London,99,female,,,False
0621000203_000032,"An apology for the conduct of Mrs. T. C. Phillips; more particularly, that part of it which relates to her marriage with an eminent Dutch merchant. The whole authenticated by faithful copies of his letters, ...",Teresia Phillips,28,1750,3,3,"[London], [1750].",London,258,female,1709,1765,False
0937800900_000085,"Friendship in death: in twenty letters from the dead to the living. To which are added, letters moral and entertaining, in prose and verse. ... By Mrs. Elizabeth Rowe. To which is prefixed, an account of the life of the author.",Elizabeth Rowe,24,1775,1,1,"London : printed for J. and F. Rivington, W. Strahan, T. Caslon, B. Law, T. Cadell [and 4 others in London], 1775.",London,377,female,1674,1737,True
1619700400_000023,"Royal novels: or, A new collection of enter taining histories and tragical stories. By Mrs. Behn and others. Containing, I. Oroonoko or the Royal slave. II. Elizabeth and the Earl of essex. III. The history of Prince Alasnam.",Aphra Behn,15,1791,1,1,"Dublin : Printed and sold by R. Jackson, Me[at]h street, 1791.",Dublin,181,female,1640,1689,True
1452500200_000017,"Mentoria; or, The young ladies, instructor: in familiar conversations, on moral and entertaining subjects. Calculated to improve young minds in the effential as well as ornamental parts of female education. By Ann Murry.","Murry, Ann",25,1796,1,1,"London : Printed for C. Dilly, in the Poultry, 1796.",London,295,female,,,False
0369800400_000005,"Letters from the island of Teneriffe, Brazil, the Cape of Good Hope, and the East Indies. By Mrs. Kindersley.","Kindersley, Mrs",21,1777,1,1,"London : printed for J. Nourse in the Strand, bookseller to his majesty, MDCCLXXVII. [1777].",London,305,female,,,False
0568401400_000001,The story of Inkle and Yarrico. A most moving tale from the Spectator. Attempted in veres [sic] by the Right Hon. the Countess of ****,"Frances Seymour, Duchess of Somerset",12,1738,1,1,"London : printed for J. Cooper, 1738.",London,14,female,1699,1754,False
0418600400_000014,"A journey through the Crimea to Constantinople. In a series of letters from the Right Honourable Elizabeth Lady Craven, to His serene Highness the Margrave of Brandebourg, Anspach, and Bareith. Written in the year MDCCLXXXVI.",Elizabeth Craven,13,1789,1,1,"London : printed for G. G. J. and J. Robinson, Pater-Noster Row, MDCCLXXXIX. [1789].",London,340,female,1750,1828,True
0724200702_000030,"Friendship in death. In twenty letters from the dead to the living. To which are added, letters moral and entertaining, in prose and verse: in three parts. By Mrs Elisabeth Rowe. In two volumes. ...",Elizabeth Rowe,14,1776,2,2,"Edinburg : at the Apollo Press, by the Martins. Anno, 1776.",Edinburgh,201,female,1674,1737,True
0315000700_000044,"All the histories and novels written by the late ingenious Mrs. Behn, intire in one volume. Viz. I. The History of Oroonoko; Or, the Royal-Slave. Written by the Command of King Charles the Second. II. The Fair Jilt; Or, Prince Tarquin. III. Agnes de Castro; Or, the Force of generous Love. IV. The Lover's Watch; Or, the Art of making Love: Being Rules for Courtship for every Hour of the Day and Night. V. The Ladies Looking-Glass to Dress themselves by; Or, the whole Art of Charming all Mankind. VI. The Lucky Mistake. Vii. Memoirs of the Court of the King of Bantam. Viii. The Nun; Or, the Perjured Beauty. IX. The Adventure of the Black Lady. Together with the history of the life and memoirs of Mrs. Behn. By one of the fair sex. Intermix'd with Pleasant Love-Letters that pass'd betwixt her and Minheer Van Bruin, a Dutch Merchant; with her Character of the Country and Lover: And her Love-Letters to a Gentleman in England.",Aphra Behn,16,1718,1,1,"London : printed by J. D. for M. Wellington, at the King's-Head, against St. Clement's Church in the Strand, M.DCC.XVIII. [1718].",London,486,female,1640,1689,True
0392000800_000054,"Dialogues of the dead. The fourth edition, corrected. To which are added four new dialogues.",Elizabeth Montagu,21,1765,1,1,"London : printed for W. Sandby, in Fleet-Street, M.DCC.LXV. [1765].",London,421,female,1720,1800,False
0008400300_000538,"The ladies history of England; from the descent of Julius Cæsar, to the summer of 1780. Calculated for the use of the ladies of Great-Britain and Ireland; and likewise adapted to general use, entertainment, and instruction. By Charlotte Cowley.","Cowley, Charlotte",39,1780,1,1,"London : printed for the proprietors; and sold by S. Bladon, No. 13, in Pater-Noster-Row, MDCCLXXX. [1780][-81].",London,774,female,,,False
0655702500_000009,An essay in defence of the female sex. In a letter to a lady. Written by a lady.,Lady,14,1721,1,1,"London : printed for S. Butler, next Bernard's-Inn in Holborn, MDCCXXI. [1721].",London,177,female,,,False
0013400101_000078,"A collection of novels, selected and revised by Mrs. Griffith. ...",Elizabeth Griffith,18,1777,1,3,"London : printed for G. Kearsly, at No. 40, in Fleet-Street: and the other Proprietors, MDCCLXXVII. [1777].",London,290,female,1720,1793,True
0737000202_000016,"Slavery: or, the times. In two volumes. By the author of Monmouth, The Danish massacre, &c. ...","Mackenzie, Anna Maria",15,1792,2,2,"London : printed for G. G. J. and J. Robinsons; and J. Dennis, 1792.",London,239,female,,,False
0550700703_000032,"An apology for the conduct of Mrs. Teresia Constantia Phillips, more particularly that part of it which relates to her marriage with an eminent Dutch merchant: the whole authenticated by faithful copies of his letters, and of the Settlement which he made upon her to induce her to suffer (without any real Opposition on her Part) a Sentence to be pronounced against their Marriage; Together with such other Original Papers, field in the Cause, as are necessary to illustrate that remarkable Story.",Teresia Phillips,30,1748,3,3,"[ London : printed for the author; and sold at her house, 1748?].",London,337,female,1709,1765,False
0019800200_000028,"The history of Oronooko; or, the royal slave. A novel. Containing a variety of entertaining passages. Published by Charles Gildon.",Aphra Behn,11,1770,1,1,"Doncaster : printed by C. Plummer, MDCCLXX. [1770].",Doncaster,151,female,1640,1689,True
0138900400_000041,"Geography and history. Selected by a lady, for the use of her own children.",Lady,23,1797,1,1,"London : printed for B. Law, No. 5, Stationers-Court; and C. Law, No. 13, Ave-Mary Lane, Ludgate Street, MDCCXCVII. [1797].",London,404,female,,,False
0115301403_000032,"An apology for the conduct of Mrs. Teresia Constantia Phillips, more particularly that part of it which relates to her marriage with an eminent Dutch merchant: the whole authenticated by faithful copies of his letters, and of the Settlement which he made upon her to induce her to suffer (without any real Opposition on her Part) a Sentence to be pronounced against their Marriage; Together with such other Original Papers, filed in the Cause, as are necessary to illustrate that remarkable Story.",Teresia Phillips,29,1748,3,3,"[London] : Printed for the booksellers of London and Westminster, [1748].",London,337,female,1709,1765,False
1768300200_000051,Dialogues of the dead.,Elizabeth Montagu,21,1760,1,1,"London : printed for W. Sandby, 1760.",London,330,female,1718,1800,False
1244600700_000108,"Friendship in death; in twenty letters from the dead to the living. To which are added, letters moral and entertaining. In prose and verse. In three parts. By Mrs. Elizabeth Rowe. With the Author's Life prefixt; And other additions.",Elizabeth Rowe,24,1752,1,1,"Dublin : printed for John Exshaw, at the Bible on Cork-Hill, MDCCLII. [1752].",Dublin,439,female,1674,1737,True
1061000100_000041,"A dialogue between a lady and her pupils, describing a journey through England and Wales; in which a detail of the different arts and manufactures of each city and town is accurately given; Interspersed with Observations and Descriptions in Natural History. Designed for young ladies and schools. By Mrs. Brook.","Brook, Mrs",40,1800,1,1,"London : printed for and sold by Thomas Clio Rickman, Upper Mary-Le-Bone Street; and to be had of all booksellers, [1800?].",London,287,female,,,False
0113000101_000044,"All the histories and novels written by the late ingenious Mrs. Behn, intire in two volumes. Published by Mr. Charles Gildon.",Aphra Behn,14,1722,1,2,"London : printed by J.D. for M.P. and sold by A. Bettesworth, and F. Clay, 1722.",London,337,female,1640,1689,True
0442000200_000031,Extracts and original anecdotes; for the improvement of youth.,Mary Leadbeater,25,1794,1,1,"Dublin : printed by R. M. Jackson, NO. 20 Meath-Street, 1794.",Dublin,235,female,1758,1826,False
1020100302_000030,"Friendship in death; in twenty letters from the dead to the living. To which are added, Letters moral and entertaining. In prose and verse: in three parts. In two volumes. ... . By Mrs. Elizabeth Rowe.",Elizabeth Rowe,15,1774,2,2,"London : printed for J. and F. Rivington, W. Strahan, T. Caslon, B. Law, T. Cadell, G. Robinson, E. Johnston, W. Nicoll, and J. D. Cornish. M.DCC.XXLIV [1774].",London,331,female,1674,1737,True
0447900100_000074,"Friendship in death: in twenty letters from the dead to the living. To which are added, letters moral and entertaining, in prose and verse. In three parts. By the same author. The celebrated Dr. Watt's, in his Preface to his last Book, entitled, Reliquiae Juveniles, &c. expresses his Approbation of these Letters, in the following Words, viz. Could I imitate (says the Doctor), those admirable Representations of Human Nature, and Passion, which that ingenious Pen has given us, who wrote the last Volumes of Friendship in Death, and Letters Moral and Entertaining, I might then hope for happier Success in my Endeavours in providing Innocent and Improving Diversions for Polite Youth.",Elizabeth Rowe,16,1736,1,1,"London : printed for T. Worrall, at the Judge's Head, over-against St. Dunstan's Church in Fleet-Street, MDCCXXXVI. [1736].",London,481,female,1674,1737,True
1253800103_000056,"The Family magazine; or, a Repository of religious instruction, and rational amusement. ... By Mrs. Trimmer.",Sarah Trimmer,15,1788,3,18,"London [England] : printed by and for J[ohn]. Marshall and Co. Aldermary Church Yard, in Bow Lane, [1788-1789].",London,463,female,1741,1810,True
0229300702_000027,"Letters moral and entertaining, in prose and verse. By the author of Friendship in death. To which are added, ten letters by another hand. ...",Elizabeth Rowe,25,1734,2,3,"London : printed for T. Worrall, 1733-34.",London,127,female,1674,1737,True
0138900400_000021,"Geography and history. Selected by a lady, for the use of her own children.",Lady,21,1797,1,1,"London : printed for B. Law, No. 5, Stationers-Court; and C. Law, No. 13, Ave-Mary Lane, Ludgate Street, MDCCXCVII. [1797].",London,404,female,,,False
1613600600_000068,A vindication of the rights of woman: with strictures on political and moral subjects. By Mary Wollstonecraft. Vol. I.,Mary Wollstonecraft,16,1792,1,1,"London : Printed for J. Johnson, No 72, St. Paul's Church Yard, 1792.",London,468,female,1759,1797,True
1700500400_000042,"The works of Mrs. Chapone, adressed to a young lady.",Hester Chapone,26,1793,1,1,"London : Printed for J. Warlters, MDCCXCIII. [1793].",London,312,female,1727,1801,True
0424901301_000024,Adolphus de Biron. A novel. Founded on the French Revolution. In two volumes. ...,"Thomas, Ann, of Millbrook, Cornwall",19,1795,1,2,"Plymouth : printed by P. Nettleton, for the authoress, at Millbrook; of whom they may be had; and of Messrs. Nettleton, Wills, and Barnikel, in Plymouth; Mr. Huss, Stonehouse; Messrs. Hoxland, Fraser, and Heydon, Dock; and of Mr. Woolmer, Bookseller, Exeter, [1795?].",,257,female,,,False
0380400402_000026,"The rotchfords; or, the friendly counsellor: designed for the instruction and amusement of the youth of both sexes. By M. P. In two volumes. ...",Dorothy Kilner,13,1786,2,2,"London : printed and sold by John Marshall and Co. at No. 4, Aldermary Church Yard, in Bow-Lane, [1786?].",London,156,female,1755,1836,False
0009200600_000010,The wanderings of Warwick. By Charlotte Smith.,Charlotte Turner Smith,16,1794,1,1,"London : printed for J. Bell, No. 148, Oxford-Street, M.DCC.XCIV. [1794].",London,293,female,1749,1806,True
0156500200_000035,"The history of England, from the Revolution to the present time, in a series of letters to the Reverend Doctor Wilson, ... By Catherine Macaulay. Vol.I.",Catharine Macaulay,42,1778,1,1,"Bath : printed by R. Cruttwell: and sold by E. and C. Dilly, T. Cadell, and J. Walter, London, 1778.",Bath,455,female,1731,1791,True
1558600300_000065,"An historical essay on the ambition and conquests of France, with some remarks on the French revolution. Containing 1.-Sketch of general history previous to the Frech revolution; 2.-Remarks on the French revolution from 1789 to 1791; 3.-Abridgement of the history of the revolution from 1791 to 1796.",Amabel Hume Campbell,17,1797,1,1,"London : Printed for J. Debrett, opposite Burlington House, Piccadilly, 1797.",London,373,female,1751,1833,False
0369800400_000008,"Letters from the island of Teneriffe, Brazil, the Cape of Good Hope, and the East Indies. By Mrs. Kindersley.","Kindersley, Mrs",18,1777,1,1,"London : printed for J. Nourse in the Strand, bookseller to his majesty, MDCCLXXVII. [1777].",London,305,female,,,False
0369800400_000007,"Letters from the island of Teneriffe, Brazil, the Cape of Good Hope, and the East Indies. By Mrs. Kindersley.","Kindersley, Mrs",14,1777,1,1,"London : printed for J. Nourse in the Strand, bookseller to his majesty, MDCCLXXVII. [1777].",London,305,female,,,False
0325100102_000022,"Letters on the improvement of the mind, addressed to a young lady. In two volumes. By Mrs. Chapone. ...",Hester Chapone,24,1778,2,2,"London : printed for J. Walter, at Homer's Head, Charing Cross; and E. and C. Dilly, in the Poultry, MDCCLXXVIII. [1778].",London,231,female,1727,1801,True
0156500200_000056,"The history of England, from the Revolution to the present time, in a series of letters to the Reverend Doctor Wilson, ... By Catherine Macaulay. Vol.I.",Catharine Macaulay,18,1778,1,1,"Bath : printed by R. Cruttwell: and sold by E. and C. Dilly, T. Cadell, and J. Walter, London, 1778.",Bath,455,female,1731,1791,True
1253800101_000019,"The Family magazine; or, a Repository of religious instruction, and rational amusement. ... By Mrs. Trimmer.",Sarah Trimmer,14,1788,1,18,"London [England] : printed by and for J[ohn]. Marshall and Co. Aldermary Church Yard, in Bow Lane, [1788-1789].",London,464,female,1741,1810,True
0433700302_000043,The history of Ned Evans. Interspersed with moral and critical remarks; anecdotes and characters of many persons ... In two volumes. ...,"Hervey, Elizabeth",16,1796,2,2,"Dublin : printed by John Rice; and sold by H. and P. Rice, Philadelphia, 1796.",Dublin,289,female,1748,1820,False
0023300202_000020,"The royal captives: a fragment of secret history. Copied from an old manuscript, by Ann Yearsley. ...",Ann Yearsley,12,1795,2,4,"London : printed for G. G. and J. Robinson, Pater-Noster Row, MDCCXCV. [1795].",London,257,female,1756,1806,True
0094600300_000003,"The British housewife: or, the cook, housekeeper's, and gardiner's companion. Calculated for the Service both of London and the Country; And directing what is necessary to be done in the Providing for, Conducting, and Managing a Family throughout the Year. Containing a general account of fresh provisions of all Kinds. Of the several foreign Articles for the Table, pickled, or otherwise preserved; and the different Kinds of Spices, Salts, Sugars, and other Ingredients used in Pickling and Preserving at Home: Shewing what each is, whence it is brought, and what are its Qualities and Uses. Together with the Nature of all Kinds of Foods, and the Method of suiting them to different Constitutions; a bill of fare for each month, the Art of Marketing and chusing fresh Provisions of all Kinds; and the making as well as chusing of Hams, Tongues, and other Store Dishes. Also Directions for plain Roasting and Boiling; and for the Dressing of all Sorts of Made Dishes in various Tastes; and the preparing the Desert in all its Articles. Containing a greater Variety than was ever before publish'd, of the most Elegant, yet least Expensive receipts in Cookery, Pastry, Puddings, Preserves, Pickles, Fricassees, Ragouts, Soups, Sauces, Jellies, Tarts, Cakes, Creams, Custards, Candies, Dry'd Fruits, Sweetmeats, Made Wines, Cordials, And Distillery. To which are annexed, the art of carving; and the Terms used for cutting up various Things; and the polite and easy Manner of doing the Honotors of the Table: The whole Practice of Pickling and Preserving: And of preparing made Wines, Beer, and Cyder. As also of distilling all the useful Kinds of Cordial and Simple Waters. With the Conduct of a Family in Respect of Health; the Disorders to which they are every Month liable, and the most approved Remedies for each. And a variety of other valuable particulars, necessary to be known in All Families; and nothing inserted but what has been approved by Experience. Also the Ordering of all Kinds of profitable Beasts and Fowls, with respect to their Choice, their Breeding and Feeding; the Diseases to which they are severally liable each Month, and Receipts for their Cure. Together with the Management of the pleasant, profitable, and useful Garden. The Whole embellished with a great Number of curious copper plates, shewing the Manner of Trussing all Kinds of Game, wild and tame Fowls, &c. as also the Order of setting out Tables for Dinners, Suppers, and Grand Entertainments, in a Method never before attempted; and by which even those who cannot read will be able to instruct themselves. By Mrs. Martha Bradley, late of Bath: Being the Result of upwards of Thirty Years Experience.",Martha Bradley,12,1760,1,1,"London : printed for S. Crowder and H. Woodgate, at the Golden Ball in Paternoster Row, [1760?].",London,755,female,,,False
0151001600_000037,"Extracts from the votes and proceedings of the American Continental Congress, held at Philadelphia, 10th May, 1775. Published by order of the Congress.","Thomsen, Lydia, MWA",18,1775,1,1,"New-York : Printed and sold by John Anderson, at Beekman's-Slip, M,DCC,LXXV. [1775].",New York|New York.,192,female,,,False
0579500400_000016,Poems by Anna Lætitia Barbauld. ...,Anna Laetitia Barbauld,12,1792,1,1,"London : printed for Joseph Johnson, 1792.",London,159,female,1743,1825,True
1103801500_000004,"The character, and necessary qualifications, of a British minister of state. In a Letter to a Member of Parliament, 1759. By a Lady.","Pitt, Villiers Clara",41,1759,1,1,"London : printed for M. Cooper, at the Globe in Pater-Noster Row, MDCCLIX. [1759].",London,46,female,,,False
1330301000_000017,"Memoirs of the life of the Reverend George Whitefield, M.A. late Chaplain to the Right Honourable the Countess of Huntingdon: in which every circumstance worthy of notice, both in his private and public character, is recorded. Faithfully selected from his original papers, journals and letters. Illustrated by a variety of interesting and entertaining anecdotes, from the best authorities. With a particular account of his death and funeral; and extracts from the sermons, which were preached on that occasion. Compiled by the Rev. John Gillies, D.D. To which is added, a extract from Mr. Whitefield's tracts. [Nine lines of Scripture quotations].","Selina Hastings, Countess of Huntingdon",14,1798,1,1,"New-London, (Conn.) : Printed by S. Green, for Cornelius Davis, N. York, 1798.",New London|New York.,287,female,1707,1791,False
0311301001_000044,"All the histories and novels written by the late ingenious Mrs. Behn, intire in two volumes. Published by Mr. Charles Gildon.",Aphra Behn,11,1735,1,2,"London : printed for W. Feales, at Rowe's Head, against St. Clement's Church in the Strand; R. Wellington, at the Dolphin and Crown, without Temple-Bar; J. Brindley, at the King's Arms in New Bond-Street; C. Corbett, at Addison's Head, against St. Dunstan's Church in Fleet-Street; A. Bettesworth, and F. Clay, in trust for B. Wellington, M.DCC.XXXV. [1735].",London,337,female,1640,1689,True
0474103100_000021,"A vindication of the rights of men, in a letter to the Right Honourable Edmund Burke; occasioned by his Reflections on the Revolution in France. By Mary Wollstonecraft.",Mary Wollstonecraft,15,1790,1,1,"London : printed for J. Johnson, No. 72, St. Paul's Church-Yard, M.DCC.XC. [1790].",London,162,female,1759,1797,True
0646501700_000004,Poems on various subjects. By Jane Harvey.,"Harvey, Jane, of Newcastle",15,1797,1,1,"Newcastle upon Tyne : printed by D. Akenhead and Sons, 1797.",Newcastle upon Tyne,43,female,,,False
1208900100_000087,"The history of England, from the Revolution to the present time, in a series of letters to the Reverend Doctor Wilson, Rector of St. Stephen's, Walbrook, and Prebendary of Westminster. By Catharine Macaulay. Vol.I.",Catharine Macaulay,20,1779,1,1,"Dublin : printed for John Exshaw, No. 86, and William Hallhead, No. 63, Dame-Street, M.DCC.LXXIX. [1779].",Dublin,463,female,1731,1791,True
0036600400_000036,"All the histories and novels written by the late ingenious Mrs. Behn, Entire in One Volume. Viz. I. The History of Oroonoko, or the Royal Slave. Written by the Command of King Charles the Second. II. The Fair Jist, or Prince Tarquin. III. Agnes de Castro, or the Force of Generous Love. IV. The Lover's Watch, or the Art of making Love; being Rules for Courtship for every Hour of the Day and Night. V. The Ladies Looking-Glass to Dress themselves by, or the whole Art of Charming all Mankind. VI. The Lucky Mistake. Vii. Memoirs of the Court of the King of Banram. Viii. The Nun, or the Perjured Beauty. IX The Adventure of the Black Lady. Together with the history of the life and memoirs of Mrs. Behn. By one of the Fair Sex. Intermix'd with Pleasant Love-Letters that pass'd betwixt her and Minheer Van Bruin, a Dutch Merchant; with her Character of the Country and Lover: And her Love-Letters to a Gentleman in England.",Aphra Behn,15,1705,1,1,"London : printed for R. Wellington, at the Dolphin and Crown in St. Paul's Church-Yard, 1705.",London,469,female,1640,1689,True
0315000700_000036,"All the histories and novels written by the late ingenious Mrs. Behn, intire in one volume. Viz. I. The History of Oroonoko; Or, the Royal-Slave. Written by the Command of King Charles the Second. II. The Fair Jilt; Or, Prince Tarquin. III. Agnes de Castro; Or, the Force of generous Love. IV. The Lover's Watch; Or, the Art of making Love: Being Rules for Courtship for every Hour of the Day and Night. V. The Ladies Looking-Glass to Dress themselves by; Or, the whole Art of Charming all Mankind. VI. The Lucky Mistake. Vii. Memoirs of the Court of the King of Bantam. Viii. The Nun; Or, the Perjured Beauty. IX. The Adventure of the Black Lady. Together with the history of the life and memoirs of Mrs. Behn. By one of the fair sex. Intermix'd with Pleasant Love-Letters that pass'd betwixt her and Minheer Van Bruin, a Dutch Merchant; with her Character of the Country and Lover: And her Love-Letters to a Gentleman in England.",Aphra Behn,21,1718,1,1,"London : printed by J. D. for M. Wellington, at the King's-Head, against St. Clement's Church in the Strand, M.DCC.XVIII. [1718].",London,486,female,1640,1689,True
0008400300_000726,"The ladies history of England; from the descent of Julius Cæsar, to the summer of 1780. Calculated for the use of the ladies of Great-Britain and Ireland; and likewise adapted to general use, entertainment, and instruction. By Charlotte Cowley.","Cowley, Charlotte",16,1780,1,1,"London : printed for the proprietors; and sold by S. Bladon, No. 13, in Pater-Noster-Row, MDCCLXXX. [1780][-81].",London,774,female,,,False
0115301403_000026,"An apology for the conduct of Mrs. Teresia Constantia Phillips, more particularly that part of it which relates to her marriage with an eminent Dutch merchant: the whole authenticated by faithful copies of his letters, and of the Settlement which he made upon her to induce her to suffer (without any real Opposition on her Part) a Sentence to be pronounced against their Marriage; Together with such other Original Papers, filed in the Cause, as are necessary to illustrate that remarkable Story.",Teresia Phillips,16,1748,3,3,"[London] : Printed for the booksellers of London and Westminster, [1748].",London,337,female,1709,1765,False
1253800102_000095,"The Family magazine; or, a Repository of religious instruction, and rational amusement. ... By Mrs. Trimmer.",Sarah Trimmer,17,1788,2,18,"London [England] : printed by and for J[ohn]. Marshall and Co. Aldermary Church Yard, in Bow Lane, [1788-1789].",London,467,female,1741,1810,True
0739900201_000024,Tales of instruction and amusement. Written for the use of young persons. By Miss Mitchell. In two volumes. ...,"Hurry, Mrs. Ives",11,1795,1,2,"London : printed for E. Newbery, Corner of St. Paul's Church Yard, 1795.",London,229,female,,,False
0652801500_000023,"Questions to be resolved: or, a new method of exercising the attention of young people. Interspersed with various pieces, calculated for instruction and amusement. Translated from the French of Madame de La Fite.","La Fite, Madame de (Marie-Élisabeth)",13,1791,1,1,"London : printed for J. Murray, No 32, Fleet-Street, M.DCC.XCI. [1791].",London,281,female,1750,1794,False
0138900400_000047,"Geography and history. Selected by a lady, for the use of her own children.",Lady,24,1797,1,1,"London : printed for B. Law, No. 5, Stationers-Court; and C. Law, No. 13, Ave-Mary Lane, Ludgate Street, MDCCXCVII. [1797].",London,404,female,,,False
1110800800_000078,"Friendship in death: in twenty letters from the dead to the living. To which are added, letters moral and entertaining, in prose and verse: in three parts. By Mrs. Elizabeth Rowe.",Elizabeth Rowe,12,1750,1,1,"[Glasgow?] : Printed in the year, 1750.",Glasgow,311,female,1674,1737,True
0355800102_000053,"Tales of the castle: or, stories of instruction and delight. Being Les veillées du chateau, written in French by Madame la Comtesse de Genlis, Author of the Theatre of Education, Adela and Theodore, &c. Translated into English by Thomas Holcroft. ...",Stéphanie Félicité du Crest de Saint-Aubin,11,1785,2,4,"Dublin : printed for Messrs. Price, Moncrieffe, Jenkin, Walker, Burton, Exshaw, White, Byrne, Parker, H. White-Stone, and Cash, MDCCLXXXV. [1785].",Dublin,282,female,1746,1830,True
0026400600_000009,"Britain's golden mines discover'd: or, the fishery trade considered, Under these Three Heads, I. What Benefit Britain may reap by it. II. Which is the most probable Way of recovering it. III. The Three great Fishing Trades, viz. That upon our own Coasts, That upon our own Coasts, That upon the Coasts of Greenland, and that upon the Coasts of Newfoundland, particularly examined. In a letter from Sally Fisher, at Paris, to Mally Loverus, at London.","Fisher, Sally",91,1720,1,1,"London : printed for J. Morphew near Stationers-Hall, 1720.",London,99,female,,,False
0028800700_000022,"English nights entertainments. The history of Oroonoko; or, the royal slave. Written originally by Mrs. Behn, and revised by Mrs. Griffiths.",Aphra Behn,13,1800,1,1,"London : printed by T. Maiden, Sherbourne Lane, for Ann Lemoine, White-Rose Court, Coleman-Street, and sold by T. Hurst, Paternoster-Row, [1800].",London,48,female,1640,1689,True
0013400101_000077,"A collection of novels, selected and revised by Mrs. Griffith. ...",Elizabeth Griffith,13,1777,1,3,"London : printed for G. Kearsly, at No. 40, in Fleet-Street: and the other Proprietors, MDCCLXXVII. [1777].",London,290,female,1720,1793,True
0026400600_000013,"Britain's golden mines discover'd: or, the fishery trade considered, Under these Three Heads, I. What Benefit Britain may reap by it. II. Which is the most probable Way of recovering it. III. The Three great Fishing Trades, viz. That upon our own Coasts, That upon our own Coasts, That upon the Coasts of Greenland, and that upon the Coasts of Newfoundland, particularly examined. In a letter from Sally Fisher, at Paris, to Mally Loverus, at London.","Fisher, Sally",68,1720,1,1,"London : printed for J. Morphew near Stationers-Hall, 1720.",London,99,female,,,False
1545900600_000010,The wanderings of Warwick. By Charlotte Smith.,Charlotte Turner Smith,13,1794,1,1,"Dublin : Printed for P. Wogan, P. Byrne, J. Moore, W. Jones, W. Porter, H. Colbert, and J. Rice, 1794.",Dublin,291,female,1749,1806,True
0628601200_000002,Rambles farther: a continuation of Rural Walks: in dialogues. Intended for the use of young persons. By Charlotte Smith. Two Volumes in One.,Charlotte Turner Smith,14,1796,1,1,"Dublin : printed for P. Wogan, P. Byrne, J. Moore, B. Dugdale, H. Fitzpatrick, J. Rice, and J. Milliken, 1796.",Dublin,276,female,1749,1806,True
0148400300_000022,"The life of Charlotta Du Pont, an English lady; taken from her own memoirs. Giving an account how she was trepan'd by her stepmother to Virginia, how the Ship was taken by some Madagasear Pirates, and retaken by a Spanish Man of War. Of her Marriage in the Spanish West-Indies, and Adventures whilst she resided there, with her return to England. And the History of several Gentlemen and Ladys whom she met withal in her Travels; some of whom had been Slaves in Barbary, and others cast on Shore by Shipwreck on the barbarous Coasts up the great River Oroonoko: with their Escape thence, and safe Return to France and Spain. A History that contains the greatest Variety of Events that ever was publish'd. By Mrs. Aubin.",Penelope Aubin,12,1723,1,1,"London : printed for A. Bettesworth at the Red Lion in Pater-Noster-Row, M.DCC.XXIII. [1723].",London,287,female,1679,1731,False
0398900800_000003,"Slavery, a poem. By Hannah More.",Hannah More,18,1788,1,1,"London : printed for T. Cadell, in the Strand, M.DCC.LXXXVIII. [1788].",London,23,female,1745,1833,True
1772800203_000042,The works of Mrs. Behn. Entire in three volumes. ...,Aphra Behn,12,1711,3,3,"London : printed for R. Wellington, 1711.",London,470,female,1640,1689,True
0013100202_000008,Memoirs of Emma Courtney. By Mary Hays. In two volumes. ...,Mary Hays,16,1796,2,2,"London : printed for G. G. and J. Robinson, Paternoster-Row, 1796.",London,222,female,1759,1843,True
0426701700_000002,"Slavery: or, the times. By the author of Monmouth, The Danish massacre, &c.","Mackenzie, Anna Maria",14,1793,1,1,"Dublin : printed for Messrs. P. Wogan, P. Byrne, J. Moore, W. Jones, and J. Rice, 1793.",Dublin,308,female,,,False
0008400300_000774,"The ladies history of England; from the descent of Julius Cæsar, to the summer of 1780. Calculated for the use of the ladies of Great-Britain and Ireland; and likewise adapted to general use, entertainment, and instruction. By Charlotte Cowley.","Cowley, Charlotte",34,1780,1,1,"London : printed for the proprietors; and sold by S. Bladon, No. 13, in Pater-Noster-Row, MDCCLXXX. [1780][-81].",London,774,female,,,False
0222001400_000028,The adventures of Miss Sophia Berkley. Written by a young lady.,Young lady,21,1760,1,1,"Dublin : printed by james Hoey, at the Mercury in Skinner-Row, MDCCLX. [1760].",Dublin,178,female,,,False
0113000101_000042,"All the histories and novels written by the late ingenious Mrs. Behn, intire in two volumes. Published by Mr. Charles Gildon.",Aphra Behn,14,1722,1,2,"London : printed by J.D. for M.P. and sold by A. Bettesworth, and F. Clay, 1722.",London,337,female,1640,1689,True
1287800102_000027,"The works of Mrs Elisabeth Rowe. ... . Containing, friendship in death. Letters moral and entertaining, Part I. To which is prefixed, An account of the author's life.",Elizabeth Rowe,14,1770,2,4,"Edinburgh : printed by and for Gray & Alston, M.DCC.LXX. [1770].",Edinburgh,329,female,1674,1737,True
1122700201_000015,"Constantia Neville; or, the West Indian. A novel. In three volumes. By Helena Wells, Author of ``the Step-Mother,'' &c. ...",Helena Wells,15,1800,1,3,"London : printed by C. Whittingham, Dean-Street, Fetter-Lane, for T. Cadell, jun. and W. Davies, Strand ; and W. Creech, Edinburgh, 1800.",London,398,female,,,False
0608101600_000006,An address to the opposers of the repeal of the Corporation and Test Acts.,Anna Laetitia Barbauld,18,1790,1,1,"London : printed for J. Johnson, No 72, St. Paul's Church-Yard, MDCCXC. [1790].",London,43,female,1743,1825,True
1411700100_000058,"Acts and laws, of His Majesty's colony of Rhode-Island, and Providence-Plantations, in New-England, in America.","Franklin, Ann",14,1745,1,1,"Newport, Rhode-Island : Printed by the Widow Franklin, and to be sold at the town school-house, M,DCC,XLV. [1745].",Newport,338,female,1695,1763,False
1417400100_000017,"Mentoria; or, The young ladies instructor; in familiar conversations, on moral and entertaining subjects. Calculated to improve young minds in the essential as well as ornamental parts of female education. By Ann Murry.","Murry, Ann",20,1800,1,1,"London : Printed for J. Mawman, in the Poultry, successor to Mr. Dilly. 1800. T. Gillet, printer, Salisbury-Square, 1800.",London,267,female,,,False
1336200100_000043,"Letters on the improvement of the mind, addressed to a young lady. By Mrs. Chapone.",Hester Chapone,21,1793,1,1,"Dundee : Printed for George Milln, Bookseller, MDCCXCIII. [1793].",Dundee,218,female,1727,1801,True
1660200400_000017,"An easy introduction to the knowledge of nature, and reading the Holy scriptures; adapted to the capacities of children. To which is added an essay on female education.",Sarah Trimmer,12,1782,1,1,"Dublin : Printed for Messrs. Price, Whitestone, Sleater, Chamberlaine, Walker, Gilbert, Beatty, Burton, Parker, and Byrne, M,DCC,LXXXII. [1782].",Dublin,250,female,1741,1810,True
1401700300_000042,"Two voyages to Sierra Leone, during the years 1791-2-3, in a series of letters, By Anna Maria Falconbridge. To which is added, a letter from the author, to Henry Thornton, Esq. M.P. and chairman of the Court of Directors of the Sierra Leone Company.","Falconbridge, A. M. (Anna Maria)",29,1794,1,1,"London : Printed for the author, and sold by different booksellers throughout the Kingdom, 1794.",London,291,female,,,False
0984900200_000045,"Geography and history. Selected by a lady, for the use of her own children.",Lady,20,1790,1,1,"London : printed for B. Law, No. 13, Ave-Maria Lane, Ludgate Street, MDCCXC. [1790].",London,377,female,,,False
0271400200_000059,Letters on education. With observations on religious and metaphysical subjects. By Catharine Macaulay Graham.,Catharine Macaulay,14,1790,1,1,"London : printed for C. Dilly, in the Poultry, MDCCXC. [1790].",London,525,female,1731,1791,True
1253800101_000037,"The Family magazine; or, a Repository of religious instruction, and rational amusement. ... By Mrs. Trimmer.",Sarah Trimmer,14,1788,1,18,"London [England] : printed by and for J[ohn]. Marshall and Co. Aldermary Church Yard, in Bow Lane, [1788-1789].",London,464,female,1741,1810,True
1353600200_000005,"A summary view of the rights of British America. Set forth in some resolutions intended for the inspection of the present delegates of the people of Virginia. Now in convention. By a native, and member of the House of Burgesses.",Clementina Rind,18,1774,1,1,"Williamsburg [Va.] : Printed by Clementina Rind, [1774].",Williamsburg,22,female,1739,1774,False
0008400300_000750,"The ladies history of England; from the descent of Julius Cæsar, to the summer of 1780. Calculated for the use of the ladies of Great-Britain and Ireland; and likewise adapted to general use, entertainment, and instruction. By Charlotte Cowley.","Cowley, Charlotte",13,1780,1,1,"London : printed for the proprietors; and sold by S. Bladon, No. 13, in Pater-Noster-Row, MDCCLXXX. [1780][-81].",London,774,female,,,False
0691101400_000006,An address to the opposers of the repeal of the Corporation and Test Acts.,Anna Laetitia Barbauld,17,1790,1,1,"London : printed for J. Johnson, No 72, St. Paul's Church-Yard, MDCCXC. [1790].",London,44,female,1743,1825,True
0273100302_000018,"Mental improvement: or the beauties and wonders of nature and art, Conveyed in a Series of Instructive Conversations. By Priscilla Wakefield, Author of Leisure Hours. ...",Priscilla Wakefield,31,1794,2,2,"London : printed and sold by Darton and Harvey, No. 55, Gracechurch-Street, M.DCC.XCIV. [1794].",London,200,female,1751,1832,False
0026400600_000019,"Britain's golden mines discover'd: or, the fishery trade considered, Under these Three Heads, I. What Benefit Britain may reap by it. II. Which is the most probable Way of recovering it. III. The Three great Fishing Trades, viz. That upon our own Coasts, That upon our own Coasts, That upon the Coasts of Greenland, and that upon the Coasts of Newfoundland, particularly examined. In a letter from Sally Fisher, at Paris, to Mally Loverus, at London.","Fisher, Sally",30,1720,1,1,"London : printed for J. Morphew near Stationers-Hall, 1720.",London,99,female,,,False
1253800101_000063,"The Family magazine; or, a Repository of religious instruction, and rational amusement. ... By Mrs. Trimmer.",Sarah Trimmer,13,1788,1,18,"London [England] : printed by and for J[ohn]. Marshall and Co. Aldermary Church Yard, in Bow Lane, [1788-1789].",London,464,female,1741,1810,True
0036600400_000042,"All the histories and novels written by the late ingenious Mrs. Behn, Entire in One Volume. Viz. I. The History of Oroonoko, or the Royal Slave. Written by the Command of King Charles the Second. II. The Fair Jist, or Prince Tarquin. III. Agnes de Castro, or the Force of Generous Love. IV. The Lover's Watch, or the Art of making Love; being Rules for Courtship for every Hour of the Day and Night. V. The Ladies Looking-Glass to Dress themselves by, or the whole Art of Charming all Mankind. VI. The Lucky Mistake. Vii. Memoirs of the Court of the King of Banram. Viii. The Nun, or the Perjured Beauty. IX The Adventure of the Black Lady. Together with the history of the life and memoirs of Mrs. Behn. By one of the Fair Sex. Intermix'd with Pleasant Love-Letters that pass'd betwixt her and Minheer Van Bruin, a Dutch Merchant; with her Character of the Country and Lover: And her Love-Letters to a Gentleman in England.",Aphra Behn,13,1705,1,1,"London : printed for R. Wellington, at the Dolphin and Crown in St. Paul's Church-Yard, 1705.",London,469,female,1640,1689,True
0019800200_000019,"The history of Oronooko; or, the royal slave. A novel. Containing a variety of entertaining passages. Published by Charles Gildon.",Aphra Behn,14,1770,1,1,"Doncaster : printed by C. Plummer, MDCCLXX. [1770].",Doncaster,151,female,1640,1689,True
0870100702_000026,"Friendship in death; in twenty letters from the dead to the living. To which are added, letters moral and entertaining, in prose and verse. In three parts. By Mrs. Elizabeth Rowe. In two volumes.",Elizabeth Rowe,24,1786,2,2,"London : printed for Harrison and Co. No 18, Paternoster Row, MDCCLXXXVI. [1786].",London,77,female,1674,1737,True
0621000203_000021,"An apology for the conduct of Mrs. T. C. Phillips; more particularly, that part of it which relates to her marriage with an eminent Dutch merchant. The whole authenticated by faithful copies of his letters, ...",Teresia Phillips,18,1750,3,3,"[London], [1750].",London,258,female,1709,1765,False
0380400402_000025,"The rotchfords; or, the friendly counsellor: designed for the instruction and amusement of the youth of both sexes. By M. P. In two volumes. ...",Dorothy Kilner,21,1786,2,2,"London : printed and sold by John Marshall and Co. at No. 4, Aldermary Church Yard, in Bow-Lane, [1786?].",London,156,female,1755,1836,False
0550700703_000021,"An apology for the conduct of Mrs. Teresia Constantia Phillips, more particularly that part of it which relates to her marriage with an eminent Dutch merchant: the whole authenticated by faithful copies of his letters, and of the Settlement which he made upon her to induce her to suffer (without any real Opposition on her Part) a Sentence to be pronounced against their Marriage; Together with such other Original Papers, field in the Cause, as are necessary to illustrate that remarkable Story.",Teresia Phillips,16,1748,3,3,"[ London : printed for the author; and sold at her house, 1748?].",London,337,female,1709,1765,False
0008400300_000607,"The ladies history of England; from the descent of Julius Cæsar, to the summer of 1780. Calculated for the use of the ladies of Great-Britain and Ireland; and likewise adapted to general use, entertainment, and instruction. By Charlotte Cowley.","Cowley, Charlotte",27,1780,1,1,"London : printed for the proprietors; and sold by S. Bladon, No. 13, in Pater-Noster-Row, MDCCLXXX. [1780][-81].",London,774,female,,,False
0156500200_000086,"The history of England, from the Revolution to the present time, in a series of letters to the Reverend Doctor Wilson, ... By Catherine Macaulay. Vol.I.",Catharine Macaulay,24,1778,1,1,"Bath : printed by R. Cruttwell: and sold by E. and C. Dilly, T. Cadell, and J. Walter, London, 1778.",Bath,455,female,1731,1791,True
0115301403_000021,"An apology for the conduct of Mrs. Teresia Constantia Phillips, more particularly that part of it which relates to her marriage with an eminent Dutch merchant: the whole authenticated by faithful copies of his letters, and of the Settlement which he made upon her to induce her to suffer (without any real Opposition on her Part) a Sentence to be pronounced against their Marriage; Together with such other Original Papers, filed in the Cause, as are necessary to illustrate that remarkable Story.",Teresia Phillips,15,1748,3,3,"[London] : Printed for the booksellers of London and Westminster, [1748].",London,337,female,1709,1765,False
0295901200_000009,"The happy king. A sacred poem: with occasional remarks. Respectfully addressed to George the Third, by Catharine Phillips.","Phillips, Catharine",15,1794,1,1,"[London] : Printed for the author, in the year, 1794.",London,131,female,1727,1794,False
0013100201_000003,Memoirs of Emma Courtney. By Mary Hays. In two volumes. ...,Mary Hays,16,1796,1,2,"London : printed for G. G. and J. Robinson, Paternoster-Row, 1796.",London,193,female,1759,1843,True
0100300300_000071,"The life of Charlotta Du Pont, an English lady; taken from her own memoirs. Giving an account how she was trepan'd by her stepmother to Virginia, how the Ship was taken by some Madagasear Pirates, and retaken by a Spanish Man of War. Of her Marriage in the Spanish West-Indies, and Adventures whilst she resided there, with her return to England. And the History of several Gentlemen and Ladys whom she met withal in her Travels; some of whom had been Slaves in Barbary, and others cast on Shore by Shipwreck on the barbarous Coasts up the great River Oroonoko: with their Escape thence, and safe Return to France and Spain. A History that contains the greatest Variety of Events that ever was publish'd. By Mrs. Aubin.",Penelope Aubin,19,1723,1,1,"London : printed for A. Bettesworth at the Red Lion in Pater-Noster-Row, M.DCC.XXIII. [1723].",London,289,female,1679,1731,False
1208900100_000089,"The history of England, from the Revolution to the present time, in a series of letters to the Reverend Doctor Wilson, Rector of St. Stephen's, Walbrook, and Prebendary of Westminster. By Catharine Macaulay. Vol.I.",Catharine Macaulay,20,1779,1,1,"Dublin : printed for John Exshaw, No. 86, and William Hallhead, No. 63, Dame-Street, M.DCC.LXXIX. [1779].",Dublin,463,female,1731,1791,True
0389401000_000048,"Mental improvement: or, the beauties and wonders of nature and art. In a series of instructive conversations. By Priscilla Wakefield, Author Of Leisure Hours, Juvenile Anecdotes, &c. &c. &c.",Priscilla Wakefield,28,1800,1,1,"Dublin : printed for P. Wogan, No 23, Old Bridge, by T. Burnside, 1800.",Dublin,315,female,1751,1832,False
0984900200_000040,"Geography and history. Selected by a lady, for the use of her own children.",Lady,18,1790,1,1,"London : printed for B. Law, No. 13, Ave-Maria Lane, Ludgate Street, MDCCXC. [1790].",London,377,female,,,False
0113000101_000032,"All the histories and novels written by the late ingenious Mrs. Behn, intire in two volumes. Published by Mr. Charles Gildon.",Aphra Behn,22,1722,1,2,"London : printed by J.D. for M.P. and sold by A. Bettesworth, and F. Clay, 1722.",London,337,female,1640,1689,True
0311301001_000033,"All the histories and novels written by the late ingenious Mrs. Behn, intire in two volumes. Published by Mr. Charles Gildon.",Aphra Behn,20,1735,1,2,"London : printed for W. Feales, at Rowe's Head, against St. Clement's Church in the Strand; R. Wellington, at the Dolphin and Crown, without Temple-Bar; J. Brindley, at the King's Arms in New Bond-Street; C. Corbett, at Addison's Head, against St. Dunstan's Church in Fleet-Street; A. Bettesworth, and F. Clay, in trust for B. Wellington, M.DCC.XXXV. [1735].",London,337,female,1640,1689,True
0075800700_000028,A mirror for the female sex. Historical beauties for young ladies. Intended to lead the female mind to the love and practice of moral goodness. Designed principally for the use of ladies' schools. By Mrs. Pilkington. ...,Mary Pilkington,18,1798,1,1,"London : printed for Vernor and Hood; and sold by E. Newbery, 1798.",London,253,female,1766,1839,True
0029300203_000014,"Hubert de Sevrac, a romance, of the eighteenth century; by Mary Robinson, author of Poems, Angelina, the Sicilian Lover, the Widow, &c. &c. &c. In three volumes, ...",Mary Robinson,14,1796,3,3,"London : printed for the author, by Hookham and Carpenter, Old-Bond-Street, 1796.",London,322,female,1758,1800,True
1772800203_000037,The works of Mrs. Behn. Entire in three volumes. ...,Aphra Behn,12,1711,3,3,"London : printed for R. Wellington, 1711.",London,470,female,1640,1689,True
0673400201_000055,"Letters from Italy, describing the manners, customs, antiquities, paintings, &c. of that country, in the years MDCCLXX and MDCCLXXI, to a friend residing in France. By an English woman. The second edition, revised and corrected. In two volumes. ...","Anna, Lady Miller",18,1777,1,2,"London : printed for Edward and Charles Dilly, MDCCLXXVII. [1777].",London,429,female,1741,1781,False
0008400300_000457,"The ladies history of England; from the descent of Julius Cæsar, to the summer of 1780. Calculated for the use of the ladies of Great-Britain and Ireland; and likewise adapted to general use, entertainment, and instruction. By Charlotte Cowley.","Cowley, Charlotte",14,1780,1,1,"London : printed for the proprietors; and sold by S. Bladon, No. 13, in Pater-Noster-Row, MDCCLXXX. [1780][-81].",London,774,female,,,False
0344200101_000054,"Letters from Italy, describing the manners, customs, antiquities, paintings, &c. of that country, in the years MDCCLXX and MDCCLXXI, to a friend residing in France. By an English woman. In three volumes. ...","Anna, Lady Miller",19,1776,1,3,"Dublin : printed for W. Watson, D. Chamberlaine, J. Potts, J. Williams, J. Hoey, W. Colles, W. Wilson, T. Walker, W. Gilbert, C. Jenkin, T. Armitage, M. Mills, J. Beatty, J. Exshaw and C. Talbot, M.DCC.LXXVI. [1776].",Dublin,341,female,1741,1781,False
1619700400_000027,"Royal novels: or, A new collection of enter taining histories and tragical stories. By Mrs. Behn and others. Containing, I. Oroonoko or the Royal slave. II. Elizabeth and the Earl of essex. III. The history of Prince Alasnam.",Aphra Behn,10,1791,1,1,"Dublin : Printed and sold by R. Jackson, Me[at]h street, 1791.",Dublin,181,female,1640,1689,True
1772800203_000034,The works of Mrs. Behn. Entire in three volumes. ...,Aphra Behn,16,1711,3,3,"London : printed for R. Wellington, 1711.",London,470,female,1640,1689,True
1253800103_000097,"The Family magazine; or, a Repository of religious instruction, and rational amusement. ... By Mrs. Trimmer.",Sarah Trimmer,23,1788,3,18,"London [England] : printed by and for J[ohn]. Marshall and Co. Aldermary Church Yard, in Bow Lane, [1788-1789].",London,463,female,1741,1810,True
1734300200_000079,"Friendship in death: in twenty letters from the dead to the living. To which are added, letters moral and entertaining, in prose and verse: in three parts. By Mrs. Elisabeth Rowe.",Elizabeth Rowe,12,1775,1,1,"London : Sold by T. Davidson, and W. Panton, in the Strand, [1775?].",London,414,female,1674,1737,True
0206900202_000042,Celestina. A novel. In four volumes. By Charlotte Smith. ...,Charlotte Turner Smith,12,1791,2,4,"London : printed for T. Cadell, in the Strand, M.DCC.XCI. [1791].",London,316,female,1749,1806,True
0098901402_000018,The letters of a solitary wanderer: containing narratives of various description. By Charlotte Smith. ...,Charlotte Turner Smith,12,1800,2,3,"London : printed by and for Sampson Low, Berwick Street, Soho, 1800.",London,318,female,1749,1806,True
0009300201_000010,"Letters from the Countess de Sancerre, to Count de Nancé, her friend. By Madam Riccoboni. Translated from the French. ...",Marie Jeanne Riccoboni,12,1767,1,2,"London : printed for T. Becket and P. A. de Hondt, in the Strand, MDCCLXVII. [1767].",London,238,female,1713,1792,False
0629401400_000084,"Friendship in death: in twenty letters from the dead to the living. To which are added, letters moral and entertaining, in prose and verse. By Mrs. Elizabeth Rowe. In three parts. To which is prefixed. An account of the life of the author.",Elizabeth Rowe,23,1768,1,1,"Edinburgh : printed by A. Donaldson, and sold at his shops in London and Edinburgh, MDCCLXVIII. [1768].",Edinburgh,373,female,1674,1737,True
0919300702_000024,Dialogues of the dead. In two volumes. ...,Elizabeth Montagu,20,1775,2,2,"London : printed for T. Pridden, Fleet Street, M.DCC.LXXV. [1775].",London,167,female,1720,1800,False
0032700303_000017,"Angelina; a novel, in Three Volumes. By Mrs. Mary Robinson, Author of Poems, Vancenza, the Widow, &c. &c. &c. &c. ...",Mary Robinson,11,1796,3,3,"London : printed for the author, and sold by Hookham and Carpenter, No. 147, New Bond Street, 1796.",London,414,female,1758,1800,True
0026400600_000011,"Britain's golden mines discover'd: or, the fishery trade considered, Under these Three Heads, I. What Benefit Britain may reap by it. II. Which is the most probable Way of recovering it. III. The Three great Fishing Trades, viz. That upon our own Coasts, That upon our own Coasts, That upon the Coasts of Greenland, and that upon the Coasts of Newfoundland, particularly examined. In a letter from Sally Fisher, at Paris, to Mally Loverus, at London.","Fisher, Sally",61,1720,1,1,"London : printed for J. Morphew near Stationers-Hall, 1720.",London,99,female,,,False
0273100302_000025,"Mental improvement: or the beauties and wonders of nature and art, Conveyed in a Series of Instructive Conversations. By Priscilla Wakefield, Author of Leisure Hours. ...",Priscilla Wakefield,10,1794,2,2,"London : printed and sold by Darton and Harvey, No. 55, Gracechurch-Street, M.DCC.XCIV. [1794].",London,200,female,1751,1832,False
0381401000_000052,Dialogues of the dead.,Elizabeth Montagu,19,1760,1,1,"Dublin : printed by Oli. Nelson, in Skinner-Row, M,DCC,LX. [1760].",Dublin,335,female,1720,1800,False
1265301400_000028,"Letters containing a sketch of the politics of France, from the thirty-first of May 1793, till the twenty-eighth of July 1794, and of the scenes which have passed in the prisons of Paris. By Helen Maria Williams.",Helen Maria Williams,20,1796,1,1,"Dublin : Printed BY J. Chambers, NO. 5, Abbey-Street, 1796.",Dublin,228,female,1762,1827,True
0028800700_000021,"English nights entertainments. The history of Oroonoko; or, the royal slave. Written originally by Mrs. Behn, and revised by Mrs. Griffiths.",Aphra Behn,13,1800,1,1,"London : printed by T. Maiden, Sherbourne Lane, for Ann Lemoine, White-Rose Court, Coleman-Street, and sold by T. Hurst, Paternoster-Row, [1800].",London,48,female,1640,1689,True
0028800700_000025,"English nights entertainments. The history of Oroonoko; or, the royal slave. Written originally by Mrs. Behn, and revised by Mrs. Griffiths.",Aphra Behn,12,1800,1,1,"London : printed by T. Maiden, Sherbourne Lane, for Ann Lemoine, White-Rose Court, Coleman-Street, and sold by T. Hurst, Paternoster-Row, [1800].",London,48,female,1640,1689,True
0306200104_000114,"La belle assemblée: being a curious collection of some very remarkable incidents which happen'd to persons of the first quality in France. Interspers'd With Entertaining and Improving Observations made by them on several Passages in History, both Ancient and Modern. Written in French for the Entertainment of the King, and dedicated to him By Madam De Gomez. In four volumes. Adorn'd with Copper-Plates.",Madeleine Angélique Poisson Gomez,14,1749,4,4,"London : printed for D. Browne, J. Brotherton, W. Meadows, R. Ware, H. Lintot, T. Cox, T. Astley, S. Austen, J. Hodges, and E. Comins, 1749.",London,341,female,1684,1770,False
0448600800_000028,"Historical beauties for young ladies. Intended to lead the female mind to the love and practice of moral goodness. Designed principally for the use of ladies' schools. By Mrs. Pilkington. Ornamented with engravings, beautifully cut on wood.",Mary Pilkington,16,1800,1,1,"Dublin : printed by W. Porter, Grafton-Street, 1800.",Dublin,199,female,1766,1839,True
1577700200_000017,The history of Sir George Ellison. In two volumes.,Sarah Scott,9,1767,1,1,"Dublin : printed by W. Sleater, J. Potts, and J. Williams, MDCCLXVII. [1767].",Dublin,295,female,1720,1795,True
0800400300_000050,"Letters written during a short residence in Sweden, Norway, and Denmark. By Mary Wollstonecraft.",Mary Wollstonecraft,17,1796,1,1,"London : printed for J. Johnson, St. Paul's Church-Yard, 1796.",London,269,female,1759,1797,True
0013400101_000089,"A collection of novels, selected and revised by Mrs. Griffith. ...",Elizabeth Griffith,16,1777,1,3,"London : printed for G. Kearsly, at No. 40, in Fleet-Street: and the other Proprietors, MDCCLXXVII. [1777].",London,290,female,1720,1793,True
0629401400_000085,"Friendship in death: in twenty letters from the dead to the living. To which are added, letters moral and entertaining, in prose and verse. By Mrs. Elizabeth Rowe. In three parts. To which is prefixed. An account of the life of the author.",Elizabeth Rowe,11,1768,1,1,"Edinburgh : printed by A. Donaldson, and sold at his shops in London and Edinburgh, MDCCLXVIII. [1768].",Edinburgh,373,female,1674,1737,True
0217701400_000067,A vindication of the rights of woman: with strictures on political and moral subjects. By Mary Wollstonecraft.,Mary Wollstonecraft,16,1793,1,1,"Dublin : printed by J. Stockdale, for James Moore, No. 45, College-Green, 1793.",Dublin,269,female,1759,1797,True
0036600400_000032,"All the histories and novels written by the late ingenious Mrs. Behn, Entire in One Volume. Viz. I. The History of Oroonoko, or the Royal Slave. Written by the Command of King Charles the Second. II. The Fair Jist, or Prince Tarquin. III. Agnes de Castro, or the Force of Generous Love. IV. The Lover's Watch, or the Art of making Love; being Rules for Courtship for every Hour of the Day and Night. V. The Ladies Looking-Glass to Dress themselves by, or the whole Art of Charming all Mankind. VI. The Lucky Mistake. Vii. Memoirs of the Court of the King of Banram. Viii. The Nun, or the Perjured Beauty. IX The Adventure of the Black Lady. Together with the history of the life and memoirs of Mrs. Behn. By one of the Fair Sex. Intermix'd with Pleasant Love-Letters that pass'd betwixt her and Minheer Van Bruin, a Dutch Merchant; with her Character of the Country and Lover: And her Love-Letters to a Gentleman in England.",Aphra Behn,19,1705,1,1,"London : printed for R. Wellington, at the Dolphin and Crown in St. Paul's Church-Yard, 1705.",London,469,female,1640,1689,True
1772800203_000043,The works of Mrs. Behn. Entire in three volumes. ...,Aphra Behn,12,1711,3,3,"London : printed for R. Wellington, 1711.",London,470,female,1640,1689,True
1538100500_000030,"The noble slaves: Or, The lives and adventures of two lords and two ladies, who were shipwreck'd and cast upon a desolate Island near the East-Indies, in the year, 1710. The manner of their living there: the surprizing discoveries they made, and strange deliverance thence. How in their return to Europe they were taken by two algerine pirates near the straits of Gibraltar. Of the slavery they endured in Barbary; and of their meeting there with several persons of quality, who were likewise slaves. Of their escaping thence and safe arrival in their respective countries, Venice, Spain, and France, in the year 1718. With many extraordinary accidents that befel some of them afterwards. Being a history full of most remarkable events. By Mrs. Aubin.",Penelope Aubin,17,1736,1,1,"Dublin : Printed by R. Reilly, on Cork-Hill, for James Dalton, bookseller, at the Corner of Bride's-Alley in Patrick-street, M,DCC,XXXVI. [1736].",Dublin,132,female,1679,1731,False
0363300504_000117,"La belle assemblée: being a curious collection of some very remarkable incidents which happen'd to persons of the first quality in France. Interspers'd with entertaining and improving observations made by them on several passages in history, both ancient and modern. Written in French for the entertainment of the King, and dedicated to him by Madam de Gomez. In four volumes. Adorn'd with copper-plates.",Madeleine Angélique Poisson Gomez,14,1754,4,4,"London : printed for Dan. Browne, without Temple-Bar, MDCCLIV. [1754].",London,344,female,1684,1770,False
0315000700_000034,"All the histories and novels written by the late ingenious Mrs. Behn, intire in one volume. Viz. I. The History of Oroonoko; Or, the Royal-Slave. Written by the Command of King Charles the Second. II. The Fair Jilt; Or, Prince Tarquin. III. Agnes de Castro; Or, the Force of generous Love. IV. The Lover's Watch; Or, the Art of making Love: Being Rules for Courtship for every Hour of the Day and Night. V. The Ladies Looking-Glass to Dress themselves by; Or, the whole Art of Charming all Mankind. VI. The Lucky Mistake. Vii. Memoirs of the Court of the King of Bantam. Viii. The Nun; Or, the Perjured Beauty. IX. The Adventure of the Black Lady. Together with the history of the life and memoirs of Mrs. Behn. By one of the fair sex. Intermix'd with Pleasant Love-Letters that pass'd betwixt her and Minheer Van Bruin, a Dutch Merchant; with her Character of the Country and Lover: And her Love-Letters to a Gentleman in England.",Aphra Behn,19,1718,1,1,"London : printed by J. D. for M. Wellington, at the King's-Head, against St. Clement's Church in the Strand, M.DCC.XVIII. [1718].",London,486,female,1640,1689,True
0019800200_000025,"The history of Oronooko; or, the royal slave. A novel. Containing a variety of entertaining passages. Published by Charles Gildon.",Aphra Behn,14,1770,1,1,"Doncaster : printed by C. Plummer, MDCCLXX. [1770].",Doncaster,151,female,1640,1689,True
0144600106_000072,The history of England from the accession of James I. to that of the Brunswick line. ... By Catherine Macaulay.,Catharine Macaulay,25,1763,6,8,"London : printed for J. Nourse; R. and J. Dodsley; and W. Johnston, 1763-83.",London,437,female,1731,1791,True
0737000202_000015,"Slavery: or, the times. In two volumes. By the author of Monmouth, The Danish massacre, &c. ...","Mackenzie, Anna Maria",8,1792,2,2,"London : printed for G. G. J. and J. Robinsons; and J. Dennis, 1792.",London,239,female,,,False
0144600106_000069,The history of England from the accession of James I. to that of the Brunswick line. ... By Catherine Macaulay.,Catharine Macaulay,27,1763,6,8,"London : printed for J. Nourse; R. and J. Dodsley; and W. Johnston, 1763-83.",London,437,female,1731,1791,True
0008400300_000788,"The ladies history of England; from the descent of Julius Cæsar, to the summer of 1780. Calculated for the use of the ladies of Great-Britain and Ireland; and likewise adapted to general use, entertainment, and instruction. By Charlotte Cowley.","Cowley, Charlotte",17,1780,1,1,"London : printed for the proprietors; and sold by S. Bladon, No. 13, in Pater-Noster-Row, MDCCLXXX. [1780][-81].",London,774,female,,,False
0800400300_000016,"Letters written during a short residence in Sweden, Norway, and Denmark. By Mary Wollstonecraft.",Mary Wollstonecraft,18,1796,1,1,"London : printed for J. Johnson, St. Paul's Church-Yard, 1796.",London,269,female,1759,1797,True
0191002606_000021,"Evenings at home; or, the juvenile budget opened. Consisting of a variety of miscellaneous pieces, ...",Anna Laetitia Barbauld,20,1792,6,6,"London : printed for J. Johnson, 1792-96.",London,155,female,1743,1825,True
0295901200_000012,"The happy king. A sacred poem: with occasional remarks. Respectfully addressed to George the Third, by Catharine Phillips.","Phillips, Catharine",12,1794,1,1,"[London] : Printed for the author, in the year, 1794.",London,131,female,1727,1794,False
0022900401_000007,The history of Sir George Ellison. In two volumes. ...,Sarah Scott,15,1766,1,2,"London : printed for A. Millar, in the Strand, MDCCLXVI. [1766].",London,338,female,1720,1795,True
1375000604_000053,"La belle assemblé: or, The adventures of twelve days. Being a curious collection of remarkable incidents which happened to some of the first quality in France. Written in French for the entertainment of the King, and dedicated to him, By Madam De Gomez. In four volumes.",Madeleine Angélique Poisson Gomez,18,1758,4,4,"Dublin : printed for W. Williamson, at Mecænas's-Head in Bride-street, M DCC LVIII. [1758].",Dublin,337,female,1684,1770,False
0036600400_000045,"All the histories and novels written by the late ingenious Mrs. Behn, Entire in One Volume. Viz. I. The History of Oroonoko, or the Royal Slave. Written by the Command of King Charles the Second. II. The Fair Jist, or Prince Tarquin. III. Agnes de Castro, or the Force of Generous Love. IV. The Lover's Watch, or the Art of making Love; being Rules for Courtship for every Hour of the Day and Night. V. The Ladies Looking-Glass to Dress themselves by, or the whole Art of Charming all Mankind. VI. The Lucky Mistake. Vii. Memoirs of the Court of the King of Banram. Viii. The Nun, or the Perjured Beauty. IX The Adventure of the Black Lady. Together with the history of the life and memoirs of Mrs. Behn. By one of the Fair Sex. Intermix'd with Pleasant Love-Letters that pass'd betwixt her and Minheer Van Bruin, a Dutch Merchant; with her Character of the Country and Lover: And her Love-Letters to a Gentleman in England.",Aphra Behn,9,1705,1,1,"London : printed for R. Wellington, at the Dolphin and Crown in St. Paul's Church-Yard, 1705.",London,469,female,1640,1689,True
0026400600_000010,"Britain's golden mines discover'd: or, the fishery trade considered, Under these Three Heads, I. What Benefit Britain may reap by it. II. Which is the most probable Way of recovering it. III. The Three great Fishing Trades, viz. That upon our own Coasts, That upon our own Coasts, That upon the Coasts of Greenland, and that upon the Coasts of Newfoundland, particularly examined. In a letter from Sally Fisher, at Paris, to Mally Loverus, at London.","Fisher, Sally",75,1720,1,1,"London : printed for J. Morphew near Stationers-Hall, 1720.",London,99,female,,,False
0315000700_000046,"All the histories and novels written by the late ingenious Mrs. Behn, intire in one volume. Viz. I. The History of Oroonoko; Or, the Royal-Slave. Written by the Command of King Charles the Second. II. The Fair Jilt; Or, Prince Tarquin. III. Agnes de Castro; Or, the Force of generous Love. IV. The Lover's Watch; Or, the Art of making Love: Being Rules for Courtship for every Hour of the Day and Night. V. The Ladies Looking-Glass to Dress themselves by; Or, the whole Art of Charming all Mankind. VI. The Lucky Mistake. Vii. Memoirs of the Court of the King of Bantam. Viii. The Nun; Or, the Perjured Beauty. IX. The Adventure of the Black Lady. Together with the history of the life and memoirs of Mrs. Behn. By one of the fair sex. Intermix'd with Pleasant Love-Letters that pass'd betwixt her and Minheer Van Bruin, a Dutch Merchant; with her Character of the Country and Lover: And her Love-Letters to a Gentleman in England.",Aphra Behn,14,1718,1,1,"London : printed by J. D. for M. Wellington, at the King's-Head, against St. Clement's Church in the Strand, M.DCC.XVIII. [1718].",London,486,female,1640,1689,True
0325001302_000021,Letters on the improvement of the mind. Addressed to a young lady. In two volumes.,Hester Chapone,21,1773,2,2,"Dublin : printed for J. Exshaw, H. Saunders, W. Sleater, J. Potts, D. Chamberlaine, J. Williams, and R. Moncrieffe, MDCCLXXIII. [1773].",Dublin,139,female,1727,1801,True
0621000103_000026,"An apology for the conduct of Mrs. T. C. Phillips; more particularly, that part of it which relates to her marriage with an eminent Dutch merchant. To which is now first added, Mrs. Phillip's letter to the Earl of Chesterfield. In Three Volumes.",Teresia Phillips,14,1761,3,3,"London : printed for G. Smith, in Greek-Street, Soho, MDCCLXI. [1761].",London,286,female,1709,1765,False
0621000203_000026,"An apology for the conduct of Mrs. T. C. Phillips; more particularly, that part of it which relates to her marriage with an eminent Dutch merchant. The whole authenticated by faithful copies of his letters, ...",Teresia Phillips,15,1750,3,3,"[London], [1750].",London,258,female,1709,1765,False
0326600200_000027,"Mrs. Inglefield's justification, containing the proceedings in the Ecclesiastical Court, before the Right Worshipful Peter Calvert, L. L. D. On July 11 and 17, 1785, taken in short hand by W. Blanchard; with a preface and notes by Mrs. Ann Inglefield. N. B. All immodest Expressions are expunged.","Inglefield, Ann",15,1787,1,1,"London : printed for J. Sewell, 32, Cornhill, and J. Bew, in Paternoster-Row, MDCCLXXXVII. [1787].",London,197,female,,,False
1696600500_000018,"A chronological account and brief history of the events of the French revolution, From the taking of the Bastile, in 1789, to the conquest of Holland, in 1795, including a period of nearly six years, by J. Talma, a native of Paris, and now a dentist in Chester.","Talma, Julie",18,1795,1,1,"London : Printed for the author, and sold by G. Sael, Newcastle-Street, Strand, [1795]",London,254,female,1756,1805,False
0007900101_000038,"Letters from France; containing a great variety of original information concerning the most important events that have occurred in that country in the years 1790, 1791, 1792, and 1793. By Helen Maria Williams. To which are annexed, The Correspondence of Dumourier with Pache, the War Minister, and with the Commissaries. - Letters of Bournonville, Miranda, Valence, &c. &c. ...",Helen Maria Williams,17,1794,1,2,"Dublin : printed by J. Chambers, 5, Abbey-Street, 1794.",Dublin,241,female,1762,1827,True
0937800700_000026,"Anecdotes of the late Samuel Johnson, LL.D. during the last twenty years of his life. By Hesther Lynch Piozzi.",Hester Thrale,13,1786,1,1,"London : printed for T. Cadell in the Strand, MDCCLXXXVI. [1786].",London,314,female,1741,1821,True
0463801700_000038,"The grand instructions to the commissioners appointed to frame a new code of laws for the Russian Empire: composed by Her Imperial Majesty Catherine II. Empress of all the Russias. To which is prefixed, a description of the manner of opening the commission, with the orde and rules for electing the commissioners. Translated from the original, in the Russian language, by Michael Tatischeff, a Russian Gentleman; And published by Permission.",Russia. Sovereign (1762-1796: Catherine II),31,1768,1,1,"London : printed for T. Jefferys, at the Corner of St. Martin's Lane, Charing-Cross, MDCCLXVIII. [1768].",London,278,female,,,False
0113000101_000033,"All the histories and novels written by the late ingenious Mrs. Behn, intire in two volumes. Published by Mr. Charles Gildon.",Aphra Behn,21,1722,1,2,"London : printed by J.D. for M.P. and sold by A. Bettesworth, and F. Clay, 1722.",London,337,female,1640,1689,True
0783800300_000078,"Friendship in death: in twenty letters from the dead to the living. To which are added, letters moral and entertaining. In prose and verse. In three parts. By Mrs. Elizabeth Rowe.",Elizabeth Rowe,18,1760,1,1,"London : printed for R. Baldwin, J. Richardson, S. Crowder and Co. P. Davey and B. Law, T. Caslon and T. Field, MDCCLX. [1760].",London,311,female,1674,1737,True
0468600101_000005,"Juliana Ormeston: or, the fraternal victim. In two volumes. By Mrs. Harley, ...","Harley, M., Mrs",19,1793,1,2,"Dublin : printed by Brett Smith, for Messrs. P. Wogan, P. Byrne, J. Moore, W. Jones, & J. Rice, 1793.",Dublin,323,female,,,False
0737000202_000031,"Slavery: or, the times. In two volumes. By the author of Monmouth, The Danish massacre, &c. ...","Mackenzie, Anna Maria",11,1792,2,2,"London : printed for G. G. J. and J. Robinsons; and J. Dennis, 1792.",London,239,female,,,False
1401700300_000022,"Two voyages to Sierra Leone, during the years 1791-2-3, in a series of letters, By Anna Maria Falconbridge. To which is added, a letter from the author, to Henry Thornton, Esq. M.P. and chairman of the Court of Directors of the Sierra Leone Company.","Falconbridge, A. M. (Anna Maria)",23,1794,1,1,"London : Printed for the author, and sold by different booksellers throughout the Kingdom, 1794.",London,291,female,,,False
0670801200_000016,"A selection from the Annals of virtue, of Madame Sillery: containing the Most Important and Interesting Anecdotes from the histories of Spain, Portugal, China, Japan, and America: With some Account of the Manners, Customs, Arts and Sciences of France. Translated from the French by Elizabeth Mary James.",Stéphanie Félicité du Crest de Saint-Aubin,12,1794,1,1,"Bath : printed by S. Hazard, for the author; and sold by Hookham and Co. New-Bond-Street, Richardson, Royal Exchange, London; S. Hazard, of Bath, and by all other booksellers, M.DCC.XCIV. [1794].",Bath,270,female,1746,1830,True
1478000300_000079,Friendship [in death] In twenty le[tter] from the dead to the [living] to which are added letters moral and entertainin[g] in prose and [verse]. In three parts. By Mrs. Elizabeth [Rowe].,Elizabeth Rowe,10,1752,1,1,"London : Printed for Henry Lintot, [1752].",London,361,female,1674,1737,True
0029100701_000015,"Constantia Neville; or, the West Indian. A novel. In three volumes. By Helena Wells, Author of ``the Step-Mother,'' &c. ...",Helena Wells,14,1800,1,3,"London : printed by C. Whittingham, Dean-Street, Fetter-Lane, for T. Cadell, jun. and W. Davies, Strand ; and W. Creech, Edinburgh, 1800.",London,367,female,,,False
0587800200_000002,Miscellanies in prose and verse. By Anna Williams.,Anna Williams,9,1766,1,1,"London : printed for T. Davies, in Great Russel-Street, Covent-Garden, M,DCC,LXVI. [1766].",London,187,female,1706,1783,False
1613201800_000004,"A poem on the inhumanity of the slave-trade. Humbly inscribed to the Right Honourable and Right Reverend Frederick, Earl of Bristol, Bishop of Derry; &c. &c. By Ann Yearsley.",Ann Yearsley,11,1788,1,1,"London : Printed for G.G.J. and J. Robinson, Paternoster-Row, MDCCLXXXVIII. [1788].",London,34,female,1756,1806,True
0008400300_000715,"The ladies history of England; from the descent of Julius Cæsar, to the summer of 1780. Calculated for the use of the ladies of Great-Britain and Ireland; and likewise adapted to general use, entertainment, and instruction. By Charlotte Cowley.","Cowley, Charlotte",19,1780,1,1,"London : printed for the proprietors; and sold by S. Bladon, No. 13, in Pater-Noster-Row, MDCCLXXX. [1780][-81].",London,774,female,,,False
0642101300_000015,"Juliania; or, the affectionate sisters. By the author of The happy family at Eason House, &c.","Sandham, Elizabeth",16,1800,1,1,"London : printed for T. Hurst, NO. 32, Pater-Noster-Row; by J. Crowder, Warwick-Square, 1800.",London,214,female,,,False
0628400901_000028,"The entertaining novels of Mrs. Jane Barker, of Wilsthorp in Northamptonshire. I. Exilius: Or, The Banished Roman. Written for the Improvement of some Young Ladies of Quality. II. Clelia and Marcellus: Or, The Constant Lovers. III. The Reward of Virtue: Or, The Adventures of Clarinthia and Lysandra. IV. The Lucky Escape: Or, The Fate of Ismenus. V. Clodius and Scipiana: Or, The beautiful Captive. VI. Piso: Or, The lewd Courtier. Vii. The Happy Recluse: Or, The Charms of Liberty. Viii. The Fair Widow: Or, False Friend. IX. The Amours of Bosvil and Galetia.",Jane Barker,18,1743,1,2,"London : printed for C. Hitch, at the Red Lion in Pater-Noster Row, MDCCXLIII. [1743].",London,195,female,1652,1732,True
0008400300_000713,"The ladies history of England; from the descent of Julius Cæsar, to the summer of 1780. Calculated for the use of the ladies of Great-Britain and Ireland; and likewise adapted to general use, entertainment, and instruction. By Charlotte Cowley.","Cowley, Charlotte",19,1780,1,1,"London : printed for the proprietors; and sold by S. Bladon, No. 13, in Pater-Noster-Row, MDCCLXXX. [1780][-81].",London,774,female,,,False
0384301600_000012,"Academia: or, the humours of the University of Oxford. In burlesque verse.","Danvers, Alicia",8,1716,1,1,"London : printed, for J. Morphew, near Stationers-Hall, [1716].",London,47,female,,,False
0019300104_000003,"Andrew Stuart, or the northern wanderer. A novel. In Four Volumes. By Mary Ann Hanway. Author of Ellinor, or the World as it is. ...",Mary Ann Hanway,12,1800,4,4,"London : printed at the Minerva Press, for William Lane, Leadenhall-Street, 1800.",London,422,female,,,False
0023900300_000026,"Exilius: or, the banish'd Roman. A new romance. In two parts: written after the manner of Telemachus, for the instruction of some young ladies of quality. By Mrs. Jane Barker.",Jane Barker,18,1715,1,1,"London : printed for E. Curll, at the Dial and Bible against St. Dunstan's Church in Fleetstreet, MDCCXV [1715].",London,322,female,1652,1732,True
0009300401_000005,"Letters from Lord Rivers to Sir Charles Cardigan, and to other English correspondents, while he resided in France. Translated from the original French of Madame Riccoboni, by Percival Stockdale. In two volumes. ...",Marie Jeanne Riccoboni,11,1778,1,2,"London : printed for T. Becket, 1778.",London,211,female,1713,1792,False
0008400300_000654,"The ladies history of England; from the descent of Julius Cæsar, to the summer of 1780. Calculated for the use of the ladies of Great-Britain and Ireland; and likewise adapted to general use, entertainment, and instruction. By Charlotte Cowley.","Cowley, Charlotte",17,1780,1,1,"London : printed for the proprietors; and sold by S. Bladon, No. 13, in Pater-Noster-Row, MDCCLXXX. [1780][-81].",London,774,female,,,False
0737000202_000019,"Slavery: or, the times. In two volumes. By the author of Monmouth, The Danish massacre, &c. ...","Mackenzie, Anna Maria",9,1792,2,2,"London : printed for G. G. J. and J. Robinsons; and J. Dennis, 1792.",London,239,female,,,False
0144100203_000121,The history of England from the accession of Iames I to the elevation of the House of Hanover. By Catharine Macaulay. Edit. III. ...,Catharine Macaulay,27,1769,3,5,"London : printed for Edward and Charles Dilly in the Poultry, MDCCLXIX. [1769]-72.",London,452,female,1731,1791,True
0984900200_000042,"Geography and history. Selected by a lady, for the use of her own children.",Lady,19,1790,1,1,"London : printed for B. Law, No. 13, Ave-Maria Lane, Ludgate Street, MDCCXC. [1790].",London,377,female,,,False
0984700100_000021,"Geography and history. Selected by a lady, for the use of her own children.",Lady,17,1794,1,1,"Southampton : printed and sold by T. Baker. For B. Law, Ave-Maria-Lane, Ludgate-Street. [London], MDCCXCIV. [1794].",Southampton,400,female,,,False
1401700300_000034,"Two voyages to Sierra Leone, during the years 1791-2-3, in a series of letters, By Anna Maria Falconbridge. To which is added, a letter from the author, to Henry Thornton, Esq. M.P. and chairman of the Court of Directors of the Sierra Leone Company.","Falconbridge, A. M. (Anna Maria)",22,1794,1,1,"London : Printed for the author, and sold by different booksellers throughout the Kingdom, 1794.",London,291,female,,,False
1772800203_000046,The works of Mrs. Behn. Entire in three volumes. ...,Aphra Behn,9,1711,3,3,"London : printed for R. Wellington, 1711.",London,470,female,1640,1689,True
0642101300_000019,"Juliania; or, the affectionate sisters. By the author of The happy family at Eason House, &c.","Sandham, Elizabeth",14,1800,1,1,"London : printed for T. Hurst, NO. 32, Pater-Noster-Row; by J. Crowder, Warwick-Square, 1800.",London,214,female,,,False
0022900401_000008,The history of Sir George Ellison. In two volumes. ...,Sarah Scott,10,1766,1,2,"London : printed for A. Millar, in the Strand, MDCCLXVI. [1766].",London,338,female,1720,1795,True
1696600500_000047,"A chronological account and brief history of the events of the French revolution, From the taking of the Bastile, in 1789, to the conquest of Holland, in 1795, including a period of nearly six years, by J. Talma, a native of Paris, and now a dentist in Chester.","Talma, Julie",12,1795,1,1,"London : Printed for the author, and sold by G. Sael, Newcastle-Street, Strand, [1795]",London,254,female,1756,1805,False
1542500204_000112,"La bell assemblée: or, The adventures of twelve days. Being a curious collection of remarkable incidents which happen'd to some of the first quality in France. Written in French for the entertainment of the King, and dedicated to him, By Madam De Gomez. In four volumes.",Madeleine Angélique Poisson Gomez,12,1740,4,4,"Dublin : Printed by M. Rhamrs, for R. Gunne, in Capel-Street, G. Risk, G. Ewing, W. Smith, and T. Moore, booksellers in Dame-Street, MDCCXL. [1740].",Dublin,352,female,1684,1770,False
1426801400_000005,"Letters from Lord Rivers to Sir Charles Cardigan, and to other English correspondents, while he resided in France. Translated from the original French of Madame Riccoboni, by Percival Stockdale. In two volumes.",Marie Jeanne Riccoboni,10,1785,1,1,"Dublin : printed by S. Colbert. (at the established circulating library) No. 136, Capel-street, opposite Abbey-street; where every new book is hired out, 1785.",Dublin,289,female,1713,1792,False
1027800306_000021,"Evenings at home; or, the juvenile budget opened. Consisting of a variety of miscellaneous pieces, for the instruction and amusement of young persons. ...",Anna Laetitia Barbauld,17,1798,6,6,"London : printed for J. Johnson, 1794-98.",London,155,female,1743,1825,True
1087400600_000079,"Friendship in death: in twenty letters from the dead to the living. To which are added, letters moral and entertaining, in prose and verse: in three parts. By Mrs Elizabeth Rowe.",Elizabeth Rowe,17,1756,1,1,"London : printed for A. Todd in Fleet-Street., MDCCLVI. [1756].",London,320,female,1674,1737,True
0352200800_000003,"Ainsi va le monde, a poem. Inscribed to Robert Merry, Esq. A. M. Member of the Royal Academy of Florence; and Author of the Laurel of Liberty and the Della Crusca Poems. By Laura Maria.",Mary Robinson,15,1790,1,1,"London : printed by John Bell, Bookseller to His Royal Highness the Prince of Wales, at the British Library, Strand, MDCCXC. 1790.",London,18,female,1758,1800,True
0008400300_000529,"The ladies history of England; from the descent of Julius Cæsar, to the summer of 1780. Calculated for the use of the ladies of Great-Britain and Ireland; and likewise adapted to general use, entertainment, and instruction. By Charlotte Cowley.","Cowley, Charlotte",24,1780,1,1,"London : printed for the proprietors; and sold by S. Bladon, No. 13, in Pater-Noster-Row, MDCCLXXX. [1780][-81].",London,774,female,,,False
0144600103_000118,The history of England from the accession of James I. to that of the Brunswick line. ... By Catherine Macaulay.,Catharine Macaulay,28,1763,3,8,"London : printed for J. Nourse; R. and J. Dodsley; and W. Johnston, 1763-83.",London,472,female,1731,1791,True
0870100702_000027,"Friendship in death; in twenty letters from the dead to the living. To which are added, letters moral and entertaining, in prose and verse. In three parts. By Mrs. Elizabeth Rowe. In two volumes.",Elizabeth Rowe,11,1786,2,2,"London : printed for Harrison and Co. No 18, Paternoster Row, MDCCLXXXVI. [1786].",London,77,female,1674,1737,True
1622600102_000057,"Tales of the castle: Or, Stories of instruction and delight being Les veilles du Chateau, written in French by Madame la Comtesse de Genlis, author of the Theatre of education, Adela and Theodore, &c. Translated into English by Thomas Holcroft.",Stéphanie Félicité du Crest de Saint-Aubin,9,1789,2,4,"Dublin : Printed for Messrs. Moncrieffe, Walker, White, Byrne, and Parker, MDCCLXXXIX. [1789].",Dublin,298,female,1746,1830,True
1330301000_000045,"Memoirs of the life of the Reverend George Whitefield, M.A. late Chaplain to the Right Honourable the Countess of Huntingdon: in which every circumstance worthy of notice, both in his private and public character, is recorded. Faithfully selected from his original papers, journals and letters. Illustrated by a variety of interesting and entertaining anecdotes, from the best authorities. With a particular account of his death and funeral; and extracts from the sermons, which were preached on that occasion. Compiled by the Rev. John Gillies, D.D. To which is added, a extract from Mr. Whitefield's tracts. [Nine lines of Scripture quotations].","Selina Hastings, Countess of Huntingdon",20,1798,1,1,"New-London, (Conn.) : Printed by S. Green, for Cornelius Davis, N. York, 1798.",New London|New York.,287,female,1707,1791,False
0113000101_000007,"All the histories and novels written by the late ingenious Mrs. Behn, intire in two volumes. Published by Mr. Charles Gildon.",Aphra Behn,17,1722,1,2,"London : printed by J.D. for M.P. and sold by A. Bettesworth, and F. Clay, 1722.",London,337,female,1640,1689,True
1243600302_000002,"Philidore and Placentia: or, l'amour trop delicat. Part II. By Mrs. Haywood.",Eliza Haywood,17,1727,2,2,"London : printed for Tho. Green , near the corner of Spring Gardens, Charing-Cross ; and sold by J. Roberts, at the Oxford-Arms, in Warwick-Lane MDCCXXVII. [1727].",London,47,female,1693,1756,True
1401700300_000040,"Two voyages to Sierra Leone, during the years 1791-2-3, in a series of letters, By Anna Maria Falconbridge. To which is added, a letter from the author, to Henry Thornton, Esq. M.P. and chairman of the Court of Directors of the Sierra Leone Company.","Falconbridge, A. M. (Anna Maria)",20,1794,1,1,"London : Printed for the author, and sold by different booksellers throughout the Kingdom, 1794.",London,291,female,,,False
0113000101_000030,"All the histories and novels written by the late ingenious Mrs. Behn, intire in two volumes. Published by Mr. Charles Gildon.",Aphra Behn,16,1722,1,2,"London : printed by J.D. for M.P. and sold by A. Bettesworth, and F. Clay, 1722.",London,337,female,1640,1689,True
0016500403_000020,"Orlando and Lavinia: or, the libertine. A novel. In four volumes. By a lady. ...",Lady,11,1792,3,4,"London : printed for L. Wayland, No. 2, Middle-Row, Holborn, 1792.",London,129,female,,,False
0022900401_000005,The history of Sir George Ellison. In two volumes. ...,Sarah Scott,12,1766,1,2,"London : printed for A. Millar, in the Strand, MDCCLXVI. [1766].",London,338,female,1720,1795,True
0484700402_000044,"The old manor house. A novel, in two volumes. By Charlotte Smith. ...",Charlotte Turner Smith,10,1793,2,2,"Dublin : printed for Messrs. G. Burnet, P. Wogan, P. Byrne, H. Colbert, J. Moore [and 6 others in Dublin], 1793.",Dublin,381,female,1749,1806,True
1269100800_000044,"Letters on the improvement of the mind, addressed to a young lady. By Mrs. Chapone.",Hester Chapone,23,1786,1,1,"London : printed for J. Walter , Charing-Cross ; and C. Dilly, in the Poultry, M.DCC.LXXXVI. [1786].",London,255,female,1727,1801,True
0013400101_000100,"A collection of novels, selected and revised by Mrs. Griffith. ...",Elizabeth Griffith,11,1777,1,3,"London : printed for G. Kearsly, at No. 40, in Fleet-Street: and the other Proprietors, MDCCLXXVII. [1777].",London,290,female,1720,1793,True
1735300300_000052,Dialogues of the dead.,Elizabeth Montagu,18,1760,1,1,"London : Printed for W. Sandby, in Fleet-street, M.DCC.LX. [1760].",London,332,female,1720,1800,False
1436700900_000043,"Letters on the improvement of the mind, addressed to a young lady. By Mrs. Chapone.",Hester Chapone,21,1778,1,1,"London : Printed for J. Walter, at Homer's Head, Charing Cross; and E. and C. Dilly, in the Poultry, MDCCLXXVIII. [1778].",London,247,female,1727,1801,True
0008400300_000667,"The ladies history of England; from the descent of Julius Cæsar, to the summer of 1780. Calculated for the use of the ladies of Great-Britain and Ireland; and likewise adapted to general use, entertainment, and instruction. By Charlotte Cowley.","Cowley, Charlotte",24,1780,1,1,"London : printed for the proprietors; and sold by S. Bladon, No. 13, in Pater-Noster-Row, MDCCLXXX. [1780][-81].",London,774,female,,,False
0363300502_000100,"La belle assemblée: being a curious collection of some very remarkable incidents which happen'd to persons of the first quality in France. Interspers'd with entertaining and improving observations made by them on several passages in history, both ancient and modern. Written in French for the entertainment of the King, and dedicated to him by Madam de Gomez. In four volumes. Adorn'd with copper-plates.",Madeleine Angélique Poisson Gomez,23,1754,2,4,"London : printed for Dan. Browne, without Temple-Bar, MDCCLIV. [1754].",London,331,female,1684,1770,False
0555600102_000037,"Hubert de Sevrac, a romance, of the eighteenth century. By Mrs. Robinson. ...",Mary Robinson,11,1797,2,2,"Dublin : printed by B. Smith, C. Browne, and H. Colbert, 1797.",Dublin,277,female,1758,1800,True
0315000700_000022,"All the histories and novels written by the late ingenious Mrs. Behn, intire in one volume. Viz. I. The History of Oroonoko; Or, the Royal-Slave. Written by the Command of King Charles the Second. II. The Fair Jilt; Or, Prince Tarquin. III. Agnes de Castro; Or, the Force of generous Love. IV. The Lover's Watch; Or, the Art of making Love: Being Rules for Courtship for every Hour of the Day and Night. V. The Ladies Looking-Glass to Dress themselves by; Or, the whole Art of Charming all Mankind. VI. The Lucky Mistake. Vii. Memoirs of the Court of the King of Bantam. Viii. The Nun; Or, the Perjured Beauty. IX. The Adventure of the Black Lady. Together with the history of the life and memoirs of Mrs. Behn. By one of the fair sex. Intermix'd with Pleasant Love-Letters that pass'd betwixt her and Minheer Van Bruin, a Dutch Merchant; with her Character of the Country and Lover: And her Love-Letters to a Gentleman in England.",Aphra Behn,14,1718,1,1,"London : printed by J. D. for M. Wellington, at the King's-Head, against St. Clement's Church in the Strand, M.DCC.XVIII. [1718].",London,486,female,1640,1689,True
0151001600_000046,"Extracts from the votes and proceedings of the American Continental Congress, held at Philadelphia, 10th May, 1775. Published by order of the Congress.","Thomsen, Lydia, MWA",21,1775,1,1,"New-York : Printed and sold by John Anderson, at Beekman's-Slip, M,DCC,LXXV. [1775].",New York|New York.,192,female,,,False
0013100303_000015,"Selina, a novel, founded on facts. By a lady. In three volumes. ...",Lady,20,1800,3,3,"London : printed for C. Law, Avemaria-Lane, by Bye and Law, St. John's-Square, Clerkenwell, 1800.",London,255,female,,,False
0008400300_000492,"The ladies history of England; from the descent of Julius Cæsar, to the summer of 1780. Calculated for the use of the ladies of Great-Britain and Ireland; and likewise adapted to general use, entertainment, and instruction. By Charlotte Cowley.","Cowley, Charlotte",15,1780,1,1,"London : printed for the proprietors; and sold by S. Bladon, No. 13, in Pater-Noster-Row, MDCCLXXX. [1780][-81].",London,774,female,,,False
1061000100_000019,"A dialogue between a lady and her pupils, describing a journey through England and Wales; in which a detail of the different arts and manufactures of each city and town is accurately given; Interspersed with Observations and Descriptions in Natural History. Designed for young ladies and schools. By Mrs. Brook.","Brook, Mrs",17,1800,1,1,"London : printed for and sold by Thomas Clio Rickman, Upper Mary-Le-Bone Street; and to be had of all booksellers, [1800?].",London,287,female,,,False
1243600302_000011,"Philidore and Placentia: or, l'amour trop delicat. Part II. By Mrs. Haywood.",Eliza Haywood,17,1727,2,2,"London : printed for Tho. Green , near the corner of Spring Gardens, Charing-Cross ; and sold by J. Roberts, at the Oxford-Arms, in Warwick-Lane MDCCXXVII. [1727].",London,47,female,1693,1756,True
0326900902_000022,"Letters on the improvement of the mind, addressed to a young lady. In two volumes. By Mrs. Chapone.",Hester Chapone,22,1775,2,2,"London : printed for J. Walter; and E. and C. Dilly, 1775.",London,234,female,1727,1801,True
1216900302_000010,"The stage-Coach: containing the character of Mr. Manly, and the history of his fellow-travellers. ...","Smythies, Miss",11,1754,2,2,"Dublin : printed for J. Esdall, on Cork-Hill; and S. Price, in Dame-Street, 1754.",Dublin,166,female,1753,1759,False
1253800101_000129,"The Family magazine; or, a Repository of religious instruction, and rational amusement. ... By Mrs. Trimmer.",Sarah Trimmer,7,1788,1,18,"London [England] : printed by and for J[ohn]. Marshall and Co. Aldermary Church Yard, in Bow Lane, [1788-1789].",London,464,female,1741,1810,True
1293400502_000022,"Letters on the improvement of the mind, addressed to a young lady. In two volumes. By Mrs. Chapone. ...",Hester Chapone,21,1783,2,2,"London : printed for J. Walter, Charing-Cross; and C. Dilly, in the Poultry, MDCCLXXXIII. [1783].",London,231,female,1727,1801,True
0008400300_000697,"The ladies history of England; from the descent of Julius Cæsar, to the summer of 1780. Calculated for the use of the ladies of Great-Britain and Ireland; and likewise adapted to general use, entertainment, and instruction. By Charlotte Cowley.","Cowley, Charlotte",28,1780,1,1,"London : printed for the proprietors; and sold by S. Bladon, No. 13, in Pater-Noster-Row, MDCCLXXX. [1780][-81].",London,774,female,,,False
1375000604_000115,"La belle assemblé: or, The adventures of twelve days. Being a curious collection of remarkable incidents which happened to some of the first quality in France. Written in French for the entertainment of the King, and dedicated to him, By Madam De Gomez. In four volumes.",Madeleine Angélique Poisson Gomez,9,1758,4,4,"Dublin : printed for W. Williamson, at Mecænas's-Head in Bride-street, M DCC LVIII. [1758].",Dublin,337,female,1684,1770,False
0636200100_000096,"Friendship in death: in twenty letters from the dead to the living. To which are added, letters moral and entertaining, in prose and verse. In three parts. By Mrs Elizabeth Rowe. To which is prefix'd, an account of the author's life.",Elizabeth Rowe,18,1760,1,1,"Glasgow : printed by James Knox, and sold at his shop near the Head of the Salt-Mercat, MDCCLX. [1760].",Glasgow,361,female,1674,1737,True
0016500502_000017,"The unhappy wife, a series of letters, by a lady. In two volumes. ...",Lady,9,1770,2,2,"London : printed for F. Newberry, the corner of Ludgatestreet, St. Paul's Church yard, and J. Smith, No. 15. Paternoster-Row, M.DCC.LXX. [1770].",London,149,female,,,False
0380400402_000041,"The rotchfords; or, the friendly counsellor: designed for the instruction and amusement of the youth of both sexes. By M. P. In two volumes. ...",Dorothy Kilner,18,1786,2,2,"London : printed and sold by John Marshall and Co. at No. 4, Aldermary Church Yard, in Bow-Lane, [1786?].",London,156,female,1755,1836,False
0363500204_000053,"La belle assemblée: being a curious collection of some very remarkable incidents which happen'd to persons of the first quality in France. Interspers'd with entertaining and improving observations made by them on several Passages in History, both Ancient and Modern. Written in French for the Entertainment of the King, and dedicated to him by Madam de Gomez. Adorn'd with copper-plates. In four volumes.",Madeleine Angélique Poisson Gomez,17,1765,4,4,"London : printed for H. Woodfall, W. Strahan, J. Rivington, R. Baldwin, W. Johnston, C. Rivington, R. Horsfield, G. Keith, W. Nichol, C. and R. Ware, M. Richardson, J. and T. Pote, and T. Burnet, MDCCLXV. [1765].",London,341,female,1684,1770,False
0610400400_000094,"A tour to Milford Haven, in the year 1791. By Mrs. Morgan.","Morgan, Mary, Mrs",10,1795,1,1,"London : printed for John Stockdale, in Piccadilly, M.DCC.XCV. [1795].",London,483,female,,,False
0703000501_000034,Poems by Mrs. M. Robinson.,Mary Robinson,19,1791,1,2,"London : printed by J. Bell, British-Library, Strand, Bookseller to His Royal Highness the Prince of Wales, MDCCXCI. [1791].",London,248,female,1758,1800,True
0804300400_000033,"The director: or, young woman's best companion. Being the plainest and cheapest of the kind ever yet publish'd: the whole makes a compleat family cook and physician. Containing Above Three Hundred easy Receipts in Cookery, Pastry, Preserving, Candying, Pickling, Collaring, Physick, and Surgery. To which are added, Plain and easy Instructions for chusing Beef, Mutton, Veal, Fish, Fowl, and other Eatables. Directions for Carving, and to make Wines: Likewise Bills of Fare for every Month in the Year. With a complete Index to the Whole. A Book necessary for all Families. By Sarah Jackson. Collected for the Use of her own Family and printed at the Request of her Friends.","Jackson, Sarah           1754",11,1755,1,1,"London : printed for S. Crowder and H. Woodgate, at the Golden Ball in Pater-Noster Row MDCCLV. [1755].",London,151,female,,,False
0614500800_000079,"Friendship in death: in twenty letters from the dead to the living. To which are added, letters moral and entertaining. In prose and verse. In three parts. By Mrs. Elizabeth Rowe.",Elizabeth Rowe,11,1738,1,1,"London : printed for T. Worrall, at the Judge's Head, over-against Richard's Coffee-House, near Temple-Bar, in Fleet-Street ; and sold by S. Birt, in Ave-Mary-Lane ; and S. Harding, in St. Martin's-Lane, 1738.",London,493,female,1674,1737,True
0926300300_000028,Tales of the hermitage; written for the instruction and amusement of the rising generation.,Mary Pilkington,8,1800,1,1,"London : printed by J. D. Dewick, Aldersgate Street, for Vernor and Hood, 51, Poultry; and sold by E. Newbery, the Corner of St. Paul's Church Yard, 1800.",London,215,female,1766,1839,True
1749800100_000077,"Friendship in death: in twenty letters from the dead to the living. To which are added, letters moral and entertaining, in prose and verse. In three parts. By Mrs. Elizabeth Rowe.",Elizabeth Rowe,19,1740,1,1,"London : printed for Henry Lintot, 1740.",London,491,female,1674,1737,False
0191002605_000007,"Evenings at home; or, the juvenile budget opened. Consisting of a variety of miscellaneous pieces, ...",Anna Laetitia Barbauld,19,1792,5,6,"London : printed for J. Johnson, 1792-96.",London,156,female,1743,1825,True
0236000403_000001,"Letters from France: containing a great variety of interesting and original information concerning the most important events that have lately occurred in that country, and particularly respecting the campaign of 1792. ...",Helen Maria Williams,28,1793,3,4,"London : printed for G. G. and J. Robinson, Paternoster-Row, M.DCC.XCIII. [1793].",London,291,female,1762,1827,True
0207000103_000029,Euphemia. By Mrs. Charlotte Lennox. In four volumes. ...,Charlotte Lennox,16,1790,3,4,"London : printed for T. Cadell, in the Strand ; and J. Evans, Paternoster-Row, M,DCC,XC. [1790].",London,228,female,1729,1804,True
0699500802_000011,"The inquisitor; or, Invisible rambler. In three volumes. By Mrs. Rowson, author of Victoria. Volume I[-III].",Susanna Rowson,14,1794,2,3,"Philadelphia : Printed for Mathew Carey, bookseller, South Market Street, near Fourth, --1794--",Philadelphia,78,female,1762,1824,True
0621000103_000021,"An apology for the conduct of Mrs. T. C. Phillips; more particularly, that part of it which relates to her marriage with an eminent Dutch merchant. To which is now first added, Mrs. Phillip's letter to the Earl of Chesterfield. In Three Volumes.",Teresia Phillips,13,1761,3,3,"London : printed for G. Smith, in Greek-Street, Soho, MDCCLXI. [1761].",London,286,female,1709,1765,False
0033300300_000070,"The life of Charlotta Du Pont, an English lady; taken from her own memoirs. Giving an account how she was trepann'd by her step-mother to Virginia, how the Ship was taken by some Madagascar Pirates, and retaken by a Spanish Man of War: Of her Marriage in the Spanish West-Indies, and Adventures whilst she resided there, with her Return to England: And the History of several Gentlemen and Ladies whom she met withal in her Travels; some of whom had been Slaves in Barbary, and others cast on Shore by Shipwreck on the barbarous Coasts up the Great River Oroonoko; with their Escape thence, and safe Return to France and Spain.",Penelope Aubin,14,1739,1,1,"London : [s.n.], Printed in the Year 1739.",London,201,female,1679,1731,False
0036600400_000044,"All the histories and novels written by the late ingenious Mrs. Behn, Entire in One Volume. Viz. I. The History of Oroonoko, or the Royal Slave. Written by the Command of King Charles the Second. II. The Fair Jist, or Prince Tarquin. III. Agnes de Castro, or the Force of Generous Love. IV. The Lover's Watch, or the Art of making Love; being Rules for Courtship for every Hour of the Day and Night. V. The Ladies Looking-Glass to Dress themselves by, or the whole Art of Charming all Mankind. VI. The Lucky Mistake. Vii. Memoirs of the Court of the King of Banram. Viii. The Nun, or the Perjured Beauty. IX The Adventure of the Black Lady. Together with the history of the life and memoirs of Mrs. Behn. By one of the Fair Sex. Intermix'd with Pleasant Love-Letters that pass'd betwixt her and Minheer Van Bruin, a Dutch Merchant; with her Character of the Country and Lover: And her Love-Letters to a Gentleman in England.",Aphra Behn,15,1705,1,1,"London : printed for R. Wellington, at the Dolphin and Crown in St. Paul's Church-Yard, 1705.",London,469,female,1640,1689,True
1613702500_000030,"Two voyages to Sierra Leone, during the years 1791-2-3, in a series of letters, By Anna Maria Falconbridge.To which is added, a letter from the author, to Henry Thornton, Esq. M.P. and chairman of the Court of Directors of the Sierra Leone Company.","Falconbridge, A. M. (Anna Maria)",14,1794,1,1,"London : Printed for the author, and sold by different booksellers throughout the kingdom, 1794.",London,291,female,,,False
0463801700_000039,"The grand instructions to the commissioners appointed to frame a new code of laws for the Russian Empire: composed by Her Imperial Majesty Catherine II. Empress of all the Russias. To which is prefixed, a description of the manner of opening the commission, with the orde and rules for electing the commissioners. Translated from the original, in the Russian language, by Michael Tatischeff, a Russian Gentleman; And published by Permission.",Russia. Sovereign (1762-1796: Catherine II),23,1768,1,1,"London : printed for T. Jefferys, at the Corner of St. Martin's Lane, Charing-Cross, MDCCLXVIII. [1768].",London,278,female,,,False
1006100302_000038,"The young ladies magazine, or dialogues between a discreet governess and several young ladies of the first rank under her education. By Mrs. Le Prince de Beaumont. ...",Jeanne-Marie Leprince de Beaumont,18,1760,2,4,"London : printed for J. Nourse, at the Lamb, opposite Catherine-Street, in the Strand, MDCCLX. [1760].",London,140,female,1711,1780,False
0593000100_000030,"A journey made in the summer of 1794, through Holland and the western frontier of Germany, with a return down the Rhine: to which are added Observations during a tour to the lakes of Lancashire, Westmoreland, and Cumberland. By Ann Radcliffe.",Ann Radcliffe,19,1795,1,1,"London : printed for G. G. and J. Robinson, Paternoster-Row, MDCCXCV. [1795].",London,508,female,1764,1823,True
0008400300_000762,"The ladies history of England; from the descent of Julius Cæsar, to the summer of 1780. Calculated for the use of the ladies of Great-Britain and Ireland; and likewise adapted to general use, entertainment, and instruction. By Charlotte Cowley.","Cowley, Charlotte",16,1780,1,1,"London : printed for the proprietors; and sold by S. Bladon, No. 13, in Pater-Noster-Row, MDCCLXXX. [1780][-81].",London,774,female,,,False
0316400300_000004,Verses on the present state of Ireland. By a lady.,"Lucan, Margaret Bingham, Countess of           1814",29,1778,1,1,"London : printed for P. Elmsly, opposite Southampton-Street, Strand, M,DCC,LXXVIII. [1778].",London,21,female,,,False
0187500600_000017,"The effusions of the heart: poems. By Miss Stockdale. Dedicated, BY Permission, To Her Majesty.","Stockdale, Mary R.",8,1798,1,1,"London : printed for John Stockdale, Piccadilly, 1798.",London,162,female,,,False
0552601500_000011,"Genuine poetical compositions, on various subjects. By E. Bentley.",Elizabeth Bentley,11,1791,1,1,"Norwich : printed by Crouse and Stevenson, for the authoress, and may be had of her near the Norfolk and Norwich Hospital; or of W. Stevenson, in the Market-Place. MDCCXCI. (entered at Stationers' Hall), [1791].",Norwich,107,female,1767,1839,False
0363500102_000036,"Tales of the castle: or, stories of instruction and delight. Being Les veillees du chateau, written in French by Madame la Comtesse de Genlis, Author of the Theatre of Education, Adela and Theodore, &c. Translated into English by Thomas Holcroft,",Stéphanie Félicité du Crest de Saint-Aubin,11,1793,2,5,"London : printed for G. G. J. and J. Robinson, No. 25, Pater-Noster-Row, 1793.",London,264,female,1746,1830,True
0381500602_000036,"Tales of the castle: or, stories of instruction and delight. Being Les veillées du chateau, written in French by Madame la comtesse de Genlis, Author of the Theatre of Education, Adela and Theodore, &c. Translated into English by Thomas Holcroft. ...",Stéphanie Félicité du Crest de Saint-Aubin,11,1785,2,5,"London : printed for G. Robinson, No 25, Pater-Noster-Row, MDCCLXXXV. [1785].",London,297,female,1746,1830,True
0426701700_000048,"Slavery: or, the times. By the author of Monmouth, The Danish massacre, &c.","Mackenzie, Anna Maria",8,1793,1,1,"Dublin : printed for Messrs. P. Wogan, P. Byrne, J. Moore, W. Jones, and J. Rice, 1793.",Dublin,308,female,,,False
0364000202_000036,"Tales of the castle: or, stories of instruction and delight. Being Les veillees du chateau, written in French by Madame la Comtesse de Genlis, Author of the Theatre of Education, Adela and Theodore, &c. Translated into English by Thomas Holcroft,",Stéphanie Félicité du Crest de Saint-Aubin,12,1787,2,5,"London : printed for G. G. J. and J. Robinson, No. 25, Pater-Noster-Row, 1787.",London,265,female,1746,1830,True
0007900102_000071,"Letters from France; containing a great variety of original information concerning the most important events that have occurred in that country in the years 1790, 1791, 1792, and 1793. By Helen Maria Williams. To which are annexed, The Correspondence of Dumourier with Pache, the War Minister, and with the Commissaries. - Letters of Bournonville, Miranda, Valence, &c. &c. ...",Helen Maria Williams,22,1794,2,2,"Dublin : printed by J. Chambers, 5, Abbey-Street, 1794.",Dublin,282,female,1762,1827,True
1613702500_000042,"Two voyages to Sierra Leone, during the years 1791-2-3, in a series of letters, By Anna Maria Falconbridge.To which is added, a letter from the author, to Henry Thornton, Esq. M.P. and chairman of the Court of Directors of the Sierra Leone Company.","Falconbridge, A. M. (Anna Maria)",20,1794,1,1,"London : Printed for the author, and sold by different booksellers throughout the kingdom, 1794.",London,291,female,,,False
0186200300_000004,An historical and moral view of the origin and progress of the French revolution; and the effect it has produced in Europe. By Mary Wollstonecraft. Volume the first.,Mary Wollstonecraft,18,1794,1,1,"London : printed for J. Johnson, in St. Paul's Church-Yard, 1794.",London,534,female,1759,1797,True
0098901402_000010,The letters of a solitary wanderer: containing narratives of various description. By Charlotte Smith. ...,Charlotte Turner Smith,8,1800,2,3,"London : printed by and for Sampson Low, Berwick Street, Soho, 1800.",London,318,female,1749,1806,True
0984900200_000020,"Geography and history. Selected by a lady, for the use of her own children.",Lady,17,1790,1,1,"London : printed for B. Law, No. 13, Ave-Maria Lane, Ludgate Street, MDCCXC. [1790].",London,377,female,,,False
0007900102_000001,"Letters from France; containing a great variety of original information concerning the most important events that have occurred in that country in the years 1790, 1791, 1792, and 1793. By Helen Maria Williams. To which are annexed, The Correspondence of Dumourier with Pache, the War Minister, and with the Commissaries. - Letters of Bournonville, Miranda, Valence, &c. &c. ...",Helen Maria Williams,27,1794,2,2,"Dublin : printed by J. Chambers, 5, Abbey-Street, 1794.",Dublin,282,female,1762,1827,True
0191002606_000013,"Evenings at home; or, the juvenile budget opened. Consisting of a variety of miscellaneous pieces, ...",Anna Laetitia Barbauld,18,1792,6,6,"London : printed for J. Johnson, 1792-96.",London,155,female,1743,1825,True
0229600804_000115,"La belle assemblée: being a curious collection of some very remarkable incidents which happen'd to persons of the first quality in France. Interspersed with entertaining and improving observations made by them on several Passages in History, both Ancient and Modern. Written in French for the Entertainment of the King, and dedicated to him, by Madam de Gomez. Adorn'd with copper-plates. Vol.IV.",Madeleine Angélique Poisson Gomez,12,1734,4,4,"Dublin : printed by A. Rhames, for R. Gunne in Capel-Street, and G. Ewing and T. Moore, Book-Sellers in Dame-Street, 1734.",Dublin,335,female,1684,1770,False
0326600100_000004,"The arguments of counsel in the Ecclesiastical Court, in the cause of Inglefield. With the speech of Doctor Calvert; on the twenty-second of July, 1786, at giving judgment. Printed from an Authentic Copy of Mr. Gurney's Short Hand Notes.","Inglefield, Ann",8,1787,1,1,"London : printed for J. Murray, Fleet-Street, M.DCC.LXXXVII. [1787].",London,112,female,,,False
0034900201_000011,"A review of the reigns of George I. & II. Dedicated, by permission, to the Countess of Marchmont. In two volumes. By a lady. ...","Askew, Miss",27,1792,1,2,"Berwick : printed by W. Phorson, for the author, MDCCXCII. [1792].",Berwick-upon-Tweed,151,female,,,False
0438801303_000037,The history of Ned Evans. Second edition. In four volumes. ...,"Hervey, Elizabeth",12,1797,3,4,"London : printed for G. G. and J. Robinson, Paternoster-Row, M.DCC.XCVII. [1797].",London,219,female,1748,1820,False
0086100202_000011,"A residence in France, during the years 1792, 1793, 1794, and 1795; described in a series of letters from an English lady: with general and incidental remarks on the French character and manners. Prepared for the press by John Gifford, Esq. Author of the History of France, Letter to Lord Lauderdale, Letter to the Hon. T. Erskine, &c. In two volumes. ...",English Lady,18,1797,2,2,"London : printed for T. N. Longman, Paternoster Row, 1797.",London,495,female,,,False
0019800200_000013,"The history of Oronooko; or, the royal slave. A novel. Containing a variety of entertaining passages. Published by Charles Gildon.",Aphra Behn,13,1770,1,1,"Doncaster : printed by C. Plummer, MDCCLXX. [1770].",Doncaster,151,female,1640,1689,True
1577700200_000007,The history of Sir George Ellison. In two volumes.,Sarah Scott,13,1767,1,1,"Dublin : printed by W. Sleater, J. Potts, and J. Williams, MDCCLXVII. [1767].",Dublin,295,female,1720,1795,True
0478600300_000034,"The Thymbriad, (from Xenophon's Cyropodia [sic].) By Lady Burrell.",Sophia Burrell,12,1794,1,1,"London : sold by Leigh and Sotheby; T. Payne; and J. Robson, 1794.",London,156,female,1750,1802,False
0687400802_000021,Celestina. A novel. In three volumes. By Charlotte Smith. ...,Charlotte Turner Smith,10,1791,2,3,"Dublin : printed for R. Cross, P. Wogan, P. Byrne, J. Moore, J. Halpen, H. Colbert, W. Sleater, B. Dornin, W. Porter. A. Grueber, J. Jones, J. Rice, W. Jones, R. White, R. M'alister, and A. Porter, 1791.",Dublin,265,female,1749,1806,True
0550700703_000026,"An apology for the conduct of Mrs. Teresia Constantia Phillips, more particularly that part of it which relates to her marriage with an eminent Dutch merchant: the whole authenticated by faithful copies of his letters, and of the Settlement which he made upon her to induce her to suffer (without any real Opposition on her Part) a Sentence to be pronounced against their Marriage; Together with such other Original Papers, field in the Cause, as are necessary to illustrate that remarkable Story.",Teresia Phillips,14,1748,3,3,"[ London : printed for the author; and sold at her house, 1748?].",London,337,female,1709,1765,False
1217200100_000079,"Friendship in death: in twenty letters from the dead to the living. To which are added, letters moral and entertaining, in prose and verse: in three parts. By Mrs. Elizabeth Rowe.",Elizabeth Rowe,22,1752,1,1,"[London?] : Printed in the year, MDCCLII. [1752].",London,326,female,1674,1737,True
0737000202_000032,"Slavery: or, the times. In two volumes. By the author of Monmouth, The Danish massacre, &c. ...","Mackenzie, Anna Maria",11,1792,2,2,"London : printed for G. G. J. and J. Robinsons; and J. Dennis, 1792.",London,239,female,,,False
0984700100_000043,"Geography and history. Selected by a lady, for the use of her own children.",Lady,21,1794,1,1,"Southampton : printed and sold by T. Baker. For B. Law, Ave-Maria-Lane, Ludgate-Street. [London], MDCCXCIV. [1794].",Southampton,400,female,,,False
0028800700_000024,"English nights entertainments. The history of Oroonoko; or, the royal slave. Written originally by Mrs. Behn, and revised by Mrs. Griffiths.",Aphra Behn,11,1800,1,1,"London : printed by T. Maiden, Sherbourne Lane, for Ann Lemoine, White-Rose Court, Coleman-Street, and sold by T. Hurst, Paternoster-Row, [1800].",London,48,female,1640,1689,True
1772800203_000033,The works of Mrs. Behn. Entire in three volumes. ...,Aphra Behn,19,1711,3,3,"London : printed for R. Wellington, 1711.",London,470,female,1640,1689,True
0857900800_000004,"Reasons why the people called Quakers cannot so fully unite with the Methodists, in their missions to the negroes in the West India Islands and Africa, As Freely to Contribute Thereto; with a Few Queries consonant therewith. By Catharine Phillips.","Phillips, Catharine",12,1793,1,1,"London : printed and sold by James Phillips, George-Yard, Lombard-Street, 1793.",London,21,female,1727,1794,False
0028900103_000047,"The old manor house. A novel, in four volumes. By Charlotte Smith. ...",Charlotte Turner Smith,13,1793,3,4,"London : printed for J. Bell, No. 148, Oxford-Street, MDCCXCIII. [1793].",London,355,female,1749,1806,True
0151001600_000036,"Extracts from the votes and proceedings of the American Continental Congress, held at Philadelphia, 10th May, 1775. Published by order of the Congress.","Thomsen, Lydia, MWA",18,1775,1,1,"New-York : Printed and sold by John Anderson, at Beekman's-Slip, M,DCC,LXXV. [1775].",New York|New York.,192,female,,,False
0156500200_000037,"The history of England, from the Revolution to the present time, in a series of letters to the Reverend Doctor Wilson, ... By Catherine Macaulay. Vol.I.",Catharine Macaulay,32,1778,1,1,"Bath : printed by R. Cruttwell: and sold by E. and C. Dilly, T. Cadell, and J. Walter, London, 1778.",Bath,455,female,1731,1791,True
1525100200_000013,"Mentoria; or, The young ladies instructor: in familiar conversations, on moral and entertaining subjects. Calculated to improve young minds in the essential as well as ornamental parts of female education. By Ann Murry.","Murry, Ann",19,1799,1,1,"London : Printed for C. Dilly, in the Poultry, 1799.",London,267,female,,,False
0306200102_000099,"La belle assemblée: being a curious collection of some very remarkable incidents which happen'd to persons of the first quality in France. Interspers'd With Entertaining and Improving Observations made by them on several Passages in History, both Ancient and Modern. Written in French for the Entertainment of the King, and dedicated to him By Madam De Gomez. In four volumes. Adorn'd with Copper-Plates.",Madeleine Angélique Poisson Gomez,22,1749,2,4,"London : printed for D. Browne, J. Brotherton, W. Meadows, R. Ware, H. Lintot, T. Cox, T. Astley, S. Austen, J. Hodges, and E. Comins, 1749.",London,329,female,1684,1770,False
0029100702_000049,"Constantia Neville; or, the West Indian. A novel. In three volumes. By Helena Wells, Author of ``the Step-Mother,'' &c. ...",Helena Wells,10,1800,2,3,"London : printed by C. Whittingham, Dean-Street, Fetter-Lane, for T. Cadell, jun. and W. Davies, Strand ; and W. Creech, Edinburgh, 1800.",London,440,female,,,False
1122700202_000042,"Constantia Neville; or, the West Indian. A novel. In three volumes. By Helena Wells, Author of ``the Step-Mother,'' &c. ...",Helena Wells,10,1800,2,3,"London : printed by C. Whittingham, Dean-Street, Fetter-Lane, for T. Cadell, jun. and W. Davies, Strand ; and W. Creech, Edinburgh, 1800.",London,382,female,,,False
0313901002_000085,"A collection of entertaining histories and novels, ... By Mrs. Penelope Aubin. And now first collected in three volumes. ...",Penelope Aubin,22,1739,2,3,"London : printed for D. Midwinter, A. Bettesworth and C Hitch, J. and J. Pemberton, R. Ware, C. Rivington, A. Ward, J. and P. Knapton, T. Longman, R. Hett, S. Austen, and J. Wood, 1739.",London,308,female,1679,1731,False
0151001600_000016,"Extracts from the votes and proceedings of the American Continental Congress, held at Philadelphia, 10th May, 1775. Published by order of the Congress.","Thomsen, Lydia, MWA",17,1775,1,1,"New-York : Printed and sold by John Anderson, at Beekman's-Slip, M,DCC,LXXV. [1775].",New York|New York.,192,female,,,False
1577700200_000005,The history of Sir George Ellison. In two volumes.,Sarah Scott,9,1767,1,1,"Dublin : printed by W. Sleater, J. Potts, and J. Williams, MDCCLXVII. [1767].",Dublin,295,female,1720,1795,True
0186200300_000020,An historical and moral view of the origin and progress of the French revolution; and the effect it has produced in Europe. By Mary Wollstonecraft. Volume the first.,Mary Wollstonecraft,16,1794,1,1,"London : printed for J. Johnson, in St. Paul's Church-Yard, 1794.",London,534,female,1759,1797,True
1612302100_000001,"Heads of a scheme for erecting publick magazines, to relieve the necessities of the poor, and supply England with Corn. By a person of distinction.","Pitt, Villiers Clara",25,1758,1,1,"London : Sold by T. Kinnersly in St. Paul's Church-Yard; and H. Cook at the Royal Exchange, MDCCLVIII. [1758].",London,17,female,,,False
0013400101_000093,"A collection of novels, selected and revised by Mrs. Griffith. ...",Elizabeth Griffith,17,1777,1,3,"London : printed for G. Kearsly, at No. 40, in Fleet-Street: and the other Proprietors, MDCCLXXVII. [1777].",London,290,female,1720,1793,True
1110800800_000077,"Friendship in death: in twenty letters from the dead to the living. To which are added, letters moral and entertaining, in prose and verse: in three parts. By Mrs. Elizabeth Rowe.",Elizabeth Rowe,21,1750,1,1,"[Glasgow?] : Printed in the year, 1750.",Glasgow,311,female,1674,1737,True
0391300400_000005,An ess[ay] i[n] defe[nce] of the female sex. Interspersed with reflections upon love and taste. Written for the honour of the fair sex. By a lady.,Lady,10,1750,1,1,"London : printed for C. Hitch in Paternoster-Row, and R. Akenhead, jun. at the Globe, opposite the Bridge-End Coffee-House, Newcastle, [1750?].",London,155,female,,,False
0397700400_000020,A vindication of the rights of woman: with strictures on political and moral subjects. By Mary Wollstonecraft.,Mary Wollstonecraft,22,1792,1,1,"London : printed for J. Johnson, No 72, St. Paul's Church Yard, 1792.",London,469,female,1759,1797,True
0448600800_000033,"Historical beauties for young ladies. Intended to lead the female mind to the love and practice of moral goodness. Designed principally for the use of ladies' schools. By Mrs. Pilkington. Ornamented with engravings, beautifully cut on wood.",Mary Pilkington,13,1800,1,1,"Dublin : printed by W. Porter, Grafton-Street, 1800.",Dublin,199,female,1766,1839,True
1574401100_000118,"[An] appeal to impartial posterity, by Madame Roland, wife of the minister of the Home Department; Or, a collection of pieces written by her during her confinement in the prisons of the Abbey and St. Pélagie. Published originally in Paris for the benefit of her only daughter, deprived of the fortune of her parents, whose property is still in sequestration. In four parts. Part I. Translated from the French.",Manon Roland,18,1796,1,1,"Dublin : printed by J. Chambers, No. 5, Abbey-street, 1796.",Dublin,584,female,1754,1793,False
0313901001_000080,"A collection of entertaining histories and novels, ... By Mrs. Penelope Aubin. And now first collected in three volumes. ...",Penelope Aubin,16,1739,1,3,"London : printed for D. Midwinter, A. Bettesworth and C Hitch, J. and J. Pemberton, R. Ware, C. Rivington, A. Ward, J. and P. Knapton, T. Longman, R. Hett, S. Austen, and J. Wood, 1739.",London,312,female,1679,1731,False
0670002100_000042,"Letters on the improvement of the mind, addressed to a young lady. By Mrs. Chapone.",Hester Chapone,23,1787,1,1,"London : printed for J. Walter, Charing-Cross ; and C. Dilly, in the Poultry, M.DCC.LXXXVII. [1787].",London,244,female,1727,1801,True
0019800200_000027,"The history of Oronooko; or, the royal slave. A novel. Containing a variety of entertaining passages. Published by Charles Gildon.",Aphra Behn,11,1770,1,1,"Doncaster : printed by C. Plummer, MDCCLXX. [1770].",Doncaster,151,female,1640,1689,True
0311301001_000042,"All the histories and novels written by the late ingenious Mrs. Behn, intire in two volumes. Published by Mr. Charles Gildon.",Aphra Behn,11,1735,1,2,"London : printed for W. Feales, at Rowe's Head, against St. Clement's Church in the Strand; R. Wellington, at the Dolphin and Crown, without Temple-Bar; J. Brindley, at the King's Arms in New Bond-Street; C. Corbett, at Addison's Head, against St. Dunstan's Church in Fleet-Street; A. Bettesworth, and F. Clay, in trust for B. Wellington, M.DCC.XXXV. [1735].",London,337,female,1640,1689,True
1204900105_000027,"The history of England, from the accession of James I. to that of the Brunswick line. ... By Catherine Macaulay.",Catharine Macaulay,18,1764,5,5,"[Dublin] : London: printed for Edward and Charles Dilly; and Dublin reprinted, for A. Leathly, and J. Exshaw, 1770.",Dublin,424,female,1731,1791,True
0008400300_000552,"The ladies history of England; from the descent of Julius Cæsar, to the summer of 1780. Calculated for the use of the ladies of Great-Britain and Ireland; and likewise adapted to general use, entertainment, and instruction. By Charlotte Cowley.","Cowley, Charlotte",23,1780,1,1,"London : printed for the proprietors; and sold by S. Bladon, No. 13, in Pater-Noster-Row, MDCCLXXX. [1780][-81].",London,774,female,,,False
0008400300_000473,"The ladies history of England; from the descent of Julius Cæsar, to the summer of 1780. Calculated for the use of the ladies of Great-Britain and Ireland; and likewise adapted to general use, entertainment, and instruction. By Charlotte Cowley.","Cowley, Charlotte",18,1780,1,1,"London : printed for the proprietors; and sold by S. Bladon, No. 13, in Pater-Noster-Row, MDCCLXXX. [1780][-81].",London,774,female,,,False
0723500400_000011,"Academia: or, the humours of the University of Oxford. In burlesque verse.","Danvers, Alicia",15,1730,1,1,"London : printed for James Roberts, in Warwick-Lane, MDCCXXX. [1730].",London,47,female,,,False
1330300800_000022,"Memoirs of the life of the Reverend George Whitefield, M.A. late Chaplain to the Right Honourable the Countess of Huntingdon: in which every circumstance worthy of notice, both in his private and public character, is recorded. Faithfully selected from his original papers, journals, and letters. Illustrated by a variety of interesting and entertaining anecdotes, from the best authorities. To which are added, a particular account of his death and funeral; and extracts from the sermons, which were preached on that occasion. Compiled by the Rev. John Gillies, D.D. [Fou lines of Scripture quotations].","Selina Hastings, Countess of Huntingdon",11,1774,1,1,"New-York : Printed by Hodge and Shober, at the newest printing-office, in Maiden-Lane, M.DCC.LXXIV. [1774].",New York,313,female,1707,1791,False
1339200100_000033,"A journey through the Crimea to Constantinople. In a series of letters from the Right Honourable Elizabeth Lady Craven, to His Serene Highness the Margrave of Brandebourg, Anspach, and Bareith. Written in the year MDCCLXXXVI.",Elizabeth Craven,25,1800,1,1,"Vienna : Printed for R. Sammer, bookseller, M.DCCC. [1800].",Vienna,466,female,1750,1828,True
0250504200_000024,"The adventures of Miss Polly Bchrd, and Samuel Tyrrel, Esquire. Written by the lady herself. Wherein are introduced the amours of Los Cardos and Zaphsharrak.",Miss Polly B--ch--rd,14,1754,1,1,"London : printed for John Woodyer, at Caesar's Head, the Corner of Serjeant's Inn, Fleet-Street, MDCCLIV. [1754].",London,287,female,,,False
0098901402_000019,The letters of a solitary wanderer: containing narratives of various description. By Charlotte Smith. ...,Charlotte Turner Smith,11,1800,2,3,"London : printed by and for Sampson Low, Berwick Street, Soho, 1800.",London,318,female,1749,1806,True
1153901400_000002,"Heads of a scheme for erecting publick magazines, to relieve the necessities of the poor, and supply England with corn. By Villars Clara Pitt, fourth Sister to the Right Honourable William Pitt, Esq; Principal Secretary of State.","Pitt, Villiers Clara",21,1758,1,1,"London : sold by T. Kinnersly in St. Paul's Church-Yard; and G. Woodfall, at Charing-Cross, MDCCLVIII. [1758].",London,23,female,,,False
0150400602_000080,"A residence in France, during the years 1792, 1793, 1794, and 1795; described in a series of letters from an English lady: with general and incidental remarks on the French character and manners. Prepared for the press by John Gifford, Esq. author of the History of France, letter to Lord Lauderdale, &c. In two volumes. ...",English Lady,14,1797,2,2,"London : printed by J. Plymsell; for T. N. Longman, Paternoster Row, 1797.",London,467,female,,,False
0207000103_000027,Euphemia. By Mrs. Charlotte Lennox. In four volumes. ...,Charlotte Lennox,11,1790,3,4,"London : printed for T. Cadell, in the Strand ; and J. Evans, Paternoster-Row, M,DCC,XC. [1790].",London,228,female,1729,1804,True
1324600200_000045,"The entertaining correspondent, Containing, a natural, historical and political history of Europe, giving an account of its extent, trade, manufactures, and chief cities. In a series of letters from a gentleman on his travels to his friend at constantinople.",Sarah Scott,25,1757,1,1,"London : Printed for M. Cooper in Paternoster-Row, 1757.",London,169,female,1720,1795,False
0670002200_000042,"Letters on the improvement of the mind, addressed to a young lady. By Mrs. Chapone.",Hester Chapone,22,1793,1,1,"London : printed for J. Walter, at Homer's Head, Charing-Cross ; and C. Dilly, in the Poultry, MDCCXCIII. [1793].",London,255,female,1727,1801,True
1698000201_000072,"A journey made in the summer of 1794, through Holland and the western frontier of Germany, with a return down the Rhine: to which are added observations during a tour to the lakes of Lancashire, Westmoreland, and Cumberland. In two volumes. ... Second edition. By Ann Radcliffe.",Ann Radcliffe,14,1796,1,2,"London : printed for G.G. and J. Robinson, Paternoster-Row, MDCCXCVI. [1796].",London,511,female,1764,1823,True
1613702500_000022,"Two voyages to Sierra Leone, during the years 1791-2-3, in a series of letters, By Anna Maria Falconbridge.To which is added, a letter from the author, to Henry Thornton, Esq. M.P. and chairman of the Court of Directors of the Sierra Leone Company.","Falconbridge, A. M. (Anna Maria)",20,1794,1,1,"London : Printed for the author, and sold by different booksellers throughout the kingdom, 1794.",London,291,female,,,False
0984700100_000046,"Geography and history. Selected by a lady, for the use of her own children.",Lady,18,1794,1,1,"Southampton : printed and sold by T. Baker. For B. Law, Ave-Maria-Lane, Ludgate-Street. [London], MDCCXCIV. [1794].",Southampton,400,female,,,False
1027800306_000013,"Evenings at home; or, the juvenile budget opened. Consisting of a variety of miscellaneous pieces, for the instruction and amusement of young persons. ...",Anna Laetitia Barbauld,18,1798,6,6,"London : printed for J. Johnson, 1794-98.",London,155,female,1743,1825,True
1367800300_000027,"The life and amorous adventures of Lucinda, an English lady, her courageous and undaunted behaviour at sea, in an engagement wherein she was taken by a rover of Barbury, and sold a slave at Constantinople. An account of her treatment there, with several particular customs of the Turks. Her unexpected deliverance, with the lcuky meeting of her first love, their return and settlement in their own country, where she at present resides. Written by her self. Intermixed with two diverting novels, the one call'd Conjugal duty rewarded, or, The rake reform'd. The other, Fortune favours the bold, or, The happy milanese.",Penelope Aubin,16,1722,1,1,"London : Printed for E. Bell, J. Darby, A. Bettesworth, F. Fayram, J. Pemberrton, J. Hooke, C. Rivington, F. Clay, J. Batley, and E. Symon, M.DCC.XXII. [1722].",London,144,female,1679,1731,False
0551500700_000008,"Letters written in France, in the Summer 1790, to a friend in England; containing, various anecdotes relative to the French revolution; and memoirs of Mons. and Madame du F----. By Helen Maria Williams.",Helen Maria Williams,20,1790,1,1,"London : printed for T. Cadell, in the Strand, M.DCC.XC. [1790].",London,225,female,1762,1827,True
0036600501_000053,The gleaner. A miscellaneous production. In three volumes. By Constantia. [Four lines of verse] Vol. I[-III]. Published according to act of Congress.,Judith Sargent Murray,18,1798,1,3,"Printed at Boston : by I. Thomas and E.T. Andrews, Faust's Statue, no. 45, Newbury-Street, Feb. 1798.",Boston,347,female,1751,1820,False
1217200100_000080,"Friendship in death: in twenty letters from the dead to the living. To which are added, letters moral and entertaining, in prose and verse: in three parts. By Mrs. Elizabeth Rowe.",Elizabeth Rowe,9,1752,1,1,"[London?] : Printed in the year, MDCCLII. [1752].",London,326,female,1674,1737,True
1699202100_000034,"The noble slaves: Or, The lives and adventures of two lords and two ladies, who were shipwreck'd and cast upon a desolate island near the East-Indies, in the year 1710. The manner of their living there: the surprizing discoveries they made, and strange deliverance thence. How in their return to Europe they were taken by two Algerine pirates near the straits of Gibraltar. Of the slavery they endured in Barbary; and of their meeting there with several persons of quality, who were likewise slaves. Of their escaping thence, and safe arrival in their respective countries, Venice, Sapin, and France, in the year 1718. With many extraordinary accidents that befel some of them afterwards. Being a history full of most remarkable events. By Mrs. Aubin.",Penelope Aubin,14,1736,1,1,"Dublin : Printed for John Dempsy, bookseller, at the Foot of Essex-Bridge, opposite the Custom-House-Gate, MDCCXXXVI. [1736].",Dublin,212,female,1679,1731,False
0008400300_000734,"The ladies history of England; from the descent of Julius Cæsar, to the summer of 1780. Calculated for the use of the ladies of Great-Britain and Ireland; and likewise adapted to general use, entertainment, and instruction. By Charlotte Cowley.","Cowley, Charlotte",18,1780,1,1,"London : printed for the proprietors; and sold by S. Bladon, No. 13, in Pater-Noster-Row, MDCCLXXX. [1780][-81].",London,774,female,,,False
0463500601_000029,"A journey made in the summer of 1794, through Holland and the western frontier of Germany, with a return down the Rhine: to which are added Observations during a tour to the lakes of Lancashire, Westmoreland, and Cumberland. In two volumes. ... . Second edition. By Ann Radcliffe.",Ann Radcliffe,18,1795,1,2,"London : printed for G. G. and J. Robinson, Paternoster-Row, MDCCXCV. [1795].",London,482,female,1764,1823,True
1252300600_000080,"Friendship in death; in twenty letters from the dead to the living. To which are added, letters moral and entertaining, in prose and verse. In three parts. By Mrs. Elizabeth Rowe.",Elizabeth Rowe,19,1770,1,1,"London : printed for the proprietors, and sold by all the booksellers in Great-Britain and Ireland, MDCCLXX. [1770].",London,369,female,1674,1737,True
0341001102_000038,The sylph; a novel. In two volumes.,"Georgiana Cavendish, Duchess of Devonshire",12,1783,2,2,"London : printed for T. and W. Lowndes, No. 77, Fleet-Street, MDCCLXXXIII. [1783].",London,217,female,1757,1806,False
0363500202_000100,"La belle assemblée: being a curious collection of some very remarkable incidents which happen'd to persons of the first quality in France. Interspers'd with entertaining and improving observations made by them on several Passages in History, both Ancient and Modern. Written in French for the Entertainment of the King, and dedicated to him by Madam de Gomez. Adorn'd with copper-plates. In four volumes.",Madeleine Angélique Poisson Gomez,20,1765,2,4,"London : printed for H. Woodfall, W. Strahan, J. Rivington, R. Baldwin, W. Johnston, C. Rivington, R. Horsfield, G. Keith, W. Nichol, C. and R. Ware, M. Richardson, J. and T. Pote, and T. Burnet, MDCCLXV. [1765].",London,331,female,1684,1770,False
0966400602_000023,"Minor morals, interspersed with sketches of natural history, historical anecdotes, and original stories. By Charlotte Smith, Author of Rural Walks and Rambles Farther. In two vols. ...",Charlotte Turner Smith,10,1799,2,2,"London : printed by and for Sampson Low, Eerwick Street, Soho, 1799.",London,185,female,1749,1806,True
0008400300_000805,"The ladies history of England; from the descent of Julius Cæsar, to the summer of 1780. Calculated for the use of the ladies of Great-Britain and Ireland; and likewise adapted to general use, entertainment, and instruction. By Charlotte Cowley.","Cowley, Charlotte",12,1780,1,1,"London : printed for the proprietors; and sold by S. Bladon, No. 13, in Pater-Noster-Row, MDCCLXXX. [1780][-81].",London,774,female,,,False
0315000602_000022,"Letters on the improvement of the mind, addressed to a young lady. In two volumes. By Mrs. Chapone. ...",Hester Chapone,21,1774,2,2,"London : printed by H. Hughs, for J. Walter. at Homer's Head, Charing-Cross, MDCCLXXIV. [1774].",London,233,female,1727,1801,True
0095600502_000012,"The life of the Marchioness de Pompadour. The fourth edition: revised and enlarged by the author of the first volume, with a continuation from 1757 to her death. ...","Fauques, Marianne-Agnès Pillement, dame de",17,1766,2,2,"London : printed for S. Hooper, at the East Corner of the New-Church in the Strand, [1766?].",London,189,female,1720,,False
0311301001_000043,"All the histories and novels written by the late ingenious Mrs. Behn, intire in two volumes. Published by Mr. Charles Gildon.",Aphra Behn,11,1735,1,2,"London : printed for W. Feales, at Rowe's Head, against St. Clement's Church in the Strand; R. Wellington, at the Dolphin and Crown, without Temple-Bar; J. Brindley, at the King's Arms in New Bond-Street; C. Corbett, at Addison's Head, against St. Dunstan's Church in Fleet-Street; A. Bettesworth, and F. Clay, in trust for B. Wellington, M.DCC.XXXV. [1735].",London,337,female,1640,1689,True
0783800400_000085,"Friendship in death: in twenty letters from the dead to the living. To which are added, letters moral and entertaning [sic], in prose and verse. In three parts. By Mrs. Elizabeth Rowe. To which is prefixed, an account of the life of the author.",Elizabeth Rowe,16,1793,1,1,"London : printed for T. Longman, B. Law, G. G. and J. Robinson, T. Cadell, J. Johnson, [and 6 others in London], 1793.",London,370,female,1674,1737,True
1230600900_000017,A bold stroke for a wife. A comedy. By the author of the Busie-Body and the Gamester.,Susanna Centlivre,30,1752,1,1,"Dublin : printed for John Exshaw, at the Bible on Cork-Hill, MDCCLII. [1752].",Dublin,71,female,1667,1723,True
0300300901_000070,"The recess; or, a tale of other times. By the author of The chapter of accidents. ``are not these Woods ``more free from peril than the envious Court? ``here feel we but the penalty of Adam ``the seasons' difference.'' ...",Sophia Lee,13,1786,1,2,"Dublin : printed for Messrs. G. Burnet, R. Moncrieffe, J. Exshaw, J. Beatty, L. White, P. Byrne, S. Colbert, H. Whitestone, W. Sleater, J. Cash, R. Marchbank, T. Heary, and J. Moore, M,DCC,LXXXVI. [1786].",Dublin,302,female,1750,1824,True
0313901002_000003,"A collection of entertaining histories and novels, ... By Mrs. Penelope Aubin. And now first collected in three volumes. ...",Penelope Aubin,20,1739,2,3,"London : printed for D. Midwinter, A. Bettesworth and C Hitch, J. and J. Pemberton, R. Ware, C. Rivington, A. Ward, J. and P. Knapton, T. Longman, R. Hett, S. Austen, and J. Wood, 1739.",London,308,female,1679,1731,False
1745700700_000069,"The Christian religion, as profess'd by a daughter of the Church of England.",Mary Astell,20,1705,1,1,"London : printed by S. H. for R. Wilkin, 1705.",London,463,female,1666,1731,True
1208900100_000034,"The history of England, from the Revolution to the present time, in a series of letters to the Reverend Doctor Wilson, Rector of St. Stephen's, Walbrook, and Prebendary of Westminster. By Catharine Macaulay. Vol.I.",Catharine Macaulay,25,1779,1,1,"Dublin : printed for John Exshaw, No. 86, and William Hallhead, No. 63, Dame-Street, M.DCC.LXXIX. [1779].",Dublin,463,female,1731,1791,True
0295901200_000005,"The happy king. A sacred poem: with occasional remarks. Respectfully addressed to George the Third, by Catharine Phillips.","Phillips, Catharine",16,1794,1,1,"[London] : Printed for the author, in the year, 1794.",London,131,female,1727,1794,False
0170200301_000019,"Letters containing a sketch of the politics of France, from the thirty-first of May 1793, till the twenty-eighth of July 1794, and of the scenes which have passed in the prisons of Paris. By Helen Maria Williams. ...",Helen Maria Williams,13,1795,1,2,"London : printed for G. G. and J. Robinson, Paternoster-Row, 1795.",London,293,female,1762,1827,True
0380400402_000033,"The rotchfords; or, the friendly counsellor: designed for the instruction and amusement of the youth of both sexes. By M. P. In two volumes. ...",Dorothy Kilner,11,1786,2,2,"London : printed and sold by John Marshall and Co. at No. 4, Aldermary Church Yard, in Bow-Lane, [1786?].",London,156,female,1755,1836,False
0313901001_000079,"A collection of entertaining histories and novels, ... By Mrs. Penelope Aubin. And now first collected in three volumes. ...",Penelope Aubin,21,1739,1,3,"London : printed for D. Midwinter, A. Bettesworth and C Hitch, J. and J. Pemberton, R. Ware, C. Rivington, A. Ward, J. and P. Knapton, T. Longman, R. Hett, S. Austen, and J. Wood, 1739.",London,312,female,1679,1731,False
1089300900_000077,"Friendship in death: in twenty letters from the dead to the living. To which are added letters moral and entertaining, in prose and verse. In three parts. By Mrs. Elizabeth Rowe.",Elizabeth Rowe,19,1743,1,1,"London : printed for Henry Lintot; and sold by B. Dod, at the Bible and Key in Avemary-Lane, near Stationer's-Hall, MDCCXLIII. [1743].",London,496,female,1674,1737,True
1208900100_000037,"The history of England, from the Revolution to the present time, in a series of letters to the Reverend Doctor Wilson, Rector of St. Stephen's, Walbrook, and Prebendary of Westminster. By Catharine Macaulay. Vol.I.",Catharine Macaulay,32,1779,1,1,"Dublin : printed for John Exshaw, No. 86, and William Hallhead, No. 63, Dame-Street, M.DCC.LXXIX. [1779].",Dublin,463,female,1731,1791,True
1538600500_000026,"All the histories and novels written by the late ingenious Mrs. Behn, entire in one volume. Viz. I. The history of Oroonoko, or the royal slave. Written by the command of King Charles the second. II. The fair Jilt, or Prince Tarquin. III. Agnes de Castro, or the force of generous love. IV. The lovers watch, or the art of making love; being rules for courtship for every hour of the day and night. V. The ladies looking-glass to dress themselves by, or the whole art of charming all mankind. VI. The lucky mistake. VII. Memoirs of the court of the King of Bantam. VIII. The nun, or the perjured beauty. IX. The adventure of the black lady. These three last never before published. Together with the history of the life and memoirs of Mrs. Behn. Never before printed. By one of the fair sex. Intermix'd with pleasant love-letters that pass'd betwixt her and Minheer Van Bruin, a Dutch merchant; with her character of the country and lover: and her love-letters to a gentleman in England.",Aphra Behn,16,1700,1,1,"London : Printed for R. Wellington, at the Lute in St. Paul's Church-yard: and are to be sold by R. Tuckyr, at the Golden Leg, the corner of Salisbury Street, in the Strand, 1700.",London,525,female,1640,1689,True
0418600400_000048,"A journey through the Crimea to Constantinople. In a series of letters from the Right Honourable Elizabeth Lady Craven, to His serene Highness the Margrave of Brandebourg, Anspach, and Bareith. Written in the year MDCCLXXXVI.",Elizabeth Craven,11,1789,1,1,"London : printed for G. G. J. and J. Robinson, Pater-Noster Row, MDCCLXXXIX. [1789].",London,340,female,1750,1828,True
1601700600_000054,"Mental imporvement: Or, the beauties and wonders of nature and art. In a series of instructive conversations. By Priscilla Wakefield, author of leisure hours, juvenile anecdotes, &c. &c. &c.",Priscilla Wakefield,7,1799,1,1,"Dublin : [P]rinted by T. Burnside, Lower Liffey-Street, for P. Wogan, H. Colbert, and J. Gough, 1799.",Dublin,307,female,1751,1832,False
0313901001_000033,"A collection of entertaining histories and novels, ... By Mrs. Penelope Aubin. And now first collected in three volumes. ...",Penelope Aubin,16,1739,1,3,"London : printed for D. Midwinter, A. Bettesworth and C Hitch, J. and J. Pemberton, R. Ware, C. Rivington, A. Ward, J. and P. Knapton, T. Longman, R. Hett, S. Austen, and J. Wood, 1739.",London,312,female,1679,1731,False
0008400300_000729,"The ladies history of England; from the descent of Julius Cæsar, to the summer of 1780. Calculated for the use of the ladies of Great-Britain and Ireland; and likewise adapted to general use, entertainment, and instruction. By Charlotte Cowley.","Cowley, Charlotte",27,1780,1,1,"London : printed for the proprietors; and sold by S. Bladon, No. 13, in Pater-Noster-Row, MDCCLXXX. [1780][-81].",London,774,female,,,False
0544700202_000094,"The miscellaneous works, in prose and verse, of Mrs. Elizabeth Rowe: Published by her Order, By Mr. Theophilus Rowe. To which are added, poems on several occasions, by Mr. Thomas Rowe. And to the Whole is prefixed, An Account of the Lives and Writings of the Authors. ... . The fifth edition, corrected. To which is added, The history of Joseph, a Poem in Ten Books.",Elizabeth Rowe,15,1772,2,2,"London : printed for J. Buckland, G. Keith, W. Nicholl, G. Pearch, and H. Gardner, M.DCC.LXXII. [1772].",London,406,female,1674,1737,True
0933900400_000003,"Remarks on the speech of M. Dupont, made in the National Convention of France, on the subjects of religion and public education. By Hannah More.",Hannah More,20,1793,1,1,"London : printed for T. Cadell in the Strand, MDCCXCIII. [1793].",London,63,female,1745,1833,True
0072600900_000002,"A day in Turkey; or, the Russian slaves. A comedy, as acted at the Theatre Royal, in Covent Garden. By Mrs. Cowley.",Hannah Cowley,17,1792,1,1,"London : printed for G. G. J. and J. Robinson, in Pater-Noster-Row, MDCCXCII. [1792].",London,94,female,1743,1809,True
0033500400_000074,"Friendship in death, in twenty letters from the dead to the living. To which are added, Thoughts on death: translated from the Moral essays of the Messieurs du Port Royal.",Elizabeth Rowe,18,1733,1,1,"London : printed for T. Worrall, at Judge Coke's Head, against St Dunstan's Church in Fleet-Street, [1733].",London,479,female,1674,1737,True
0028900104_000016,"The old manor house. A novel, in four volumes. By Charlotte Smith. ...",Charlotte Turner Smith,9,1793,4,4,"London : printed for J. Bell, No. 148, Oxford-Street, MDCCXCIII. [1793].",London,368,female,1749,1806,True
0098901402_000047,The letters of a solitary wanderer: containing narratives of various description. By Charlotte Smith. ...,Charlotte Turner Smith,12,1800,2,3,"London : printed by and for Sampson Low, Berwick Street, Soho, 1800.",London,318,female,1749,1806,True
1724300100_000056,"The Christian religion, as profess'd by a daughter of the Church of England.",Mary Astell,19,1717,1,1,"London : Printed by W.B. for R. Wilkin, at the King's-Head in St. Paul's-Church-Yard, 1717.",London,374,female,1666,1731,True
0026400600_000007,"Britain's golden mines discover'd: or, the fishery trade considered, Under these Three Heads, I. What Benefit Britain may reap by it. II. Which is the most probable Way of recovering it. III. The Three great Fishing Trades, viz. That upon our own Coasts, That upon our own Coasts, That upon the Coasts of Greenland, and that upon the Coasts of Newfoundland, particularly examined. In a letter from Sally Fisher, at Paris, to Mally Loverus, at London.","Fisher, Sally",39,1720,1,1,"London : printed for J. Morphew near Stationers-Hall, 1720.",London,99,female,,,False
0384100702_000013,"Poems upon several occasions. By the late Mrs. Leapor, of Brackley in Northamptonshire. The second and last volume.",Mary Leapor,8,1751,2,2,"London : printed: and sold by J. Roberts, in Warwick-Lane, M.DCC.LI. [1751].",London,354,female,1722,1746,True
0594700301_000026,"The entertaining novels of Mrs. Jane Barker. In two volumes. I. Exilius; or the banish'd Roman. Written (after the Manner of Telemachus) for the Instruction of some Young Ladies of Quality. II. Clelia and Marcellus; or, The constant Lovers. III. The Reward of Virtue; or, The Adventures of Clarinthia and Lysander. IV. The lucky Escape; or, The Fate of Ismenus. V. Clodius and Scipiana; or, The beautiful Captive. VI. Piso; or, The lewd Courtier. Vii. The happy Recluse; or, The Charms of Liberty. Viii. The fair Widow; or, False Friend. IX. The amours of Bosvil and Galesia.",Jane Barker,16,1719,1,2,"London : printed for A. Bettesworth, in Pater-Noster-Row, and E. Curll, in Fleet-Street, 1719.",London,184,female,1652,1732,True
0614500900_000095,"Friendship in death: in twenty letters from the dead to the living. To which are added, letters moral and entertaining, in prose and verse: in three parts. By Mrs. Elizabeth Rowe. To which is prefix'd, an account of the author's life.",Elizabeth Rowe,17,1755,1,1,"Edinburgh : printed for William Gray, and sold by him and other booksellers, M,DCC,LV. [1755].",Edinburgh,356,female,1674,1737,True
0255400102_000024,"The recess; or, a tale of other times. By the author of The chapter of accidents.",Sophia Lee,12,1785,2,3,"London : printed for T. Cadell, in the Strand, M.DCC.LXXXV. [1785].",London,300,female,1750,1824,True
0098901402_000029,The letters of a solitary wanderer: containing narratives of various description. By Charlotte Smith. ...,Charlotte Turner Smith,7,1800,2,3,"London : printed by and for Sampson Low, Berwick Street, Soho, 1800.",London,318,female,1749,1806,True
0984700100_000041,"Geography and history. Selected by a lady, for the use of her own children.",Lady,15,1794,1,1,"Southampton : printed and sold by T. Baker. For B. Law, Ave-Maria-Lane, Ludgate-Street. [London], MDCCXCIV. [1794].",Southampton,400,female,,,False
0653000502_000010,"The stage-Coach: containing the character of Mr. Manly, and the history of his fellow-travellers. ...","Smythies, Miss",13,1753,2,2,"London : printed for T. Osborne in Gray's-Inn, 1753.",London,315,female,1753,1759,False
0389401000_000047,"Mental improvement: or, the beauties and wonders of nature and art. In a series of instructive conversations. By Priscilla Wakefield, Author Of Leisure Hours, Juvenile Anecdotes, &c. &c. &c.",Priscilla Wakefield,15,1800,1,1,"Dublin : printed for P. Wogan, No 23, Old Bridge, by T. Burnside, 1800.",Dublin,315,female,1751,1832,False
0041201900_000003,"Remarks on the speech of M. Dupont, made in the National Convention of France, on the subjects of religion and public education. By Hannah More.",Hannah More,19,1793,1,1,"London : printed for T. Cadell in the Strand, MDCCXCIII. [1793].",London,63,female,1745,1833,True
0158901900_000001,The pittiad: a satire. By Doll Common.,"Common, Doll",15,1759,1,1,"London : printed for S. Hooper, near the New Church in the Strand, MDCCLIX. [1759].",London,16,female,,,False
0389401000_000049,"Mental improvement: or, the beauties and wonders of nature and art. In a series of instructive conversations. By Priscilla Wakefield, Author Of Leisure Hours, Juvenile Anecdotes, &c. &c. &c.",Priscilla Wakefield,25,1800,1,1,"Dublin : printed for P. Wogan, No 23, Old Bridge, by T. Burnside, 1800.",Dublin,315,female,1751,1832,False
0007900102_000048,"Letters from France; containing a great variety of original information concerning the most important events that have occurred in that country in the years 1790, 1791, 1792, and 1793. By Helen Maria Williams. To which are annexed, The Correspondence of Dumourier with Pache, the War Minister, and with the Commissaries. - Letters of Bournonville, Miranda, Valence, &c. &c. ...",Helen Maria Williams,22,1794,2,2,"Dublin : printed by J. Chambers, 5, Abbey-Street, 1794.",Dublin,282,female,1762,1827,True
0381500602_000033,"Tales of the castle: or, stories of instruction and delight. Being Les veillées du chateau, written in French by Madame la comtesse de Genlis, Author of the Theatre of Education, Adela and Theodore, &c. Translated into English by Thomas Holcroft. ...",Stéphanie Félicité du Crest de Saint-Aubin,13,1785,2,5,"London : printed for G. Robinson, No 25, Pater-Noster-Row, MDCCLXXXV. [1785].",London,297,female,1746,1830,True
0559900300_000003,"Dialogue in the Elysian fields, between Caesar and Cato. By Eliza Ryves, author of ``an ode to Mr. Mason,'' and ``an epistle to Lord John Cavendish.''",Elizabeth Ryves,12,1784,1,1,"London : printed by J. Davis, Chancery Lane, for R. Faulder, New Bond Street, M.DCC.LXXXIV. [1784].",London,28,female,1750,1797,False
1296502900_000010,"Information for Mrs Anne Campbell, alias Menzies, relict of the deceased Captain John Menzies of Fairnton, and Mrs Katharine Campbell, alias Smyth, relict of the deceased David Smyth, Esq; of Methven, heirs of line of the deceased Patrick Campbell, Esq; of Monzie, against Sir Alexander Grant of Dalvey, baronet, executor-testamentary of Mrs Jean Byndloss, relict of the said Patrick Campbell.","Campbell, Katharine",8,1765,1,1,"[Edinburgh, 1765].",Edinburgh,31,female,,,False
0144600107_000033,The history of England from the accession of James I. to that of the Brunswick line. ... By Catherine Macaulay.,Catharine Macaulay,19,1763,7,8,"London : printed for J. Nourse; R. and J. Dodsley; and W. Johnston, 1763-83.",London,507,female,1731,1791,True
0737000202_000025,"Slavery: or, the times. In two volumes. By the author of Monmouth, The Danish massacre, &c. ...","Mackenzie, Anna Maria",11,1792,2,2,"London : printed for G. G. J. and J. Robinsons; and J. Dennis, 1792.",London,239,female,,,False
1607500609_000002,The Parrot. With a Compendium of the times. By the authors of the Female spectator.,Eliza Haywood,9,1746,9,9,"London [England] : printed and published by T. Gardner, at Cowley's-Head, opposite St. Clement's-Church in the Strand, M,DCC,XLVI. [1746].",London,40,female,1693,1756,True
0772700401_000043,"Letters on the improvement of the mind. Addressed to a young lady. To which are added, miscellanies in prose and verse. By Mrs. Chapone. The third edition. ...",Hester Chapone,20,1777,1,2,"Dublin : printed for the United Company of Booksellers, M.DCC.LXXVII. [1777].",Dublin,129,female,1727,1801,True
1208900100_000053,"The history of England, from the Revolution to the present time, in a series of letters to the Reverend Doctor Wilson, Rector of St. Stephen's, Walbrook, and Prebendary of Westminster. By Catharine Macaulay. Vol.I.",Catharine Macaulay,10,1779,1,1,"Dublin : printed for John Exshaw, No. 86, and William Hallhead, No. 63, Dame-Street, M.DCC.LXXIX. [1779].",Dublin,463,female,1731,1791,True
0026400600_000012,"Britain's golden mines discover'd: or, the fishery trade considered, Under these Three Heads, I. What Benefit Britain may reap by it. II. Which is the most probable Way of recovering it. III. The Three great Fishing Trades, viz. That upon our own Coasts, That upon our own Coasts, That upon the Coasts of Greenland, and that upon the Coasts of Newfoundland, particularly examined. In a letter from Sally Fisher, at Paris, to Mally Loverus, at London.","Fisher, Sally",66,1720,1,1,"London : printed for J. Morphew near Stationers-Hall, 1720.",London,99,female,,,False
0317401700_000001,Verses on the present state of Ireland. By Lady L---n.,"Lucan, Margaret Bingham, Countess of           1814",20,1768,1,1,"Dublin : printed by Wogan, Bean, and Pike, NO. 23, Old-Bridge, MDCCLXVIII. [1768].",Dublin,15,female,,,False
1027800304_000002,"Evenings at home; or, the juvenile budget opened. Consisting of a variety of miscellaneous pieces, for the instruction and amusement of young persons. ...",Anna Laetitia Barbauld,16,1794,4,6,"London : printed for J. Johnson, 1794-98.",London,159,female,1743,1825,True
0463801700_000034,"The grand instructions to the commissioners appointed to frame a new code of laws for the Russian Empire: composed by Her Imperial Majesty Catherine II. Empress of all the Russias. To which is prefixed, a description of the manner of opening the commission, with the orde and rules for electing the commissioners. Translated from the original, in the Russian language, by Michael Tatischeff, a Russian Gentleman; And published by Permission.",Russia. Sovereign (1762-1796: Catherine II),18,1768,1,1,"London : printed for T. Jefferys, at the Corner of St. Martin's Lane, Charing-Cross, MDCCLXVIII. [1768].",London,278,female,,,False
0008400300_000758,"The ladies history of England; from the descent of Julius Cæsar, to the summer of 1780. Calculated for the use of the ladies of Great-Britain and Ireland; and likewise adapted to general use, entertainment, and instruction. By Charlotte Cowley.","Cowley, Charlotte",13,1780,1,1,"London : printed for the proprietors; and sold by S. Bladon, No. 13, in Pater-Noster-Row, MDCCLXXX. [1780][-81].",London,774,female,,,False
0018600204_000017,"Ethelinde, or the recluse of the lake. By Charlotte Smith. In five volumes. ...",Charlotte Turner Smith,8,1790,4,5,"London : printed for T. Cadell, in the Strand, M.DCC.XC. [1790].",London,306,female,1749,1806,True
0315000700_000035,"All the histories and novels written by the late ingenious Mrs. Behn, intire in one volume. Viz. I. The History of Oroonoko; Or, the Royal-Slave. Written by the Command of King Charles the Second. II. The Fair Jilt; Or, Prince Tarquin. III. Agnes de Castro; Or, the Force of generous Love. IV. The Lover's Watch; Or, the Art of making Love: Being Rules for Courtship for every Hour of the Day and Night. V. The Ladies Looking-Glass to Dress themselves by; Or, the whole Art of Charming all Mankind. VI. The Lucky Mistake. Vii. Memoirs of the Court of the King of Bantam. Viii. The Nun; Or, the Perjured Beauty. IX. The Adventure of the Black Lady. Together with the history of the life and memoirs of Mrs. Behn. By one of the fair sex. Intermix'd with Pleasant Love-Letters that pass'd betwixt her and Minheer Van Bruin, a Dutch Merchant; with her Character of the Country and Lover: And her Love-Letters to a Gentleman in England.",Aphra Behn,21,1718,1,1,"London : printed by J. D. for M. Wellington, at the King's-Head, against St. Clement's Church in the Strand, M.DCC.XVIII. [1718].",London,486,female,1640,1689,True
0138900400_000014,"Geography and history. Selected by a lady, for the use of her own children.",Lady,14,1797,1,1,"London : printed for B. Law, No. 5, Stationers-Court; and C. Law, No. 13, Ave-Mary Lane, Ludgate Street, MDCCXCVII. [1797].",London,404,female,,,False
1613702500_000044,"Two voyages to Sierra Leone, during the years 1791-2-3, in a series of letters, By Anna Maria Falconbridge.To which is added, a letter from the author, to Henry Thornton, Esq. M.P. and chairman of the Court of Directors of the Sierra Leone Company.","Falconbridge, A. M. (Anna Maria)",16,1794,1,1,"London : Printed for the author, and sold by different booksellers throughout the kingdom, 1794.",London,291,female,,,False
1699202100_000001,"The noble slaves: Or, The lives and adventures of two lords and two ladies, who were shipwreck'd and cast upon a desolate island near the East-Indies, in the year 1710. The manner of their living there: the surprizing discoveries they made, and strange deliverance thence. How in their return to Europe they were taken by two Algerine pirates near the straits of Gibraltar. Of the slavery they endured in Barbary; and of their meeting there with several persons of quality, who were likewise slaves. Of their escaping thence, and safe arrival in their respective countries, Venice, Sapin, and France, in the year 1718. With many extraordinary accidents that befel some of them afterwards. Being a history full of most remarkable events. By Mrs. Aubin.",Penelope Aubin,15,1736,1,1,"Dublin : Printed for John Dempsy, bookseller, at the Foot of Essex-Bridge, opposite the Custom-House-Gate, MDCCXXXVI. [1736].",Dublin,212,female,1679,1731,False
0311400100_000013,"Mentoria; or, the young ladies instructor: in familiar conversations, on moral and entertaining subjects. Calculated to improve Young Minds In the Essential as well as Ornamental Parts Of Female Education. By Ann Murry.","Murry, Ann",19,1794,1,1,"London : printed for C. Dilly, in the Poultry, 1794.",London,296,female,,,False
0763800300_000018,Memoirs of the life of Catherine Phillips: to which are added some of her epistles.,"Phillips, Catharine",9,1797,1,1,"London : printed and sold by James Phillips and Son. George Yard, Lombard Street, 1797.",London,392,female,1727,1794,False
0951500500_000082,"Friendship in death: in twenty letters from the dead to the living. To which are added, letters moral and entertaining, in prose and verse. In three parts. By Mrs. Elizabeth Rowe. To which is prefixed, an account of the life of the author.",Elizabeth Rowe,19,1784,1,1,"London : printed for W. Osborne and T. Griffin, in St. Paul's Church yard, and J. Mozley, Gainsbrough, MDCCLXXXIV. [1784].",London,302,female,1674,1737,True
0392000800_000055,"Dialogues of the dead. The fourth edition, corrected. To which are added four new dialogues.",Elizabeth Montagu,17,1765,1,1,"London : printed for W. Sandby, in Fleet-Street, M.DCC.LXV. [1765].",London,421,female,1720,1800,False
1330300800_000053,"Memoirs of the life of the Reverend George Whitefield, M.A. late Chaplain to the Right Honourable the Countess of Huntingdon: in which every circumstance worthy of notice, both in his private and public character, is recorded. Faithfully selected from his original papers, journals, and letters. Illustrated by a variety of interesting and entertaining anecdotes, from the best authorities. To which are added, a particular account of his death and funeral; and extracts from the sermons, which were preached on that occasion. Compiled by the Rev. John Gillies, D.D. [Fou lines of Scripture quotations].","Selina Hastings, Countess of Huntingdon",13,1774,1,1,"New-York : Printed by Hodge and Shober, at the newest printing-office, in Maiden-Lane, M.DCC.LXXIV. [1774].",New York,313,female,1707,1791,False
1324600200_000037,"The entertaining correspondent, Containing, a natural, historical and political history of Europe, giving an account of its extent, trade, manufactures, and chief cities. In a series of letters from a gentleman on his travels to his friend at constantinople.",Sarah Scott,21,1757,1,1,"London : Printed for M. Cooper in Paternoster-Row, 1757.",London,169,female,1720,1795,False
1339200100_000049,"A journey through the Crimea to Constantinople. In a series of letters from the Right Honourable Elizabeth Lady Craven, to His Serene Highness the Margrave of Brandebourg, Anspach, and Bareith. Written in the year MDCCLXXXVI.",Elizabeth Craven,10,1800,1,1,"Vienna : Printed for R. Sammer, bookseller, M.DCCC. [1800].",Vienna,466,female,1750,1828,True
0144100203_000122,The history of England from the accession of Iames I to the elevation of the House of Hanover. By Catharine Macaulay. Edit. III. ...,Catharine Macaulay,34,1769,3,5,"London : printed for Edward and Charles Dilly in the Poultry, MDCCLXIX. [1769]-72.",London,452,female,1731,1791,True
0003100200_000008,"Letters written in France, in the Summer 1790, to a friend in England; containing, various anecdotes relative to the French revolution; and memoirs of Mons. and Madame du F----. By Helen Maria Williams.",Helen Maria Williams,18,1791,1,1,"Dublin : printed for G. Burnet, P. Wogan, P. Byrne J. Moore, J. Jones, A. Grueber, W. Jones, R. White, and J. Rice, [1791].",Dublin,225,female,1762,1827,True
0007900102_000012,"Letters from France; containing a great variety of original information concerning the most important events that have occurred in that country in the years 1790, 1791, 1792, and 1793. By Helen Maria Williams. To which are annexed, The Correspondence of Dumourier with Pache, the War Minister, and with the Commissaries. - Letters of Bournonville, Miranda, Valence, &c. &c. ...",Helen Maria Williams,12,1794,2,2,"Dublin : printed by J. Chambers, 5, Abbey-Street, 1794.",Dublin,282,female,1762,1827,True
0894701300_000017,A bold stroke for a wife: a comedy. Written by Mrs. Susanna Cent-Livre.,Susanna Centlivre,30,1754,1,1,"London : [s.n.], Printed in the Year MDCCLIV. [1754].",London,66,female,1667,1723,True
0653400100_000013,"Mentoria: or, the young ladies instructor, in familiar conversations on moral and entertaining subjects: Calculated to improve Young Minds In the Essential, as well as Ornamental Parts of Female Education. By Ann Murry.","Murry, Ann",17,1782,1,1,"London : printed by Frys, Couchman, and Collier, for Charles Dilly, in the Poultry, M.DCC.LXXXII. [1782].",London,295,female,,,False
0103601000_000029,"The posthumous works of Ann Eliza Bleecker, in prose and verse. To which is added, a collection of essays, prose and poetical, by Margaretta V. Faugeres.","Faugeres, Margaretta V.",11,1793,1,1,"New-York : Printed by T. and J. Swords, no. 27, William-Street, --1793--",New York,387,female,1771,1801,False
0378000300_000178,"The complete housewife: or, accomplished gentlewoman's companion. Being a collection of upwards of seven hundred of the most approved receipts in Cookery, Pastry, Confectionary, Potting, Collaring, Preserving, Pickles, Cakes, Custards, Creams. Preserves, Conserves, Syrups, Jellies, Made Wines, Cordials, Distilling, Brewing. With copper plates, curiously engraven, for the regular Disposition or Placing of the various Dishes and Courses. and also, bills of Fare for every Month in the Year. To which is added, A Collection of above Three Hundred Receipts of Medicines, consisting of Drinks, Syrups, Salves, Ointments, &c. which, after many Years Experience, have been proved to be innocent in their Application, and most salutary in their Use. with Directions for marketing. By E. Smith.",Eliza Smith,11,1773,1,1,"London : printed for J. Buckland, J. and F. Rivington, J. Hinton, Hawes, Clarke and Collins, W. Johnston, S. Crowder, T. Longman, B. Law, T. Lowndes, S. Bladon, W. Nicoll, and C. and R. Ware, 1773.",London,444,female,,,False
1401700300_000030,"Two voyages to Sierra Leone, during the years 1791-2-3, in a series of letters, By Anna Maria Falconbridge. To which is added, a letter from the author, to Henry Thornton, Esq. M.P. and chairman of the Court of Directors of the Sierra Leone Company.","Falconbridge, A. M. (Anna Maria)",14,1794,1,1,"London : Printed for the author, and sold by different booksellers throughout the Kingdom, 1794.",London,291,female,,,False
0934100102_000082,"The miscellaneous works, in prose and verse, of Mrs. Elizabeth Rowe: Published by her Order, By Mr. Theophilus Rowe. To which are added, Poems on Several Occasions, By Mr. Thomas Rowe. And to the Whole is prefixed, An Account of the Lives and Writings of the Authors. In two volumes.",Elizabeth Rowe,15,1749,2,2,"London : printed for Henry Lintot, MDCCXLIX. [1749].",London,346,female,1674,1737,True
0150400602_000009,"A residence in France, during the years 1792, 1793, 1794, and 1795; described in a series of letters from an English lady: with general and incidental remarks on the French character and manners. Prepared for the press by John Gifford, Esq. author of the History of France, letter to Lord Lauderdale, &c. In two volumes. ...",English Lady,16,1797,2,2,"London : printed by J. Plymsell; for T. N. Longman, Paternoster Row, 1797.",London,467,female,,,False
1112000702_000095,"The miscellaneous works, in prose and verse, of Mrs. Elizabeth Rowe: Published by her Order, By Mr. Theophilus Rowe. To which are added, Poems on several occasions, by Mr. Thomas Rowe. And to the Whole is prefixed, An Account of the Lives and Writings of the Authors. In two volumes. ... . The fourth edition, corrected. To which is added, The history of Joseph, a Poem in Ten Books.",Elizabeth Rowe,15,1756,2,2,"London : printed for Henry Lintot, MDCCLVI. [1756].",London,411,female,1674,1737,True
1098500102_000043,Celestina. A novel. In four volumes. By Charlotte Smith. ...,Charlotte Turner Smith,8,1791,2,4,"London : printed for T. Cadell, in the Strand, M.DCC.XCI. [1791].",London,316,female,1749,1806,True
0007900101_000008,"Letters from France; containing a great variety of original information concerning the most important events that have occurred in that country in the years 1790, 1791, 1792, and 1793. By Helen Maria Williams. To which are annexed, The Correspondence of Dumourier with Pache, the War Minister, and with the Commissaries. - Letters of Bournonville, Miranda, Valence, &c. &c. ...",Helen Maria Williams,20,1794,1,2,"Dublin : printed by J. Chambers, 5, Abbey-Street, 1794.",Dublin,241,female,1762,1827,True
0100200601_000006,"Ellen Woodley. A novel, in two volumes. By Mrs. Bonhote ...",Elizabeth Bonhôte,14,1790,1,2,"London : printed for William Lane, 1790.",London,195,female,1744,1818,False
0676101500_000011,The hardships of the English laws in relation to wives. With an explanation of the original curse of subjection passed upon the woman. In an humble address to the legislature.,Sarah Chapone,16,1735,1,1,"London : printed by W. Bowyer, for J. Roberts, at the Oxford Arms in Warwick Lane, MDCCXXXV. [1735].",London,75,female,,1764,False
0324901200_000011,"The strange adventures of the Count de Vinevil and his family. Being an account of what happen'd to them whilst they resided at Constantinople. And of Madamoiselle Ardelisa, his Daughter's being shipwreck'd on the Uninhabited Island Delos, in her Return to France, with Violetta a Venetian Lady, the Captain of the Ship, a Priest, and five Sailors. The Manner of their living there, and strange Deliverance by the Arrival of a Ship commanded by Violetta's Father. Ardelisa's Entertainment at Venice, and safe Return to France. The second edition. By Mrs. Aubin.",Penelope Aubin,15,1728,1,1,"London : printed for J. Darby, A. Bettesworth, F. Fayram, J. Osborn and T. Longman, J. Pemberton, J. Hooke, C. Rivington, F. Clay, J. Batley, and E. Symon, M.DCC.XXVIII. [1728].",London,142,female,1679,1731,False
1728000101_000055,"Letters from Italy, describing the manners, customs, antiquities, paintings, &c. of the country, in the years MDCCLXX and MDCCLXXI, to a friend residing in France. By an English woman. In three volumes.","Anna, Lady Miller",14,1776,1,3,"Dublin : printed for W. Watson, D. Chamberlaine, J. Potts, J. Williams, J. Hoey, W. Colles, W. Wilson, T. Walker, W. Gilbert, C. Jenkin, T. Armitage, M. Mills, J. Beatty, J. Exshaw and C. Talbot, M.DCC.LXXVI. [1776].",London,344,female,1741,1781,False
1214900400_000021,"An easy introduction to the knowledge of nature, and reading the Holy Scriptures. Adapted to the capacities of children. By Sarah Trimmer.",Sarah Trimmer,24,1781,1,1,"London : printed for J. Dodsley, Pall-Mall; T. Longman, and G. Robinson, Pater-Noster-Row; and J. Johnson, St. Paul's-Church-Yard, M.DCC.LXXXI. [1781].",London,203,female,1741,1810,True
1401700300_000026,"Two voyages to Sierra Leone, during the years 1791-2-3, in a series of letters, By Anna Maria Falconbridge. To which is added, a letter from the author, to Henry Thornton, Esq. M.P. and chairman of the Court of Directors of the Sierra Leone Company.","Falconbridge, A. M. (Anna Maria)",14,1794,1,1,"London : Printed for the author, and sold by different booksellers throughout the Kingdom, 1794.",London,291,female,,,False
1205300800_000003,"Catalogue of the books, tracts, &c. contained in Ann Yearsley's public library, No.4, Crescent, Hotwells.",Ann Yearsley,11,1793,1,1,"Bristol : printed for the proprietor, MDCCXCIII. [1793].",Bristol,37,female,1756,1806,True
0127900601_000019,"Munster village, a novel. In two volumes. ...",Mary Walker,16,1779,1,2,"Dublin : printed by Peter Hoey, (no. 1.) Skinner-Row, M,DCC,LXXIX. [1779].",Dublin,123,female,1736,,False
0426701700_000052,"Slavery: or, the times. By the author of Monmouth, The Danish massacre, &c.","Mackenzie, Anna Maria",8,1793,1,1,"Dublin : printed for Messrs. P. Wogan, P. Byrne, J. Moore, W. Jones, and J. Rice, 1793.",Dublin,308,female,,,False
1532700400_000093,"Friendship in death; in twenty letters from the dead to the living. To which are added, letters moral and entertaining, in prose and verse. In three parts. By Mrs. Elizabeth Rowe, To which is prefixed, an account of the author's life.",Elizabeth Rowe,17,1764,1,1,"[London? : s.n.], MDCCLXIV. [1764].",London,352,female,1674,1737,True
0273100302_000019,"Mental improvement: or the beauties and wonders of nature and art, Conveyed in a Series of Instructive Conversations. By Priscilla Wakefield, Author of Leisure Hours. ...",Priscilla Wakefield,26,1794,2,2,"London : printed and sold by Darton and Harvey, No. 55, Gracechurch-Street, M.DCC.XCIV. [1794].",London,200,female,1751,1832,False
0229600804_000124,"La belle assemblée: being a curious collection of some very remarkable incidents which happen'd to persons of the first quality in France. Interspersed with entertaining and improving observations made by them on several Passages in History, both Ancient and Modern. Written in French for the Entertainment of the King, and dedicated to him, by Madam de Gomez. Adorn'd with copper-plates. Vol.IV.",Madeleine Angélique Poisson Gomez,12,1734,4,4,"Dublin : printed by A. Rhames, for R. Gunne in Capel-Street, and G. Ewing and T. Moore, Book-Sellers in Dame-Street, 1734.",Dublin,335,female,1684,1770,False
0306200104_000117,"La belle assemblée: being a curious collection of some very remarkable incidents which happen'd to persons of the first quality in France. Interspers'd With Entertaining and Improving Observations made by them on several Passages in History, both Ancient and Modern. Written in French for the Entertainment of the King, and dedicated to him By Madam De Gomez. In four volumes. Adorn'd with Copper-Plates.",Madeleine Angélique Poisson Gomez,13,1749,4,4,"London : printed for D. Browne, J. Brotherton, W. Meadows, R. Ware, H. Lintot, T. Cox, T. Astley, S. Austen, J. Hodges, and E. Comins, 1749.",London,341,female,1684,1770,False
0281901100_000075,"Friendship in death: in twenty letters from the dead to the living. To which are added, Letters moral and entertaining, in prose and verse. In three parts. By the same author.",Elizabeth Rowe,18,1733,1,1,"London : printed for T. Worrall, 1733-34.",London,488,female,1674,1737,True
0380400402_000028,"The rotchfords; or, the friendly counsellor: designed for the instruction and amusement of the youth of both sexes. By M. P. In two volumes. ...",Dorothy Kilner,9,1786,2,2,"London : printed and sold by John Marshall and Co. at No. 4, Aldermary Church Yard, in Bow-Lane, [1786?].",London,156,female,1755,1836,False
0984700100_000020,"Geography and history. Selected by a lady, for the use of her own children.",Lady,16,1794,1,1,"Southampton : printed and sold by T. Baker. For B. Law, Ave-Maria-Lane, Ludgate-Street. [London], MDCCXCIV. [1794].",Southampton,400,female,,,False
0614500900_000094,"Friendship in death: in twenty letters from the dead to the living. To which are added, letters moral and entertaining, in prose and verse: in three parts. By Mrs. Elizabeth Rowe. To which is prefix'd, an account of the author's life.",Elizabeth Rowe,18,1755,1,1,"Edinburgh : printed for William Gray, and sold by him and other booksellers, M,DCC,LV. [1755].",Edinburgh,356,female,1674,1737,True
0380900401_000002,Rambles farther: a continuation of Rural walks: in dialogues. Intended for the use of young persons. By Charlotte Smith. In two volumes. ...,Charlotte Turner Smith,11,1796,1,2,"London : printed for T. Cadell jun. and W. Davies, (successors to Mr. Cadell) in the Strand, 1796.",London,161,female,1749,1806,True
0008400300_000732,"The ladies history of England; from the descent of Julius Cæsar, to the summer of 1780. Calculated for the use of the ladies of Great-Britain and Ireland; and likewise adapted to general use, entertainment, and instruction. By Charlotte Cowley.","Cowley, Charlotte",18,1780,1,1,"London : printed for the proprietors; and sold by S. Bladon, No. 13, in Pater-Noster-Row, MDCCLXXX. [1780][-81].",London,774,female,,,False
0250504200_000047,"The adventures of Miss Polly Bchrd, and Samuel Tyrrel, Esquire. Written by the lady herself. Wherein are introduced the amours of Los Cardos and Zaphsharrak.",Miss Polly B--ch--rd,14,1754,1,1,"London : printed for John Woodyer, at Caesar's Head, the Corner of Serjeant's Inn, Fleet-Street, MDCCLIV. [1754].",London,287,female,,,False
0391500200_000017,"A bold stroke for a wife: a comedy. As it is acted at the Theatre-Royal in Lincoln's-Inn-Fields. By the author of The busie-body, and the Gamester.",Susanna Centlivre,29,1729,1,1,"London : printed for W. Mears, at the Lamb ; and F. Clay, at the Bible, without Temple-Bar, [1729].",London,82,female,1667,1723,True
1478000300_000078,Friendship [in death] In twenty le[tter] from the dead to the [living] to which are added letters moral and entertainin[g] in prose and [verse]. In three parts. By Mrs. Elizabeth [Rowe].,Elizabeth Rowe,17,1752,1,1,"London : Printed for Henry Lintot, [1752].",London,361,female,1674,1737,True
0437800500_000033,A mirror for the female sex. Historical beauties for young ladies. Intended to lead the female mind to the love and practice of moral goodness. Designed principally for the use of ladies' schools. By Mrs. Pilkington.,Mary Pilkington,12,1799,1,1,"London : printed by T. Maiden, Sherbourne-Lane, for Vernor and Hood, In The Poultry; and sold by E. Newbery, the Corner of St Paul's Church-Yard, 1799.",London,264,female,1766,1839,True
1772800203_000031,The works of Mrs. Behn. Entire in three volumes. ...,Aphra Behn,13,1711,3,3,"London : printed for R. Wellington, 1711.",London,470,female,1640,1689,True
0134800701_000021,"Sacred history in familiar dialogues, for the instruction of children and youth. With an appendix, containing the history of the Jews, from the Time of Nehemiah to the Destruction of Jerusalem by the Romans under Titus Vespasian. In sixteen letters. By a lady. With a recommendatory preface, by the Rev. John Ryland. ...","Neale, Hannah",9,1796,1,4,"London : printed for and sold by T. Gardiner, No. 19, Prince's street, Cavendish-Square; sold also by T. Chapman, No. 151, Fleet-Street; J. Mathews, Strand; W. Button, and T. Priestley, Paternoster-Row; J. Martin jun. No. 432, Oxford-Street; T. Conder, No. 32, Bucklersbury, and T. Knott, No. 47, Lombard-Street, 1796.",London,239,female,,,False
1324600200_000040,"The entertaining correspondent, Containing, a natural, historical and political history of Europe, giving an account of its extent, trade, manufactures, and chief cities. In a series of letters from a gentleman on his travels to his friend at constantinople.",Sarah Scott,21,1757,1,1,"London : Printed for M. Cooper in Paternoster-Row, 1757.",London,169,female,1720,1795,False
0144600103_000148,The history of England from the accession of James I. to that of the Brunswick line. ... By Catherine Macaulay.,Catharine Macaulay,27,1763,3,8,"London : printed for J. Nourse; R. and J. Dodsley; and W. Johnston, 1763-83.",London,472,female,1731,1791,True
1375000604_000116,"La belle assemblé: or, The adventures of twelve days. Being a curious collection of remarkable incidents which happened to some of the first quality in France. Written in French for the entertainment of the King, and dedicated to him, By Madam De Gomez. In four volumes.",Madeleine Angélique Poisson Gomez,13,1758,4,4,"Dublin : printed for W. Williamson, at Mecænas's-Head in Bride-street, M DCC LVIII. [1758].",Dublin,337,female,1684,1770,False
0229600804_000116,"La belle assemblée: being a curious collection of some very remarkable incidents which happen'd to persons of the first quality in France. Interspersed with entertaining and improving observations made by them on several Passages in History, both Ancient and Modern. Written in French for the Entertainment of the King, and dedicated to him, by Madam de Gomez. Adorn'd with copper-plates. Vol.IV.",Madeleine Angélique Poisson Gomez,13,1734,4,4,"Dublin : printed by A. Rhames, for R. Gunne in Capel-Street, and G. Ewing and T. Moore, Book-Sellers in Dame-Street, 1734.",Dublin,335,female,1684,1770,False
0356700205_000010,"A series of genuine letters, between Henry and Frances. Accepit famam, nec minus illa dedit. ...",Elizabeth Griffith,10,1786,5,6,"London : printed (by assignment from E. Johnston) for J. Bew, Pater-Noster-Row, MDCCLXXXVI. [1786].",London,284,female,1720,1793,True
0363500204_000116,"La belle assemblée: being a curious collection of some very remarkable incidents which happen'd to persons of the first quality in France. Interspers'd with entertaining and improving observations made by them on several Passages in History, both Ancient and Modern. Written in French for the Entertainment of the King, and dedicated to him by Madam de Gomez. Adorn'd with copper-plates. In four volumes.",Madeleine Angélique Poisson Gomez,13,1765,4,4,"London : printed for H. Woodfall, W. Strahan, J. Rivington, R. Baldwin, W. Johnston, C. Rivington, R. Horsfield, G. Keith, W. Nichol, C. and R. Ware, M. Richardson, J. and T. Pote, and T. Burnet, MDCCLXV. [1765].",London,341,female,1684,1770,False
1061000100_000016,"A dialogue between a lady and her pupils, describing a journey through England and Wales; in which a detail of the different arts and manufactures of each city and town is accurately given; Interspersed with Observations and Descriptions in Natural History. Designed for young ladies and schools. By Mrs. Brook.","Brook, Mrs",14,1800,1,1,"London : printed for and sold by Thomas Clio Rickman, Upper Mary-Le-Bone Street; and to be had of all booksellers, [1800?].",London,287,female,,,False
0144100205_000053,The history of England from the accession of Iames I to the elevation of the House of Hanover. By Catharine Macaulay. Edit. III. ...,Catharine Macaulay,15,1769,5,5,"London : printed for Edward and Charles Dilly in the Poultry, MDCCLXIX. [1769]-72.",London,431,female,1731,1791,True
0008400300_000532,"The ladies history of England; from the descent of Julius Cæsar, to the summer of 1780. Calculated for the use of the ladies of Great-Britain and Ireland; and likewise adapted to general use, entertainment, and instruction. By Charlotte Cowley.","Cowley, Charlotte",35,1780,1,1,"London : printed for the proprietors; and sold by S. Bladon, No. 13, in Pater-Noster-Row, MDCCLXXX. [1780][-81].",London,774,female,,,False
0322000600_000013,"Mentoria: or, the young ladies instructor, in familiar conversations on moral and entertaining subjects: Calculated to improve Young Minds, In the Essential, as well as Ornamental Parts of Female Education. By Miss Ann Murry. Dedicated, by Permission, to The Princess Royal.","Murry, Ann",18,1779,1,1,"Dublin : printed for Messrs. Price, Sheppard, Potts, S. Watson, W. Colles, Williams, Walker, R. Moncrieffe, Jenkin, E. Cross, Wogan, Exshaw, White, Beatty, Burton, and B. Watson, MDCCLXXIX. [1779].",Dublin,225,female,,,False
0324901200_000003,"The strange adventures of the Count de Vinevil and his family. Being an account of what happen'd to them whilst they resided at Constantinople. And of Madamoiselle Ardelisa, his Daughter's being shipwreck'd on the Uninhabited Island Delos, in her Return to France, with Violetta a Venetian Lady, the Captain of the Ship, a Priest, and five Sailors. The Manner of their living there, and strange Deliverance by the Arrival of a Ship commanded by Violetta's Father. Ardelisa's Entertainment at Venice, and safe Return to France. The second edition. By Mrs. Aubin.",Penelope Aubin,17,1728,1,1,"London : printed for J. Darby, A. Bettesworth, F. Fayram, J. Osborn and T. Longman, J. Pemberton, J. Hooke, C. Rivington, F. Clay, J. Batley, and E. Symon, M.DCC.XXVIII. [1728].",London,142,female,1679,1731,False
0566600700_000028,A description of a set of prints of English history; contained in a set of easy lessons; by Mrs. Trimmer. In two parts. - Part II.,Sarah Trimmer,16,1795,1,1,"London : printed and sold by John Marshall, No. 140, Fleet-Street, from Aldermary Church-Yard, [1795?].",London,261,female,1741,1810,True
0670801200_000010,"A selection from the Annals of virtue, of Madame Sillery: containing the Most Important and Interesting Anecdotes from the histories of Spain, Portugal, China, Japan, and America: With some Account of the Manners, Customs, Arts and Sciences of France. Translated from the French by Elizabeth Mary James.",Stéphanie Félicité du Crest de Saint-Aubin,9,1794,1,1,"Bath : printed by S. Hazard, for the author; and sold by Hookham and Co. New-Bond-Street, Richardson, Royal Exchange, London; S. Hazard, of Bath, and by all other booksellers, M.DCC.XCIV. [1794].",Bath,270,female,1746,1830,True
0313901003_000032,"A collection of entertaining histories and novels, ... By Mrs. Penelope Aubin. And now first collected in three volumes. ...",Penelope Aubin,17,1739,3,3,"London : printed for D. Midwinter, A. Bettesworth and C Hitch, J. and J. Pemberton, R. Ware, C. Rivington, A. Ward, J. and P. Knapton, T. Longman, R. Hett, S. Austen, and J. Wood, 1739.",London,320,female,1679,1731,False
0852700700_000053,Dialogues of the dead.,Elizabeth Montagu,15,1760,1,1,"London : printed for W. Sandby, in Fleet-Street, M.DCC.LX. [1760].",London,330,female,1720,1800,False
0070004200_000001,"The respondents case. John Cary, Esq; appellant. John White, Esq; and Katherine his wife, surviving Administrators of Sir Humphry Jervis, Kt. deceas'd, respondents.","White, Katherine",32,1710,1,1,"[London?, s.n., 1710].",London,1,female,1701,1717,False
0551500700_000016,"Letters written in France, in the Summer 1790, to a friend in England; containing, various anecdotes relative to the French revolution; and memoirs of Mons. and Madame du F----. By Helen Maria Williams.",Helen Maria Williams,21,1790,1,1,"London : printed for T. Cadell, in the Strand, M.DCC.XC. [1790].",London,225,female,1762,1827,True
0363300504_000054,"La belle assemblée: being a curious collection of some very remarkable incidents which happen'd to persons of the first quality in France. Interspers'd with entertaining and improving observations made by them on several passages in history, both ancient and modern. Written in French for the entertainment of the King, and dedicated to him by Madam de Gomez. In four volumes. Adorn'd with copper-plates.",Madeleine Angélique Poisson Gomez,18,1754,4,4,"London : printed for Dan. Browne, without Temple-Bar, MDCCLIV. [1754].",London,344,female,1684,1770,False
0007900101_000016,"Letters from France; containing a great variety of original information concerning the most important events that have occurred in that country in the years 1790, 1791, 1792, and 1793. By Helen Maria Williams. To which are annexed, The Correspondence of Dumourier with Pache, the War Minister, and with the Commissaries. - Letters of Bournonville, Miranda, Valence, &c. &c. ...",Helen Maria Williams,21,1794,1,2,"Dublin : printed by J. Chambers, 5, Abbey-Street, 1794.",Dublin,241,female,1762,1827,True
0881900101_000016,"Letters written in France, in the summer 1790, to a friend in England: containing various anecdotes relative to the French Revolution; and memoirs of Mons. and Madame du F-. By Helen Maria Williams.",Helen Maria Williams,21,1794,1,1,"London : printed for T. Cadell, in the Strand, M,DCC,XCIV. [1794].",London,225,female,1762,1827,True
0148400300_000023,"The life of Charlotta Du Pont, an English lady; taken from her own memoirs. Giving an account how she was trepan'd by her stepmother to Virginia, how the Ship was taken by some Madagasear Pirates, and retaken by a Spanish Man of War. Of her Marriage in the Spanish West-Indies, and Adventures whilst she resided there, with her return to England. And the History of several Gentlemen and Ladys whom she met withal in her Travels; some of whom had been Slaves in Barbary, and others cast on Shore by Shipwreck on the barbarous Coasts up the great River Oroonoko: with their Escape thence, and safe Return to France and Spain. A History that contains the greatest Variety of Events that ever was publish'd. By Mrs. Aubin.",Penelope Aubin,17,1723,1,1,"London : printed for A. Bettesworth at the Red Lion in Pater-Noster-Row, M.DCC.XXIII. [1723].",London,287,female,1679,1731,False
0115301403_000025,"An apology for the conduct of Mrs. Teresia Constantia Phillips, more particularly that part of it which relates to her marriage with an eminent Dutch merchant: the whole authenticated by faithful copies of his letters, and of the Settlement which he made upon her to induce her to suffer (without any real Opposition on her Part) a Sentence to be pronounced against their Marriage; Together with such other Original Papers, filed in the Cause, as are necessary to illustrate that remarkable Story.",Teresia Phillips,10,1748,3,3,"[London] : Printed for the booksellers of London and Westminster, [1748].",London,337,female,1709,1765,False
0550700703_000025,"An apology for the conduct of Mrs. Teresia Constantia Phillips, more particularly that part of it which relates to her marriage with an eminent Dutch merchant: the whole authenticated by faithful copies of his letters, and of the Settlement which he made upon her to induce her to suffer (without any real Opposition on her Part) a Sentence to be pronounced against their Marriage; Together with such other Original Papers, field in the Cause, as are necessary to illustrate that remarkable Story.",Teresia Phillips,10,1748,3,3,"[ London : printed for the author; and sold at her house, 1748?].",London,337,female,1709,1765,False
0363500204_000124,"La belle assemblée: being a curious collection of some very remarkable incidents which happen'd to persons of the first quality in France. Interspers'd with entertaining and improving observations made by them on several Passages in History, both Ancient and Modern. Written in French for the Entertainment of the King, and dedicated to him by Madam de Gomez. Adorn'd with copper-plates. In four volumes.",Madeleine Angélique Poisson Gomez,12,1765,4,4,"London : printed for H. Woodfall, W. Strahan, J. Rivington, R. Baldwin, W. Johnston, C. Rivington, R. Horsfield, G. Keith, W. Nichol, C. and R. Ware, M. Richardson, J. and T. Pote, and T. Burnet, MDCCLXV. [1765].",London,341,female,1684,1770,False
0151001600_000049,"Extracts from the votes and proceedings of the American Continental Congress, held at Philadelphia, 10th May, 1775. Published by order of the Congress.","Thomsen, Lydia, MWA",21,1775,1,1,"New-York : Printed and sold by John Anderson, at Beekman's-Slip, M,DCC,LXXV. [1775].",New York|New York.,192,female,,,False
0363300504_000127,"La belle assemblée: being a curious collection of some very remarkable incidents which happen'd to persons of the first quality in France. Interspers'd with entertaining and improving observations made by them on several passages in history, both ancient and modern. Written in French for the entertainment of the King, and dedicated to him by Madam de Gomez. In four volumes. Adorn'd with copper-plates.",Madeleine Angélique Poisson Gomez,12,1754,4,4,"London : printed for Dan. Browne, without Temple-Bar, MDCCLIV. [1754].",London,344,female,1684,1770,False
0313901002_000069,"A collection of entertaining histories and novels, ... By Mrs. Penelope Aubin. And now first collected in three volumes. ...",Penelope Aubin,17,1739,2,3,"London : printed for D. Midwinter, A. Bettesworth and C Hitch, J. and J. Pemberton, R. Ware, C. Rivington, A. Ward, J. and P. Knapton, T. Longman, R. Hett, S. Austen, and J. Wood, 1739.",London,308,female,1679,1731,False
0144100201_000095,The history of England from the accession of Iames I to the elevation of the House of Hanover. By Catharine Macaulay. Edit. III. ...,Catharine Macaulay,26,1769,1,5,"London : printed for Edward and Charles Dilly in the Poultry, MDCCLXIX. [1769]-72.",London,446,female,1731,1791,True
1577700200_000008,The history of Sir George Ellison. In two volumes.,Sarah Scott,8,1767,1,1,"Dublin : printed by W. Sleater, J. Potts, and J. Williams, MDCCLXVII. [1767].",Dublin,295,female,1720,1795,True
0144600103_000119,The history of England from the accession of James I. to that of the Brunswick line. ... By Catherine Macaulay.,Catharine Macaulay,33,1763,3,8,"London : printed for J. Nourse; R. and J. Dodsley; and W. Johnston, 1763-83.",London,472,female,1731,1791,True
0311301001_000007,"All the histories and novels written by the late ingenious Mrs. Behn, intire in two volumes. Published by Mr. Charles Gildon.",Aphra Behn,16,1735,1,2,"London : printed for W. Feales, at Rowe's Head, against St. Clement's Church in the Strand; R. Wellington, at the Dolphin and Crown, without Temple-Bar; J. Brindley, at the King's Arms in New Bond-Street; C. Corbett, at Addison's Head, against St. Dunstan's Church in Fleet-Street; A. Bettesworth, and F. Clay, in trust for B. Wellington, M.DCC.XXXV. [1735].",London,337,female,1640,1689,True
1322900100_000084,"Friendship in death: in twenty letters from the dead to the living. To which are added, letters moral and entertaining, in prose and verse: in three parts. By Mrs Elisabeth Rowe. To which is prefixed, an account of the life of the author.",Elizabeth Rowe,15,1764,1,1,"Glasgow : Printed for Robert Aitken, bookseller in Paisley, MDCCLXIV. [1764].",Glasgow,325,female,1674,1737,True
1339200100_000014,"A journey through the Crimea to Constantinople. In a series of letters from the Right Honourable Elizabeth Lady Craven, to His Serene Highness the Margrave of Brandebourg, Anspach, and Bareith. Written in the year MDCCLXXXVI.",Elizabeth Craven,10,1800,1,1,"Vienna : Printed for R. Sammer, bookseller, M.DCCC. [1800].",Vienna,466,female,1750,1828,True
0737000202_000010,"Slavery: or, the times. In two volumes. By the author of Monmouth, The Danish massacre, &c. ...","Mackenzie, Anna Maria",7,1792,2,2,"London : printed for G. G. J. and J. Robinsons; and J. Dennis, 1792.",London,239,female,,,False
0773300400_000144,"The complete housewife: or, accomplished gentlewoman's companion. Being a collection of upwards of seven hundred of the most approved receipts in Cookery, Pastry, Confectionary, Preserving, Pickles, Cakes, Creams, Jellies, Made Wines, Cordials. With Copper Plates, curiously engraven, for the regular Disposition or Placing of the various Dishes and Courses. And Also, Bills of Fare for every Month in the Year. To which is added, A Collection of above Three Hundred Family Receipts of Medicines; viz. Drinks, Syrups, Salves, Ointments, and various other Things of sovereign and approved Efficacy in most Distempers, Pains, Aches, Wounds, Sores, &c. particularly Mrs. Stevens's Medicine for the Cure of the Stone and Gravel, and Dr. Mead's famous Receipt for the Cure of a Bite of a mad Dog; with several other excellent Receipts for the same, which have cured when the Persons were disordered, and the salt Water failed; never before made public; fit either for private Families, or such public-spirited Gentlewomen as would be beneficent to their poor Neighbours. With Directions for Marketing. By E. Smith.",Eliza Smith,10,1766,1,1,"London : printed for J. Buckland, H. Woodfall, J. Rivington, R. Baldwin, W. Johnston, T. Longman, B. Law, C. Rivington, T. Lowndes, C. and R. Ware, S. Bladon, and W. Nicoll, 1766.",London,388,female,,,False
0874500604_000053,"La belle assemblée: being a curious collection of some very remarkable incidents which happened to persons of the first quality in France. Interspers'd with entertaining and improving observations made by them on several Passages in History, both Ancient and Modern. Written in French for the Entertainment of the King, and dedicated to him by Madam de Gomez. Adorn'd with copper-plates. Vol.IV.",Madeleine Angélique Poisson Gomez,18,1738,4,4,"London : printed for D. Browne, J. Brotherton, J. and R. Hazard, W. Meadows, T. Cox, W. Hinchliffe, T. Astley, S. Austen, L. Gilliver, H. Lintot, and E. Comins, MDCC.XXXVIII. [1738].",London,350,female,1684,1770,False
1253800101_000103,"The Family magazine; or, a Repository of religious instruction, and rational amusement. ... By Mrs. Trimmer.",Sarah Trimmer,13,1788,1,18,"London [England] : printed by and for J[ohn]. Marshall and Co. Aldermary Church Yard, in Bow Lane, [1788-1789].",London,464,female,1741,1810,True
1253800102_000054,"The Family magazine; or, a Repository of religious instruction, and rational amusement. ... By Mrs. Trimmer.",Sarah Trimmer,19,1788,2,18,"London [England] : printed by and for J[ohn]. Marshall and Co. Aldermary Church Yard, in Bow Lane, [1788-1789].",London,467,female,1741,1810,True
0028400100_000003,"The strange adventures of the Count de Vinevil and his family. Being an Account of what happen'd to them whilst they resided at Constantinople. And of Madamoiselle Ardelisa, his Daughter's being shipwreck'd on the Uninhabited Island Delos, in her Return to France, with Violetta a Venetian Lady, the Captain of the Ship, a Priest, and five Sailors. The Manner of their living there, and strange Deliverance by the Arrival of a Ship commanded by Violetta's Father. Ardelisa's Entertainment at Venice, and safe Return to France. By Mrs. Aubin.",Penelope Aubin,19,1721,1,1,"London : printed for E. Bell, J. Darby, A. Bettesworth, F. Fayram, J. Pemberton, J. Hooke, C. Rivington, F. Clay, J. Batley, and E. Symon. M.DCC.XXI. [1721].",London,142,female,1679,1731,False
0940700804_000016,"The old manor house. A novel, in four volumes. By Charlotte Smith.",Charlotte Turner Smith,7,1793,4,4,"London : printed for J. Bell, 1793.",London,353,female,1749,1806,True
0138900400_000067,"Geography and history. Selected by a lady, for the use of her own children.",Lady,18,1797,1,1,"London : printed for B. Law, No. 5, Stationers-Court; and C. Law, No. 13, Ave-Mary Lane, Ludgate Street, MDCCXCVII. [1797].",London,404,female,,,False
0621000103_000025,"An apology for the conduct of Mrs. T. C. Phillips; more particularly, that part of it which relates to her marriage with an eminent Dutch merchant. To which is now first added, Mrs. Phillip's letter to the Earl of Chesterfield. In Three Volumes.",Teresia Phillips,9,1761,3,3,"London : printed for G. Smith, in Greek-Street, Soho, MDCCLXI. [1761].",London,286,female,1709,1765,False
0984700100_000023,"Geography and history. Selected by a lady, for the use of her own children.",Lady,16,1794,1,1,"Southampton : printed and sold by T. Baker. For B. Law, Ave-Maria-Lane, Ludgate-Street. [London], MDCCXCIV. [1794].",Southampton,400,female,,,False
0273100302_000017,"Mental improvement: or the beauties and wonders of nature and art, Conveyed in a Series of Instructive Conversations. By Priscilla Wakefield, Author of Leisure Hours. ...",Priscilla Wakefield,13,1794,2,2,"London : printed and sold by Darton and Harvey, No. 55, Gracechurch-Street, M.DCC.XCIV. [1794].",London,200,female,1751,1832,False
1253800101_000021,"The Family magazine; or, a Repository of religious instruction, and rational amusement. ... By Mrs. Trimmer.",Sarah Trimmer,11,1788,1,18,"London [England] : printed by and for J[ohn]. Marshall and Co. Aldermary Church Yard, in Bow Lane, [1788-1789].",London,464,female,1741,1810,True
1257101300_000023,"The adventures of the six princesses of Babylon, in their travels to the temple of virtue: an allegory. Dedicated, by permission, to Her Royal Highness the Princess Mary.","Peacock, Lucy",10,1785,1,1,"London : printed for the author, by T. Bensley; and sold by J. Buckland , Pater - Noster - Row J. Pridden , Fleet-Street ; and by the author at A. Perfelia's, NO. 91, Wimpole-Street, Cavendish-Square, MDCCLXXXV. [1785].",London,177,female,,,False
0229600703_000051,"La belle assemblée: or, the adventures of twelve days. Being a curious collection of remarkable incidents which happen'd to some of the first quality in France. Written in French for the entertainment of the King, and dedicated to him, By Madam de Gomez. In two volumes.",Madeleine Angélique Poisson Gomez,13,1740,3,3,"Dublin : printed by M. Rhames. For R. Gunne, in Caple-Street, G. Risk, G. Ewing, W. Smith, and T. Moore, Bookseller, in Dame Street, MDCCXL. [1740].",Dublin,259,female,1684,1770,False
0009200600_000007,The wanderings of Warwick. By Charlotte Smith.,Charlotte Turner Smith,9,1794,1,1,"London : printed for J. Bell, No. 148, Oxford-Street, M.DCC.XCIV. [1794].",London,293,female,1749,1806,True
1712400700_000035,Tales of instruction and amusement. Written for the use of young persons. By Miss Mitchell.,"Hurry, Mrs. Ives",13,1795,1,1,"Dublin : Printed for P. Wogan, P. Byrne, W. Jones, J. Rice, and J. Potts, Jun, 1795.",Dublin,296,female,,,False
1518400600_000002,"A day in Turkey; or, The Russian slaves. A comedy, as acted at the Theatre Royal, in Covent Garden. By Mrs. Cowley.",Hannah Cowley,15,1792,1,1,"London : Printed for G.G.J. and J. Robinson, in Pater-Noster-Row, MDCCXCII. [1792].",London,94,female,1743,1809,True
0113000101_000021,"All the histories and novels written by the late ingenious Mrs. Behn, intire in two volumes. Published by Mr. Charles Gildon.",Aphra Behn,11,1722,1,2,"London : printed by J.D. for M.P. and sold by A. Bettesworth, and F. Clay, 1722.",London,337,female,1640,1689,True
0156500200_000067,"The history of England, from the Revolution to the present time, in a series of letters to the Reverend Doctor Wilson, ... By Catherine Macaulay. Vol.I.",Catharine Macaulay,33,1778,1,1,"Bath : printed by R. Cruttwell: and sold by E. and C. Dilly, T. Cadell, and J. Walter, London, 1778.",Bath,455,female,1731,1791,True
0027300101_000001,"Adelaide de Narbonne, with memoirs of Charlotte de Cordet. A tale. In four volumes. By the author of Henry of Northumberland. ...",Helen Craik,13,1800,1,4,"London : printed at the Minerva-Press, for William Lane, Leadenhall-Street, 1800.",London,287,female,1751,1825,False
0850400500_000022,"Poems on various subjects, entertaining, elegiac and religious. By Miss Cave, now Mrs. Winscom.",Jane Cave,7,1795,1,1,"Bristol : printed by N. Biggs, 1795.",Bristol,214,female,,1812,False
1253800103_000075,"The Family magazine; or, a Repository of religious instruction, and rational amusement. ... By Mrs. Trimmer.",Sarah Trimmer,25,1788,3,18,"London [England] : printed by and for J[ohn]. Marshall and Co. Aldermary Church Yard, in Bow Lane, [1788-1789].",London,463,female,1741,1810,True
0138900400_000049,"Geography and history. Selected by a lady, for the use of her own children.",Lady,27,1797,1,1,"London : printed for B. Law, No. 5, Stationers-Court; and C. Law, No. 13, Ave-Mary Lane, Ludgate Street, MDCCXCVII. [1797].",London,404,female,,,False
1130800102_000029,"Friendship in death; in twenty letters from the dead to the living. To which are added, Letters moral and entertaining, in prose and verse: in three parts. In two volumes. ... By Mrs. Elizabeth Rowe.",Elizabeth Rowe,17,1753,2,2,"London : printed for Henry Lintot, M.DCC.LIII. [1753].",London,323,female,1674,1737,True
1339200100_000015,"A journey through the Crimea to Constantinople. In a series of letters from the Right Honourable Elizabeth Lady Craven, to His Serene Highness the Margrave of Brandebourg, Anspach, and Bareith. Written in the year MDCCLXXXVI.",Elizabeth Craven,12,1800,1,1,"Vienna : Printed for R. Sammer, bookseller, M.DCCC. [1800].",Vienna,466,female,1750,1828,True
0874500604_000127,"La belle assemblée: being a curious collection of some very remarkable incidents which happened to persons of the first quality in France. Interspers'd with entertaining and improving observations made by them on several Passages in History, both Ancient and Modern. Written in French for the Entertainment of the King, and dedicated to him by Madam de Gomez. Adorn'd with copper-plates. Vol.IV.",Madeleine Angélique Poisson Gomez,11,1738,4,4,"London : printed for D. Browne, J. Brotherton, J. and R. Hazard, W. Meadows, T. Cox, W. Hinchliffe, T. Astley, S. Austen, L. Gilliver, H. Lintot, and E. Comins, MDCC.XXXVIII. [1738].",London,350,female,1684,1770,False
0306200104_000052,"La belle assemblée: being a curious collection of some very remarkable incidents which happen'd to persons of the first quality in France. Interspers'd With Entertaining and Improving Observations made by them on several Passages in History, both Ancient and Modern. Written in French for the Entertainment of the King, and dedicated to him By Madam De Gomez. In four volumes. Adorn'd with Copper-Plates.",Madeleine Angélique Poisson Gomez,18,1749,4,4,"London : printed for D. Browne, J. Brotherton, W. Meadows, R. Ware, H. Lintot, T. Cox, T. Astley, S. Austen, J. Hodges, and E. Comins, 1749.",London,341,female,1684,1770,False
0058301900_000001,Moral drama's [sic] intended for private representation. By Mrs. Hughes. ...,"Hughes, Anne",15,1790,1,1,"London : printed for William Lane, 1790.",London,246,female,,,False
0134501500_000008,"Poems, dedicated, by permission, to The Right Honourable the Countess Fitzwilliam. By S. Pearson.","Pearson, Susanna",7,1790,1,1,"Sheffield : printed by J. Gales, and may be had of G. G. J. and J. Robinson, Pater-Noster-Row; T. Cadell, in the Strand; and C. Forster, Poultry, London, M,DCC,XC. [1790].",Sheffield,65,female,,,False
0229300702_000028,"Letters moral and entertaining, in prose and verse. By the author of Friendship in death. To which are added, ten letters by another hand. ...",Elizabeth Rowe,9,1734,2,3,"London : printed for T. Worrall, 1733-34.",London,127,female,1674,1737,True
1427400102_000022,"Letters on the improvement of the mind, addressed to a young lady. In two volumes. By Mrs. Chapone.",Hester Chapone,20,1787,2,2,"London : printed for J. Walter, Charing-Cross; and C. Dilly, in the Poultry, MDCCLXXXVII. [1787].",London,235,female,1727,1801,True
0355800102_000021,"Tales of the castle: or, stories of instruction and delight. Being Les veillées du chateau, written in French by Madame la Comtesse de Genlis, Author of the Theatre of Education, Adela and Theodore, &c. Translated into English by Thomas Holcroft. ...",Stéphanie Félicité du Crest de Saint-Aubin,11,1785,2,4,"Dublin : printed for Messrs. Price, Moncrieffe, Jenkin, Walker, Burton, Exshaw, White, Byrne, Parker, H. White-Stone, and Cash, MDCCLXXXV. [1785].",Dublin,282,female,1746,1830,True
0144600107_000139,The history of England from the accession of James I. to that of the Brunswick line. ... By Catherine Macaulay.,Catharine Macaulay,19,1763,7,8,"London : printed for J. Nourse; R. and J. Dodsley; and W. Johnston, 1763-83.",London,507,female,1731,1791,True
0247200202_000098,"La belle assemblée: or, the adventures of twelve days. Being a curious collection of remarkable incidents which happen'd to some of the first quality in France. Written in French for the Entertainment of the King, and dedicated to him by Madam de Gomez. In two volumes.",Madeleine Angélique Poisson Gomez,17,1728,2,2,"London : printed for D. Browne, at the Black-Swan without Temple-Bar; Weaver Bickerton, in Devereux-Court, without Temple-Bar; and Joseph Pote, at the Golden-Door over against Suffolk-Street, near Charing Cross, M.DCC.XXVIII. [1728].",London,328,female,1684,1770,False
0144600106_000101,The history of England from the accession of James I. to that of the Brunswick line. ... By Catherine Macaulay.,Catharine Macaulay,19,1763,6,8,"London : printed for J. Nourse; R. and J. Dodsley; and W. Johnston, 1763-83.",London,437,female,1731,1791,True
1253800101_000075,"The Family magazine; or, a Repository of religious instruction, and rational amusement. ... By Mrs. Trimmer.",Sarah Trimmer,21,1788,1,18,"London [England] : printed by and for J[ohn]. Marshall and Co. Aldermary Church Yard, in Bow Lane, [1788-1789].",London,464,female,1741,1810,True
0390200600_000031,"A journey made in the summer of 1794, through Holland and the western frontier of Germany, with a Return down the Rhine: to which are added, observations during a tour to the lakes of Lancashire, Westmoreland, and Cumberland. By Ann Radcliffe.",Ann Radcliffe,18,1795,1,1,"Dublin : printed by William Porter, for P. Wogan, P. Byrne, H. Colbert, W. Porter, W. Jones, J. Rice, H. Fitzpatrick, and G. Folingsby. 1795.",Dublin,512,female,1764,1823,True
1367800300_000024,"The life and amorous adventures of Lucinda, an English lady, her courageous and undaunted behaviour at sea, in an engagement wherein she was taken by a rover of Barbury, and sold a slave at Constantinople. An account of her treatment there, with several particular customs of the Turks. Her unexpected deliverance, with the lcuky meeting of her first love, their return and settlement in their own country, where she at present resides. Written by her self. Intermixed with two diverting novels, the one call'd Conjugal duty rewarded, or, The rake reform'd. The other, Fortune favours the bold, or, The happy milanese.",Penelope Aubin,14,1722,1,1,"London : Printed for E. Bell, J. Darby, A. Bettesworth, F. Fayram, J. Pemberrton, J. Hooke, C. Rivington, F. Clay, J. Batley, and E. Symon, M.DCC.XXII. [1722].",London,144,female,1679,1731,False
1143800101_000017,"Munster village, a novel. In two volumes. ...",Mary Walker,18,1778,1,2,"London : printed for Robson and Co. New Bond Street ; Walter , Charing Cross ; and Robinson, Paternoster Row, M.DCC.LXXVIII. [1778].",London,205,female,1736,,False
0391500301_000074,"The knights of the Swan; or, the court of Charlemagne: a historical and moral tale: to serve as a continuation to the Tales of the Castle: and of which all the incidents that bear analogy to the French Revolution are taken from history. Translated from the French of Madame de Genlis, author of the theatre of education, adelaide & theodore, &c. By the Rev. Mr. Beresford. ...",Stéphanie Félicité du Crest de Saint-Aubin,15,1796,1,3,"London : printed for J. Johnson, St. Paul's Church-Yard, 1796.",London,282,female,1746,1830,True
0352100501_000107,"The knights of the Swan; or, the court of Charlemagne: an historical and moral tale. To serve as a continuation to The tales of the castle; And of which all the Incidents that bear Analogy to the French Revolution are taken from History. Translated from the French of Madame de Genlis, Author of the theatre of education, adelaide and theodore, &c. by the Rev. Mr. Beresford. ...",Stéphanie Félicité du Crest de Saint-Aubin,15,1797,1,2,"Dublin : printed for P. Wogan, P. Byrne, H. Colbert, J. Milliken, J. Chambers, B. Dugdale, W. Porter, H. Fitzpatrick, J. Rice, G. Folingsby, and N. Kelly, 1797.",Dublin,352,female,1746,1830,True
1208900100_000073,"The history of England, from the Revolution to the present time, in a series of letters to the Reverend Doctor Wilson, Rector of St. Stephen's, Walbrook, and Prebendary of Westminster. By Catharine Macaulay. Vol.I.",Catharine Macaulay,19,1779,1,1,"Dublin : printed for John Exshaw, No. 86, and William Hallhead, No. 63, Dame-Street, M.DCC.LXXIX. [1779].",Dublin,463,female,1731,1791,True
0866500104_000118,"La belle assemblée: being a curious collection of some very remarkable incidents which happened to persons of the first quality in France. Interspers'd with Entertaining and Improving Observations made by them on several Passages in History, both Ancient and Modern. Written in French for the Entertainment of the King, and dedicated to him by Madam de Gomez. In four volumes. Adorn'd with copper-plates.",Madeleine Angélique Poisson Gomez,10,1736,4,4,"London : printed for J. Brotherton, J. Hazard, W. Meadows, T. Cox, W. Hinchliffe, D. Browne, W. Bickerton, T. Astley, S. Austen, L. Gilliver, R. Willock, and F. Cogan, M.DCC.XXXVI. [1736].",London,339,female,1684,1770,False
0008400300_000773,"The ladies history of England; from the descent of Julius Cæsar, to the summer of 1780. Calculated for the use of the ladies of Great-Britain and Ireland; and likewise adapted to general use, entertainment, and instruction. By Charlotte Cowley.","Cowley, Charlotte",18,1780,1,1,"London : printed for the proprietors; and sold by S. Bladon, No. 13, in Pater-Noster-Row, MDCCLXXX. [1780][-81].",London,774,female,,,False
0013400101_000098,"A collection of novels, selected and revised by Mrs. Griffith. ...",Elizabeth Griffith,14,1777,1,3,"London : printed for G. Kearsly, at No. 40, in Fleet-Street: and the other Proprietors, MDCCLXXVII. [1777].",London,290,female,1720,1793,True
0229600702_000100,"La belle assemblée: or, the adventures of twelve days. Being a curious collection of remarkable incidents which happen'd to some of the first quality in France. Written in French for the entertainment of the King, and dedicated to him, By Madam de Gomez. In two volumes.",Madeleine Angélique Poisson Gomez,18,1740,2,3,"Dublin : printed by M. Rhames. For R. Gunne, in Caple-Street, G. Risk, G. Ewing, W. Smith, and T. Moore, Bookseller, in Dame Street, MDCCXL. [1740].",Dublin,337,female,1684,1770,False
0621000103_000030,"An apology for the conduct of Mrs. T. C. Phillips; more particularly, that part of it which relates to her marriage with an eminent Dutch merchant. To which is now first added, Mrs. Phillip's letter to the Earl of Chesterfield. In Three Volumes.",Teresia Phillips,20,1761,3,3,"London : printed for G. Smith, in Greek-Street, Soho, MDCCLXI. [1761].",London,286,female,1709,1765,False
0186200300_000050,An historical and moral view of the origin and progress of the French revolution; and the effect it has produced in Europe. By Mary Wollstonecraft. Volume the first.,Mary Wollstonecraft,23,1794,1,1,"London : printed for J. Johnson, in St. Paul's Church-Yard, 1794.",London,534,female,1759,1797,True
1758300202_000003,"Letters of the Right Honourable Lady M---y W----y M------e: written, during her travels in Europe, Asia and Africa, to persons of distinction, men of letters, &c. in different parts of Europe. Which contain, ... accounts of the policy and manners of the Turks; ... The thir edition. In three volumes. ...",Lady Mary Wortley Montagu,18,1763,2,3,"London : printed for T. Becket and P. A. De Hondt, 1763.",London,169,female,1689,1762,False
0410800300_000027,"Letters containing a sketch of the politics of France, from the thirty-first of May 1793, till the twenty-eighth of July 1794, and of the scenes which have passed in the prisons of Paris. By Helen Maria Williams. Vol.IV.",Helen Maria Williams,21,1796,1,1,"London : printed for G. G. and J. Robinson, Paternoster-Row, 1796.",London,226,female,1762,1827,True
1201901100_000210,"The trial of Elizabeth Canning, spinster, for wilful and corrupt perjury; at Justice Hall in the Old-Bailey, Held by Adjournment, On Monday the 29th of April, Wednesday the 1st, Friday the 3d, Saturday the 4th, Monday the 6th, Tuesday the 7th, and Wednesday the 8th of May, 1754. Before the Right Honourable Thomas Rawlinson, Esq; Lord-Mayor of the City of London, Sir Edward Clive, Knt. one of the Justices of his Majesty's Court of Common Pleas, The Honourable Heneage Legge, Esq; one of the Barons of his Majesty's Court of Exchequer, William Moreton, Esq; Recorder, and others the Justices, &c. Taken in short-hand, by Thomas Gurney, Samuel Rudd and Isaacharman, all eminent short-hand Writers, appointed by the Court for that Purpose, and after being carefully examined together, and Faithfully transcribed by the said Thomas Gurney, many years short-hand Writer at the said Court.",Elizabeth Canning,5,1754,1,1,"London : printed by the authority and appointment of the Right Honourable Thomas Rawlinson, Esq; Lord Mayor, for John Clarke under the Royal Exchange, and sold also by M. Cooper in Pater-Noster Row, [1754].",London,205,female,1734,1773,False
0442000200_000032,Extracts and original anecdotes; for the improvement of youth.,Mary Leadbeater,11,1794,1,1,"Dublin : printed by R. M. Jackson, NO. 20 Meath-Street, 1794.",Dublin,235,female,1758,1826,False
0020800502_000011,"The inquisitor; or, invisible rambler. In three volumes. By Mrs. Rowson, Author of Victoria. ...",Susanna Rowson,12,1788,2,3,"[London] : Printed for G. G. J. and J. Robinson, Paternoster Row, M.DCC.LXXXVIII. [1788].",London,186,female,1762,1824,True
0397700400_000016,A vindication of the rights of woman: with strictures on political and moral subjects. By Mary Wollstonecraft.,Mary Wollstonecraft,23,1792,1,1,"London : printed for J. Johnson, No 72, St. Paul's Church Yard, 1792.",London,469,female,1759,1797,True
0151001600_000031,"Extracts from the votes and proceedings of the American Continental Congress, held at Philadelphia, 10th May, 1775. Published by order of the Congress.","Thomsen, Lydia, MWA",19,1775,1,1,"New-York : Printed and sold by John Anderson, at Beekman's-Slip, M,DCC,LXXV. [1775].",New York|New York.,192,female,,,False
0008400300_000620,"The ladies history of England; from the descent of Julius Cæsar, to the summer of 1780. Calculated for the use of the ladies of Great-Britain and Ireland; and likewise adapted to general use, entertainment, and instruction. By Charlotte Cowley.","Cowley, Charlotte",13,1780,1,1,"London : printed for the proprietors; and sold by S. Bladon, No. 13, in Pater-Noster-Row, MDCCLXXX. [1780][-81].",London,774,female,,,False
0098901402_000051,The letters of a solitary wanderer: containing narratives of various description. By Charlotte Smith. ...,Charlotte Turner Smith,8,1800,2,3,"London : printed by and for Sampson Low, Berwick Street, Soho, 1800.",London,318,female,1749,1806,True
0313901001_000003,"A collection of entertaining histories and novels, ... By Mrs. Penelope Aubin. And now first collected in three volumes. ...",Penelope Aubin,12,1739,1,3,"London : printed for D. Midwinter, A. Bettesworth and C Hitch, J. and J. Pemberton, R. Ware, C. Rivington, A. Ward, J. and P. Knapton, T. Longman, R. Hett, S. Austen, and J. Wood, 1739.",London,312,female,1679,1731,False
0645200100_000026,"Letters of the Right Honourable Lady M---y W---y M----e: written during her travels in Europe, Asia and Africa, to persons of distinction, men of letters, &c. in different parts of Europe. Which contain, among other curious relations, accounts of the policy and manners of the Turks; Drawn from Sources that have been inaccessible to other Travellers.",Lady Mary Wortley Montagu,15,1765,1,1,"Dublin : printed for P. Wilson, J. Hoey, Junior, and J. Potts, Booksellers, MDCCLXV. [1765].",Dublin,287,female,1689,1762,True
0866900302_000026,"The recess; or, a tale of other times. By the author of The chapter of accidents. ...",Sophia Lee,8,1792,2,3,"London : printed for T. Cadell, in the Strand, M,DCC,XCII. [1792].",London,300,female,1750,1824,True
1274501100_000001,"Duplies for Mrs. Margaret Murray, to the replies for Mr. James Justice.","Murray, Margaret           1760           fl. 1760",19,1761,1,1,"[Edinburgh, 1761].",Edinburgh,8,female,,,False
0229400201_000010,"Belmont Lodge. A novel. In two volumes. By Harriet Jones, of Maidstone. ...","Jones, Harriet",15,1799,1,2,"London : printed for the author at the Minerva-Press and sold by William Lane, Leadenhall-Street, 1799.",London,323,female,,,False
0259600200_000080,"Friendship in death; in twenty letters from the dead to the living. To which are added, letters moral and entertaining, in prose and verse. In three parts. By Mrs. Elizabeth Rowe.",Elizabeth Rowe,8,1750,1,1,"London : printed for Henry Lintot, M.DCC.L. [1750].",London,505,female,1674,1737,True
0150400602_000010,"A residence in France, during the years 1792, 1793, 1794, and 1795; described in a series of letters from an English lady: with general and incidental remarks on the French character and manners. Prepared for the press by John Gifford, Esq. author of the History of France, letter to Lord Lauderdale, &c. In two volumes. ...",English Lady,14,1797,2,2,"London : printed by J. Plymsell; for T. N. Longman, Paternoster Row, 1797.",London,467,female,,,False
1211601102_000028,"The south Sea fortune, or the chaplain advanced to the saddle. Containing the genuine private memoirs of a worthy family in Gloucestershire, fro the fatal year 1720, to the year 1748. Written by Mrs. Richwould, one of the most interested parties. Vol. I.","Richwould, Mrs",14,1758,2,2,"London : printed for J. Wren, at the Bible and Crown, opposite the New Exchange Buildings, in the Strand, M.DCC.LVIII. [1758].",London,292,female,,,False
0371000900_000105,"Persian anecdotes: or, secret memoirs of the court of Persia. Written originally in French, for the entertainment of the King, by the celebrated Madame De Gomez, Author of La Belle Assemblee. translated by Paul Chamberlen, Gent.",Madeleine Angélique Poisson Gomez,15,1730,1,1,"London : printed for Weaver Bickerton, in Devereux Court, near the Middle-Temple, M.DCC.XXX. [1730].",London,412,female,1684,1770,False
0865100501_000014,"La belle assemblée: or, the adventures of six days. Being a curious collection of remarkable incidents which happen'd to some of the first quality in France. Written in French ... by Madam de Gomez. Translated into English. Compleat, in two volumes. ...",Madeleine Angélique Poisson Gomez,8,1727,1,2,"London : printed for D. Browne; S. Chapman; and Weaver Bickerton, 1727.",London,385,female,1684,1770,False
0138900400_000023,"Geography and history. Selected by a lady, for the use of her own children.",Lady,17,1797,1,1,"London : printed for B. Law, No. 5, Stationers-Court; and C. Law, No. 13, Ave-Mary Lane, Ludgate Street, MDCCXCVII. [1797].",London,404,female,,,False
0019300102_000022,"Andrew Stuart, or the northern wanderer. A novel. In Four Volumes. By Mary Ann Hanway. Author of Ellinor, or the World as it is. ...",Mary Ann Hanway,16,1800,2,4,"London : printed at the Minerva Press, for William Lane, Leadenhall-Street, 1800.",London,316,female,,,False
1020100302_000029,"Friendship in death; in twenty letters from the dead to the living. To which are added, Letters moral and entertaining. In prose and verse: in three parts. In two volumes. ... . By Mrs. Elizabeth Rowe.",Elizabeth Rowe,19,1774,2,2,"London : printed for J. and F. Rivington, W. Strahan, T. Caslon, B. Law, T. Cadell, G. Robinson, E. Johnston, W. Nicoll, and J. D. Cornish. M.DCC.XXLIV [1774].",London,331,female,1674,1737,True
0008400300_000655,"The ladies history of England; from the descent of Julius Cæsar, to the summer of 1780. Calculated for the use of the ladies of Great-Britain and Ireland; and likewise adapted to general use, entertainment, and instruction. By Charlotte Cowley.","Cowley, Charlotte",16,1780,1,1,"London : printed for the proprietors; and sold by S. Bladon, No. 13, in Pater-Noster-Row, MDCCLXXX. [1780][-81].",London,774,female,,,False
1053500301_000035,"The school for fashion, in two volumes. By Mrs. Thicknesse. ...",Anne Ford,13,1800,1,2,"London : printed by H. Reynell, No. 21, Piccadilly, for Debrett and Fores, Piccadilly; Hookham, Old Bond Street; and Robinsons, Pater-Noster-Row, MDCCC. [1800].",London,252,female,1737,1824,False
1287800102_000026,"The works of Mrs Elisabeth Rowe. ... . Containing, friendship in death. Letters moral and entertaining, Part I. To which is prefixed, An account of the author's life.",Elizabeth Rowe,18,1770,2,4,"Edinburgh : printed by and for Gray & Alston, M.DCC.LXX. [1770].",Edinburgh,329,female,1674,1737,True
0138900400_000042,"Geography and history. Selected by a lady, for the use of her own children.",Lady,15,1797,1,1,"London : printed for B. Law, No. 5, Stationers-Court; and C. Law, No. 13, Ave-Mary Lane, Ludgate Street, MDCCXCVII. [1797].",London,404,female,,,False
1266700402_000037,The female Spectator. By Mrs. Eliza Haywood. In four volumes. ...,Eliza Haywood,19,1775,2,4,"London : printed for A. Millar, W. Law, & R. Cater, 1775.",London,330,female,1693,1756,True
0653501105_000022,"Ethelinde, or the recluse of the lake. By Charlotte Smith. In five volumes. ...",Charlotte Turner Smith,10,1789,5,5,"London : printed for T. Cadell, 1789.",London,340,female,1749,1806,True
1103801500_000003,"The character, and necessary qualifications, of a British minister of state. In a Letter to a Member of Parliament, 1759. By a Lady.","Pitt, Villiers Clara",30,1759,1,1,"London : printed for M. Cooper, at the Globe in Pater-Noster Row, MDCCLIX. [1759].",London,46,female,,,False
1208900100_000088,"The history of England, from the Revolution to the present time, in a series of letters to the Reverend Doctor Wilson, Rector of St. Stephen's, Walbrook, and Prebendary of Westminster. By Catharine Macaulay. Vol.I.",Catharine Macaulay,24,1779,1,1,"Dublin : printed for John Exshaw, No. 86, and William Hallhead, No. 63, Dame-Street, M.DCC.LXXIX. [1779].",Dublin,463,female,1731,1791,True
0277000202_000003,"The quaker. A novel, in a series of letters, by a lady. In three volumes. ...",Lady,22,1785,2,3,"London : printed for William Lane, Leadenhall-Street, M.DCC.LXXXV. [1785].",London,210,female,,,False
1136000102_000060,"The beggar girl and her benefactors. In three volumes. By Mrs. Bennett, ...",Anna Maria Bennett,13,1797,2,3,"Dublin : printed by P. Wogan, 1797.",Dublin,358,female,1760,1808,False
0056601100_000023,"Letters on several subjects, from a preceptress to her pupils who have left school, addressed chiefly to real characters, and Designed for the Use of Young Ladies from Sixteen to Twenty Years of Age.","Palmer, Charlotte",14,1797,1,1,"London : printed for E. Newbery, at the Corner of St. Paul's Church-Yard, MDCCXCVII. [1797].",London,151,female,1780,1800,False
1208900100_000090,"The history of England, from the Revolution to the present time, in a series of letters to the Reverend Doctor Wilson, Rector of St. Stephen's, Walbrook, and Prebendary of Westminster. By Catharine Macaulay. Vol.I.",Catharine Macaulay,16,1779,1,1,"Dublin : printed for John Exshaw, No. 86, and William Hallhead, No. 63, Dame-Street, M.DCC.LXXIX. [1779].",Dublin,463,female,1731,1791,True
0803200700_000024,The female advocate; or an attempt to recover the rights of women from male usurpation. By Mary Anne Radcliffe.,"Radcliffe, Mary Ann",17,1799,1,1,"London : printed for Vernor and Hood, NO. 31, Poultry, 1799.",London,177,female,1745,1810,False
0144600105_000062,The history of England from the accession of James I. to that of the Brunswick line. ... By Catherine Macaulay.,Catharine Macaulay,14,1763,5,8,"London : printed for J. Nourse; R. and J. Dodsley; and W. Johnston, 1763-83.",London,457,female,1731,1791,True
0156500200_000088,"The history of England, from the Revolution to the present time, in a series of letters to the Reverend Doctor Wilson, ... By Catherine Macaulay. Vol.I.",Catharine Macaulay,12,1778,1,1,"Bath : printed by R. Cruttwell: and sold by E. and C. Dilly, T. Cadell, and J. Walter, London, 1778.",Bath,455,female,1731,1791,True
0028800700_000011,"English nights entertainments. The history of Oroonoko; or, the royal slave. Written originally by Mrs. Behn, and revised by Mrs. Griffiths.",Aphra Behn,11,1800,1,1,"London : printed by T. Maiden, Sherbourne Lane, for Ann Lemoine, White-Rose Court, Coleman-Street, and sold by T. Hurst, Paternoster-Row, [1800].",London,48,female,1640,1689,True
1601700600_000046,"Mental imporvement: Or, the beauties and wonders of nature and art. In a series of instructive conversations. By Priscilla Wakefield, author of leisure hours, juvenile anecdotes, &c. &c. &c.",Priscilla Wakefield,12,1799,1,1,"Dublin : [P]rinted by T. Burnside, Lower Liffey-Street, for P. Wogan, H. Colbert, and J. Gough, 1799.",Dublin,307,female,1751,1832,False
0426701700_000043,"Slavery: or, the times. By the author of Monmouth, The Danish massacre, &c.","Mackenzie, Anna Maria",7,1793,1,1,"Dublin : printed for Messrs. P. Wogan, P. Byrne, J. Moore, W. Jones, and J. Rice, 1793.",Dublin,308,female,,,False
0159100303_000083,The Female spectator.,Eliza Haywood,18,1745,3,4,"London [England] : printed and published by T. Gardner, at Cowley's Head, opposite St. Clement's Church, in the Strand, MDCCXLV. [i.e. 1745-1746].",London,402,female,1693,1755,True
1346100600_000008,"Thoughts on education, addressed to the visitors of the Young Ladies' Academy in Philadelphia, October 31, 1787. At the close of the quarterly examination, by John Swanwick, one of the visitors of the said academy. To which is added; a prayer, delivered on the same occasion, by Samuel Magaw, D.D.",Young Ladies' Academy of Philadelphia,14,1787,1,1,"Philadelphia : Printed for Thomas Dobson, in Second-Street, between Market and Chesnut-Street, M,DCC,LXXXVII. [1787].",Philadelphia,35,female,,,False
0144600107_000063,The history of England from the accession of James I. to that of the Brunswick line. ... By Catherine Macaulay.,Catharine Macaulay,17,1763,7,8,"London : printed for J. Nourse; R. and J. Dodsley; and W. Johnston, 1763-83.",London,507,female,1731,1791,True
0001000600_000039,"The exiles of the court of Augustus Cæsar. Being the secret history of the illustrious Ovid, Horace, Virgil, Lentulus, Cornelius Gallus, Hortensius, and many other famous personages of that age. In three parts. By a celebrated author of a neighbouring kingdom.","Villedieu, Madame",13,1754,1,1,"Dublin : printed for William Williamson, bookseller, at Mecænas's-Head in Bride-Street, MDCCLIV. [1754].",Dublin,360,female,,,False
0144600107_000136,The history of England from the accession of James I. to that of the Brunswick line. ... By Catherine Macaulay.,Catharine Macaulay,16,1763,7,8,"London : printed for J. Nourse; R. and J. Dodsley; and W. Johnston, 1763-83.",London,507,female,1731,1791,True
1619700400_000024,"Royal novels: or, A new collection of enter taining histories and tragical stories. By Mrs. Behn and others. Containing, I. Oroonoko or the Royal slave. II. Elizabeth and the Earl of essex. III. The history of Prince Alasnam.",Aphra Behn,8,1791,1,1,"Dublin : Printed and sold by R. Jackson, Me[at]h street, 1791.",Dublin,181,female,1640,1689,True
0250504200_000020,"The adventures of Miss Polly Bchrd, and Samuel Tyrrel, Esquire. Written by the lady herself. Wherein are introduced the amours of Los Cardos and Zaphsharrak.",Miss Polly B--ch--rd,12,1754,1,1,"London : printed for John Woodyer, at Caesar's Head, the Corner of Serjeant's Inn, Fleet-Street, MDCCLIV. [1754].",London,287,female,,,False
0170100600_000018,"A true and impartial state of the province of Pennsylvania. Containing, an exact account of the nature of its government; the power of the proprietaries, and their governors; as well those which they derive under the royal grant, as those they have assumed in manifest violation thereof, their father's charter, and the rights of the people: also, the rights and privileges of the Assembly, and people, which they claim under the said grant, charter, and laws of their country, confirmed by the royal approbation. With a true narrative of the dispute between the governors and assemblies, respecting the grants of supplies so often made by the latter, and rejected by the former. In which is demonstrated, by incontestable vouchers, that arbitrary proprietary instructions, have been the true and only cause of the refusal of such supplies, and the late defenceless state of the province. The whole being a full answer to the pamphlets intitled A brief state, and A brief view, &c. of the conduct of Pennsylvania. [Nine lines from Cato's letters].","Thomson, Mary, MWA C1",22,1759,1,1,"Philadelphia : Printed by W. Dunlap, at the newest-printing-office, M,DCC,LIX. [1759].",Philadelphia|Philadelphia.,218,female,,,False
0341600200_000018,"Poems on several subjects, both comical and serious. In two parts. By Alexander Nicol, Schoolmaster. To which are added, The experienced gentleman, and The she anchoret; Written in Cromwell's Time, by the then Duchess of Newcastle.","Margaret Cavendish, Duchess of Newcastle-upon-Tyne",16,1766,1,1,"Edinburgh : printed for the author, and James Stark Bookseller in Dundee; and sold by him and the other Booksellers in town and country, MDCCLXVI. [1766].",Edinburgh,479,female,1624,1674,True
0075800700_000033,A mirror for the female sex. Historical beauties for young ladies. Intended to lead the female mind to the love and practice of moral goodness. Designed principally for the use of ladies' schools. By Mrs. Pilkington. ...,Mary Pilkington,11,1798,1,1,"London : printed for Vernor and Hood; and sold by E. Newbery, 1798.",London,253,female,1766,1839,True
0311001400_000032,"The life and adventures of the young Count Albertus, the son of Count Lewis Augustus, by the Lady Lucy: who being become a widower, turn'd monk, and went a missionary for China, but was Shipwreck'd on the Coast of Barbary. Where he met with many strange Adventures, and return'd to Spain with some Persons of Quality, who by his Means made their Escape from Africa. After which he went a Missionary again to China, where he arriv'd, and ended his Life a Martyr for the Christian Faith. By Mrs. Aubin.",Penelope Aubin,14,1728,1,1,"London : printed for J. Darby, A. Bettesworth, F. Fayram, J. Osborn and T. Longman, J. Pemberton, C. Rivington, J. Hooke, F. Clay, J. Batley, and E. Symon. M.DCC.XXVIII. [1728].",London,168,female,1679,1731,False
1558600300_000020,"An historical essay on the ambition and conquests of France, with some remarks on the French revolution. Containing 1.-Sketch of general history previous to the Frech revolution; 2.-Remarks on the French revolution from 1789 to 1791; 3.-Abridgement of the history of the revolution from 1791 to 1796.",Amabel Hume Campbell,18,1797,1,1,"London : Printed for J. Debrett, opposite Burlington House, Piccadilly, 1797.",London,373,female,1751,1833,False
1612302100_000002,"Heads of a scheme for erecting publick magazines, to relieve the necessities of the poor, and supply England with Corn. By a person of distinction.","Pitt, Villiers Clara",15,1758,1,1,"London : Sold by T. Kinnersly in St. Paul's Church-Yard; and H. Cook at the Royal Exchange, MDCCLVIII. [1758].",London,17,female,,,False
1772800203_000045,The works of Mrs. Behn. Entire in three volumes. ...,Aphra Behn,8,1711,3,3,"London : printed for R. Wellington, 1711.",London,470,female,1640,1689,True
0102800403_000008,"Genuine memoirs of Jane Elizabeth Moore. Late of Bermondsey, in the county of Surry. Written by herself: containing the singular adventures of herself and family. Her Sentimental Journey through Great Britain: specifying the various Manufactures carried on at each Town. A comprehensive Treatise on the Trade, Manufactures, Navigation, Laws and Police of this Kingdom, and the necessity of a Country Hospital. To which is prefixed ...","Moore, Jane Elizabeth           1738",24,1786,3,3,"London : printed at the Logographic Press. Printing-House-Square, Black Friars; and sold by J. Bew, Pater-Noster-Row; W. Richardson, Under the Royal Exchange; G. Golding, James Street, Covent-Garden; and by all other book-sellers in town and country, [1786?].",London,291,female,,,False
0296300701_000070,"A concise history of the Kingdoms of Israel and Judah; connected with the history or chief events of the neighbouring states and succeeding empires to the time of Christ, and the Establishment of the Gospel-Dispensation: Interspersed with Moral Reflections, Chronological References, and Occasional Remarks, Concerning the Fulfilment of the Prophecies: Particularly adapted to the Comprehension, and for the Improvement of Young Minds. By Ann Murry, Author of Mentoria. In two volumes. ...","Murry, Ann",12,1783,1,2,"London : printed by Frys and Couchman, Upper-Moorfields. For Charles Dilly, in the Poultry, M.DCC.LXXXIII. [1783].",London,398,female,,,False
1452500200_000013,"Mentoria; or, The young ladies, instructor: in familiar conversations, on moral and entertaining subjects. Calculated to improve young minds in the effential as well as ornamental parts of female education. By Ann Murry.","Murry, Ann",17,1796,1,1,"London : Printed for C. Dilly, in the Poultry, 1796.",London,295,female,,,False
1767000300_000017,"A bold stroke for a wife; a comedy, as it is acted at the Theatre-Royal in Lincoln's-Inn-Fields.",Susanna Centlivre,25,1735,1,1,"London : printed for the proprietors, and sold by the booksellers of London and Westminster, 1735.",London,82,female,1667,1723,True
0028800700_000016,"English nights entertainments. The history of Oroonoko; or, the royal slave. Written originally by Mrs. Behn, and revised by Mrs. Griffiths.",Aphra Behn,12,1800,1,1,"London : printed by T. Maiden, Sherbourne Lane, for Ann Lemoine, White-Rose Court, Coleman-Street, and sold by T. Hurst, Paternoster-Row, [1800].",London,48,female,1640,1689,True
0127901003_000006,Tales of truth. By a lady. Under the patronage of the Duchess of York. In four volumes. ...,E. H.,6,1800,3,4,"London : printed by T. Plummer, Seething-Lane; for R. Dutton, NO. 10, Birchin-Lane, Cornhill, 1800.",London,174,female,,,False
0874500604_000120,"La belle assemblée: being a curious collection of some very remarkable incidents which happened to persons of the first quality in France. Interspers'd with entertaining and improving observations made by them on several Passages in History, both Ancient and Modern. Written in French for the Entertainment of the King, and dedicated to him by Madam de Gomez. Adorn'd with copper-plates. Vol.IV.",Madeleine Angélique Poisson Gomez,10,1738,4,4,"London : printed for D. Browne, J. Brotherton, J. and R. Hazard, W. Meadows, T. Cox, W. Hinchliffe, T. Astley, S. Austen, L. Gilliver, H. Lintot, and E. Comins, MDCC.XXXVIII. [1738].",London,350,female,1684,1770,False
0008400300_000677,"The ladies history of England; from the descent of Julius Cæsar, to the summer of 1780. Calculated for the use of the ladies of Great-Britain and Ireland; and likewise adapted to general use, entertainment, and instruction. By Charlotte Cowley.","Cowley, Charlotte",23,1780,1,1,"London : printed for the proprietors; and sold by S. Bladon, No. 13, in Pater-Noster-Row, MDCCLXXX. [1780][-81].",London,774,female,,,False
1375000604_000124,"La belle assemblé: or, The adventures of twelve days. Being a curious collection of remarkable incidents which happened to some of the first quality in France. Written in French for the entertainment of the King, and dedicated to him, By Madam De Gomez. In four volumes.",Madeleine Angélique Poisson Gomez,9,1758,4,4,"Dublin : printed for W. Williamson, at Mecænas's-Head in Bride-street, M DCC LVIII. [1758].",Dublin,337,female,1684,1770,False
1601700600_000047,"Mental imporvement: Or, the beauties and wonders of nature and art. In a series of instructive conversations. By Priscilla Wakefield, author of leisure hours, juvenile anecdotes, &c. &c. &c.",Priscilla Wakefield,25,1799,1,1,"Dublin : [P]rinted by T. Burnside, Lower Liffey-Street, for P. Wogan, H. Colbert, and J. Gough, 1799.",Dublin,307,female,1751,1832,False
1551401200_000007,"The ladies' own memorandam-book: or, Daily pocket journal, for the year 1795. Designed as a methodical register of all the transactions of business, as well as amusement. Containing I. Introductory address. II. Country dances for the year 1795. III. Useful market tables. IV. Chronological notes in 1795. V. Birth-days and years of the royal family. VI. Birth-days of the sovereigns in Europe VII. Rules for finding the moveable feasts, &c. VIII. A perpetual diary. IX. Answers to last year's enigmas, charades and rebuses. X. New enigmas. XI. New charades. XII. New rebuses. XIII. Favourite new songs, sung at Vauxhall, &c. in 1794. By a lady.",Lady,10,1794,1,1,"London : printed for G.G. and J. Robinson, No. 25, Paternoster-Row; and S. Hodgson, Newcastle, [1794?].",London,47,female,,,False
0951500500_000083,"Friendship in death: in twenty letters from the dead to the living. To which are added, letters moral and entertaining, in prose and verse. In three parts. By Mrs. Elizabeth Rowe. To which is prefixed, an account of the life of the author.",Elizabeth Rowe,15,1784,1,1,"London : printed for W. Osborne and T. Griffin, in St. Paul's Church yard, and J. Mozley, Gainsbrough, MDCCLXXXIV. [1784].",London,302,female,1674,1737,True
0306200103_000051,"La belle assemblée: being a curious collection of some very remarkable incidents which happen'd to persons of the first quality in France. Interspers'd With Entertaining and Improving Observations made by them on several Passages in History, both Ancient and Modern. Written in French for the Entertainment of the King, and dedicated to him By Madam De Gomez. In four volumes. Adorn'd with Copper-Plates.",Madeleine Angélique Poisson Gomez,12,1749,3,4,"London : printed for D. Browne, J. Brotherton, W. Meadows, R. Ware, H. Lintot, T. Cox, T. Astley, S. Austen, J. Hodges, and E. Comins, 1749.",London,253,female,1684,1770,False
0866500103_000054,"La belle assemblée: being a curious collection of some very remarkable incidents which happened to persons of the first quality in France. Interspers'd with Entertaining and Improving Observations made by them on several Passages in History, both Ancient and Modern. Written in French for the Entertainment of the King, and dedicated to him by Madam de Gomez. In four volumes. Adorn'd with copper-plates.",Madeleine Angélique Poisson Gomez,12,1736,3,4,"London : printed for J. Brotherton, J. Hazard, W. Meadows, T. Cox, W. Hinchliffe, D. Browne, W. Bickerton, T. Astley, S. Austen, L. Gilliver, R. Willock, and F. Cogan, M.DCC.XXXVI. [1736].",London,255,female,1684,1770,False
0019800200_000001,"The history of Oronooko; or, the royal slave. A novel. Containing a variety of entertaining passages. Published by Charles Gildon.",Aphra Behn,13,1770,1,1,"Doncaster : printed by C. Plummer, MDCCLXX. [1770].",Doncaster,151,female,1640,1689,True
0322000700_000013,"Mentoria: or, the young ladies instructor, in familiar conversations on moral and entertaining subjects: Calculated to improve Young Minds In the Essential, as well as Ornamental Parts of Female Education. By Ann Murry.","Murry, Ann",17,1791,1,1,"London : printed by L. Wayland, for Charles Dilly, in the Poultry, M.DCC.XCI. [1791].",London,294,female,,,False
0206700103_000083,The female Spectator. |...,Eliza Haywood,16,1748,3,4,"London : printed and published by T. Gardner, at Cowley's-Head, opposite St. Clement's Church in the Stárand, M,DCC,XLVIII. [1748].",London,334,female,1693,1756,True
1153901400_000001,"Heads of a scheme for erecting publick magazines, to relieve the necessities of the poor, and supply England with corn. By Villars Clara Pitt, fourth Sister to the Right Honourable William Pitt, Esq; Principal Secretary of State.","Pitt, Villiers Clara",20,1758,1,1,"London : sold by T. Kinnersly in St. Paul's Church-Yard; and G. Woodfall, at Charing-Cross, MDCCLVIII. [1758].",London,23,female,,,False
0364000202_000055,"Tales of the castle: or, stories of instruction and delight. Being Les veillees du chateau, written in French by Madame la Comtesse de Genlis, Author of the Theatre of Education, Adela and Theodore, &c. Translated into English by Thomas Holcroft,",Stéphanie Félicité du Crest de Saint-Aubin,11,1787,2,5,"London : printed for G. G. J. and J. Robinson, No. 25, Pater-Noster-Row, 1787.",London,265,female,1746,1830,True
0214100802_000038,The sylph; a novel. In two volumes. ...,"Georgiana Cavendish, Duchess of Devonshire",12,1779,2,2,"London : printed for T. Lowndes, No. 77, Fleet-Street, MDCCLXXIX. [1779].",London,215,female,1757,1806,False
0341001200_000043,"The female page: a genuine and entertaining history, relating to some persons of distinction. Intermix'd with A great Variety of affecting Intrigues, in Love and Gallantry. Also the remarkable Letters that pass'd between the several Persons concerned. In three parts compleat. By the ingenious Mrs. Elizabeth Boyd.",Elizabeth Boyd,15,1737,1,1,"London : printed for, and sold by Olive Payne, at Horace's Head in Round-Court, opposite York-Buildings in the Strand, MDCCXXXVII. [1737].",London,357,female,1727,1744,False
0363500102_000033,"Tales of the castle: or, stories of instruction and delight. Being Les veillees du chateau, written in French by Madame la Comtesse de Genlis, Author of the Theatre of Education, Adela and Theodore, &c. Translated into English by Thomas Holcroft,",Stéphanie Félicité du Crest de Saint-Aubin,11,1793,2,5,"London : printed for G. G. J. and J. Robinson, No. 25, Pater-Noster-Row, 1793.",London,264,female,1746,1830,True
0309800402_000011,"A residence in France, during the years 1792, 1793, 1794, and 1795; described in a series of letters from an English lady: with general and incidental remarks on the French character and manners. Prepared for the press by John Gifford, Esq. Author of the History of France, Letter to Lord Lauderdale, Letter to the Hon. T. Erskine, &c. In two volumes.",English Lady,14,1797,2,2,"London : printed for T. N. Longman, Paternoster Row, 1797.",London,493,female,,,False
1660200400_000018,"An easy introduction to the knowledge of nature, and reading the Holy scriptures; adapted to the capacities of children. To which is added an essay on female education.",Sarah Trimmer,23,1782,1,1,"Dublin : Printed for Messrs. Price, Whitestone, Sleater, Chamberlaine, Walker, Gilbert, Beatty, Burton, Parker, and Byrne, M,DCC,LXXXII. [1782].",Dublin,250,female,1741,1810,True
0313901001_000077,"A collection of entertaining histories and novels, ... By Mrs. Penelope Aubin. And now first collected in three volumes. ...",Penelope Aubin,14,1739,1,3,"London : printed for D. Midwinter, A. Bettesworth and C Hitch, J. and J. Pemberton, R. Ware, C. Rivington, A. Ward, J. and P. Knapton, T. Longman, R. Hett, S. Austen, and J. Wood, 1739.",London,312,female,1679,1731,False
1601500700_000005,"The emigrants, A poem, in two books. By Charlotte Smith, author of Elrgian Sonnets, Ethelinde, Celemstina, &c. &c.",Charlotte Turner Smith,11,1793,1,1,"Dublin : Printed for John Rice, College-Green, 1793.",Dublin,36,female,1749,1806,True
0365600503_000085,The female spectator. By Mrs. Eliza Haywood.,Eliza Haywood,20,1771,3,4,"London : printed for H. Gardner, opposite St. Clement's Church, in the Strand, M.DCC.LXXI. [1771].",London,341,female,1693,1756,True
1767000200_000056,A description of a set of prints of English history; contained in a set of easy lessons. By Mrs. Trimmer. In two parts. ...,Sarah Trimmer,22,1792,1,1,"London : printed by John Marshall, at No. 4, Aldermary Church-Yard, Bow-Lane, and No. 17, Queen-Street, Cheapside, [1792]",London,507,female,1741,1810,False
0390200600_000005,"A journey made in the summer of 1794, through Holland and the western frontier of Germany, with a Return down the Rhine: to which are added, observations during a tour to the lakes of Lancashire, Westmoreland, and Cumberland. By Ann Radcliffe.",Ann Radcliffe,16,1795,1,1,"Dublin : printed by William Porter, for P. Wogan, P. Byrne, H. Colbert, W. Porter, W. Jones, J. Rice, H. Fitzpatrick, and G. Folingsby. 1795.",Dublin,512,female,1764,1823,True
0311001400_000031,"The life and adventures of the young Count Albertus, the son of Count Lewis Augustus, by the Lady Lucy: who being become a widower, turn'd monk, and went a missionary for China, but was Shipwreck'd on the Coast of Barbary. Where he met with many strange Adventures, and return'd to Spain with some Persons of Quality, who by his Means made their Escape from Africa. After which he went a Missionary again to China, where he arriv'd, and ended his Life a Martyr for the Christian Faith. By Mrs. Aubin.",Penelope Aubin,17,1728,1,1,"London : printed for J. Darby, A. Bettesworth, F. Fayram, J. Osborn and T. Longman, J. Pemberton, C. Rivington, J. Hooke, F. Clay, J. Batley, and E. Symon. M.DCC.XXVIII. [1728].",London,168,female,1679,1731,False
0532500800_000001,"Britannus and Africus; or, an attempt to instruct the untutored mind in the principles of Christianity; in a course of conversations, Supposed to Take Place Between the Companion of a Missionary, and a Native of Africa. By the author of ""sacred history, in familiar dialogues, &c."" Published for the Benefit of a Society for Propagating the Gospel among the Heathen.","Neale, Hannah",22,1797,1,1,"London : sold by T. Gardiner, No. 19, Prince's Street, Cavendish-Square; T. Chapman, No. 151, Fleet-Street; J. Mathews, Strand; W. Button, Paternoster-Row; J. Martin, jun. No. 27, Great Russell-Street, Bloomsbury; and T. Knott, No. 47, Lombard-Street, 1797.",London,83,female,,,False
0438801303_000036,The history of Ned Evans. Second edition. In four volumes. ...,"Hervey, Elizabeth",14,1797,3,4,"London : printed for G. G. and J. Robinson, Paternoster-Row, M.DCC.XCVII. [1797].",London,219,female,1748,1820,False
0670801200_000007,"A selection from the Annals of virtue, of Madame Sillery: containing the Most Important and Interesting Anecdotes from the histories of Spain, Portugal, China, Japan, and America: With some Account of the Manners, Customs, Arts and Sciences of France. Translated from the French by Elizabeth Mary James.",Stéphanie Félicité du Crest de Saint-Aubin,16,1794,1,1,"Bath : printed by S. Hazard, for the author; and sold by Hookham and Co. New-Bond-Street, Richardson, Royal Exchange, London; S. Hazard, of Bath, and by all other booksellers, M.DCC.XCIV. [1794].",Bath,270,female,1746,1830,True
0313901003_000070,"A collection of entertaining histories and novels, ... By Mrs. Penelope Aubin. And now first collected in three volumes. ...",Penelope Aubin,19,1739,3,3,"London : printed for D. Midwinter, A. Bettesworth and C Hitch, J. and J. Pemberton, R. Ware, C. Rivington, A. Ward, J. and P. Knapton, T. Longman, R. Hett, S. Austen, and J. Wood, 1739.",London,320,female,1679,1731,False
0098901402_000020,The letters of a solitary wanderer: containing narratives of various description. By Charlotte Smith. ...,Charlotte Turner Smith,9,1800,2,3,"London : printed by and for Sampson Low, Berwick Street, Soho, 1800.",London,318,female,1749,1806,True
0149400200_000006,"Ancient Rome and modern Britain compared. A dialogue, in Westminster Abbey, between Horace and Mr. Pope. A poem, by D. M. Esq.",Marianna Candidi Dionigi,11,1793,1,1,"London : printed for the author, and sold by G. Nicol, Pall-Mall, 1793.",London,34,female,1756,1826,False
0783800400_000084,"Friendship in death: in twenty letters from the dead to the living. To which are added, letters moral and entertaning [sic], in prose and verse. In three parts. By Mrs. Elizabeth Rowe. To which is prefixed, an account of the life of the author.",Elizabeth Rowe,18,1793,1,1,"London : printed for T. Longman, B. Law, G. G. and J. Robinson, T. Cadell, J. Johnson, [and 6 others in London], 1793.",London,370,female,1674,1737,True
0008400300_000589,"The ladies history of England; from the descent of Julius Cæsar, to the summer of 1780. Calculated for the use of the ladies of Great-Britain and Ireland; and likewise adapted to general use, entertainment, and instruction. By Charlotte Cowley.","Cowley, Charlotte",20,1780,1,1,"London : printed for the proprietors; and sold by S. Bladon, No. 13, in Pater-Noster-Row, MDCCLXXX. [1780][-81].",London,774,female,,,False
0063001100_000046,"Botanical dialogues, between Hortensia and her four children, Charles, Harriet, Juliette and Henry. Designed for the use of schools, by a lady.","Jackson, Maria Elizabeth",12,1797,1,1,"London : printed for J. Johnson, in St. Paul's Church-Yard, 1797.",London,404,female,,,False
0940700803_000047,"The old manor house. A novel, in four volumes. By Charlotte Smith.",Charlotte Turner Smith,9,1793,3,4,"London : printed for J. Bell, 1793.",London,340,female,1749,1806,True
0217701400_000020,A vindication of the rights of woman: with strictures on political and moral subjects. By Mary Wollstonecraft.,Mary Wollstonecraft,18,1793,1,1,"Dublin : printed by J. Stockdale, for James Moore, No. 45, College-Green, 1793.",Dublin,269,female,1759,1797,True
0737000202_000022,"Slavery: or, the times. In two volumes. By the author of Monmouth, The Danish massacre, &c. ...","Mackenzie, Anna Maria",7,1792,2,2,"London : printed for G. G. J. and J. Robinsons; and J. Dennis, 1792.",London,239,female,,,False
0735600600_000004,"Reasons why the people called Quakers cannot so fully unite with the Methodists, in their missions to the negroes in the West India Islands and Africa, as Freely to Contribute Thereto; with a Few Queries consonant therewith. By Catharine Phillips.","Phillips, Catharine",10,1792,1,1,"London : printed by James Phillips, George Yard, Lombard Street, 1792.",London,21,female,1727,1794,False
0035201100_000005,"Letters and essays, moral, and miscellaneous. By Mary Hays.",Mary Hays,17,1793,1,1,"London : printed for T. Knott, No. 47, Lombard-Street, MDCCXCIII. [1793].",London,271,female,1759,1843,True
0273100301_000026,"Mental improvement: or the beauties and wonders of nature and art, Conveyed in a Series of Instructive Conversations. By Priscilla Wakefield, Author of Leisure Hours. ...",Priscilla Wakefield,10,1794,1,2,"London : printed and sold by Darton and Harvey, No. 55, Gracechurch-Street, M.DCC.XCIV. [1794].",London,210,female,1751,1832,False
0110200301_000020,"Eliza Beaumont and Harriet Osborne: or, the child of doubt. Written by Indiana Brooks. In two volumes. ...","Brooks, Indiana",18,1789,1,2,"London : printed for G. G. J. and J. Robinson, Pater Noster-Row, MDCCLXXXIX. [1789].",London,252,female,,,False
0311301001_000035,"All the histories and novels written by the late ingenious Mrs. Behn, intire in two volumes. Published by Mr. Charles Gildon.",Aphra Behn,16,1735,1,2,"London : printed for W. Feales, at Rowe's Head, against St. Clement's Church in the Strand; R. Wellington, at the Dolphin and Crown, without Temple-Bar; J. Brindley, at the King's Arms in New Bond-Street; C. Corbett, at Addison's Head, against St. Dunstan's Church in Fleet-Street; A. Bettesworth, and F. Clay, in trust for B. Wellington, M.DCC.XXXV. [1735].",London,337,female,1640,1689,True
0850400900_000016,"Letters written in France, in the summer 1790, to a friend in England: containing various anecdotes relative to the French revolution; and memoirs of Mons. and Madame du F----. By Helen Maria Williams.",Helen Maria Williams,19,1792,1,1,"London : printed for T. Cadell, In The Strand, M,DCC,XCII. [1792].",London,221,female,1762,1827,True
0934100102_000081,"The miscellaneous works, in prose and verse, of Mrs. Elizabeth Rowe: Published by her Order, By Mr. Theophilus Rowe. To which are added, Poems on Several Occasions, By Mr. Thomas Rowe. And to the Whole is prefixed, An Account of the Lives and Writings of the Authors. In two volumes.",Elizabeth Rowe,12,1749,2,2,"London : printed for Henry Lintot, MDCCXLIX. [1749].",London,346,female,1674,1737,True
0866500102_000103,"La belle assemblée: being a curious collection of some very remarkable incidents which happened to persons of the first quality in France. Interspers'd with Entertaining and Improving Observations made by them on several Passages in History, both Ancient and Modern. Written in French for the Entertainment of the King, and dedicated to him by Madam de Gomez. In four volumes. Adorn'd with copper-plates.",Madeleine Angélique Poisson Gomez,18,1736,2,4,"London : printed for J. Brotherton, J. Hazard, W. Meadows, T. Cox, W. Hinchliffe, D. Browne, W. Bickerton, T. Astley, S. Austen, L. Gilliver, R. Willock, and F. Cogan, M.DCC.XXXVI. [1736].",London,325,female,1684,1770,False
1401700300_000002,"Two voyages to Sierra Leone, during the years 1791-2-3, in a series of letters, By Anna Maria Falconbridge. To which is added, a letter from the author, to Henry Thornton, Esq. M.P. and chairman of the Court of Directors of the Sierra Leone Company.","Falconbridge, A. M. (Anna Maria)",16,1794,1,1,"London : Printed for the author, and sold by different booksellers throughout the Kingdom, 1794.",London,291,female,,,False
0313901002_000089,"A collection of entertaining histories and novels, ... By Mrs. Penelope Aubin. And now first collected in three volumes. ...",Penelope Aubin,19,1739,2,3,"London : printed for D. Midwinter, A. Bettesworth and C Hitch, J. and J. Pemberton, R. Ware, C. Rivington, A. Ward, J. and P. Knapton, T. Longman, R. Hett, S. Austen, and J. Wood, 1739.",London,308,female,1679,1731,False
0127900602_000024,"Munster village, a novel. In two volumes. ...",Mary Walker,18,1779,2,2,"Dublin : printed by Peter Hoey, (no. 1.) Skinner-Row, M,DCC,LXXIX. [1779].",Dublin,156,female,1736,,False
0610300202_000039,"The life of Petrarch. Collected from Memoires pour la vie de Petrarch. By Mrs. Dobson. Third edition, embellished with eight copper-plates, ... In two volumes. ...","Dobson, Mrs. (Susannah)",13,1797,2,2,"London : printed, by T. Bensley, for the Associated Booksellers, Vernon and Hood; J. Cuthell; J. Walker; Ogilvy and Son; Lackington, Allen, and Co. and J. Nunn, 1797.",London,415,female,,,False
0028800700_000013,"English nights entertainments. The history of Oroonoko; or, the royal slave. Written originally by Mrs. Behn, and revised by Mrs. Griffiths.",Aphra Behn,16,1800,1,1,"London : printed by T. Maiden, Sherbourne Lane, for Ann Lemoine, White-Rose Court, Coleman-Street, and sold by T. Hurst, Paternoster-Row, [1800].",London,48,female,1640,1689,True
0426701700_000049,"Slavery: or, the times. By the author of Monmouth, The Danish massacre, &c.","Mackenzie, Anna Maria",9,1793,1,1,"Dublin : printed for Messrs. P. Wogan, P. Byrne, J. Moore, W. Jones, and J. Rice, 1793.",Dublin,308,female,,,False
0013000102_000006,Memoirs of modern philosophers. In three volumes. ...,Elizabeth Hamilton,10,1800,2,3,"Bath : printed by R. Cruttwell, for G. G. and J. Robinson, Pater-Noster-Row, London, 1800.",Bath,403,female,1758,1816,False
1619700400_000002,"Royal novels: or, A new collection of enter taining histories and tragical stories. By Mrs. Behn and others. Containing, I. Oroonoko or the Royal slave. II. Elizabeth and the Earl of essex. III. The history of Prince Alasnam.",Aphra Behn,8,1791,1,1,"Dublin : Printed and sold by R. Jackson, Me[at]h street, 1791.",Dublin,181,female,1640,1689,True
0986000400_000061,"The instructor: or, American young man's best companion. Containing, spelling, reading, writing, and arithmetick, in an easier way than any yet published; and how to qualify any person for business, without the help of a master. Instructions to write variety of hands ... How to write letters on business or friendship. Forms of deeds ... releases, &c. Also, merchants accounts, and a short and easy method of shop and book-keeping ... Together with a method of measuring carpenters ... and painters work ... Likewise, the practical gauger, made easy ... and some genera observations for gardening every month in the year. To which is added, the family's best companion ... And a compendium of the sciences of geography and astronomy ... Also, several very useful tables. By George Fisher, accomptant.",Anne Fisher,22,1785,1,1,"Printed at Worcester, Massachusetts : by Isaiah Thomas, for I. Thomas, in Worcester; J. Boyle, E. Battelle, W. Green, B. Larkin, and J. Condy, in Boston, MDCCLXXXV. [1785] (Price bound 6s).",Boston|Worcester.,392,female,1719,1778,False
1240500300_000043,"The works of Mrs. Chapone, containing letters on the improvement of the mind, addressed to a young lady: and Miscellanies in prose and verse. In two volumes. ...",Hester Chapone,18,1786,1,1,"Dublin : printed by Brett Smith, for W. Colles, No. 17, Dame-Street, MDCCLXXXVI. [1786].",Dublin,255,female,1727,1801,True
1517600500_000019,"Queen Anne's reasons for her conduct, both with respect to the war and peace: And Her Majesty's characters of King William III. and His Majesty K. George the French King and the pretender. Publish'd for the use of the late Ministery.",Anne of Great Britain,13,1715,1,1,"London : Printed for J. Roberts in Warwick-Lane, 1715.",London,57,female,1665,1714,False
0311501000_000013,"Mentoria: or, the young ladies instructor, in familiar conversations on moral and entertaining subjects: Calculated to improve Young Minds In the Essential, as well as Ornamental Parts of Female Education. By Ann Murry.","Murry, Ann",16,1785,1,1,"London : printed by Frys and Couchman, for Charles Dilly, in the Poultry, M.DCC.LXXXV. [1785].",London,292,female,,,False
0314001200_000013,"Mentoria: or, the young ladies instructor, in familiar conversations on moral and entertaining subjects: Calculated to improve Young Minds In the Essential, as well as Ornamental Parts of Female Education. By Ann Murry.","Murry, Ann",15,1787,1,1,"London : printed by Fry and Couchman, for Charles Dilly, in the Poultry, M.DCC.LXXXVII. [1787].",London,297,female,,,False
1622600102_000025,"Tales of the castle: Or, Stories of instruction and delight being Les veilles du Chateau, written in French by Madame la Comtesse de Genlis, author of the Theatre of education, Adela and Theodore, &c. Translated into English by Thomas Holcroft.",Stéphanie Félicité du Crest de Saint-Aubin,9,1789,2,4,"Dublin : Printed for Messrs. Moncrieffe, Walker, White, Byrne, and Parker, MDCCLXXXIX. [1789].",Dublin,298,female,1746,1830,True
0026400600_000015,"Britain's golden mines discover'd: or, the fishery trade considered, Under these Three Heads, I. What Benefit Britain may reap by it. II. Which is the most probable Way of recovering it. III. The Three great Fishing Trades, viz. That upon our own Coasts, That upon our own Coasts, That upon the Coasts of Greenland, and that upon the Coasts of Newfoundland, particularly examined. In a letter from Sally Fisher, at Paris, to Mally Loverus, at London.","Fisher, Sally",28,1720,1,1,"London : printed for J. Morphew near Stationers-Hall, 1720.",London,99,female,,,False
1531305100_000016,"Letters written in France in the summer 1790, to a friend in England; Containing, various anecdotes relative to the French revolution; and memoirs of Mons. and Madame du F-, By Helen Maria Williams.",Helen Maria Williams,18,1791,1,1,"London : Printed for T. Cadell, in the Strand, M.DCC.XCI. [1791].",London,226,female,1762,1827,True
0236000404_000020,"Letters from France: containing a great variety of interesting and original information concerning the most important events that have lately occurred in that country, and particularly respecting the campaign of 1792. ...",Helen Maria Williams,22,1793,4,4,"London : printed for G. G. and J. Robinson, Paternoster-Row, M.DCC.XCIII. [1793].",London,272,female,1762,1827,True
0113000101_000040,"All the histories and novels written by the late ingenious Mrs. Behn, intire in two volumes. Published by Mr. Charles Gildon.",Aphra Behn,11,1722,1,2,"London : printed by J.D. for M.P. and sold by A. Bettesworth, and F. Clay, 1722.",London,337,female,1640,1689,True
0026400600_000016,"Britain's golden mines discover'd: or, the fishery trade considered, Under these Three Heads, I. What Benefit Britain may reap by it. II. Which is the most probable Way of recovering it. III. The Three great Fishing Trades, viz. That upon our own Coasts, That upon our own Coasts, That upon the Coasts of Greenland, and that upon the Coasts of Newfoundland, particularly examined. In a letter from Sally Fisher, at Paris, to Mally Loverus, at London.","Fisher, Sally",52,1720,1,1,"London : printed for J. Morphew near Stationers-Hall, 1720.",London,99,female,,,False
0005000100_000032,"The noble slaves: or, the lives and adventures of two lords and two ladies, who were shipwreck'd ... By Mrs. Aubin.",Penelope Aubin,11,1722,1,1,"London : printed for E. Bell, J. Darby, A. Bettesworth, F. Fayram, J. Pemberton [and 5 others in London], 1722.",London,213,female,1679,1731,False
0148400300_000071,"The life of Charlotta Du Pont, an English lady; taken from her own memoirs. Giving an account how she was trepan'd by her stepmother to Virginia, how the Ship was taken by some Madagasear Pirates, and retaken by a Spanish Man of War. Of her Marriage in the Spanish West-Indies, and Adventures whilst she resided there, with her return to England. And the History of several Gentlemen and Ladys whom she met withal in her Travels; some of whom had been Slaves in Barbary, and others cast on Shore by Shipwreck on the barbarous Coasts up the great River Oroonoko: with their Escape thence, and safe Return to France and Spain. A History that contains the greatest Variety of Events that ever was publish'd. By Mrs. Aubin.",Penelope Aubin,18,1723,1,1,"London : printed for A. Bettesworth at the Red Lion in Pater-Noster-Row, M.DCC.XXIII. [1723].",London,287,female,1679,1731,False
1263100202_000056,"The knights of the Swan, or, the court of Charlemagne: a romance, written by the Countess of Genlis, in continuation of The tales of the castle. In two volumes. ...",Stéphanie Félicité du Crest de Saint-Aubin,16,1796,2,2,"Edinburgh : printed for Bell & Bradfute; and for Vernor and Hood, London, 1796.",Edinburgh,384,female,1746,1830,True
0357300803_000027,"Lessons of a governess to her pupils: or, journal of the method adopted by Madame de Sillery-Brulart (formerly Countess de Genlis) in the education of the children of M. D'Orleans First Prince of the Blood-Royal. Published by herself. Translated from the French.",Stéphanie Félicité du Crest de Saint-Aubin,8,1792,3,3,"London : printed for G.G.J. and J. Robinson, Paternoster-Row, M.DCC.XCII. [1792].",London,313,female,1746,1830,True
0614301202_000017,"An appeal to impartial posterity, by Madame Roland, wife of the Minister of the Interior; or, a collection of tracts written by her during her confinement in the prisons of the Abbey, and St. Pélagie, In Paris. In Four Parts. Translated from the French Original, Published for the Benefit of her only Daughter, deprived of the Fortune of her Parents by Scquestration.",Manon Roland,10,1796,2,2,"London : printed for J. Johnson, ST. Paul's Church-Yard, 1796.",London,438,female,1754,1793,False
0751200201_000028,"British synonymy; or, an attempt at regulating the choice of words in familiar conversation. Inscribed, With Sentiments of Gratitude and Respect, to such of her Foreign Friends as have made English Literature their peculiar Study, By Hester Lynch Piozzi. In Two Volumes. ...",Hester Thrale,17,1794,1,2,"London : printed for G. G. and J. Robinson, Paternoster-Row, MDCCXCIV. [1794].",London,436,female,1741,1821,True
0017000302_000010,"The stage-Coach. Containing the character of Mr. Manly, and the history of his fellow-travellers. ...","Smythies, Miss",12,1789,2,2,"Berwick : printed by W. Phorson, MDCCLXXXIX. [1789].",Berwick-upon-Tweed,227,female,1753,1759,False
1322500100_000057,"The stage-coach: containing the character of Mr. Manly, and the history of his fellow travellers.","Smythies, Miss",6,1762,1,1,"Dublin : Printed by Henry Saunders in Castle-street, near the Castle Gate, MDCCLXII. [1762].",Dublin,287,female,1753,1759,False
0138900400_000024,"Geography and history. Selected by a lady, for the use of her own children.",Lady,19,1797,1,1,"London : printed for B. Law, No. 5, Stationers-Court; and C. Law, No. 13, Ave-Mary Lane, Ludgate Street, MDCCXCVII. [1797].",London,404,female,,,False
1597100300_000001,"Epistle to William Wilberforce, Esq. On the rejection of the bill for abolishing the slave trade. By Anna Letitia Barbauld.",Anna Laetitia Barbauld,8,1791,1,1,"London : Printed for J. Johnson, No 72, St. Paul's Church-Yard, M.DCC.XCI. [1791].",London,13,female,1743,1825,True
0866500104_000053,"La belle assemblée: being a curious collection of some very remarkable incidents which happened to persons of the first quality in France. Interspers'd with Entertaining and Improving Observations made by them on several Passages in History, both Ancient and Modern. Written in French for the Entertainment of the King, and dedicated to him by Madam de Gomez. In four volumes. Adorn'd with copper-plates.",Madeleine Angélique Poisson Gomez,15,1736,4,4,"London : printed for J. Brotherton, J. Hazard, W. Meadows, T. Cox, W. Hinchliffe, D. Browne, W. Bickerton, T. Astley, S. Austen, L. Gilliver, R. Willock, and F. Cogan, M.DCC.XXXVI. [1736].",London,339,female,1684,1770,False
0737000201_000003,"Slavery: or, the times. In two volumes. By the author of Monmouth, The Danish massacre, &c. ...","Mackenzie, Anna Maria",9,1792,1,2,"London : printed for G. G. J. and J. Robinsons; and J. Dennis, 1792.",London,222,female,,,False
0229600701_000059,"La belle assemblée: or, the adventures of twelve days. Being a curious collection of remarkable incidents which happen'd to some of the first quality in France. Written in French for the entertainment of the King, and dedicated to him, By Madam de Gomez. In two volumes.",Madeleine Angélique Poisson Gomez,19,1740,1,3,"Dublin : printed by M. Rhames. For R. Gunne, in Caple-Street, G. Risk, G. Ewing, W. Smith, and T. Moore, Bookseller, in Dame Street, MDCCXL. [1740].",Dublin,285,female,1684,1770,False
1401700300_000052,"Two voyages to Sierra Leone, during the years 1791-2-3, in a series of letters, By Anna Maria Falconbridge. To which is added, a letter from the author, to Henry Thornton, Esq. M.P. and chairman of the Court of Directors of the Sierra Leone Company.","Falconbridge, A. M. (Anna Maria)",21,1794,1,1,"London : Printed for the author, and sold by different booksellers throughout the Kingdom, 1794.",London,291,female,,,False
0426701700_000003,"Slavery: or, the times. By the author of Monmouth, The Danish massacre, &c.","Mackenzie, Anna Maria",9,1793,1,1,"Dublin : printed for Messrs. P. Wogan, P. Byrne, J. Moore, W. Jones, and J. Rice, 1793.",Dublin,308,female,,,False
0229600804_000118,"La belle assemblée: being a curious collection of some very remarkable incidents which happen'd to persons of the first quality in France. Interspersed with entertaining and improving observations made by them on several Passages in History, both Ancient and Modern. Written in French for the Entertainment of the King, and dedicated to him, by Madam de Gomez. Adorn'd with copper-plates. Vol.IV.",Madeleine Angélique Poisson Gomez,11,1734,4,4,"Dublin : printed by A. Rhames, for R. Gunne in Capel-Street, and G. Ewing and T. Moore, Book-Sellers in Dame-Street, 1734.",Dublin,335,female,1684,1770,False
0984700100_000048,"Geography and history. Selected by a lady, for the use of her own children.",Lady,23,1794,1,1,"Southampton : printed and sold by T. Baker. For B. Law, Ave-Maria-Lane, Ludgate-Street. [London], MDCCXCIV. [1794].",Southampton,400,female,,,False
1401700300_000049,"Two voyages to Sierra Leone, during the years 1791-2-3, in a series of letters, By Anna Maria Falconbridge. To which is added, a letter from the author, to Henry Thornton, Esq. M.P. and chairman of the Court of Directors of the Sierra Leone Company.","Falconbridge, A. M. (Anna Maria)",16,1794,1,1,"London : Printed for the author, and sold by different booksellers throughout the Kingdom, 1794.",London,291,female,,,False
0786900400_000078,"Friendship in death: in twenty letters from the dead to the living. To which are added, letters moral and entertaining, in prose and verse. In three parts. By Mrs Elisabeth Rowe.",Elizabeth Rowe,9,1772,1,1,"Edinburgh : [s.n.], Printed in the Year MDCCLXXII. [1772].",Edinburgh,326,female,1674,1737,True
0578801600_000001,The pittiad: A satire. By Doll Common.,"Common, Doll",14,1759,1,1,"London : printed for R. Mariner, near the New Church in the Strand, MDCCLIX. [1759].",London,16,female,,,False
0106200902_000073,The works of Mrs Elizabeth Rowe: in four volumes. ... . Containing Letters from the Dead to the Living. In Twenty Letters. Letters Moral & Entertaining Parts First & Second.,Elizabeth Rowe,14,1796,2,4,"London : printed for John & Arthur Arch, Grace-Church Street, & for Silvester Doig, Edinburgh, 1796.",London,322,female,1674,1737,True
1411700100_000120,"Acts and laws, of His Majesty's colony of Rhode-Island, and Providence-Plantations, in New-England, in America.","Franklin, Ann",9,1745,1,1,"Newport, Rhode-Island : Printed by the Widow Franklin, and to be sold at the town school-house, M,DCC,XLV. [1745].",Newport,338,female,1695,1763,False
0681701600_000002,"A day in Turkey; or, the Russian slaves. A comedy, as acted at the Theatre Royal, in Covent Garden. By Mrs. Cowley.",Hannah Cowley,13,1792,1,1,"London : printed for G. G. J. and J. Robinson, in Pater-Noster-Row, MDCCXCII. [1792].",London,95,female,1743,1809,True
0272901302_000039,"The Count de Hoensdern; a German tale. By the author of Constance, The Pharos, Argus, &. &. In two volumes. ...","Mathews, Charles, Mrs",7,1793,2,2,"Dublin : printed for Messrs. P. Wogan, P. Byrne, J. Parker W. Jones, and J. Rice, 1793.",Dublin,254,female,,,False
1211601102_000027,"The south Sea fortune, or the chaplain advanced to the saddle. Containing the genuine private memoirs of a worthy family in Gloucestershire, fro the fatal year 1720, to the year 1748. Written by Mrs. Richwould, one of the most interested parties. Vol. I.","Richwould, Mrs",9,1758,2,2,"London : printed for J. Wren, at the Bible and Crown, opposite the New Exchange Buildings, in the Strand, M.DCC.LVIII. [1758].",London,292,female,,,False
0032700401_000002,"Translation of the letters of a Hindoo Rajah; written previous to, and during the period of his residence in England. To which is prefixed a preliminary dissertation on the history, religion, and manners, of the Hindoos. In two volumes. By Eliza Hamilton, ...",Elizabeth Hamilton,10,1796,1,2,"London : printed for G.G. and J. Robinson, No. 25, Paternoster Row, 1796.",London,341,female,1758,1816,False
0009300402_000031,"Letters from Lord Rivers to Sir Charles Cardigan, and to other English correspondents, while he resided in France. Translated from the original French of Madame Riccoboni, by Percival Stockdale. In two volumes. ...",Marie Jeanne Riccoboni,9,1778,2,2,"London : printed for T. Becket, 1778.",London,241,female,1713,1792,False
1613702500_000002,"Two voyages to Sierra Leone, during the years 1791-2-3, in a series of letters, By Anna Maria Falconbridge.To which is added, a letter from the author, to Henry Thornton, Esq. M.P. and chairman of the Court of Directors of the Sierra Leone Company.","Falconbridge, A. M. (Anna Maria)",15,1794,1,1,"London : Printed for the author, and sold by different booksellers throughout the kingdom, 1794.",London,291,female,,,False
0885600600_000043,"Letters on the improvement of the mind, addressed to a young lady. By Mrs. Chapone.",Hester Chapone,21,1777,1,1,"London : printed for J. Walter, at Homer's Head, Charing-Cross; and E. and C. Dilly, in the Poultry, MDCCLXXVII. [1777].",London,248,female,1727,1801,True
0984900200_000046,"Geography and history. Selected by a lady, for the use of her own children.",Lady,20,1790,1,1,"London : printed for B. Law, No. 13, Ave-Maria Lane, Ludgate Street, MDCCXC. [1790].",London,377,female,,,False
0614500800_000078,"Friendship in death: in twenty letters from the dead to the living. To which are added, letters moral and entertaining. In prose and verse. In three parts. By Mrs. Elizabeth Rowe.",Elizabeth Rowe,19,1738,1,1,"London : printed for T. Worrall, at the Judge's Head, over-against Richard's Coffee-House, near Temple-Bar, in Fleet-Street ; and sold by S. Birt, in Ave-Mary-Lane ; and S. Harding, in St. Martin's-Lane, 1738.",London,493,female,1674,1737,True
0447900100_000073,"Friendship in death: in twenty letters from the dead to the living. To which are added, letters moral and entertaining, in prose and verse. In three parts. By the same author. The celebrated Dr. Watt's, in his Preface to his last Book, entitled, Reliquiae Juveniles, &c. expresses his Approbation of these Letters, in the following Words, viz. Could I imitate (says the Doctor), those admirable Representations of Human Nature, and Passion, which that ingenious Pen has given us, who wrote the last Volumes of Friendship in Death, and Letters Moral and Entertaining, I might then hope for happier Success in my Endeavours in providing Innocent and Improving Diversions for Polite Youth.",Elizabeth Rowe,19,1736,1,1,"London : printed for T. Worrall, at the Judge's Head, over-against St. Dunstan's Church in Fleet-Street, MDCCXXXVI. [1736].",London,481,female,1674,1737,True
1538100500_000015,"The noble slaves: Or, The lives and adventures of two lords and two ladies, who were shipwreck'd and cast upon a desolate Island near the East-Indies, in the year, 1710. The manner of their living there: the surprizing discoveries they made, and strange deliverance thence. How in their return to Europe they were taken by two algerine pirates near the straits of Gibraltar. Of the slavery they endured in Barbary; and of their meeting there with several persons of quality, who were likewise slaves. Of their escaping thence and safe arrival in their respective countries, Venice, Spain, and France, in the year 1718. With many extraordinary accidents that befel some of them afterwards. Being a history full of most remarkable events. By Mrs. Aubin.",Penelope Aubin,13,1736,1,1,"Dublin : Printed by R. Reilly, on Cork-Hill, for James Dalton, bookseller, at the Corner of Bride's-Alley in Patrick-street, M,DCC,XXXVI. [1736].",Dublin,132,female,1679,1731,False
0008400300_000735,"The ladies history of England; from the descent of Julius Cæsar, to the summer of 1780. Calculated for the use of the ladies of Great-Britain and Ireland; and likewise adapted to general use, entertainment, and instruction. By Charlotte Cowley.","Cowley, Charlotte",24,1780,1,1,"London : printed for the proprietors; and sold by S. Bladon, No. 13, in Pater-Noster-Row, MDCCLXXX. [1780][-81].",London,774,female,,,False
1014300600_000048,"The beauties of Genlis; being a select collection of the most beautiful tales and other striking extracts, from Adela and Theodore; The tales of the castle; The Theatre of Education and Sacred Dramas. Written by the Countess of Genlis.",Stéphanie Félicité du Crest de Saint-Aubin,16,1791,1,1,"Dublin : printed by Bernard Dornin, No. 35, College-Green, M.DCC.XCI. [1791].",Dublin,356,female,1746,1830,True
0168800402_000007,"A tour in Switzerland; or, a view of the present state of the governments and manners of those cantons: with comparative sketches of the present state of Paris. By Helen Maria Williams. ...",Helen Maria Williams,13,1798,2,2,"London : printed for G. G. and J. Robinson, Paternoster-Row, M,DCC,XCVIII. [1798].",London,359,female,1762,1827,True
0984700100_000036,"Geography and history. Selected by a lady, for the use of her own children.",Lady,17,1794,1,1,"Southampton : printed and sold by T. Baker. For B. Law, Ave-Maria-Lane, Ludgate-Street. [London], MDCCXCIV. [1794].",Southampton,400,female,,,False
0364000202_000032,"Tales of the castle: or, stories of instruction and delight. Being Les veillees du chateau, written in French by Madame la Comtesse de Genlis, Author of the Theatre of Education, Adela and Theodore, &c. Translated into English by Thomas Holcroft,",Stéphanie Félicité du Crest de Saint-Aubin,10,1787,2,5,"London : printed for G. G. J. and J. Robinson, No. 25, Pater-Noster-Row, 1787.",London,265,female,1746,1830,True
0144100201_000003,The history of England from the accession of Iames I to the elevation of the House of Hanover. By Catharine Macaulay. Edit. III. ...,Catharine Macaulay,22,1769,1,5,"London : printed for Edward and Charles Dilly in the Poultry, MDCCLXIX. [1769]-72.",London,446,female,1731,1791,True
0158202600_000002,Appeal to the men of Great Britain in behalf of women.,Mary Hays,13,1798,1,1,"[London] : Printed for J. Johnson; and J. Bell, 1798.",London,305,female,1759,1843,True
1253800101_000086,"The Family magazine; or, a Repository of religious instruction, and rational amusement. ... By Mrs. Trimmer.",Sarah Trimmer,10,1788,1,18,"London [England] : printed by and for J[ohn]. Marshall and Co. Aldermary Church Yard, in Bow Lane, [1788-1789].",London,464,female,1741,1810,True
0226500103_000043,"The rector's son, in three volumes; by Anne Plumptre, Author of Antoinette. ...",Anne Plumptre,15,1798,3,3,"London : printed for Lee and Hurst, No. 32, Pater-Noster Row, 1798.",London,290,female,1760,1818,False
0023300204_000005,"The royal captives: a fragment of secret history. Copied from an old manuscript, by Ann Yearsley. ...",Ann Yearsley,13,1795,4,4,"London : printed for G. G. and J. Robinson, Pater-Noster Row, MDCCXCV. [1795].",London,317,female,1756,1806,True
1385300402_000011,"A tour in Switzerland; or A view of the present state of the governments and manners of these cantons: With comparative sketches of the present state of Paris. To which is annexed, a map of that country not in the London edition. By Helen Maria Williams.",Helen Maria Williams,18,1798,2,2,"Dublin : Printed for P. Eyrne, No. 108, ... Street, 1798.",Dublin,245,female,1762,1827,True
0306200104_000124,"La belle assemblée: being a curious collection of some very remarkable incidents which happen'd to persons of the first quality in France. Interspers'd With Entertaining and Improving Observations made by them on several Passages in History, both Ancient and Modern. Written in French for the Entertainment of the King, and dedicated to him By Madam De Gomez. In four volumes. Adorn'd with Copper-Plates.",Madeleine Angélique Poisson Gomez,10,1749,4,4,"London : printed for D. Browne, J. Brotherton, W. Meadows, R. Ware, H. Lintot, T. Cox, T. Astley, S. Austen, J. Hodges, and E. Comins, 1749.",London,341,female,1684,1770,False
0016000602_000004,Letters written from Lausanne. Translated from the French. ...,Isabelle de Charrière,11,1799,2,2,"Bath : printed by R. Cruttwell; and sold by C. Dilly, Poultry, London, 1799.",Bath,218,female,1740,1805,False
0144600105_000027,The history of England from the accession of James I. to that of the Brunswick line. ... By Catherine Macaulay.,Catharine Macaulay,23,1763,5,8,"London : printed for J. Nourse; R. and J. Dodsley; and W. Johnston, 1763-83.",London,457,female,1731,1791,True
0478600300_000002,"The Thymbriad, (from Xenophon's Cyropodia [sic].) By Lady Burrell.",Sophia Burrell,11,1794,1,1,"London : sold by Leigh and Sotheby; T. Payne; and J. Robson, 1794.",London,156,female,1750,1802,False
0008400300_000396,"The ladies history of England; from the descent of Julius Cæsar, to the summer of 1780. Calculated for the use of the ladies of Great-Britain and Ireland; and likewise adapted to general use, entertainment, and instruction. By Charlotte Cowley.","Cowley, Charlotte",22,1780,1,1,"London : printed for the proprietors; and sold by S. Bladon, No. 13, in Pater-Noster-Row, MDCCLXXX. [1780][-81].",London,774,female,,,False
1168400204_000006,The female Spectator. ...,Eliza Haywood,15,1750,4,4,"London : printed and published by T. Gardner, 1750.",London,323,female,1693,1756,True
0220601600_000017,The history of Nourjahad. By the editor of Sidney Bidulph.,Frances Sheridan,12,1767,1,1,"London : printed for J. Dodsley in Pall-Mall, MDCCLXVII. [1767].",London,242,female,1724,1766,True
0363500102_000055,"Tales of the castle: or, stories of instruction and delight. Being Les veillees du chateau, written in French by Madame la Comtesse de Genlis, Author of the Theatre of Education, Adela and Theodore, &c. Translated into English by Thomas Holcroft,",Stéphanie Félicité du Crest de Saint-Aubin,9,1793,2,5,"London : printed for G. G. J. and J. Robinson, No. 25, Pater-Noster-Row, 1793.",London,264,female,1746,1830,True
0069600100_000009,"Replies for Mrs Stewart-Nicolson, to the answers of Mr Stewart-Nicolson.","Nicolson, Margaret Stewart",14,1770,1,1,"[Edinburgh?, 1770].",Edinburgh,23,female,,,False
1401700300_000050,"Two voyages to Sierra Leone, during the years 1791-2-3, in a series of letters, By Anna Maria Falconbridge. To which is added, a letter from the author, to Henry Thornton, Esq. M.P. and chairman of the Court of Directors of the Sierra Leone Company.","Falconbridge, A. M. (Anna Maria)",16,1794,1,1,"London : Printed for the author, and sold by different booksellers throughout the Kingdom, 1794.",London,291,female,,,False
0737000202_000023,"Slavery: or, the times. In two volumes. By the author of Monmouth, The Danish massacre, &c. ...","Mackenzie, Anna Maria",10,1792,2,2,"London : printed for G. G. J. and J. Robinsons; and J. Dennis, 1792.",London,239,female,,,False
0113000101_000034,"All the histories and novels written by the late ingenious Mrs. Behn, intire in two volumes. Published by Mr. Charles Gildon.",Aphra Behn,17,1722,1,2,"London : printed by J.D. for M.P. and sold by A. Bettesworth, and F. Clay, 1722.",London,337,female,1640,1689,True
0028400401_000008,"The female American; or, the adventures of Unca Eliza Winkfield. Compiled by herself. In two volumes. ...","Winkfield, Unca Eliza",15,1767,1,2,"London : printed for Francis Noble, at his Circulating Library, opposite Gray's-Inn Gate, Holbourn ; and John Noble, at his Circulating Library, in St. Martin's-Court, near Leicester-Square, MDCCLXVII. [1767].",London,198,female,,,False
0295300200_000030,"British synonymy; or, an attempt at regulating the choice of words in familiar conversation. Inscribed, With Sentiments Of Gratitude And Respect, to Such Of her foreign friends AS Have Made English Literature Their Peculiar Study, by Hester Lynch Piozzi.",Hester Thrale,18,1794,1,1,"Dublin : printed by William Porter, for P. Byrne, Grafton-Street, and W. Jones, Dame-Street, 1794.",Dublin,536,female,1741,1821,True
1287800104_000079,"The works of Mrs Elisabeth Rowe. ... . Containing, friendship in death. Letters moral and entertaining, Part I. To which is prefixed, An account of the author's life.",Elizabeth Rowe,13,1770,4,4,"Edinburgh : printed by and for Gray & Alston, M.DCC.LXX. [1770].",Edinburgh,327,female,1674,1737,True
0325001402_000022,"Letters on the improvement of the mind, addressed to a young lady. In two volumes. By Mrs. Chapone. The Fourth Edition. ...",Hester Chapone,20,1774,2,2,"London : printed by H. Hughs, for J. Walter, at Homer's Head, Charing-Cross, MDCCLXXIV. [1774].",London,231,female,1727,1801,True
0902500201_000078,"The young ladies magazine, or, dialogues between a discreet governess and several young ladies of the first rank under her education. By Mrs. Le Prince de Beaumont. Volume I.",Jeanne-Marie Leprince de Beaumont,15,1780,1,2,"London : printed for J. Nourse, in the Strand, Bookseller to His Majesty, M.DCC.LXXX. [1780].",London,285,female,1711,1780,False
0850400900_000008,"Letters written in France, in the summer 1790, to a friend in England: containing various anecdotes relative to the French revolution; and memoirs of Mons. and Madame du F----. By Helen Maria Williams.",Helen Maria Williams,18,1792,1,1,"London : printed for T. Cadell, In The Strand, M,DCC,XCII. [1792].",London,221,female,1762,1827,True
0584101002_000098,"The miscellaneous works, in prose and verse, of Mrs. Elizabeth Rowe: Published by her Order, By Mr. Theophilus Rowe. To which are added, Poems on several occasions, by Mr. Thomas Rowe. And to the Whole is prefixed, An Account of the Lives and Writings of the Authors. In two volumes. The third edition, corrected. To which is now first added, The history of Joseph, a Poem in Ten Books.",Elizabeth Rowe,11,1750,2,2,"London : printed for Henry Lintot: and sold by S. Birt, and B. Dod, in Ave-Mary-Lane, J. Ward over-against the Royal-Exchange, and W. Johnston in St. Paul's Church-Yard, MDCCL. [1750].",London,432,female,1674,1737,True
1613600600_000020,A vindication of the rights of woman: with strictures on political and moral subjects. By Mary Wollstonecraft. Vol. I.,Mary Wollstonecraft,17,1792,1,1,"London : Printed for J. Johnson, No 72, St. Paul's Church Yard, 1792.",London,468,female,1759,1797,True
0317401700_000002,Verses on the present state of Ireland. By Lady L---n.,"Lucan, Margaret Bingham, Countess of           1814",27,1768,1,1,"Dublin : printed by Wogan, Bean, and Pike, NO. 23, Old-Bridge, MDCCLXVIII. [1768].",Dublin,15,female,,,False
0306200101_000090,"La belle assemblée: being a curious collection of some very remarkable incidents which happen'd to persons of the first quality in France. Interspers'd With Entertaining and Improving Observations made by them on several Passages in History, both Ancient and Modern. Written in French for the Entertainment of the King, and dedicated to him By Madam De Gomez. In four volumes. Adorn'd with Copper-Plates.",Madeleine Angélique Poisson Gomez,22,1749,1,4,"London : printed for D. Browne, J. Brotherton, W. Meadows, R. Ware, H. Lintot, T. Cox, T. Astley, S. Austen, J. Hodges, and E. Comins, 1749.",London,282,female,1684,1770,False
0315000700_000007,"All the histories and novels written by the late ingenious Mrs. Behn, intire in one volume. Viz. I. The History of Oroonoko; Or, the Royal-Slave. Written by the Command of King Charles the Second. II. The Fair Jilt; Or, Prince Tarquin. III. Agnes de Castro; Or, the Force of generous Love. IV. The Lover's Watch; Or, the Art of making Love: Being Rules for Courtship for every Hour of the Day and Night. V. The Ladies Looking-Glass to Dress themselves by; Or, the whole Art of Charming all Mankind. VI. The Lucky Mistake. Vii. Memoirs of the Court of the King of Bantam. Viii. The Nun; Or, the Perjured Beauty. IX. The Adventure of the Black Lady. Together with the history of the life and memoirs of Mrs. Behn. By one of the fair sex. Intermix'd with Pleasant Love-Letters that pass'd betwixt her and Minheer Van Bruin, a Dutch Merchant; with her Character of the Country and Lover: And her Love-Letters to a Gentleman in England.",Aphra Behn,13,1718,1,1,"London : printed by J. D. for M. Wellington, at the King's-Head, against St. Clement's Church in the Strand, M.DCC.XVIII. [1718].",London,486,female,1640,1689,True
0072600900_000004,"A day in Turkey; or, the Russian slaves. A comedy, as acted at the Theatre Royal, in Covent Garden. By Mrs. Cowley.",Hannah Cowley,14,1792,1,1,"London : printed for G. G. J. and J. Robinson, in Pater-Noster-Row, MDCCXCII. [1792].",London,94,female,1743,1809,True
0311301001_000032,"All the histories and novels written by the late ingenious Mrs. Behn, intire in two volumes. Published by Mr. Charles Gildon.",Aphra Behn,17,1735,1,2,"London : printed for W. Feales, at Rowe's Head, against St. Clement's Church in the Strand; R. Wellington, at the Dolphin and Crown, without Temple-Bar; J. Brindley, at the King's Arms in New Bond-Street; C. Corbett, at Addison's Head, against St. Dunstan's Church in Fleet-Street; A. Bettesworth, and F. Clay, in trust for B. Wellington, M.DCC.XXXV. [1735].",London,337,female,1640,1689,True
0984700100_000045,"Geography and history. Selected by a lady, for the use of her own children.",Lady,17,1794,1,1,"Southampton : printed and sold by T. Baker. For B. Law, Ave-Maria-Lane, Ludgate-Street. [London], MDCCXCIV. [1794].",Southampton,400,female,,,False
0463600401_000026,"Letters of the Right Honourable Lady Mary Wortley Montague. Written during her travels in Europe, Asia, and Africa. Which contain, Among other curious Relations, Accounts of the Policy and Manners of the Turks; drawn from sources that have been inaccessible to other travellers. In two volumes. ...",Lady Mary Wortley Montagu,14,1793,1,2,"London : printed for H. D. Symonds, Pater-Noster Row, MDCCXCIII. [1793].",London,153,female,1689,1762,True
0541600200_000132,"The compleat housewife: or accomplish'd gentlewoman's companion. Being A Collection of upwards of Six Hundred of the most approved Receipts in Cookery, Pastry, Confectionary, Preserving, Pickles, Cakes, Creams, Jellies, Made Wines, Cordials. With Copper Plates, curiously engraven, for the regular Disposition or Placing of the various Dishes and Courses. And also Bills of Fare for every Month in the Year. To which is added, A Collection of above Three Hundred Family Receipts of Medicines; viz. Drinks, Syrups, Salves, Ointments, and various other Things of sovereign and approved Efficacy in most Distempers, Pains, Aches, Wounds, Sores, &c. particularly Mrs. Stephens's Medicine for the Cure of the Stone and Gravel, and Dr. Mead's famous Receipt for the Cure of a Bite of a mad Dog; with several other excellent Receipts for the same, which have cured when the Persons were disordered, and the salt Water fail'd; never before made publick; fit either for private Families, or such publick-spirited Gentlewomen as would be beneficent to their poor Neighbours. With Directions for Marketing. By E. Smith.",Eliza Smith,6,1753,1,1,"London : Printed for R. Ware, S. Birt, T. Longman, C. Hitch, J. Hodges, J. and J. Rivington, J. Ward, W. Johnston, and M. Cooper, M.DCC.LIII. [1753].",London,430,female,,,False
0106200901_000074,The works of Mrs Elizabeth Rowe: in four volumes. ... . Containing Letters from the Dead to the Living. In Twenty Letters. Letters Moral & Entertaining Parts First & Second.,Elizabeth Rowe,18,1796,1,4,"London : printed for John & Arthur Arch, Grace-Church Street, & for Silvester Doig, Edinburgh, 1796.",London,319,female,1674,1737,True
0148400300_000032,"The life of Charlotta Du Pont, an English lady; taken from her own memoirs. Giving an account how she was trepan'd by her stepmother to Virginia, how the Ship was taken by some Madagasear Pirates, and retaken by a Spanish Man of War. Of her Marriage in the Spanish West-Indies, and Adventures whilst she resided there, with her return to England. And the History of several Gentlemen and Ladys whom she met withal in her Travels; some of whom had been Slaves in Barbary, and others cast on Shore by Shipwreck on the barbarous Coasts up the great River Oroonoko: with their Escape thence, and safe Return to France and Spain. A History that contains the greatest Variety of Events that ever was publish'd. By Mrs. Aubin.",Penelope Aubin,16,1723,1,1,"London : printed for A. Bettesworth at the Red Lion in Pater-Noster-Row, M.DCC.XXIII. [1723].",London,287,female,1679,1731,False
0866600202_000013,The history of the Marchioness de Pompadour. Part the First.,"Fauques, Marianne-Agnès Pillement, dame de",14,1758,2,2,"London : printed for S. Hooper, at the corner of the New-Church, opposite to Somerset-Coffee-House, in the Strand, MDCCLVIII. [1758].",London,146,female,1720,,False
0636300400_000044,"Minor morals, interspersed with sketches of natural history, historical anecdotes, and original stories. By Charlotte Smith, Author of Rural Walks and Rambles Farther.",Charlotte Turner Smith,9,1800,1,1,"Dublin : printed by H. Colbert, No. 136, Capel-Street, 1800.",Dublin,216,female,1749,1806,True
0313901002_000011,"A collection of entertaining histories and novels, ... By Mrs. Penelope Aubin. And now first collected in three volumes. ...",Penelope Aubin,12,1739,2,3,"London : printed for D. Midwinter, A. Bettesworth and C Hitch, J. and J. Pemberton, R. Ware, C. Rivington, A. Ward, J. and P. Knapton, T. Longman, R. Hett, S. Austen, and J. Wood, 1739.",London,308,female,1679,1731,False
0008400300_000474,"The ladies history of England; from the descent of Julius Cæsar, to the summer of 1780. Calculated for the use of the ladies of Great-Britain and Ireland; and likewise adapted to general use, entertainment, and instruction. By Charlotte Cowley.","Cowley, Charlotte",14,1780,1,1,"London : printed for the proprietors; and sold by S. Bladon, No. 13, in Pater-Noster-Row, MDCCLXXX. [1780][-81].",London,774,female,,,False
0144100201_000093,The history of England from the accession of Iames I to the elevation of the House of Hanover. By Catharine Macaulay. Edit. III. ...,Catharine Macaulay,21,1769,1,5,"London : printed for Edward and Charles Dilly in the Poultry, MDCCLXIX. [1769]-72.",London,446,female,1731,1791,True
0621000203_000025,"An apology for the conduct of Mrs. T. C. Phillips; more particularly, that part of it which relates to her marriage with an eminent Dutch merchant. The whole authenticated by faithful copies of his letters, ...",Teresia Phillips,10,1750,3,3,"[London], [1750].",London,258,female,1709,1765,False
0937800900_000086,"Friendship in death: in twenty letters from the dead to the living. To which are added, letters moral and entertaining, in prose and verse. ... By Mrs. Elizabeth Rowe. To which is prefixed, an account of the life of the author.",Elizabeth Rowe,8,1775,1,1,"London : printed for J. and F. Rivington, W. Strahan, T. Caslon, B. Law, T. Cadell [and 4 others in London], 1775.",London,377,female,1674,1737,True
0100400904_000027,"The Count de Poland, by Miss M. Minifie, ...","Minifie, Margaret",14,1780,4,4,"[London] : Published for the author, and sold by J. Dodsley, R. Baldwin, London; and Pratt and Clinch, Bath, 1780.",London,286,female,,,False
0603100601_000004,"Letters from the Duchess de Crui and others, on subjects moral and entertaining. Wherein the character of the female sex, with their rank, importance, and consequence, is stated, and their relative duties in life are enforced. By Lady Mary Walker. The Third Edition corrected, ...",Mary Walker,12,1779,1,2,"Dublin : printed for S. Price, W. and H. Whitestone, R. Fitzsimons, T. Wilkinson. J. Williams, W. Colles, W. Wilson, C. Jenkin, T. Walker, E. Cross, R. Moncrieffe, P. Higly, E. Mackelrath, J. Exshaw, J. Beatty, C. Talbot, J. Parker, and J. Norman, MDCCLXXIX. [1779].",Dublin,293,female,1736,,False
1224701201_000003,"Letters of a Peruvian princess: with the sequel. Translated from the French of Madame de Grafigny, by Francis Ashworth, Esq. In two volumes.",Françoise de Graffigny,9,1782,1,2,"London : printed for Harrison and Co. No. 18, Paternoster-Row, MDCCLXXXII. [1782].",London,52,female,1695,1758,False
0191300101_000004,"Letters from the Duchess de Crui and others, on subjects moral and entertaining, wherein the character of the female sex, with their rank, importance, and consequence, is stated, and their relative duties in life are enforced. By a lady. ...",Mary Walker,12,1776,1,5,"London : printed for Robson, New Bond-Street; Walter, Charing-Cross; and Robinson, Pater-Noster Row, MDCCLXXVI. [1776].",London,229,female,1736,,False
1518400600_000006,"A day in Turkey; or, The Russian slaves. A comedy, as acted at the Theatre Royal, in Covent Garden. By Mrs. Cowley.",Hannah Cowley,15,1792,1,1,"London : Printed for G.G.J. and J. Robinson, in Pater-Noster-Row, MDCCXCII. [1792].",London,94,female,1743,1809,True
0144100201_000002,The history of England from the accession of Iames I to the elevation of the House of Hanover. By Catharine Macaulay. Edit. III. ...,Catharine Macaulay,27,1769,1,5,"London : printed for Edward and Charles Dilly in the Poultry, MDCCLXIX. [1769]-72.",London,446,female,1731,1791,True
0138900400_000030,"Geography and history. Selected by a lady, for the use of her own children.",Lady,23,1797,1,1,"London : printed for B. Law, No. 5, Stationers-Court; and C. Law, No. 13, Ave-Mary Lane, Ludgate Street, MDCCXCVII. [1797].",London,404,female,,,False
0670801200_000008,"A selection from the Annals of virtue, of Madame Sillery: containing the Most Important and Interesting Anecdotes from the histories of Spain, Portugal, China, Japan, and America: With some Account of the Manners, Customs, Arts and Sciences of France. Translated from the French by Elizabeth Mary James.",Stéphanie Félicité du Crest de Saint-Aubin,9,1794,1,1,"Bath : printed by S. Hazard, for the author; and sold by Hookham and Co. New-Bond-Street, Richardson, Royal Exchange, London; S. Hazard, of Bath, and by all other booksellers, M.DCC.XCIV. [1794].",Bath,270,female,1746,1830,True
1266700403_000083,The female Spectator. By Mrs. Eliza Haywood. In four volumes. ...,Eliza Haywood,14,1775,3,4,"London : printed for A. Millar, W. Law, & R. Cater, 1775.",London,333,female,1693,1756,True
1143800102_000023,"Munster village, a novel. In two volumes. ...",Mary Walker,13,1778,2,2,"London : printed for Robson and Co. New Bond Street ; Walter , Charing Cross ; and Robinson, Paternoster Row, M.DCC.LXXVIII. [1778].",London,262,female,1736,,False
1401700300_000014,"Two voyages to Sierra Leone, during the years 1791-2-3, in a series of letters, By Anna Maria Falconbridge. To which is added, a letter from the author, to Henry Thornton, Esq. M.P. and chairman of the Court of Directors of the Sierra Leone Company.","Falconbridge, A. M. (Anna Maria)",16,1794,1,1,"London : Printed for the author, and sold by different booksellers throughout the Kingdom, 1794.",London,291,female,,,False
0273100301_000029,"Mental improvement: or the beauties and wonders of nature and art, Conveyed in a Series of Instructive Conversations. By Priscilla Wakefield, Author of Leisure Hours. ...",Priscilla Wakefield,21,1794,1,2,"London : printed and sold by Darton and Harvey, No. 55, Gracechurch-Street, M.DCC.XCIV. [1794].",London,210,female,1751,1832,False
1539600700_000014,"Oriental anecdotes: or, The history of Haroun Alrachid. In two volumes.","Fauques, Marianne-Agnès Pillement, dame de",12,1764,1,1,"Dublin : printed for Peter Wilson, James Potts, Alex. M'Culloh, and Jam. Williams, M,DCC,LXIV. [1764].",Dublin,327,female,1720,,False
0139100500_000101,"A compendious system of astronomy, in a course of familiar lectures; In which the Principles of that Science are Clearly Elucidated, so as to be Intelligible to those who have not Studied the Mathematics. Also trigonometrical and celestial problems, with a key to the ephemeris, and a vocabulary of the terms of science used in the Lectures; which latter are explained Agreeably to their Application in them. By Margaret Bryan.","Bryan, Margaret           1815",17,1797,1,1,"London : printed for the author, and sold by Leigh and Sotheby, York Street, Covent Garden; and G. Kearsley, No. 46, Fleet Street, 1797.",London,351,female,,,False
1447700300_000001,"The Proceedings of the committee appointed to examine into the importation of goods by the brigantine Good Intent, Capt. Errington from London, in February 1770.","Green, Anne Catharine",20,1770,1,1,"Annapolis : Printed by Anne Catharine Green, MDCCLXX [1770].",Annapolis,40,female,,,False
0156500200_000043,"The history of England, from the Revolution to the present time, in a series of letters to the Reverend Doctor Wilson, ... By Catherine Macaulay. Vol.I.",Catharine Macaulay,22,1778,1,1,"Bath : printed by R. Cruttwell: and sold by E. and C. Dilly, T. Cadell, and J. Walter, London, 1778.",Bath,455,female,1731,1791,True
0047400301_000052,"A journey through every stage of life, described in a variety of interesting scenes, drawn from real characters. By a person of quality. In two volumes. ...",Sarah Scott,12,1754,1,2,"London : printed for A. Millar in the Strand, MDCCLIV. [1754].",London,280,female,1720,1795,True
0381401000_000053,Dialogues of the dead.,Elizabeth Montagu,15,1760,1,1,"Dublin : printed by Oli. Nelson, in Skinner-Row, M,DCC,LX. [1760].",Dublin,335,female,1720,1800,False
0737305200_000003,"A sketch of the rights of boys and girls. By Launcelot Light, of Westminster School; and Laetitia Lookabout, of Queen's Square, Bloomsbury. Part the first.","Lookabout, Laetitia",18,1792,1,1,"London : printed for J. Bew, Paternoster Row, MDCCXCII. [1792].",London,64,female,,,False
0028800700_000023,"English nights entertainments. The history of Oroonoko; or, the royal slave. Written originally by Mrs. Behn, and revised by Mrs. Griffiths.",Aphra Behn,7,1800,1,1,"London : printed by T. Maiden, Sherbourne Lane, for Ann Lemoine, White-Rose Court, Coleman-Street, and sold by T. Hurst, Paternoster-Row, [1800].",London,48,female,1640,1689,True
0474103100_000018,"A vindication of the rights of men, in a letter to the Right Honourable Edmund Burke; occasioned by his Reflections on the Revolution in France. By Mary Wollstonecraft.",Mary Wollstonecraft,14,1790,1,1,"London : printed for J. Johnson, No. 72, St. Paul's Church-Yard, M.DCC.XC. [1790].",London,162,female,1759,1797,True
1300801602_000036,The female spectator.,Eliza Haywood,19,1747,2,4,"Dublin : Printed for George and Alexander Ewing at the Angel and Bible in Dame-street, booksellers, M,DCC,XLVII. [1747].",Dublin,265,female,1693,1756,True
0681701600_000004,"A day in Turkey; or, the Russian slaves. A comedy, as acted at the Theatre Royal, in Covent Garden. By Mrs. Cowley.",Hannah Cowley,14,1792,1,1,"London : printed for G. G. J. and J. Robinson, in Pater-Noster-Row, MDCCXCII. [1792].",London,95,female,1743,1809,True
1538800402_000001,"Letters of the Right Honourable lady M---y W----y M-----e: written during her travels in Europe, Asia and Africa, to persons of distinction, men of letters, &c. in different parts of Europe. Which contain among other curious relations, accounts of the policy and manners of Turks; drawn from sources that have been inaccessible to other travellers. A new edition. In two volumes.",Lady Mary Wortley Montagu,14,1778,2,2,"London : printed for T. Becket, the corner of the Adelphi in the Strand, M DCC LXXVIII. [1778].",London,224,female,1689,1762,True
0364000202_000033,"Tales of the castle: or, stories of instruction and delight. Being Les veillees du chateau, written in French by Madame la Comtesse de Genlis, Author of the Theatre of Education, Adela and Theodore, &c. Translated into English by Thomas Holcroft,",Stéphanie Félicité du Crest de Saint-Aubin,11,1787,2,5,"London : printed for G. G. J. and J. Robinson, No. 25, Pater-Noster-Row, 1787.",London,265,female,1746,1830,True
0866900302_000025,"The recess; or, a tale of other times. By the author of The chapter of accidents. ...",Sophia Lee,8,1792,2,3,"London : printed for T. Cadell, in the Strand, M,DCC,XCII. [1792].",London,300,female,1750,1824,True
1577700200_000018,The history of Sir George Ellison. In two volumes.,Sarah Scott,9,1767,1,1,"Dublin : printed by W. Sleater, J. Potts, and J. Williams, MDCCLXVII. [1767].",Dublin,295,female,1720,1795,True
1411700100_000027,"Acts and laws, of His Majesty's colony of Rhode-Island, and Providence-Plantations, in New-England, in America.","Franklin, Ann",14,1745,1,1,"Newport, Rhode-Island : Printed by the Widow Franklin, and to be sold at the town school-house, M,DCC,XLV. [1745].",Newport,338,female,1695,1763,False
0144600103_000009,The history of England from the accession of James I. to that of the Brunswick line. ... By Catherine Macaulay.,Catharine Macaulay,27,1763,3,8,"London : printed for J. Nourse; R. and J. Dodsley; and W. Johnston, 1763-83.",London,472,female,1731,1791,True
0363500204_000118,"La belle assemblée: being a curious collection of some very remarkable incidents which happen'd to persons of the first quality in France. Interspers'd with entertaining and improving observations made by them on several Passages in History, both Ancient and Modern. Written in French for the Entertainment of the King, and dedicated to him by Madam de Gomez. Adorn'd with copper-plates. In four volumes.",Madeleine Angélique Poisson Gomez,9,1765,4,4,"London : printed for H. Woodfall, W. Strahan, J. Rivington, R. Baldwin, W. Johnston, C. Rivington, R. Horsfield, G. Keith, W. Nichol, C. and R. Ware, M. Richardson, J. and T. Pote, and T. Burnet, MDCCLXV. [1765].",London,341,female,1684,1770,False
0898300200_000015,"La belle assemblée: or, the adventures of six days. Being a curious collection of remarkable incidents which happen'd to some of the first quality in France. Written in French for the Entertainment of the King, and dedicated to him by Madam de Gomez. Translated into English.",Madeleine Angélique Poisson Gomez,7,1724,1,1,"London : printed for D. Browne junr. at the Black-Swan without Temple-Bar; and S. Chapman, at the Angel in Pall-Mall M.DCC.XXIV. [1724].",London,376,female,1684,1770,False
0800400300_000031,"Letters written during a short residence in Sweden, Norway, and Denmark. By Mary Wollstonecraft.",Mary Wollstonecraft,20,1796,1,1,"London : printed for J. Johnson, St. Paul's Church-Yard, 1796.",London,269,female,1759,1797,True
0008400300_000616,"The ladies history of England; from the descent of Julius Cæsar, to the summer of 1780. Calculated for the use of the ladies of Great-Britain and Ireland; and likewise adapted to general use, entertainment, and instruction. By Charlotte Cowley.","Cowley, Charlotte",17,1780,1,1,"London : printed for the proprietors; and sold by S. Bladon, No. 13, in Pater-Noster-Row, MDCCLXXX. [1780][-81].",London,774,female,,,False
1685800300_000023,"The adventures of the six Princesses of Babylon, in their travels to the temple of virtue: an allegory. Dedicated, by permission, to Her Royal Highness the Princess Mary.","Peacock, Lucy",8,1785,1,1,"London : Printed for the author, by T. Bensley; and sold by J. Buckland, Pater-Noster-Row J. Pridden, Fleet-Street; and by the author, at A. Perfetia's, No. 91, Wimpole-Street, Cavendish-Square, MDCCLXXXV. [1785].",London,164,female,,,False
0028400401_000003,"The female American; or, the adventures of Unca Eliza Winkfield. Compiled by herself. In two volumes. ...","Winkfield, Unca Eliza",15,1767,1,2,"London : printed for Francis Noble, at his Circulating Library, opposite Gray's-Inn Gate, Holbourn ; and John Noble, at his Circulating Library, in St. Martin's-Court, near Leicester-Square, MDCCLXVII. [1767].",London,198,female,,,False
0681701600_000006,"A day in Turkey; or, the Russian slaves. A comedy, as acted at the Theatre Royal, in Covent Garden. By Mrs. Cowley.",Hannah Cowley,14,1792,1,1,"London : printed for G. G. J. and J. Robinson, in Pater-Noster-Row, MDCCXCII. [1792].",London,95,female,1743,1809,True
0898300200_000059,"La belle assemblée: or, the adventures of six days. Being a curious collection of remarkable incidents which happen'd to some of the first quality in France. Written in French for the Entertainment of the King, and dedicated to him by Madam de Gomez. Translated into English.",Madeleine Angélique Poisson Gomez,19,1724,1,1,"London : printed for D. Browne junr. at the Black-Swan without Temple-Bar; and S. Chapman, at the Angel in Pall-Mall M.DCC.XXIV. [1724].",London,376,female,1684,1770,False
1375000602_000101,"La belle assemblé: or, The adventures of twelve days. Being a curious collection of remarkable incidents which happened to some of the first quality in France. Written in French for the entertainment of the King, and dedicated to him, By Madam De Gomez. In four volumes.",Madeleine Angélique Poisson Gomez,19,1758,2,4,"Dublin : printed for W. Williamson, at Mecænas's-Head in Bride-street, M DCC LVIII. [1758].",Dublin,338,female,1684,1770,False
0311001400_000035,"The life and adventures of the young Count Albertus, the son of Count Lewis Augustus, by the Lady Lucy: who being become a widower, turn'd monk, and went a missionary for China, but was Shipwreck'd on the Coast of Barbary. Where he met with many strange Adventures, and return'd to Spain with some Persons of Quality, who by his Means made their Escape from Africa. After which he went a Missionary again to China, where he arriv'd, and ended his Life a Martyr for the Christian Faith. By Mrs. Aubin.",Penelope Aubin,18,1728,1,1,"London : printed for J. Darby, A. Bettesworth, F. Fayram, J. Osborn and T. Longman, J. Pemberton, C. Rivington, J. Hooke, F. Clay, J. Batley, and E. Symon. M.DCC.XXVIII. [1728].",London,168,female,1679,1731,False
1330301000_000041,"Memoirs of the life of the Reverend George Whitefield, M.A. late Chaplain to the Right Honourable the Countess of Huntingdon: in which every circumstance worthy of notice, both in his private and public character, is recorded. Faithfully selected from his original papers, journals and letters. Illustrated by a variety of interesting and entertaining anecdotes, from the best authorities. With a particular account of his death and funeral; and extracts from the sermons, which were preached on that occasion. Compiled by the Rev. John Gillies, D.D. To which is added, a extract from Mr. Whitefield's tracts. [Nine lines of Scripture quotations].","Selina Hastings, Countess of Huntingdon",9,1798,1,1,"New-London, (Conn.) : Printed by S. Green, for Cornelius Davis, N. York, 1798.",New London|New York.,287,female,1707,1791,False
0311001400_000037,"The life and adventures of the young Count Albertus, the son of Count Lewis Augustus, by the Lady Lucy: who being become a widower, turn'd monk, and went a missionary for China, but was Shipwreck'd on the Coast of Barbary. Where he met with many strange Adventures, and return'd to Spain with some Persons of Quality, who by his Means made their Escape from Africa. After which he went a Missionary again to China, where he arriv'd, and ended his Life a Martyr for the Christian Faith. By Mrs. Aubin.",Penelope Aubin,19,1728,1,1,"London : printed for J. Darby, A. Bettesworth, F. Fayram, J. Osborn and T. Longman, J. Pemberton, C. Rivington, J. Hooke, F. Clay, J. Batley, and E. Symon. M.DCC.XXVIII. [1728].",London,168,female,1679,1731,False
0392000800_000062,"Dialogues of the dead. The fourth edition, corrected. To which are added four new dialogues.",Elizabeth Montagu,18,1765,1,1,"London : printed for W. Sandby, in Fleet-Street, M.DCC.LXV. [1765].",London,421,female,1720,1800,False
1253800103_000096,"The Family magazine; or, a Repository of religious instruction, and rational amusement. ... By Mrs. Trimmer.",Sarah Trimmer,20,1788,3,18,"London [England] : printed by and for J[ohn]. Marshall and Co. Aldermary Church Yard, in Bow Lane, [1788-1789].",London,463,female,1741,1810,True
0483700100_000025,"Letters of the Right Honourable Lady M--y W--y M---e: written during her travels in Europe, Asia, and Africa, To Persons of Distinction, Men of Letters, &c. in different Parts of Europe. Which Contain Among Other Curious Relations, Accounts of the Policy and Manners of the Turks; Drawn from Sources that have been inaccessable to other Travellers.",Lady Mary Wortley Montagu,13,1794,1,1,"London : printed for the booksellers, M.DCCXCIV. [1794].",London,283,female,1689,1762,True
0478600300_000004,"The Thymbriad, (from Xenophon's Cyropodia [sic].) By Lady Burrell.",Sophia Burrell,11,1794,1,1,"London : sold by Leigh and Sotheby; T. Payne; and J. Robson, 1794.",London,156,female,1750,1802,False
0785000501_000026,"Letters of the Right Honourable Lady M----y W----y M----e: written during her travels in Europe, Asia and Africa, to persons of distinction, Men of Letters, etc. in different Parts of Europe. Which Contain, Among other curious Relations, Accounts of the Policy and Manners of the Turks. Drawn from Sources that have been inaccessible to other Travellers.",Lady Mary Wortley Montagu,14,1799,1,1,"Berlin : sold by August Mylius, MDCCXCIX. [1799].",Berlin,389,female,1689,1762,True
0352200800_000002,"Ainsi va le monde, a poem. Inscribed to Robert Merry, Esq. A. M. Member of the Royal Academy of Florence; and Author of the Laurel of Liberty and the Della Crusca Poems. By Laura Maria.",Mary Robinson,13,1790,1,1,"London : printed by John Bell, Bookseller to His Royal Highness the Prince of Wales, at the British Library, Strand, MDCCXC. 1790.",London,18,female,1758,1800,True
1401700300_000003,"Two voyages to Sierra Leone, during the years 1791-2-3, in a series of letters, By Anna Maria Falconbridge. To which is added, a letter from the author, to Henry Thornton, Esq. M.P. and chairman of the Court of Directors of the Sierra Leone Company.","Falconbridge, A. M. (Anna Maria)",10,1794,1,1,"London : Printed for the author, and sold by different booksellers throughout the Kingdom, 1794.",London,291,female,,,False
1758000303_000003,"Letters of the Right Honourable Lady M-y W-y M-e: written, during her travels in Europe, Asia, and Africa, to persons of distinction, men of letters, &c. in different parts of Europe. Which contain, among other curious relations, accounts of the policy and manners of the Turks, ... In four volumes. ...",Lady Mary Wortley Montagu,13,1776,3,4,"London : printed for B. Dodd, and T. Reily, 1776.",London,117,female,1689,1762,False
0306200101_000058,"La belle assemblée: being a curious collection of some very remarkable incidents which happen'd to persons of the first quality in France. Interspers'd With Entertaining and Improving Observations made by them on several Passages in History, both Ancient and Modern. Written in French for the Entertainment of the King, and dedicated to him By Madam De Gomez. In four volumes. Adorn'd with Copper-Plates.",Madeleine Angélique Poisson Gomez,12,1749,1,4,"London : printed for D. Browne, J. Brotherton, W. Meadows, R. Ware, H. Lintot, T. Cox, T. Astley, S. Austen, J. Hodges, and E. Comins, 1749.",London,282,female,1684,1770,False
0404400501_000078,"A collection of novels and tales, written by that celebrated wit of France, the Countess D'Anois. In two volumes. Vol. I. Containing, I. The History of Don Gabried. II. The Royal Ram. III. The Story of Finetta the Cinder-Girl. IV. The Palace of Revenge. V. The Story of Anguilletta. VI. The History of Don Ferdinand of Toledo. Vii. The Story of the Yellow Dwarf. Viii. The Story of Young-And-Handsome. IX. The History of the New Gentleman-Citizen. X. The Story of the White Cat. Translated from the best edition of the original French, by several hands.",Madame d'Aulnoy,18,1721,1,2,"London : printed for W. Taylor , at the Ship and Black-Swan, in, Pater-Noster-Row ; and W. Chetwood, at Cato's-Head, in Russel-Street, Covent-Garden, 1721.",London,299,female,1651,1705,False
1346100500_000003,The happy slave. In three parts. Translated from the French original.,Gabrielle Bremont,19,1729,1,1,"London : [s.n.], MDCCXXIX. [1729].",London,154,female,1630,,False
0397901300_000006,"Instructions to freeholders: drawn from Her Majesty's most gracious speech, from the throne. On Thursday the 16th of July 1703, to both Houses of Parliament.",England and Wales. Sovereign (1702-1707: Anne),20,1713,1,1,"London : printed for Mrs. Smith, in Cornhill, [1713].",London,23,female,,,False
0076501700_000011,"The ladies elegant jester, or fun for the female sex; being a chaste and delicate selection of good things, written By Mrs. Montague, the Countess Aisborough, Lady Douglass, the Countess of Wimbledon, and other Literary Ladies; whose Bon Mots, Witticisms, Cutting Repartees, and Curious Puns, have enlivened the fashionable World for nearly a Century past; together with many originals, by Ann Sophia Radcliffe.","Radcliffe, Ann Sophia",8,1800,1,1,"London : printed for the proprietor, and published by Crosby & Letterman Stationers-Court, Paternoster-Row, [1800?].",London,47,female,,,False
1701900300_000003,"The true and surprising adventures, voyages, shipwreck, and distresses, of Mons. Pierre Viaud, a French sea-captain, and a native of Bourdeaux. Translated by Mrs. Griffith. Ornamented with two engravings.",Elizabeth Griffith,9,1797,1,1,"London : Printed and sold by S. Fisher, at his Circulating-Library, No. 10, St John's Lane, Clerkenwell. Also sold by Lee and Hurst, No. 32, Paternoster-Row, 1797.",London,116,female,1720,1793,True
0180500700_000044,"The antidote; or an enquiry into the merits of a book, entitled A journey into Siberia, made in MDCCLXI in Obedience to an Order of the French King, and published, with Approbation, by the Abbé Chappe D'Auteroche, of the Royal Academy of Sciences: In which many essential Errors and Misrepresentations are pointed out and confuted; and many interesting Anecdotes added, for the better Elucidation of the several Matters necessarily discussed: By a lover of truth. Translated into English by a Lady, and Dedicated, with Permission, to her Imperial Majesty the Czarina.",Catherine II of Russia,14,1772,1,1,"London : printed for S. Leacroft, Opposite Spring-Garden, Charing-Cross, MDCCLXXII. [1772].",London,206,female,1729,1796,False
0113000101_000018,"All the histories and novels written by the late ingenious Mrs. Behn, intire in two volumes. Published by Mr. Charles Gildon.",Aphra Behn,14,1722,1,2,"London : printed by J.D. for M.P. and sold by A. Bettesworth, and F. Clay, 1722.",London,337,female,1640,1689,True
0236000404_000035,"Letters from France: containing a great variety of interesting and original information concerning the most important events that have lately occurred in that country, and particularly respecting the campaign of 1792. ...",Helen Maria Williams,18,1793,4,4,"London : printed for G. G. and J. Robinson, Paternoster-Row, M.DCC.XCIII. [1793].",London,272,female,1762,1827,True
0313901001_000074,"A collection of entertaining histories and novels, ... By Mrs. Penelope Aubin. And now first collected in three volumes. ...",Penelope Aubin,24,1739,1,3,"London : printed for D. Midwinter, A. Bettesworth and C Hitch, J. and J. Pemberton, R. Ware, C. Rivington, A. Ward, J. and P. Knapton, T. Longman, R. Hett, S. Austen, and J. Wood, 1739.",London,312,female,1679,1731,False
1061000100_000034,"A dialogue between a lady and her pupils, describing a journey through England and Wales; in which a detail of the different arts and manufactures of each city and town is accurately given; Interspersed with Observations and Descriptions in Natural History. Designed for young ladies and schools. By Mrs. Brook.","Brook, Mrs",16,1800,1,1,"London : printed for and sold by Thomas Clio Rickman, Upper Mary-Le-Bone Street; and to be had of all booksellers, [1800?].",London,287,female,,,False
0036600400_000007,"All the histories and novels written by the late ingenious Mrs. Behn, Entire in One Volume. Viz. I. The History of Oroonoko, or the Royal Slave. Written by the Command of King Charles the Second. II. The Fair Jist, or Prince Tarquin. III. Agnes de Castro, or the Force of Generous Love. IV. The Lover's Watch, or the Art of making Love; being Rules for Courtship for every Hour of the Day and Night. V. The Ladies Looking-Glass to Dress themselves by, or the whole Art of Charming all Mankind. VI. The Lucky Mistake. Vii. Memoirs of the Court of the King of Banram. Viii. The Nun, or the Perjured Beauty. IX The Adventure of the Black Lady. Together with the history of the life and memoirs of Mrs. Behn. By one of the Fair Sex. Intermix'd with Pleasant Love-Letters that pass'd betwixt her and Minheer Van Bruin, a Dutch Merchant; with her Character of the Country and Lover: And her Love-Letters to a Gentleman in England.",Aphra Behn,12,1705,1,1,"London : printed for R. Wellington, at the Dolphin and Crown in St. Paul's Church-Yard, 1705.",London,469,female,1640,1689,True
0681801700_000007,The inflexible captive: a tragedy. By Miss Hannah More.,Hannah More,10,1774,1,1,"Bristol : printed and sold by S. Farley, in Castle-Green: sold also by T. Cadell, Bookseller, in Wine-Street, Bristol; T. Cadell, in the Strand; Carnan and Newbery, and J. Wilkie, in St. Paul's Church Yard, London; Frederic and Bull, Bath, MDCCLXXIV. [1774].",Bristol,89,female,1745,1833,True
0381500602_000055,"Tales of the castle: or, stories of instruction and delight. Being Les veillées du chateau, written in French by Madame la comtesse de Genlis, Author of the Theatre of Education, Adela and Theodore, &c. Translated into English by Thomas Holcroft. ...",Stéphanie Félicité du Crest de Saint-Aubin,9,1785,2,5,"London : printed for G. Robinson, No 25, Pater-Noster-Row, MDCCLXXXV. [1785].",London,297,female,1746,1830,True
1354201100_000016,Poems and miscellaneous pieces: By Sarah Spence.,"Spence, Sarah, Mrs",7,1795,1,1,"Bury St. Edmund's : Printed for the author, by P. Gedge; and sold by J. Johnson, London, MDCCXCV. [1795].",,153,female,,,False
0217701400_000007,A vindication of the rights of woman: with strictures on political and moral subjects. By Mary Wollstonecraft.,Mary Wollstonecraft,15,1793,1,1,"Dublin : printed by J. Stockdale, for James Moore, No. 45, College-Green, 1793.",Dublin,269,female,1759,1797,True
0009200600_000003,The wanderings of Warwick. By Charlotte Smith.,Charlotte Turner Smith,11,1794,1,1,"London : printed for J. Bell, No. 148, Oxford-Street, M.DCC.XCIV. [1794].",London,293,female,1749,1806,True
1300801603_000080,The female spectator.,Eliza Haywood,15,1747,3,4,"Dublin : Printed for George and Alexander Ewing at the Angel and Bible in Dame-street, booksellers, M,DCC,XLVII. [1747].",Dublin,257,female,1693,1756,True
0296300701_000045,"A concise history of the Kingdoms of Israel and Judah; connected with the history or chief events of the neighbouring states and succeeding empires to the time of Christ, and the Establishment of the Gospel-Dispensation: Interspersed with Moral Reflections, Chronological References, and Occasional Remarks, Concerning the Fulfilment of the Prophecies: Particularly adapted to the Comprehension, and for the Improvement of Young Minds. By Ann Murry, Author of Mentoria. In two volumes. ...","Murry, Ann",15,1783,1,2,"London : printed by Frys and Couchman, Upper-Moorfields. For Charles Dilly, in the Poultry, M.DCC.LXXXIII. [1783].",London,398,female,,,False
1027501900_000013,"Biography for boys; or, characteristic histories: calculated to impress the youthful mind with an admiration of virtuous principles, and a detestation of vicious ones. By Mrs. Pilkington.",Mary Pilkington,13,1799,1,1,"London : printed for Vernor and Hood, No. 31, Poultry, 1799.",London,225,female,1766,1839,True
0423700302_000001,"Letters of the Right Honourable Lady M---y W----y M-----e: written, during her travels in Europe, Asia and Africa, to persons of distinction, men of letters, &c. in different parts of Europe. Which contain, among other curious relations, accounts of the policy and manners of the Turks; ...",Lady Mary Wortley Montagu,14,1769,2,3,"London : printed for T. Becket and P. A. De Hondt, 1769.",London,197,female,1689,1762,True
0442000200_000015,Extracts and original anecdotes; for the improvement of youth.,Mary Leadbeater,9,1794,1,1,"Dublin : printed by R. M. Jackson, NO. 20 Meath-Street, 1794.",Dublin,235,female,1758,1826,False
1253800101_000039,"The Family magazine; or, a Repository of religious instruction, and rational amusement. ... By Mrs. Trimmer.",Sarah Trimmer,10,1788,1,18,"London [England] : printed by and for J[ohn]. Marshall and Co. Aldermary Church Yard, in Bow Lane, [1788-1789].",London,464,female,1741,1810,True
0098901402_000013,The letters of a solitary wanderer: containing narratives of various description. By Charlotte Smith. ...,Charlotte Turner Smith,8,1800,2,3,"London : printed by and for Sampson Low, Berwick Street, Soho, 1800.",London,318,female,1749,1806,True
1194600800_000004,Sunday reading. On carrying religion into the common business of life.,Hannah More,9,1796,1,1,"[London] : Sold by J. Marshall, Printer to the Cheap Repository for Religious and Moral Tracts) No. 17, Queen-Street, Cheapside, and No. 4, Aldermary Church-Yard, and R. White, Piccadilly, London. By S. Hazard, at Bath, and by all Booksellers, Newsmen, and Hawkers, in Town and Country. Great Allowance will be made to Shopkeepers and Hawkers, [1796].",London,16,female,1745,1833,True
0144600107_000064,The history of England from the accession of James I. to that of the Brunswick line. ... By Catherine Macaulay.,Catharine Macaulay,16,1763,7,8,"London : printed for J. Nourse; R. and J. Dodsley; and W. Johnston, 1763-83.",London,507,female,1731,1791,True
0866500104_000120,"La belle assemblée: being a curious collection of some very remarkable incidents which happened to persons of the first quality in France. Interspers'd with Entertaining and Improving Observations made by them on several Passages in History, both Ancient and Modern. Written in French for the Entertainment of the King, and dedicated to him by Madam de Gomez. In four volumes. Adorn'd with copper-plates.",Madeleine Angélique Poisson Gomez,10,1736,4,4,"London : printed for J. Brotherton, J. Hazard, W. Meadows, T. Cox, W. Hinchliffe, D. Browne, W. Bickerton, T. Astley, S. Austen, L. Gilliver, R. Willock, and F. Cogan, M.DCC.XXXVI. [1736].",London,339,female,1684,1770,False
0381401100_000055,Dialogues of the dead.,Elizabeth Montagu,16,1768,1,1,"London : printed for J. Murray (successor to Mr. Sandby) at No. 32, opposite St. Dunstan's Church, in Fleet-Street, M.DCC.LXVIII. [1768].",London,452,female,1720,1800,False
0709300100_000003,The man of real sensibility: or The history of Sir George Ellison. [Five lines from Sterne].,Sarah Scott,7,1800,1,1,"[Leominster, Mass.?] : Printed [by Adams & Wilder?] for Chapman Whitcomb, [1800?].",Leominster,42,female,1720,1795,True
0008400300_000407,"The ladies history of England; from the descent of Julius Cæsar, to the summer of 1780. Calculated for the use of the ladies of Great-Britain and Ireland; and likewise adapted to general use, entertainment, and instruction. By Charlotte Cowley.","Cowley, Charlotte",14,1780,1,1,"London : printed for the proprietors; and sold by S. Bladon, No. 13, in Pater-Noster-Row, MDCCLXXX. [1780][-81].",London,774,female,,,False
0138900400_000015,"Geography and history. Selected by a lady, for the use of her own children.",Lady,20,1797,1,1,"London : printed for B. Law, No. 5, Stationers-Court; and C. Law, No. 13, Ave-Mary Lane, Ludgate Street, MDCCXCVII. [1797].",London,404,female,,,False
0404502402_000028,"Friendship in death; in twenty letters from the dead to the living. To which are added, letters moral and entertaining, in prose and verse: in three parts. In two volumes. ... . By Mrs. Elizabeth Rowe.",Elizabeth Rowe,15,1746,2,2,"London : printed for Henry Lintot, M.DCC.XLVI. [1746].",London,323,female,1674,1737,True
1367800300_000026,"The life and amorous adventures of Lucinda, an English lady, her courageous and undaunted behaviour at sea, in an engagement wherein she was taken by a rover of Barbury, and sold a slave at Constantinople. An account of her treatment there, with several particular customs of the Turks. Her unexpected deliverance, with the lcuky meeting of her first love, their return and settlement in their own country, where she at present resides. Written by her self. Intermixed with two diverting novels, the one call'd Conjugal duty rewarded, or, The rake reform'd. The other, Fortune favours the bold, or, The happy milanese.",Penelope Aubin,17,1722,1,1,"London : Printed for E. Bell, J. Darby, A. Bettesworth, F. Fayram, J. Pemberrton, J. Hooke, C. Rivington, F. Clay, J. Batley, and E. Symon, M.DCC.XXII. [1722].",London,144,female,1679,1731,False
1103801500_000005,"The character, and necessary qualifications, of a British minister of state. In a Letter to a Member of Parliament, 1759. By a Lady.","Pitt, Villiers Clara",23,1759,1,1,"London : printed for M. Cooper, at the Globe in Pater-Noster Row, MDCCLIX. [1759].",London,46,female,,,False
0008400300_000530,"The ladies history of England; from the descent of Julius Cæsar, to the summer of 1780. Calculated for the use of the ladies of Great-Britain and Ireland; and likewise adapted to general use, entertainment, and instruction. By Charlotte Cowley.","Cowley, Charlotte",16,1780,1,1,"London : printed for the proprietors; and sold by S. Bladon, No. 13, in Pater-Noster-Row, MDCCLXXX. [1780][-81].",London,774,female,,,False
0288600300_000028,"Memoirs of an unfortunate queen. Interspersed with letters (written by herself) to several of her illustrious relations and friends, on various subjects and occasions.","Caroline Mathilde, Queen consort of Christian VII, King of Denmark",20,1776,1,1,"London : printed for J. Bew, in Pater-Noster-Row, 1776.",London,264,female,1751,1775,False
1426801400_000060,"Letters from Lord Rivers to Sir Charles Cardigan, and to other English correspondents, while he resided in France. Translated from the original French of Madame Riccoboni, by Percival Stockdale. In two volumes.",Marie Jeanne Riccoboni,9,1785,1,1,"Dublin : printed by S. Colbert. (at the established circulating library) No. 136, Capel-street, opposite Abbey-street; where every new book is hired out, 1785.",Dublin,289,female,1713,1792,False
0144600102_000020,The history of England from the accession of James I. to that of the Brunswick line. ... By Catherine Macaulay.,Catharine Macaulay,24,1763,2,8,"London : printed for J. Nourse; R. and J. Dodsley; and W. Johnston, 1763-83.",London,515,female,1731,1791,True
1279000402_000055,"Ingenious and diverting letters of a lady's travels into Spain; describing the devotions, nunneries, humour, Customs, Laws, Militia, Trade, Diet, and Recreations of that people. Intermix'd with great variety of modern adventures, and surprizing accidents: being the truest and best Remarks extant, on that Court and Country. The ninth edition. With the addition of a letter of the state of Spain, as it was in the year 1700. By an English gentleman. In two volumes.",Madame d'Aulnoy,13,1722,2,2,"London : printed for E. Bell, J. Darby, A. Bettesworth, F. Fayram, J. Pemberton, J. Hooke, C. Rivington, F. Clay, J. Batley, and E. Symon, M.DCC.XXII. [1722].",London,300,female,1651,1705,False
0874400101_000004,The history of Sir George Warrington; or the political Quixote. By the author of The female Quixote. In three volumes. ...,Charlotte Lennox,17,1797,1,3,"London : printed for J. Bell, Oxford-Street, MDCCXCVII. [1797].",London,208,female,1729,1804,True
0093100300_000056,"The works (never before published) of Jeanne-Marie Phlipon Roland, wife of the ex-minister of the interior; containing her philosophical and literary essays, Writtin Previous To Her Marriage; Her Correspondence, And Her Travels. To Which Are Annexed The Justificative Documents Relative To Her Imprisonment And Condemnation. The whole preceded by a preliminary discourse, interspersed with notes, illustrative and explanatory, by L. A. Champagneux. Translated from the French.",Manon Roland,24,1800,1,1,"London : printed for J. Johnson, ST. Paul's Church-Yard. 1800. Luke Hansard, printer, Great Turnstile, Lincoln's Inn Fields, [1800].",London,404,female,1754,1793,False
0463500601_000067,"A journey made in the summer of 1794, through Holland and the western frontier of Germany, with a return down the Rhine: to which are added Observations during a tour to the lakes of Lancashire, Westmoreland, and Cumberland. In two volumes. ... . Second edition. By Ann Radcliffe.",Ann Radcliffe,12,1795,1,2,"London : printed for G. G. and J. Robinson, Paternoster-Row, MDCCXCV. [1795].",London,482,female,1764,1823,True
0567601102_000070,Letters from Emerance to Lucy. Translated from the French of Madame Le Prince de Beaumont. In two volumes. ...,Jeanne-Marie Leprince de Beaumont,12,1766,2,2,"London : printed for J. Nourse, in the Strand, Bookseller to His Majesty, MDCCLXVI. [1766].",London,341,female,1711,1780,False
0857900800_000001,"Reasons why the people called Quakers cannot so fully unite with the Methodists, in their missions to the negroes in the West India Islands and Africa, As Freely to Contribute Thereto; with a Few Queries consonant therewith. By Catharine Phillips.","Phillips, Catharine",9,1793,1,1,"London : printed and sold by James Phillips, George-Yard, Lombard-Street, 1793.",London,21,female,1727,1794,False
1367800300_000021,"The life and amorous adventures of Lucinda, an English lady, her courageous and undaunted behaviour at sea, in an engagement wherein she was taken by a rover of Barbury, and sold a slave at Constantinople. An account of her treatment there, with several particular customs of the Turks. Her unexpected deliverance, with the lcuky meeting of her first love, their return and settlement in their own country, where she at present resides. Written by her self. Intermixed with two diverting novels, the one call'd Conjugal duty rewarded, or, The rake reform'd. The other, Fortune favours the bold, or, The happy milanese.",Penelope Aubin,22,1722,1,1,"London : Printed for E. Bell, J. Darby, A. Bettesworth, F. Fayram, J. Pemberrton, J. Hooke, C. Rivington, F. Clay, J. Batley, and E. Symon, M.DCC.XXII. [1722].",London,144,female,1679,1731,False
1143200100_000020,"Poems, dramatic and miscellaneous. By Mrs. M. Warren. [Two lines from Pope].",Mercy Otis Warren,15,1790,1,1,"Printed at Boston : by I. Thomas and E.T. Andrews. At Faust's Statue, no. 45, Newbury Street, MDCCXC. [1790].",Boston,251,female,1728,1814,False
0363500201_000014,"La belle assemblée: being a curious collection of some very remarkable incidents which happen'd to persons of the first quality in France. Interspers'd with entertaining and improving observations made by them on several Passages in History, both Ancient and Modern. Written in French for the Entertainment of the King, and dedicated to him by Madam de Gomez. Adorn'd with copper-plates. In four volumes.",Madeleine Angélique Poisson Gomez,6,1765,1,4,"London : printed for H. Woodfall, W. Strahan, J. Rivington, R. Baldwin, W. Johnston, C. Rivington, R. Horsfield, G. Keith, W. Nichol, C. and R. Ware, M. Richardson, J. and T. Pote, and T. Burnet, MDCCLXV. [1765].",London,282,female,1684,1770,False
1237200300_000026,"Anecdotes of the late Samuel Johnson, L.L.D. during the last twenty years of his life. By Hesther Lynch Piozzi.",Hester Thrale,8,1786,1,1,"Dublin : printed for Messrs. Moncrieffe, White, Byrne, Cash, W. Porter, Marchbank, M'Kenzie, Moore and Jones, M,DCC,LXXXVI. [1786].",Dublin,312,female,1741,1821,True
1122700201_000020,"Constantia Neville; or, the West Indian. A novel. In three volumes. By Helena Wells, Author of ``the Step-Mother,'' &c. ...",Helena Wells,9,1800,1,3,"London : printed by C. Whittingham, Dean-Street, Fetter-Lane, for T. Cadell, jun. and W. Davies, Strand ; and W. Creech, Edinburgh, 1800.",London,398,female,,,False
0786900400_000077,"Friendship in death: in twenty letters from the dead to the living. To which are added, letters moral and entertaining, in prose and verse. In three parts. By Mrs Elisabeth Rowe.",Elizabeth Rowe,15,1772,1,1,"Edinburgh : [s.n.], Printed in the Year MDCCLXXII. [1772].",Edinburgh,326,female,1674,1737,True
0604800700_000015,"Poems by the most deservedly admired Mrs. Katherine Philips, the matchless Orinda. To which is added Monsieur Corneille's tragedies of Pompey and Horace, with several other translations out of French.",Katherine Philips,9,1710,1,1,"London : printed for Jacob Tonson, within Grays-Inn Gate next Grays-Inn Lane, MDCCX. [1710].",London,607,female,1631,1664,False
0005000100_000001,"The noble slaves: or, the lives and adventures of two lords and two ladies, who were shipwreck'd ... By Mrs. Aubin.",Penelope Aubin,13,1722,1,1,"London : printed for E. Bell, J. Darby, A. Bettesworth, F. Fayram, J. Pemberton [and 5 others in London], 1722.",London,213,female,1679,1731,False
0113000101_000035,"All the histories and novels written by the late ingenious Mrs. Behn, intire in two volumes. Published by Mr. Charles Gildon.",Aphra Behn,20,1722,1,2,"London : printed by J.D. for M.P. and sold by A. Bettesworth, and F. Clay, 1722.",London,337,female,1640,1689,True
0008400300_000364,"The ladies history of England; from the descent of Julius Cæsar, to the summer of 1780. Calculated for the use of the ladies of Great-Britain and Ireland; and likewise adapted to general use, entertainment, and instruction. By Charlotte Cowley.","Cowley, Charlotte",17,1780,1,1,"London : printed for the proprietors; and sold by S. Bladon, No. 13, in Pater-Noster-Row, MDCCLXXX. [1780][-81].",London,774,female,,,False
0191002601_000003,"Evenings at home; or, the juvenile budget opened. Consisting of a variety of miscellaneous pieces, ...",Anna Laetitia Barbauld,13,1792,1,6,"London : printed for J. Johnson, 1792-96.",London,157,female,1743,1825,True
1411700100_000009,"Acts and laws, of His Majesty's colony of Rhode-Island, and Providence-Plantations, in New-England, in America.","Franklin, Ann",8,1745,1,1,"Newport, Rhode-Island : Printed by the Widow Franklin, and to be sold at the town school-house, M,DCC,XLV. [1745].",Newport,338,female,1695,1763,False
0940700803_000045,"The old manor house. A novel, in four volumes. By Charlotte Smith.",Charlotte Turner Smith,9,1793,3,4,"London : printed for J. Bell, 1793.",London,340,female,1749,1806,True
0102800403_000017,"Genuine memoirs of Jane Elizabeth Moore. Late of Bermondsey, in the county of Surry. Written by herself: containing the singular adventures of herself and family. Her Sentimental Journey through Great Britain: specifying the various Manufactures carried on at each Town. A comprehensive Treatise on the Trade, Manufactures, Navigation, Laws and Police of this Kingdom, and the necessity of a Country Hospital. To which is prefixed ...","Moore, Jane Elizabeth           1738",15,1786,3,3,"London : printed at the Logographic Press. Printing-House-Square, Black Friars; and sold by J. Bew, Pater-Noster-Row; W. Richardson, Under the Royal Exchange; G. Golding, James Street, Covent-Garden; and by all other book-sellers in town and country, [1786?].",London,291,female,,,False
1401700300_000035,"Two voyages to Sierra Leone, during the years 1791-2-3, in a series of letters, By Anna Maria Falconbridge. To which is added, a letter from the author, to Henry Thornton, Esq. M.P. and chairman of the Court of Directors of the Sierra Leone Company.","Falconbridge, A. M. (Anna Maria)",13,1794,1,1,"London : Printed for the author, and sold by different booksellers throughout the Kingdom, 1794.",London,291,female,,,False
0984900200_000064,"Geography and history. Selected by a lady, for the use of her own children.",Lady,16,1790,1,1,"London : printed for B. Law, No. 13, Ave-Maria Lane, Ludgate Street, MDCCXC. [1790].",London,377,female,,,False
0036600400_000030,"All the histories and novels written by the late ingenious Mrs. Behn, Entire in One Volume. Viz. I. The History of Oroonoko, or the Royal Slave. Written by the Command of King Charles the Second. II. The Fair Jist, or Prince Tarquin. III. Agnes de Castro, or the Force of Generous Love. IV. The Lover's Watch, or the Art of making Love; being Rules for Courtship for every Hour of the Day and Night. V. The Ladies Looking-Glass to Dress themselves by, or the whole Art of Charming all Mankind. VI. The Lucky Mistake. Vii. Memoirs of the Court of the King of Banram. Viii. The Nun, or the Perjured Beauty. IX The Adventure of the Black Lady. Together with the history of the life and memoirs of Mrs. Behn. By one of the Fair Sex. Intermix'd with Pleasant Love-Letters that pass'd betwixt her and Minheer Van Bruin, a Dutch Merchant; with her Character of the Country and Lover: And her Love-Letters to a Gentleman in England.",Aphra Behn,12,1705,1,1,"London : printed for R. Wellington, at the Dolphin and Crown in St. Paul's Church-Yard, 1705.",London,469,female,1640,1689,True
0484700402_000077,"The old manor house. A novel, in two volumes. By Charlotte Smith. ...",Charlotte Turner Smith,7,1793,2,2,"Dublin : printed for Messrs. G. Burnet, P. Wogan, P. Byrne, H. Colbert, J. Moore [and 6 others in Dublin], 1793.",Dublin,381,female,1749,1806,True
0311301001_000021,"All the histories and novels written by the late ingenious Mrs. Behn, intire in two volumes. Published by Mr. Charles Gildon.",Aphra Behn,9,1735,1,2,"London : printed for W. Feales, at Rowe's Head, against St. Clement's Church in the Strand; R. Wellington, at the Dolphin and Crown, without Temple-Bar; J. Brindley, at the King's Arms in New Bond-Street; C. Corbett, at Addison's Head, against St. Dunstan's Church in Fleet-Street; A. Bettesworth, and F. Clay, in trust for B. Wellington, M.DCC.XXXV. [1735].",London,337,female,1640,1689,True
1419500201_000001,A tour in Switzerland; or A view of the present state of the governments and manners of those cantons: With comparative sketches of the present state of Paris. By Helen Maria Williams.,Helen Maria Williams,17,1798,1,2,"Dublin : Printed for P. Wogan, J. Moore, W. Porter, and B. Fitzpatrick, 1798.",Dublin,249,female,1762,1827,True
0355800102_000069,"Tales of the castle: or, stories of instruction and delight. Being Les veillées du chateau, written in French by Madame la Comtesse de Genlis, Author of the Theatre of Education, Adela and Theodore, &c. Translated into English by Thomas Holcroft. ...",Stéphanie Félicité du Crest de Saint-Aubin,9,1785,2,4,"Dublin : printed for Messrs. Price, Moncrieffe, Jenkin, Walker, Burton, Exshaw, White, Byrne, Parker, H. White-Stone, and Cash, MDCCLXXXV. [1785].",Dublin,282,female,1746,1830,True
1577700200_000011,The history of Sir George Ellison. In two volumes.,Sarah Scott,8,1767,1,1,"Dublin : printed by W. Sleater, J. Potts, and J. Williams, MDCCLXVII. [1767].",Dublin,295,female,1720,1795,True
0315000700_000038,"All the histories and novels written by the late ingenious Mrs. Behn, intire in one volume. Viz. I. The History of Oroonoko; Or, the Royal-Slave. Written by the Command of King Charles the Second. II. The Fair Jilt; Or, Prince Tarquin. III. Agnes de Castro; Or, the Force of generous Love. IV. The Lover's Watch; Or, the Art of making Love: Being Rules for Courtship for every Hour of the Day and Night. V. The Ladies Looking-Glass to Dress themselves by; Or, the whole Art of Charming all Mankind. VI. The Lucky Mistake. Vii. Memoirs of the Court of the King of Bantam. Viii. The Nun; Or, the Perjured Beauty. IX. The Adventure of the Black Lady. Together with the history of the life and memoirs of Mrs. Behn. By one of the fair sex. Intermix'd with Pleasant Love-Letters that pass'd betwixt her and Minheer Van Bruin, a Dutch Merchant; with her Character of the Country and Lover: And her Love-Letters to a Gentleman in England.",Aphra Behn,14,1718,1,1,"London : printed by J. D. for M. Wellington, at the King's-Head, against St. Clement's Church in the Strand, M.DCC.XVIII. [1718].",London,486,female,1640,1689,True
0236000404_000041,"Letters from France: containing a great variety of interesting and original information concerning the most important events that have lately occurred in that country, and particularly respecting the campaign of 1792. ...",Helen Maria Williams,12,1793,4,4,"London : printed for G. G. and J. Robinson, Paternoster-Row, M.DCC.XCIII. [1793].",London,272,female,1762,1827,True
0180500700_000023,"The antidote; or an enquiry into the merits of a book, entitled A journey into Siberia, made in MDCCLXI in Obedience to an Order of the French King, and published, with Approbation, by the Abbé Chappe D'Auteroche, of the Royal Academy of Sciences: In which many essential Errors and Misrepresentations are pointed out and confuted; and many interesting Anecdotes added, for the better Elucidation of the several Matters necessarily discussed: By a lover of truth. Translated into English by a Lady, and Dedicated, with Permission, to her Imperial Majesty the Czarina.",Catherine II of Russia,16,1772,1,1,"London : printed for S. Leacroft, Opposite Spring-Garden, Charing-Cross, MDCCLXXII. [1772].",London,206,female,1729,1796,False
0510800900_000017,"A compendious system of astronomy, in a course of familiar lectures, In which the Principles of that Science are clearly elucidated, so as to be intelligible to those who have not studied the Mathematics: also trigonometrical and celestial problems, with a key to the ephemeris, and a vocabulary of the terms of science Used In The Lectures, Which latter are explained agreeably to their Application in them. By Margaret Bryan.","Bryan, Margaret           1815",22,1799,1,1,"London : printed, by H.L. Galabin, Ingram-Court, Fenchurch-Street, for J. Wallis, NO. 46, and Wynne and Scholey, NO. 45, Paternoster-Row, 1799.",London,466,female,,,False
0086100202_000012,"A residence in France, during the years 1792, 1793, 1794, and 1795; described in a series of letters from an English lady: with general and incidental remarks on the French character and manners. Prepared for the press by John Gifford, Esq. Author of the History of France, Letter to Lord Lauderdale, Letter to the Hon. T. Erskine, &c. In two volumes. ...",English Lady,10,1797,2,2,"London : printed for T. N. Longman, Paternoster Row, 1797.",London,495,female,,,False
