PassageID,Title,Author,Total termFreq,Publication Year,Volume Number,Total Volumes,Imprint,Publication Place,Total Pages,Gender,Birth Year,Death Year,Popular Authors
0363800203_000041,The works of David Mallet Esq; in three volumes.,David Mallet,72,1759,3,3,"London : printed for A. Millar, and P. Vaillant, in the Strand, MDCCLIX. [1759].",London,236,male,1705,1765,False
0386000501_000071,"Essays moral and literary. By Vicesimus Knox, M.A.",Vicesimus Knox,57,1784,1,2,"London : printed for Charles Dilly, 1784.",London,372,male,1752,1821,True
0548700100_000017,"An introduction to astronomy. In a series of letters, from a preceptor to his pupil. In which the most useful and interesting Parts of the Science are clearly and familiarly explained. Illustrated with copper-plates. By John Bonnycastle, Of the Royal Military Academy, Woolwich. The Second Edition, Corrected and Improved.",John Bonnycastle,61,1787,1,1,"London : printed for J. Johnson, No. 72, St. Paul's Church-Yard, MDCCLXXXVII. [1787].",London,481,male,1751,1821,False
0557200101_000071,"Essays moral and literary. By Vicesimus Knox, ... In three volumes. ...",Vicesimus Knox,59,1793,1,3,"London : printed for Charles Dilly, 1793.",London,501,male,1752,1821,True
0252400700_000057,"On the importance of religious opinions. From the French of Mons. Necker. A new translation, to which is prefixed a short account of the author.",Jacques Necker,70,1789,1,1,"Edinburgh : printed for W. Gordon and J. Dickson, M,DCC,LXXXIX. [1789].",Edinburgh,384,male,1732,1804,False
0220001900_000037,"A plea for the divinity of our Lord Jesus Christ. In a pastoral letter addressed to a congregation of protestant dissenters, at Cambridge.",Robert Robinson,65,1776,1,1,"Cambridge : printed by and for Fletcher and Hodson: sold by G. Keith, in Gracechurch-Street; E. and C. Dilly, in the Poultry; J. Buckland, and S. Crowder, Paternoster-Row, London, M.DCC.LXXVI. [1776].",Cambridge,110,male,1735,1790,False
1098300303_000002,The rambler. In four volumes. ...,Samuel Johnson,51,1779,3,4,"London : printed for W. Strahan, J. Rivington and Sons, J. Hinton, B. Collins, T. Longman, T. Caslon, B. Law, T. Carnan, G. Robinson, T. Lowndes, T. Cadell, H. Baldwin, F. Newbery, J. Knox, J. Bew, J. Nichols, W. Goldsmith, and W. Fox, MDCCLXXIX. [1779].",London,324,male,1709,1784,True
0133300202_000072,"The history of ancient Greece, its colonies, and conquests; from the earliest accounts till the division of the Macedonian Empire in the east Including the History of Literature, Philosophy, and the Fine Arts. By John Gillies, L L. D. F. A. S.",John Gillies,55,1790,2,5,"Basil : printed for J. J. Tourneisen; and J. L. Legrand, MDCCXC. [1790].",Basel,408,male,1747,1836,False
0827800201_000005,"The travels of Cyrus. In two volumes. To which is annex'd, A discourse upon the theology and mythology of the pagans. By the Chevalier Ramsay. ...",Andrew Michael Ramsay,74,1730,1,2,"London : printed: and sold by T. Woodward, at the Half-Moon over-against St. Dunstan's Church, Fleet-Street; and J. Peele, at Locke's-Head in Pater-Noster Row, MDCCXXX. [1730].",London,386,male,1686,1743,True
1172900200_000005,"The travels of Cyrus. To which is annexed, A discourse upon the theology and mythology of the pagans. By the Chevalier Ramsay.",Andrew Michael Ramsay,79,1763,1,1,"London : printed by James Bettenham: and sold by L. Hawes, W. Clarke, and R. Collins, in Pater-Noster Row, M.DCC.LXIII. [1763].",London,385,male,1686,1743,True
0137700600_000032,"The life of Francis Bacon, Lord Chancellor of England. By David Mallet, Esq;",David Mallet,68,1768,1,1,"London, MDCCLXVIII [1768.].",London,202,male,1705,1765,False
0097200101_000027,"The works of Francis Bacon, Baron of Verulam, Viscount St. Alban, Lord High Chancellor of England. In four volumes. With several additional pieces, never before printed in any edition of his works. To which is prefixed, a new life of the author, by Mr. Mallet.",Francis Bacon,69,1740,1,4,"London : printed for A. Millar, against St. Clement's Church, in the Strand, M.DCC.XL. [1740].",London,644,male,1561,1626,True
0106700301_000071,"Essays moral and literary. By Vicesimus Knox, M. A. Late Fellow of St. John's College, Oxford. In three volumes. ...",Vicesimus Knox,55,1787,1,3,"London : printed for Charles Dilly, MDCCLXXXVII. [1787].",London,501,male,1752,1821,True
0995901600_000016,"A discourse on the study of the law of nature and nations; introductory to a course of lectures on that science, Delivered in Lincoln's Inn Hall, in the Years 1799 and 1800, In Pursuance Of AN Order Of The Honourable Society Of Lincoln's Inn. Third edition, corrected and enlarged. By James Mackintosh, Esq. Of Lincoln's Inn, Barrister At Law.",James Mackintosh,68,1800,1,1,"London : printed [by S. Gosnell] for T. Cadell, Jun. and W. Davies , In The Strand ; J. Debrett , Piccadilly ; and W. Clarke, Portugal Street, Lincoln's Inn, 1800.",London,74,male,1765,1832,False
0522600200_000014,"Advice to a student in the university, concerning the qualifications and duties of a minister of the Gospel in the Church of England. By John Napleton, D. D. Canon residentiary of Hereford, chaplain to the Lord Bishop of Hereford.","Napleton, John",49,1795,1,1,"Oxford : printed for Fletcher and Hanwell; sold by Mess. Rivington, London, MDCCXCV. [1795].",Oxford,155,male,1738,1817,False
0410300500_000001,"The rule of life: in select sentences, collected from the greatest authors, antient and modern.",,57,1758,1,1,"London : printed for J. Hinton, at the King's-Arms, in Newgate-Street, M.DCC.LVIII. [1758].",London,309,unknown,,,False
1124300101_000174,"The history of ancient Greece, its colonies and conquests; from the earliest accounts, till the division of the Macedonian Empire in the East. ... In three volumes. ... By John Gillies, LL.D.",John Gillies,56,1786,1,3,"Dublin : printed for Messrs. Burnet, Colles, Moncrieffe, Exshaw, White, [and 6 others in Dublin], 1786.",Dublin,608,male,1747,1836,False
0548700100_000025,"An introduction to astronomy. In a series of letters, from a preceptor to his pupil. In which the most useful and interesting Parts of the Science are clearly and familiarly explained. Illustrated with copper-plates. By John Bonnycastle, Of the Royal Military Academy, Woolwich. The Second Edition, Corrected and Improved.",John Bonnycastle,59,1787,1,1,"London : printed for J. Johnson, No. 72, St. Paul's Church-Yard, MDCCLXXXVII. [1787].",London,481,male,1751,1821,False
1756000101_000029,"The works of Francis Bacon, Baron of Verulam, ... In five volumes. ...",Francis Bacon,68,1778,1,5,"London : printed for J. Rivington and Sons; L. Davis; T. Payne; B. White; T. Davies; [and 6 others in London], 1778.",London,624,male,1561,1626,True
1175500200_000001,An essay on the investigation of the first principles of nature: together with the application thereof to solve the phænomena of the physical system. Part I. Containing a new philosophical theory; ... By Felix O'Gallagher.,"O'Gallagher, Felix",73,1784,1,1,"London : printed for J. Murray, 1784.",London,400,unknown,,,False
0814100100_000005,"The travels of Cyrus. To which is annexed, A discourse upon the theology and mythology of the pagans. By the Chevalier Ramsay.",Andrew Michael Ramsay,82,1752,1,1,"London : printed by James Bettenham: and sold by C. Hitch and L. Hawes, at the Red Lion in Pater-Noster-Row, M.DCC.LII. [1752].",London,387,male,1686,1743,True
0125500202_000054,Sermons on practical subjects; by the Rev. Philip Holland. In two volumes. ...,"Holland, Philip",68,1792,2,2,"Warrington : printed by W. Eyres, and sold by J. Johnson, St. Paul's Church-Yard, London, J. Haslingden and I. Clarke, Manchester, S. Crane, Liverpool, and Kay, Bolton, MDCCXCII. [1792].",Warrington,436,male,1721,1789,False
0800900201_000126,"Historia litteraria: or, an exact and early account of the most valuable books published in the several parts of Europe. ... . With a compleat alphabetical index.",,84,1731,1,4,"London : printed for N. Prevost, over-against Southampton-Street in the Strand; and E. Symon, in Cornhill, M.DCC.XXXI. [1731] [i.e. 1731-34].",London,564,unknown,,,False
0707101400_000003,"An essay tending to prove that Christianity has promoted the happiness of man, as an intellectual, moral and social being.",,51,1800,1,1,"Cambridge : printed by M. Watson; Angel Inn Yard. And sold by J. Deighton, J. Nicholson, and O. Gregory: by Mathews, Strand; Button, Paternoster-Row, and W. H. Lunn, Oxford-Street, London, 1800.",Cambridge,96,unknown,,,False
0252400700_000064,"On the importance of religious opinions. From the French of Mons. Necker. A new translation, to which is prefixed a short account of the author.",Jacques Necker,71,1789,1,1,"Edinburgh : printed for W. Gordon and J. Dickson, M,DCC,LXXXIX. [1789].",Edinburgh,384,male,1732,1804,False
0113900500_000025,"Sermons preached before the university of Oxford at St. Mary's in the year M DCC XC. at the lecture founded by the late Rev. John Bampton, M. A. Canon of Salisbury. By Henry Kett, M. A. Fellow of Trinity College.",Henry Kett,47,1791,1,1,"Oxford : sold by J. Fletcher; D. Prince and J. Cooke; Merril, Cambridge: Mess. Rivington, St. Paul's Church-Yard [London]; Egertons, Whitehall; Payne, Mews-Gate; and Nicol, Pall-Mall, London, MDCCXCI. [1791].",Oxford,345,male,1761,1825,False
0519900600_000005,The travels of Cyrus.,Andrew Michael Ramsay,80,1730,1,1,"London : printed by James Bettenham, MDCCXXX. [1730].",London,503,male,1686,1743,True
0683400900_000005,"Essays on philosophical subjects. By the late Adam Smith, LL. D. Fellow of the Royal Societies of London and Edinburgh, &c. &c. To which is prefixed, An account of the life and writings of the author; by Dugald Stewart, F. R. S. E.",Adam Smith,54,1795,1,1,"London : printed for T. Cadell Jun. and W. Davies (successors to Mr. Cadell) in the Strand; and W. Creech, Edinburgh, 1795.",London,329,male,1723,1790,True
1776900200_000002,"Etymologicon magnum, or universal etymological dictionary, on a new plan. With illustrations drawn from various languages: ... Part the first.",Walter Whiter,72,1800,1,1,"Cambridge : printed by Francis Hodson, for the author; and sold by J. Deighton: sold also by G. G. and J. Robinson, T. Payne, W. H. Lunn, London; and J. Cooke, Oxford, 1800.",Cambridge,582,male,1758,1832,False
0234800201_000001,"The christian philosopher; or, a divine essay on the principles of man's universal redemption, in Two Volumes. ... . Book I. Containing, The Cosmogony of Moses, or a Divine Essay on the Principles, and Causes, employed by Almighty God in the Creation of the World, and Formation of our Earth; demonstrating all along the Necessity of a divine Hand, both to adjust the Principles, actuate the Causes, and accelerate the Motions, that gave Being, Order, and Harmony to the six Days Work. To which are added, Remarks upon divers modern Philosophers, who, from their own unreasonable Notions, have laboured to undermine the Mosaick Plan of Creation. By Nicholas Robinson, M. D. A Member of the Royal College of Physicians, and Physician to Christ's-Hospital, London.",Nicholas Robinson,82,1757,1,2,"London : [s.n.], Printed in the Year 1757-58.",London,406,male,1697,1775,False
0989800203_000002,The rambler. In four volumes. ...,Samuel Johnson,52,1785,3,4,"Dublin : printed by D. Graisberry, for J. Jones, No. 39, College-Green, MDCCLXXXV. [1785].",Dublin,323,male,1709,1784,True
0036000700_000001,"The rule of life. A collection of select moral sentences, extracted from the greatest authors, ancient and modern, and digested under proper heads. Carefully corrected and revised, by Philologos.",Philologos,55,1783,1,1,"Berwick : printed by and for W. Phorson; and B. Law, Ave Maria Lane, London, 1783.",Berwick-upon-Tweed,264,unknown,,,False
0760000101_000033,"An ecclesiastical history, antient and modern, from the birth of Christ, ... By ... John Lawrence Mosheim, ... Translated from the original, and accompanied with notes and chronological tables, by Archibald Maclaine, ... In four volumes. ...",Johann Lorenz von Mosheim,64,1767,1,4,"Dublin : printed for Ann Leathley, 1767.",Dublin,579,male,1693,1755,False
0496500500_000005,The travels of Cyrus.,Andrew Michael Ramsay,79,1730,1,1,"London : printed by James Bettenham, MDCCXXX. [1730].",London,505,male,1686,1743,True
0413901200_000001,"The rule of life: in select sentences, collected from the greatest authors, antient and modern.",,57,1750,1,1,"London : printed: and sold by S. Austen, at the Angel and Bible in Newgate-Street; and J. Hinton, at the King's Arms, in St. Paul's Church-Yard, M.DCC.L. [1750].",London,305,unknown,,,False
0804900301_000014,"Lectures on natural and experimental philosophy, considered in its present state of improvement. Describing in a Familiar and Easy Manner The Principal Phenomena of Nature; and Shewing that they all Co-Operate in Displaying the Goodness, Wisdom, and Power of God. By the Late George Adams, Mathematical Instrument Maker to his Majesty, &c. In five volumes, the fifth volume consisting of the plates and index. The second edition, with considerable corrections and additions, by William Jones, Mathematical Instrument Maker. ...",George Adams,88,1799,1,5,"London : printed by J. Dillon, and Co. for, and sold by, W. and S. Jones, opticians, Holborn, [1799].",London,621,male,1750,1795,False
0255800400_000075,"An inquiry into the causes of the infidelity and scepticism of the times: with occasional observations on the writings of Herbert, Shaftesbury, Bolingbroke, Hume, Gibbon, Toulmin, &c. &c. By John Ogilvie, D.D.","Ogilvie, John",59,1783,1,1,"London : printed for Richardson and Urquhart, Front of the Exchange; and W. Gordon, W. Creech, and J. Dickson, Edinburgh, M,DCC,LXXXIII. [1783].",London,487,male,1732,1813,False
0164300200_000065,"Elements of civil knowledge. By Henry Redhead Yorke, Esq.",Henry Redhead Yorke,53,1800,1,1,"Dorchester : printed for the author by T. Lockett, 1800.",Dorchester,349,male,1772,1813,False
0890400100_000051,"The compleat gentleman: or a description of the several qualifications, both Natural and Acquired, that are necessary to form a great man. Written originally in Spanish, by Baltasar Gratian, and now translated into English by T. Saldkeld.",Baltasar Gracián,54,1730,1,1,"London : printed for T. Osborne, in Gray's-Inn, MDCCXXX. [1730].",London,247,male,1601,1658,False
0403100201_000007,"The philosophical works of the Honourable Robert Boyle Esq; abridged, methodized, and disposed under the general heads of physics, statics, pneumatics, Natural History, Chymistry, and Medicine. The whole illustrated with Notes, containing the Improvements made in the several Parts of natural and experimental Knowledge since his time. In three volumes. By Peter Shaw, M.D.",Robert Boyle,67,1738,1,3,"London : printed for W. Innys and R. Manby , at the West-End of St. Paul's ; and T. Longman, in Pater-Noster-Row, M.DCC.XXXVIII. [1738].",London,768,male,1627,1691,False
0252400700_000055,"On the importance of religious opinions. From the French of Mons. Necker. A new translation, to which is prefixed a short account of the author.",Jacques Necker,81,1789,1,1,"Edinburgh : printed for W. Gordon and J. Dickson, M,DCC,LXXXIX. [1789].",Edinburgh,384,male,1732,1804,False
1120000101_000002,"The elements of Euclid, with dissertations, intended to assist and encourage a critical examination of these Elements, as the most effectual means of establishing a juster taste upon mathematical subjects, than that which at present prevails. Vol. I. By James Williamson, M. A. Fellow Of Hertford College.","Williamson, James",60,1781,1,1,"Oxford : printed at the Clarendon Press, MDCCLXXXI. [1781].",Oxford,312,unknown,,,False
0035900101_000131,"Emilius; or, an essay on education. By John James Rousseau, ... Translated from the French by Mr. Nugent. In two volumes. ...",Jean-Jacques Rousseau,55,1763,1,2,"London : printed for J. Nourse and P. Vaillant, 1763.",London,426,male,1712,1778,True
1010500100_000004,"An essay on the nature and immutability of truth, in opposition to sophistry and scepticism. By James Beattie L L. D. Professor of Moral Philosophy and Logic in the Marischal College and University of Aberdeen.",James Beattie,70,1774,1,1,"London : printed for Edward and Charles Dilly in the Poultry; and William Creech, Edinburgh, MDCCLXXIV. [1774].",London,515,male,1735,1803,False
0282900500_000018,"The antiquity of the world. By G. H. Toulmin, M.D.","Toulmin, G. H. (George Hoggart)",66,1783,1,1,"London : printed for T. Cadell, in the strand, MDCCLXXXIII. [1783].",London,231,unknown,,,False
0778400501_000022,"The beauties of the magazines, and other periodical works, selected for a series of years: consisting of Essays, Moral Tales, Characters, and other Fugitive Pieces, in Prose; By the most eminent Hands; viz. Colman, Goldsmith, Murphy, Smollet, Thornton, &c. Also Some Essays by D. Hume, Esq; Not inserted in the late Editions of his Works: With many other miscellaneous Productions of equal Merit. None of these Pieces are to be found in the Works that pass under the Names of the above Authors. ...",,59,1775,1,2,"Altenburgh : printed for Gottlob Emanuel Richter, MDCCLXXV. [1775].",Altenburg,300,unknown,,,False
0234900102_000011,"The christian philosopher; or, a divine essay on the principles of man's universal redemption, in Two Volumes. ... . Book I. Containing, The Cosmogony of Moses, or a Divine Essay on the Principles, and Causes, employed by Almighty God in the Creation of the World, and Formation of our Earth; demonstrating all along the Necessity of a divine Hand, both to adjust the Principles, actuate the Causes, and accelerate the Motions, that gave Being, Order, and Harmony to the six Days Work. To which are added, Remarks upon divers modern Philosophers, who, from their own unreasonable Notions, have laboured to undermine the Mosaick Plan of Creation. By Nicholas Robinson, M. D. A Member of the Royal College of Physicians, and Physician to Christ's-Hospital, London.",Nicholas Robinson,82,1757,2,2,"London : [s.n.], Printed in the Year 1757-58.",London,383,male,1697,1775,False
0268200900_000005,"The travels of Cyrus. To which is annexed, A discourse upon the theology and mythology of the pagans. By the Chevalier Ramsay.",Andrew Michael Ramsay,77,1778,1,1,"London : printed for J. Rivington and Sons, T. Caslon, T. Longman, B. Law, J. Johnson, J. Bew, and Fielding and Walker, MDCCLXXVIII. [1778].",London,415,male,1686,1743,True
0320800502_000037,"The history of ancient Greece, its colonies, and conquests; from the earliest accounts till the division of the Macedonian Empire in the east Including the History of Literature, Philosophy, and the Fine Arts. By John Gillies, LL. D. F. R. S. & A. S. The third edition, in four volumes. ...",John Gillies,49,1792,2,4,"London : printed for A. Strahan; and T. Cadell, in the Strand, MDCCXCII. [1792]-93.",London,420,male,1747,1836,False
0771301500_000040,"Select discourses on various subjects. By Secker, Warburton, Jortin, Powell, Mann, Porteus, Blair, Balguy, And Bishop of Landaff.",,47,1786,1,1,"Dublin : printed by George Grierson, Printer to the King's Most Excellent Majesty, 1786.",Dublin,340,unknown,,,False
0508700102_000099,"Elements of the philosophy of the human mind. By Dugald Stewart, ...",Dugald Stewart,61,1814,2,3,"London : printed for A. Strahan, and T. Cadell; and W. Creech, Edinburgh, 1792-1827.",London,564,male,1753,1828,False
0905400401_000003,"A new and complete illustration of the occult sciences: or, the art of foretelling future events and Contingencies, by the Aspects, Positions, and Influences, of the heavenly bodies. Founded on Natural Philosophy, Scripture, Reason, and the Mathematics. In four parts. Part I. An Enquiry into, and Defence of, Astrology; with an interesting Discourse on Natural and Occult Philosophy-in which the Wisdom and Omnipotence of God; the intellectual Faculties of Angels, Spirits, and Men; the Order, Harmony, Sympathy, and wonderful Properties, of the Celestial and Terrestrial Worlds; the Signs, Influences, and Effects, of the Heavenly Bodies upon all animal, vegetable, and mineral, Substances; the Number of the Spheres; the Method of erecting the Horoscope to cast Nativities; and the Doctrine of Horary Questions; are clearly exemplified and explained. Part II. Examples for acquiring a Practical Knowledge of Astrology, with Rules for calculating, rectifying, and judging, Nativities; by which the Reader is enabled to discover, with Precision and Accuracy, every material Incident of his future Life and Fortune. Illustrated by a Variety of new, entertaining, and curious, Questions, lately resolved, upon every material Occurrence in public and private Life. With a Collection of the most remarkable Nativities that have been cast for Kings, Princes, and other eminent Men, by the most celebrated Professors of this Science, in all Ages of the World; with astonishing Instances of their exact Completion. Part III. Meteorological Astrology defined and explained: Wherein certain Rules are laid down for prejudging the Revolutions, Vicissitudes, and Misfortunes, with which every Part of the habitable World may be occasionally threatened. General Effects produced by great Conjunctions, Eclipses, Transits, Comets, Blazing Stars, and other extraordinary Phaenomena; with the Art of calculating Eclipses, Tides, and Weather, for any Number of Years to come. To-Which is added, A Collection of improved Tables, contrived to answer all the Purposes of Astronomical Calculations. Part IV. The Distinction between Astrology and the Diabolical Practice of Exorcism; in which the Methods used for raising up and consulting Spirits are laid open, with various instances of their Compacts with wicked Men. Account of Apparitions and Spirits; including a general Display of the Mysteries of Witchcraft, Divination, Charms, and Necromancy. Compiled from a Series of intense Study and Application, and founded on real Examples and Experience. By Ebenezer Sibly, Fellow of the Harmonic Philosophical Society at Paris. Embellished with curious copper-plates.","Sibly, Ebenezer",54,1790,1,2,"London : printed for the proprietor, and sold by C. Stalker, No. 4, Stationer's Court, Ludgate-Street, MDCCXC. [1790] [1792?].",London,611,male,1751,1800,False
0050800800_000062,"A treatise of the education and learning proper for the different capacities of youth; founded on the principles of natural philosophy: Whereby all Parents, Tutors, and Governors of Youth, may be informed what Sort of Learning best suits with each Genius: By the due Observation whereof, they may be enabled to adapt the Studies of their Children and Pupils to their respective Capacities, and thereby lay a just Foundation for their future Fame and Fortune. principally extracted from the Examen de ingenios of the famous Spaniard Dr. John Huartes: A Work so universally admir'd, that it has been translated into Latin, and all the Modern Languages.","Huarte, Juan",51,1734,1,1,"London : printed for C. Rivington, at the Bible and Crown in St. Paul's Churchyard; J. Osborn, at the Golden-Ball in Pater-Noster-Row, and J. Leake, at Bath, M.DCC.XXXIV. [1734].",London,192,male,1529,1588,False
0664500102_000057,The rambler. In three volumes. ...,Samuel Johnson,49,1794,2,3,"London : printed for T. Longman, B. Law and Son, H. Baldwin, C. Dilly, G. G. and J. Robinson, T. Cadell, J. Nichols, F. and C. Rivington, W. Goldsmith, H. Murray, W. Otridge, W. Lowndes, S. Hayes, R. Faulder, G. and T. Wilkie, P. Macqueen, B. Collins, Hookham and Carpenter, Darton and Harvey, Vernor and Hood, Cadell jun. and Davies, and R. Jameson, MDCCXCIV. [1794].",London,466,male,1709,1784,True
1267700203_000007,"The historical, biographical, literary, and scientific magazine. The history of Europe, for the year 1799. With an obituary and biographical sketches of persons deceased in that year, &c. &c. By Robert Bisset, LL.D. With the assistance of other literary gentlemen. ...",Robert Bisset,53,1800,3,3,"London : printed and published by G. Cawthorn , British Library, NO. 132, Strand, Bookseller To Her Royal Highness The Princess Of Wales : sold also by Messrs. Richardson , Royal-Exchange ; H. D. Symonds, J. Wallis, West and Hughes , Paternoster-Row ; J. Wright , Piccadilly ; P. Hill, Edinburgh; and all the booksellers in town and country, [1800?].",London,604,male,1759,1805,False
1039300301_000158,"Studies of nature. By James-Henry-Bernardin de Saint-Pierre. Translated by Henry Hunter, D. D. minister of the scots church, london-wall. In two volumes. ...",Jacques-Henri Bernardin de Saint-Pierre,60,1798,1,2,"Dublin : printed for, P. Byrne, No. 108, Graftonstreet, 1798.",Dublin,769,male,1737,1814,False
1092101000_000051,"The compleat gentleman: or, a description of the several qualifications both natural and acquired, that are necessary to form a great man. Written originally in Spanish, by Baltasar Gratian, and now translated into English by T. Saldkeld.",Baltasar Gracián,56,1760,1,1,"Dublin : printed for P. Lord in Cook-Street, Book-Seller, M,DCC,LX. [1760].",Dublin,180,male,1601,1658,False
1108900603_000049,"The free-thinker: or, essays of wit and humour. Written by Dr. Boulter, ... the Right Honourable Richard West, ... the Reverend Dr. Gilbert Burnet, the Reverend Mr. Henry Stephens, and Ambrose Philips, ... In three volumes.",Ambrose Philips,63,1740,3,3,"London : printed for John Hinton, 1740.",London,267,male,1674,1749,True
0247200100_000004,"Literary hours or sketches critical and narrative, by Nathan Drake, M. D.",Nathan Drake,47,1798,1,1,"Sudbury : printed by J. Burkitt. Sold by T. Cadell, junior, and W. Davies, Strand, London. 1798. Entered at Stationers' Hall, [1798].",Sudbury,532,male,1766,1836,False
0891400700_000010,"An account of Sir Isaac Newton's philosophical discoveries, in four books. By Colin Maclaurin, A. M. Late Fellow of the Royal Society, Professor of Mathematics in the University of Edinburgh, and Secretary to the Philosophical Society there. Published from the Author's Manuscript Papers, By Patrick Murdoch, M. A. and F.R.S.",Colin Maclaurin,71,1750,1,1,"London : printed for A. Millar, at Buchanan's-Head over against Catharine-Street in the Strand, M.DCC.L. [1750].",London,455,male,1698,1746,False
1299500102_000042,"The history of America. By William Robertson, D.D. Principal of the University of Edinburgh, historiographer to His Majesty for Scotland, and member of the Royal Academy of history at Madrid.",William Robertson,64,1787,2,3,"Vienna : Printed for F.A. Schræmbl, corner in the Karnthner-Street, Nro. 1053, 1787.",Vienna,530,male,1721,1793,True
0987600100_000002,"Thoughts of Patricius, an utilitist, on the interests of mankind, and particularly on those of the Irish nation. Also, a few occasional tracts. The whole written late in life, by an honorary member of the Dublin Society.","Geoghegan, Richard",56,1785,1,1,"Dublin : printed by Joseph Hill, No. 8, Cope-Street, M,DCC,LXXXV. [1785].",Dublin,355,unknown,,,False
0588000101_000048,"Athenian letters: or, the epistolary correspondence of an agent of the King of Persia, residing at Athens during the Peloponnesian war. A new edition; to which is prefixed a geographical index. In two volumes. Illustrated with engravings, and a map of antient Greece. ...","Hardicke, Philip Yorke, Earl of",48,1798,1,2,"London : printed for T. Cadell Jun. and W. Davies in the Strand., 1798.",London,522,male,1720,1790,False
0804900301_000013,"Lectures on natural and experimental philosophy, considered in its present state of improvement. Describing in a Familiar and Easy Manner The Principal Phenomena of Nature; and Shewing that they all Co-Operate in Displaying the Goodness, Wisdom, and Power of God. By the Late George Adams, Mathematical Instrument Maker to his Majesty, &c. In five volumes, the fifth volume consisting of the plates and index. The second edition, with considerable corrections and additions, by William Jones, Mathematical Instrument Maker. ...",George Adams,79,1799,1,5,"London : printed by J. Dillon, and Co. for, and sold by, W. and S. Jones, opticians, Holborn, [1799].",London,621,male,1750,1795,False
0359100201_000019,"Contemplations on the beauties of creation, and on all the principal truths and blessings of the glorious gospel; with the sins and graces of Professing Christians. Vol. I. The third edition. By John Ryland, A. M. of Northampton.",John Collett Ryland,68,1780,1,1,"Northampton : printed by Thomas Dicey, M.DCC.LXXX. [1780].",Northampton,447,male,1723,1792,False
0958200400_000025,"An introduction to astronomy. In a series of letters, from a preceptor to his pupil. In which the most useful and interesting Parts of the Science are clearly and familiarly explained. Illustrated with copper-plates. By John Bonnycastle, Of the Royal Military Academy, Woolwich.",John Bonnycastle,53,1796,1,1,"London : printed for J. Johnson, No. 72, St. Paul's Church-Yard, MDCCXCVI. [1796].",London,467,male,1751,1821,False
0229700201_000005,"The travels of Cyrus: To which is annexed, A discourse upon the theology and mythology of the pagans. By the Chevalier Ramsay. ...",Andrew Michael Ramsay,80,1755,1,2,"Glasgow : printed and sold by R. & A. Foulis, M.DCC.LV. [1755].",Glasgow,261,male,1686,1743,True
0074400102_000131,"Essays and treatises on several subjects. In two volumes. By David Hume, Esq. ... . Containing Essays, Moral, Political, and Literary.",David Hume,70,1779,2,2,"Dublin : printed by J. Williams, (no. 21) Skinner-Row, M,DCC,LXXIX. [1779].",Dublin,516,male,1711,1776,True
0806200200_000019,"An account of the life and writings of Herman Boerhaave, Doctor of Philosophy and Medicine; Professor of the Theory, and Practice of Physic; and also of Botany, and Chemistry in the University of Leyden; President of the Chirurgical College in that City; Fellow of the Royal Society in London, and of the Royal Academy at Paris. In two parts. With an appendix.","Burton, William, M.D.",59,1743,1,1,"London : printed for Henry Lintot, MDCCXLIII. [1743].",London,220,unknown,,,False
0901500301_000002,"The history of man: or, the wonders of human nature, in relation to the virtues, vices, and defects of both sexes: with examples, Ancient and Modern, Alphabetically Digested under their Proper Heads. The whole Work Being Intermixed With Variety of Useful and Divertive Relations. ...",Nathaniel Wanley,53,1791,1,2,"Dublin : printed by Nicholas Kelly, for P. Wogan, P. Byrne, W. M'Kenzie, J. Moore, A. Grueber, W. Jones, R. White, and J. Rice. 1791.",Dublin,260,male,1634,1680,False
1271500200_000037,"Sermons on several subjects. By the Right Reverend Beilby Porteus, D. D. Bishop of Chester.",Beilby Porteus,54,1787,1,1,"London : printed for T. Payne and Son, at the Mews Gate, and T. Cadell, in the Strand, MDCCLXXXVII. [1787].",London,434,male,1731,1809,False
0255800400_000024,"An inquiry into the causes of the infidelity and scepticism of the times: with occasional observations on the writings of Herbert, Shaftesbury, Bolingbroke, Hume, Gibbon, Toulmin, &c. &c. By John Ogilvie, D.D.","Ogilvie, John",49,1783,1,1,"London : printed for Richardson and Urquhart, Front of the Exchange; and W. Gordon, W. Creech, and J. Dickson, Edinburgh, M,DCC,LXXXIII. [1783].",London,487,male,1732,1813,False
1076000800_000015,"An inquiry into the legal mode of suppressing riots. With a constitutional plan of future defence. Published in July 1780. By William Jones, Esq; of the Middle Temple. The second edition, corrected. To which is now added A speech on the nomination of candidates to represent the county of Middlesex, 9th Sept. 1780, &c.",William Jones,56,1782,1,1,"London : printed for C. Dilly, in The Poultry, MDCCLXXXII. [1782].",London,72,male,1746,1794,False
0106900601_000005,"Essays on the nature and immutability of truth, in opposition to sophistry and scepticism; on poetry and music, as they affect the mind; on laughter, and ludicrous composition; and, on the utility of classical learning. By James Beattie, ... In two volumes. ...",James Beattie,63,1778,1,2,"Dublin : printed for C. Jenkin, 1778.",Dublin,420,male,1735,1803,False
0618100200_000014,"The indian observer. By the late Hugh Boyd, Esq. With the life of the author, and some miscellaneous poems, by Lawrence Dundas Campbell.","Campbell, Lawrence Dundas",56,1798,1,1,"London : printed by T. Burton, Gate-Street, Lincoln's-Inn Fields. For T. Cadell, Jun. and W. Davis, No. 169, Strand, 1798.",London,444,unknown,,,False
0963200300_000003,"Dialogues on the nature, design, and evidence, of the theological writings of the Hon. Emanuel Swedenborg, With a brief account of some of his philosophical works.","Clowes, John",70,1795,1,1,"London : printed and sold by R. Hindmarsh, Printer To His Royal Highness The Prince Of Wales, Old-Bailey, [1795].",London,291,male,1743,1831,False
1187200300_000037,"Sermons on several subjects. By the right reverend Beilby Porteus, D. D. Bishop of Chester.",Beilby Porteus,54,1783,1,1,"London : printed for T. Payne and Son, at the Mews Gate, and T. Cadell, in the Strand, MDCCLXXXIII. [1783].",London,432,male,1731,1809,False
0968300702_000052,"Studies of nature. By James-Henry-Bernardin de Saint-Pierre. Translated by Henry Hunter, D. D. Minister of the Scots Church, London-Wall. In five volumes. ...",Jacques-Henri Bernardin de Saint-Pierre,57,1796,2,5,"London : printed for C. Dilly, in the Poultry, MDCCXCVI. [1796].",London,404,male,1737,1814,False
0542601600_000038,"Sermons on several subjects. By the Right Reverend Beilby Porteus, D. D. Bishop of London. Vol. I.",Beilby Porteus,55,1789,1,1,"London : printed for T. Payne and Son, at the Mews Gate, and T. Cadell, in the Strand, M.DCC.LXXXIX. [1789].",London,434,male,1731,1809,False
0382500301_000075,"Principles of moral and political science; being chiefly a retrospect of lectures delivered in the college of Edinburgh. By Adam Ferguson, L. L. D. & F. R. S. E. Late Professor of Moral Philosophy. In two volumes. ...",Adam Ferguson,78,1792,1,2,"Edinburgh : printed for A. Strahan and T. Cadell, London; and W. Creech, Edinburgh, MDCCXCII. [1792].",Edinburgh,349,male,1723,1816,True
0400001500_000001,"The rule of life: a collection of select moral sentences, extracted from the greatest authors, ancient and modern, and digested under proper heads.",,51,1776,1,1,"London : printed for R. Crowder, C. Ware, and T. Payne, MDCCLXXVI. [1776].",London,264,unknown,,,False
0134202800_000010,Poems on wisdom on the Deity on genius by F. Webb.,"Webb, Francis",74,1790,1,1,"Salisbury : printed and sold by E. Easton; sold also by W. Sollers, Blandford, 1790.",Salisbury,67,male,1735,1815,False
0197300200_000025,"Sermons on various subjects. By the late Rev. Benjamin Choyce Sowden, Of Emanuel College, Cambridge, and Minister of the English Episcopal Church at Amsterdam.",Benjamin Choyce Sowden,45,1798,1,1,"Bath : printed by S. Hazard: for Johnson, St. Paul's Church-Yard; and sold by Cadell and Davies, Strand; London: and by the booksellers in town and country, MDCCXCVIII. [1798].",Bath,438,male,,,False
0934701400_000037,"A plea for the divinity of our Lord Jesus Christ. In a pastoral letter addressed to a congregation of protestant dissenters, at Cambridge.",Robert Robinson,64,1782,1,1,"London : printed for W. Lepard, Newgate-Street, and J. Buckland, Paternoster-Row, MDCCLXXXII. [1782].",London,110,male,1735,1790,False
0601700500_000019,"An account of the life and writings of Herman Boerhaave, Doctor of Philosophy and Medicine; Professor of the Theory, and Practice of Physic; and also of Botany and Chemistry in the University of Leyden; President of the Chirurgical College in that City; Fellow of the Royal Society in London, and of the Royal Academy at Paris. In two parts, with an appendix. By Wm. Burton, M.D.","Burton, William, M.D.",57,1746,1,1,"London : printed for Henry Lintot, M.DCC.XLVI. [1746].",London,242,unknown,,,False
0113000601_000022,"The beauties of the magazines, and other periodical works, selected for a series of years: consisting of Essays, Moral Tales, Characters, and other Fugitive Pieces, in Prose; By the most eminent Hands; viz. Colman, Goldsmith, Murphy, Smollet, Thornton, &c. Also Some Essays by D. Hume, Esq; Not inserted in the late Editions of his Works: With many other miscellaneous Productions of equal Merit. None of these Pieces are to be found in the Works that pass under the Names of the above Authors. In two volumes. ...",,68,1772,1,2,"London : printed for Richardson and Urquhart, under the Royal Exchange, M.DCC.LXXII. [1772].",London,324,unknown,,,False
0508700102_000057,"Elements of the philosophy of the human mind. By Dugald Stewart, ...",Dugald Stewart,46,1814,2,3,"London : printed for A. Strahan, and T. Cadell; and W. Creech, Edinburgh, 1792-1827.",London,564,male,1753,1828,False
0970300202_000029,"Twelve sermons preached upon several occasions. By Robert South, D.D. The second volume.",Robert South,60,1718,2,2,"London : printed for Jonah Bowyer, at the Rose in Ludgate-Street, 1718.",London,499,male,1634,1716,True
0129802500_000008,Remarks on the very inferior utility of classical learning. By W. Stevenson.,William Stevenson,78,1796,1,1,"Manchester : printed, for the author, at the office of G. Nicholson, sold by H. D. Symonds, 20, Paternoster-Row, London, 1796.",Manchester,35,male,1772,1829,False
0601600100_000903,"A supplement to Dr. Harris's Dictionary of arts and sciences; explaining not only the Terms in Physics, Metaphysics, Ethics, Theology, History, Geography, Antiquity, Chronology, Grammar, Rhetoric, Logic, Poetry, Pharmacy, Medicine, Chymistry, Surgery, Phytology, War, Polity, Navigation, Architecture, Painting, Sculpture, Music, Commerce, Trade, Husbandry, Manage, Horticulture, &c. &c. &c. but also the arts and sciences themselves: Together with a just Account of the Origin, Progress, and State of Things, Offices, Officers, and Orders, Ecclesiastical, Civil, Military, and Commercial; the several Sects, Systems, Doctrines, and Opinions of Divines, Heresiarchs, Schismatics, Philosophers, Mathematicians, Physicians, Critics, Antiquaries, &c. Also an account of all sacred books and writings; History of General and Particular Councils; all Solemnities, Rites, Ceremonies, Fasts, Feasts, Statutes, Laws, Plays, Sports, Games, Habits, and Utensils: in all which, (as likewise in Metaphysics, Theology, Antiquity, Grammar, Rhetoric, Poetry, Polity, and other miscellaneous Subjects,) this Book is of itself entirely compleat, and more copious and extensive than any Work of this Kind, not excepting Mr. Chamber's Cyclopaedia, of which it is a very great Improvement, containing upwards of Eleven Hundred Articles which that Author has omitted; besides great Additions and Improvements in almost every Article; and will, with Dr. Harris's two Volumes, make the most useful Set of Books, and compleat Body of Arts and Sciences yet extant: Being carefully compiled from the best and most approved Authors in several Languages; enriched with many curious Manuscripts, and illustrated with Copper-Plates. N. B. Those Subjects in which Dr. Harris is any way deficient are here perfected; no trifling and Insignificent Words inserted, but only such as may convey some useful and entertaining Knowledge to the Reader; for whose further Benefit and Satisfaction, all the Authors made use of in this Work are quoted. By a Society of Gentlemen.",John Harris,67,1744,1,1,"London : printed for the authors; and sold by M. Cooper, in Pater-Noster-Row; J. Clarke and T. Comyns under the Royal-Exchange; C. Bathurst, in Fleet-Street; T. Gardner, opposite St. $$word$$ Church in the Strand; and most other Booksellers in Town and Country, M,DCC,XLIV. [1744].",London,993,male,1667,1719,False
0508403000_000003,"A sermon preached before the University of Cambridge, on Commencement-Sunday, July V, 1767. By Beilby Porteus, D D. Rector of Lambeth, Prebendary of Peterborough, and Chaplain to his Grace the Lord Archbishop of Canterbury.",Beilby Porteus,48,1767,1,1,"London : printed by J. Hughs, near Lincoln's-Inn-Fields; and sold by T. Payne, near the Mews-Gate; J. Rivington, St. Paul's Church-Yard; [in London]; T. Merrill, at Cambridge; J. Fletcher, at Oxford; G. Knapp, at Peterborough, and Messrs. Todd and Co. at York, M.DCC.LXVII. [1767].",London,23,male,1731,1809,False
0849700400_000002,"A philosophical enquiry into the nature, origin, and extent, of animal motion, deduced from the principles of reason and analogy. By Samuel Farr, M.D.",Samuel Farr,69,1771,1,1,"London : printed for T. Beckett and P. A. D'Hondt in the Strand, M,DCC,LXXI. [1771].",London,426,male,1741,1795,False
1084901100_000014,"A discourse on the study of the law of nature and nations; introductory to a course of lectures on that science, to be commenced in Lincoln's inn hall, On Wednesday, Feb. 13, 1799, in pursuance of an order of the Honourable Society of Lincoln's Inn. By James Mackintosh, Esq. of Lincoln's inn, Barrister at law.",James Mackintosh,60,1799,1,1,"London : printed for T. Cadell, jun. and W. Davies, in the Strand; J. Debrett, Piccadilly; and W. Clarke, Portugal Street, Lincoln's inn, 1799.",London,71,male,1765,1832,False
0357500300_000211,"Lectures on rhetoric and belles lettres. By Hugh Blair, D.D. one of the Ministers of the High Church, and professor of rhetoric and belles lettres in the University, of Edinburgh.",Hugh Blair,59,1784,1,1,"Philadelphia : Printed and sold by Robert Aitken, at Pope's Head in Market Street, MDCCLXXXIV. [1784].",Philadelphia,479,male,1718,1800,True
0295400903_000002,The Rambler. In four volumes. ...,Samuel Johnson,50,1785,3,4,"Dublin : printed by D. Graisberry, for Luke White, 1785.",Dublin,325,male,1709,1784,True
0039300201_000068,"Letters and sermons, with A review of ecclesiastical history, and hymns. By John Newton, Rector of St Mary, Woolnoth, London. In six volumes. ...",John Newton,58,1787,1,6,"London : printed for J. Buckland, No 57. Pater-Noster-Row; and J. Johnson, No 72. St. Paul's Church-Yard, MDCCLXXXVII. [1787].",London,385,male,1725,1807,False
0629301001_000001,"The lady's encyclopedia: or, a concise analysis of the belles lettres, the fine arts, and the sciences, in three volumes. Illustrated with fifty engraved heads, and thirty-four maps, &c. By the Rev. J. Seally, ...",John Seally,49,1788,1,3,"London : printed for J. Murray, and W. Creech, Edinburgh, 1788.",London,386,male,1747,1795,False
1282500100_000009,"Essays on the nature and immutability of truth in opposition to Sophistry and Scepticism; on poetry and music, as they affect the mind; on laughter, and ludicrous composition; on the utility of classical learning. By James Beattie, L L. D. Professor of Moral Philosophy and Logic in the Marischal College and University of Aberdeen.",James Beattie,65,1777,1,1,"Edinburgh : printed for the author: and sold by Edward and Charles Dilly, in London; and William Creech, Edinburgh, M.DCC.LXXVII. [1777].",Edinburgh,776,male,1735,1803,False
0444300105_000057,"The works of Samuel Johnson, LL.D. A new edition, in twelve volumes. With an essay on his life and genius, by Arthur Murphy, Esq. ...",Samuel Johnson,48,1796,5,12,"London : printed for T. Longman, B. Law, J. Dodsley, H. Baldwin, J. Johnson, C. Dilly, G. G. and J. Robinson, P. Elmsly, J. Nichols, R. Baldwin, H. L. Gardner, F. and C. Rivington, W. Otridge and Son, W. Richardson, B. and J. White, A. Strahan, Leigh and Sotheby, R. Faulder, G. Nicol, T. Payne, W. Lowndes, T. Evans, S. Hayes, G. and T. Wilkie, C. Davis, J. Matthews, T. Egerton, W. Fox, J. Edwards, P. McQueen, Ogilvie and Speare, J. Scatcherd, I. Taylor, Hookham and Co. C. and G. Kearsley, J. Walker, B.C. Collins, E. Newbery, Vernor and Hood, J. Deighton, Darton and Harvey, J. Nunn, Lackington, Allen, and Co. J. Stockdale, J. Cuthell, D. Walker, J. Anderson, Clarke and Son, T. Cadell, jun. and W. Davies, J. Barker, W. Millar, and Murray and Highley, MDCCXCVI. [1796].",London,449,male,1709,1784,True
0859000100_000005,"The travels of Cyrus. To which is annexed, A discourse upon the theology and mythology of the pagans. By the Chevalier Ramsay.",Andrew Michael Ramsay,77,1745,1,1,"London : printed by James Bettenham: and sold by C. Hitch, at the Red Lion in Pater-Noster Row, M.DCC.XLV. [1745].",London,385,male,1686,1743,True
0256700700_000010,"The theology of Plato, compared with the principles of oriental and Grecian philosophers. By John Ogilvie, D.D. F.R.S.E.","Ogilvie, John",57,1793,1,1,"London : printed for J. Deighton, Holborn, MDCCXCIII. [1793].",London,228,male,1732,1813,False
0614700103_000002,The rambler. ...,Samuel Johnson,47,1789,3,4,"London : printed for J. Rivington and Sons, T. Longman, B. Law, H. Baldwin, Robson and Clark, C. Dilly, G. G. J. and J. Robinson, T. Cadell, T. Carnan, J. Nichols, J. Bew, W. Goldsmith, J. Knox, J. Murray, W. Otridge, W. Lowndes, S. Hayes, G. and T. Wilkie, W. Fox, P. M'queen, B. Collins, E. Newbery, and R. Jameson, MDCCLXXXIX. [1789].",London,326,male,1709,1784,True
1112900400_000033,"A comparative view of the state and faculties of man with those of the animal world. By John Gregory, M. D. F. R. S. Professor of Medicine in the University of Edinburgh, and First Physician to His Majesty in Scotland.",John Gregory,71,1785,1,1,"London : printed for J. Dodsley in Pall-Mall, M.DCC.LXXXV. [1785].",London,317,male,1724,1773,False
0037400401_000007,"The philosophical works of the Honourable Robert Boyle Esq; abridged, methodized, and disposed under the general heads of physics, statics, pneumatics, Natural History, Chymistry, and Medicine. The whole illustrated with Notes, containing the Improvements made in the several Parts of natural and experimental Knowledge since his time. In Three Volumes. By Peter Shaw, M.D.",Robert Boyle,66,1725,1,3,"London : printed for W. and J. Innys, at the West-End of St. Paul's; and J. Osborn, and T. Longman, in Pater-Noster-Row, M.DCC.XXV. [1725].",London,770,male,1627,1691,False
0319400100_000004,"The necessity and truth of the three principal revelations demonstrated from the gradations of science, and the progress of the mental faculties, in a sermon, preached before the University of Cambridge, on Commencement Sunday, June XXIX, M.DCC.LXXVII. By Samuel Cooper, D. D. Formerly Fellow of Magdalen College, now rector of Morley and Yelverton in Norfolk, and Chaplain to the King's own regiment of dragoons.","Cooper, Samuel",58,1777,1,1,"Cambridge : printed by J. Archdeacon Printer to the University; for J. Woodyer, and T. & J. Merrill in Cambridge; and sold by T. Becket, and B. White, Fleetstreet, T. Cadell, in the Strand; T. Beecroft, Pater-Noster-Row, J. Wilkie, Saint Paul's Church Yard, and J. Fiske, near Portman Square, London, M.DCC.LXXVII. [1777].",Cambridge,26,male,1739,1800,False
0087900200_000056,"A supplement to the new and general biographical dictionary; containing an historical and critical account of the lives and writings of the most eminent persons in every nation; particularly the British and Irish; From the Earliest Accounts of Time to the present Period. Wherein Their remarkable Actions or Sufferings, their Virtues, Parts, and Learning, are accurately displayed; with a Catalogue of their Literary Productions. vol.XII.",,70,1767,1,1,"London : printed for T. Osborne, J. Whiston, B. White, W. Strahan, T. Payne, W. Owen, W. Johnston, S. Crowder, B. Law, J. Johnson and B. Davenport, T. Durham, J. Robson, R. Goadey, and E. Baker, MDCCLXVII. [1767].",London,526,unknown,,,False
0958001101_000070,"Essays moral and literary, by Vicesimus Knox, M.A.",Vicesimus Knox,49,1783,1,2,"Dublin : printed by R. Marchbank, No. 2, Cork-Hill, M,DCC,LXXXIII. [1783].",Dublin,371,male,1752,1821,True
0433000105_000057,"The works of Samuel Johnson, LL.D. A new edition, In twelve volumes. With an essay on his life and genius, by Arthur Murphy, Esq. Volume the First.",Samuel Johnson,47,1792,5,12,"London : printed for T. Longman, B. White and Son, B. Law, J. Dodsley, H. Baldwin, J. Robson, J Johnson, C. Dilly, T. Vernor, G. G. J. and J. Robinson, T. Cadell, J. Nichols, R. Baldwin, N. Conant, P. Elmsly, F. and C. Rivington, T. Payne, W. Goldsmith, R. Faulder, Leigh and Sotheby, G. Nicol, J. Murray, A. Strahan, W. Lowndes, T. Evans, W. Bent, S. Hayes, G. and T. Wilkie, T. and J. Egerton, W. Fox, P. M.`queen, Ogilvie and Speale, Darton and Harvey, G. and C. Kearsley, W. Millar, B. C. Collins, and E. Newbery, MDCCXCII. [1792].",London,447,male,1709,1784,True
0683300700_000178,"The scriptural history of the earth and of mankind, compared with the cosmogonies, chronologies, and original traditions of ancient nations; an Abstract and Review of Several Modern Systems; with An Attempt to Explain Philosophically, the Mosaical Account of the Creation and Deluge, And to deduce from this last Event The Causes of the Actual Structure of the Earth in a Series of Letters. With Notes and Illustrations. By Philip Howard, Esq.","Howard, Philip           1810",59,1797,1,1,"London : printed for R. Faulder, New Bond-Street, 1797.",London,607,unknown,,,False
0899500102_000066,"The aberdeen magazine, literary chronicle, and review; for The Year MDCCLXXXVIII. ...",,58,1788,2,3,"Aberdeen : printed by J. Chalmers and Co., 1788-1790.",Aberdeen,830,unknown,,,False
0445400102_000184,"The history of philosophy, from the earliest times to the beginning of the present century; drawn up from Brucker's Historia critica philosophiæ. By William Enfield, LL. D. In two volumes. ...",Johann Jakob Brucker,97,1791,2,2,"London : printed for J. Johnson, St. Paul's Church Yard, M,DCC,XCI. [1791].",London,629,male,1696,1770,False
0403500200_000001,"The rule of life: in select sentences, collected from the greatest authors, antient and modern.",,55,1755,1,1,"London : printed: and sold by J. Hinton, at the King's-Arms, in Newgate-Street, M.DCC.LV. [1755].",London,309,unknown,,,False
0036100902_000131,"Essays and treatises on several subjects. In two volumes. By David Hume, Esq; ... . Containing Essays, Moral, Political, and Literary.",David Hume,65,1784,2,2,"London : printed for T. Cadell, in the Strand: A. Donaldson, in St. Paul's Church-Yard; and W. Creech, at Edinburgh, MDCCLXXXIV. [1784].",London,513,male,1711,1776,True
0540000102_000035,"The gospel recovered from its captive state, and restored to its original purity. By a gentile Christian. In six volumes. Wrote in Defence of Wounded and Despised Truth. ...","Goldie, John",49,1784,2,6,"London : printed for the author, MDCCLXXXIV. [1784].",London,359,male,1717,1809,False
0337000700_000052,Of the importance of religious opinions. Translated from the French of Mr. Necker.,Jacques Necker,54,1791,1,1,"Philadelphia : From the press of Carey, Stewart & Co, MDCCXCI. [1791].",Philadelphia,281,male,1732,1804,False
0107500201_000071,"Essays moral and literary. By Vicesimus Knox, M. A. Late Fellow of St. John's College, Oxford. ...",Vicesimus Knox,50,1800,1,3,"Basil : printed and sold by James Decker. Strasburgh: sold by F. G. Levrault, 1800.",Basel,379,male,1752,1821,True
1033900100_000006,"An essay on the nature and immutability of truth, in opposition to sophistry and scepticism. By James Beattie, LL. D. Professor of Moral Philosophy and Logic in the Marischal College and University of Berdeen.",James Beattie,63,1777,1,1,"Edinburgh : printed for William Creech, Edinburgh; and for E. & C. Dilly, and T. Cadell, London, MDCCLXXVII. [1777].",Edinburgh,489,male,1735,1803,False
1267500104_000020,"An inquiry into the nature and causes of the wealth of nations. By Adam Smith, L L. D. And F. R. S. Of London And Edinburgh: One Of The Commissioners Of His Majesty's Customs In Scotland; And Formerly Professor Of Moral Philosophy In The University Of Glasgow. ...",Adam Smith,88,1791,4,4,"Basil : printed [by J. J. Tourneisen] for J. J. Tourneisen; and J. L. Legrand, MDCCXCI. [1791].",Basel,462,male,1723,1790,True
0058403100_000029,"A discourse of ancient and modern learning. Where, among other things, a new system of the human mind is propos'd; and in Pursuance and Confirmation thereof, a General History of Learning, from the Earliest Ages of the World, Trac'd and Deduc'd down to the present. With Critical Remarks on the Greek and Roman Learning; particularly their Eloquence and Dramatick Poetry, as compar'd with the Modern. The Famous Controversy about the Ancients and Moderns; their respective Merits and Excellencies Discuss'd and Determin'd. Mr. Boileau and Madam Dacier's Errors and false Reasonings on this Head Resuted, and the Original and Source of them Discover'd. Lastly, The great Use and happy Influences of the Mathematicks, not only for the Improvement of Natural Philosophy, but also in all Polite Learning, and the Belles Lettres; and the great and infinite Excellence and Superiority of the Modern above the Ancient Geometry, Shew'd and Demonstrated. By Abbe Terracon, A Member of the Academy of Sciences. Translated from the French; with additional improvements and authorities from Dr. Bently, Mr. Collier, Mr. Rosel Beaumon of Berlin, &c. wanting in the Original.",Jean Terrasson,62,1716,1,1,"London : printed for J. Roberts, near the Oxford-Arms in Warwick-Lane, MDCCXVI. [1716].",London,157,male,1670,1750,False
0059400200_000001,"A plan of an undertaking intended for the improvement of husbandry, and for other purposes. By G. Edwards, M.D. Barnard Castle, June 1, 1783.","Edwards, George",53,1783,1,1,"Newcastle : printed by T. Saint, in Pilgrim-Street, MDCCLXXXIII. [1783].",Newcastle upon Tyne,30,male,1752,1823,False
0945300200_000009,"Religio philosophi: or, the principles of morality and Christianity illustrated from a view of the universe, and of man's situation on it. By William Hay, Esq; Humbly inscribed to the Right Honourable Arthur on Slow, Speaker of the House of Commons.","Hay, William",51,1771,1,1,"London : printed for J. Dodsley in Pall-Mall, 1771.",London,239,male,1695,1755,False
0508700102_000056,"Elements of the philosophy of the human mind. By Dugald Stewart, ...",Dugald Stewart,53,1814,2,3,"London : printed for A. Strahan, and T. Cadell; and W. Creech, Edinburgh, 1792-1827.",London,564,male,1753,1828,False
0298700301_000033,"An ecclesiastical history, antient and modern, from the birth of Christ, to the beginning of the present century: In which The Rise, Progress, and Variations of Church Power are Considered In their Connexion with the State of Learning and Philosophy, and the Political History of Europe during that Period. By the late learned John Lawrence Mosheim, D.D. And Chancellor of the University of Gottingen. Translated from the original Latin, And accompanied with Notes and Chronological Tables, by Archibald Maclaine, D.D. In six volumes. To the whole is added an accurate index. ...",Johann Lorenz von Mosheim,54,1790,1,6,"London : printed for T. Cadell, In the Strand, MDCCXC. [1790].",London,456,male,1693,1755,False
0343801000_000062,Of the importance of religious opinions. Translated from the French of Mr. Necker.,Jacques Necker,68,1788,1,1,"London : printed for J. Johnson, No 72, St. Paul's Church-Yard, M.DCC.LXXXVIII. [1788].",London,495,male,1732,1804,False
0252400700_000071,"On the importance of religious opinions. From the French of Mons. Necker. A new translation, to which is prefixed a short account of the author.",Jacques Necker,69,1789,1,1,"Edinburgh : printed for W. Gordon and J. Dickson, M,DCC,LXXXIX. [1789].",Edinburgh,384,male,1732,1804,False
0686200101_000006,"Discourses on all the principal branches of natural religion and social virtue. By James Foster, D. D. ...",James Foster,54,1749,1,2,"London : printed for the author: and sold by Mr. Noon in Cheapside ; Messieurs J. and P. Knapton in Ludgate-Street ; Mr. Millar in the Strand ; Mr. Whitridge near the Royal Exchange ; and Mr. Dodsley in Pall-Mall : and by Mr. Kincaid and Messieurs Hamilton and Balfour in Edinburgh; Mr. Barry and Messieurs Fowlis in Glasgow; Mr. Smith in Dublin; and other booksellers in Great Britain and Ireland, 1749-52.",London,400,male,1697,1753,False
1655500100_000006,"A Discourse on the advantages, resulting from the arts and sciences, pronounced in a public assembly of the Academy of Sciences and Belles-Lettres of Lyons, on the 22d of June 1751. Translated from the French original. By Mr. D-.",,51,1752,1,1,"Dublin : Printed by George Faulkner in Essex-street, MDCCLII. [1752].",Dublin,40,unknown,,,False
0074400200_000298,"Essays and treatises on several subjects. By David Hume, Esq;",David Hume,64,1758,1,1,"London : printed for A. Millar, in the Strand; and A. Kincaid and A. Donaldson, at Edinburgh, M.DCC.LVIII. [1758].",London,554,male,1711,1776,True
0224500102_000112,"Essays and treatises on several subjects. In two volumes. By David Hume, Esq. ... . Containing Essays, Moral, Political, and Literary.",David Hume,68,1800,2,2,"Edinburgh : printed by George Caw, for Bell & Bradfute; and Cadell & Davies, London, MDCCC. [1800].",Edinburgh,516,male,1711,1776,True
1138100100_000005,"An analysis of the philosophical works of Lord Bolingbroke, by the late unfortunate Earl Ferrers, for his private entertainment; to which is prefixed, a parallel of Earl Ferrers's case, with that of Lord Santry, a Peer of Ireland, both convicted of Murder: and a sentimental letter to a friend.","Ferrers, Lawrence Shirley, Earl",78,1760,1,1,"London : printed for J. Burd, opposite St. Dunstan's Church, Fleet-Street, MDCCLX. [1760].",London,110,male,1720,1760,False
0508700101_000004,"Elements of the philosophy of the human mind. By Dugald Stewart, ...",Dugald Stewart,74,1792,1,3,"London : printed for A. Strahan, and T. Cadell; and W. Creech, Edinburgh, 1792-1827.",London,578,male,1753,1828,False
0664100601_000072,"Essays moral and literary, by Vicesimus Knox, M. A. a New Edition, in Two Volumes. ...",Vicesimus Knox,50,1782,1,2,"London : printed for Charles Dilly, in the Poultry, MDCCLXXXII. [1782].",London,369,male,1752,1821,True
1349100304_000022,"Essays, philosophical, historical, and literary. In four volumes. Vol. III.",William Belsham,61,1791,4,4,"Dublin : Printed by J. Moore, No. 43, College-Green, M,DCC,XCI. [1791].",Dublin,286,male,1752,1827,False
0184800900_000037,"Sermons on several subjects. By the Right Reverend Beilby Porteus, D. D. Bishop of Chester.",Beilby Porteus,50,1783,1,1,"London : printed for T. Payne and Son at the Mews Gate, and T. Cadell, in the Strand, MDCCLXXXIII. [1783].",London,433,male,1731,1809,False
0270800401_000010,"Discourses relating to the evidences of revealed religion. ... . delivered at Hackney in 1793, 1794, By Joseph Priestley, LL. D. F. R. S. &c.",Joseph Priestley,61,1794,1,3,"London : printed for J. Johnson, in St. Paul's Church yard, 1794-99.",London,435,male,1733,1804,True
0255800400_000028,"An inquiry into the causes of the infidelity and scepticism of the times: with occasional observations on the writings of Herbert, Shaftesbury, Bolingbroke, Hume, Gibbon, Toulmin, &c. &c. By John Ogilvie, D.D.","Ogilvie, John",49,1783,1,1,"London : printed for Richardson and Urquhart, Front of the Exchange; and W. Gordon, W. Creech, and J. Dickson, Edinburgh, M,DCC,LXXXIII. [1783].",London,487,male,1732,1813,False
0616500500_000003,"Prospectus with specimens of a new polyglott Bible in quarto for the use of English students. By Josiah Pratt, M. A. assistant minister of St. John's Chapel, Bedford-Row, London.",Josiah Pratt,54,1797,1,1,"Oxford : printed at the University Press, for the author; sold by F. and C. Rivington, St. Paul's Church Yard, London; and by the principal booksellers in London, Oxford, Cambridge, Edinburgh, and Dublin, MDCCXCVII. [1797].",Oxford,17,male,1768,1844,False
1271500200_000038,"Sermons on several subjects. By the Right Reverend Beilby Porteus, D. D. Bishop of Chester.",Beilby Porteus,50,1787,1,1,"London : printed for T. Payne and Son, at the Mews Gate, and T. Cadell, in the Strand, MDCCLXXXVII. [1787].",London,434,male,1731,1809,False
1170100600_000002,"The leading doctrines of the gospel stated and defended. A sermon, preached before the Society in Scotland for Propagating Christian Knowledge, at their anniversary meeting In The High Church Of Edinburgh, Thursday, May 29. 1794. By John Snodgrass, D. D. one of the ministers of paisley. To which is added, an appendix, containing an abstract of the proceedings of the Society, and of their expenditure, from Dec. 1. 1794.","Snodgrass, John",54,1794,1,1,"Edinburgh : printed by John Paterson, MDCCXCIV. [1794].",Edinburgh,117,male,1744,1797,False
0733901101_000056,The works of Sir William Jones. In six volumes. ...,William Jones,48,1799,1,6,"London : printed for G. G. and J. Robinson, Pater-Noster-Row; and R. H. Evans (successor to Mr. Edwards), No. 26, Pall-Mall, MDCCXCIX. [1799].",London,603,male,1746,1794,False
1139900201_000007,"The adventures of Telemachus, the son of Ulysses, in twenty-four books. By the Archbishop of Cambray: done into English by Mr Des Maiseaux, F.R.S. A new edition carefully printed according to the best London-Édition. ...",François Fénelon,59,1788,1,2,"Rouen : printed for Mrs Peter Dumesnil, Prin. Books. in Chain-Street, 1788.",Rouen,303,male,1651,1715,True
0941100400_000024,"Literary and characteristical lives of John Gregory, M.D. Henry Home, Lord Kames. David Hume, Esq. and Adam Smith, L.L.D. To which are added A dissertation on public spirit; and three essays. By the late William Smellie, Member of the Antiquarian and Royal Societies of Edinburgh.",William Smellie,62,1800,1,1,"Edinburgh : printed and sold by Alex. Smellie, Anchor Close, Bell & Bradfute, J. Dickson, W. Creech, E. Balfour, P. Hill, J. Simpson, W. Laing, A. Lawrie, Manners & Miller, J. Ogle, J. Guthrie, A. Constable, R. Jack, and G. Gray, Edinburgh; G. G. & J. Robinson, Cadell & Davies, T. Kay, and R. Ogle, London, 1800.",Edinburgh,452,male,1740,1795,False
0255800400_000015,"An inquiry into the causes of the infidelity and scepticism of the times: with occasional observations on the writings of Herbert, Shaftesbury, Bolingbroke, Hume, Gibbon, Toulmin, &c. &c. By John Ogilvie, D.D.","Ogilvie, John",53,1783,1,1,"London : printed for Richardson and Urquhart, Front of the Exchange; and W. Gordon, W. Creech, and J. Dickson, Edinburgh, M,DCC,LXXXIII. [1783].",London,487,male,1732,1813,False
0050800104_000078,"Essays and treatises on several subjects. By David Hume, Esq; In four volumes. ... . Containing Essays, Moral, Political, and Literary. Part I.",David Hume,70,1760,4,4,"London : printed for A. Millar, in the Strand; and A. Kincaid and A. Donaldson, at Edinburgh, MDCCLX. [1760].",London,347,male,1711,1776,True
0036301300_000029,"The theory of agreeable sensations. In which after the laws observed by Nature in the distribution of pleasure are discovered, the principles of natural theology, and moral philosophy are established. To which is subjoined, relative to the same Subject, A Dissertation on Harmony of Stile. Translated from the French.",Louis-Jean Lévesque de Pouilly,44,1749,1,1,"London : printed for W. Owen, at Homer's Head, Temple-Bar, MDCCXLIX. [1749].",London,283,male,1691,1750,False
0431700300_000001,"The rule of life, in select sentences: collected from the greatest authors, antient and modern.",,52,1772,1,1,"London : printed for J. Hinton, at the King's Arms, in Pater-Noster Row, MDCCLXXII. [1772].",London,314,unknown,,,False
0694400101_000023,"The history of the reign of the Emperor Charles V. With a view of the progress of society in Europe, from the subversion of the Roman Empire, to the beginning of the sixteenth century. ... By William Robertson, ...",William Robertson,61,1792,1,4,"London : printed for A. Strahan; T. Cadell; and J. Balfour, at Edinburgh, 1792.",London,531,male,1721,1793,True
0460000701_000045,"Athenian letters: or, the epistolary correspondence of an agent of the King of Persia, residing at Athens during the Peloponnsian War. Containing the history of the times, in dispatches to the ministers of state at the Persian court. Besides letters on various subjects between him and his friends. ...","Philip Yorke, 3rd Earl of Hardwicke",46,1792,1,2,"London : for J.Walker, 1792.",London,444,male,1690,1764,False
0741200200_000004,"An essay on the nature and immutability of truth, in opposition to sophistry and scepticism. By James Beattie. LL. D. Professor of Moral Philosophy and Logic in the Marischal College and University of Aberdeen.",James Beattie,66,1773,1,1,"London : printed for Edward and Charles Dilly, in the Poultry; and A. Kincaid and W. Creech, Edinburgh, MDCCLXXIII. [1773].",London,518,male,1735,1803,False
1123800700_000024,"The ground and credibility of the Christian religion: in a course of sermons preached before the University of Oxford, at the Lecture Founded by the Rev. John Bampton, M. A. Late Canon of Salisbury. By the Rev. Richard Shepherd, D.D. F.R.S. Archdeacon of Bedford, and Chaplain to the Right Reverend the Lord Bishop of Durham.","Shepherd, Richard",57,1788,1,1,"London : printed for Lockyer Davis, in Holborn; and Daniel Prince, Oxford, M,DCC,LXXXVIII. [1788].",London,325,male,1732,1809,False
1163400200_000003,"The history of philosophy: containing the lives, opinions, actions and discourses of the philosophers of every sect. By Thomas Stanley, Esquire. In which the innumerable Mistakes, both in the Text and Notes of all former Editions are corrected, the Citations and References exactly adjusted and compared throughout with the Originals, and with the Latin Translation printed at Leipsick. To which is prefixed, an Account of the Life and Writings of the Author.","Stanley, Thomas",56,1743,1,1,"London : printed for A. Millar at Buchanan's Head, over against Katharine Street in the Strand, A. Ward, S. Birt, D. Browne, T. Longman, J. Oswald, H. Whitridge, and the executors of J. Darby and S. Burrows, MDCCXLIII. [1743].",London,859,male,1625,1678,False
0733200601_000002,"The history of man: or, the wonders of human nature, in relation to the virtues, vices, and defects of both sexes. With examples, ancient and modern, Alphabetically Digested under their Proper Heads. The whole work being intermixed With Variety of Useful and Divertive Relations.",Nathaniel Wanley,47,1790,1,2,"Edinburgh : printed for Bell & Bradfute, and G.G.J. and J. Robinson, London, M.DCC.XC. [1790].",Edinburgh,504,male,1634,1680,False
0913700102_000131,"Essays and treatises on several subjects. In two volumes. By David Hume, Esq; ... . Containing Essays, Moral, Political, and Literary.",David Hume,60,1777,2,2,"London : printed for T. Cadell, in the Strand: and A. Donaldson, and W. Creech, at Edinburgh, MDCCLXXVII. [1777].",London,513,male,1711,1776,True
0508700102_000014,"Elements of the philosophy of the human mind. By Dugald Stewart, ...",Dugald Stewart,72,1814,2,3,"London : printed for A. Strahan, and T. Cadell; and W. Creech, Edinburgh, 1792-1827.",London,564,male,1753,1828,False
0050700204_000063,"Essays and treatises on several subjects. In four volumes. By David Hume, Esq; ... . Containing Essays, Moral, Political, and Literary.",David Hume,54,1770,4,4,"London : printed for T. Cadell (successor to Mr. Millar) in the Strand; and A. Kincaid and A. Donaldson, at Edinburgh, MDCCLXX. [1770].",London,372,male,1711,1776,True
0224500102_000131,"Essays and treatises on several subjects. In two volumes. By David Hume, Esq. ... . Containing Essays, Moral, Political, and Literary.",David Hume,59,1800,2,2,"Edinburgh : printed by George Caw, for Bell & Bradfute; and Cadell & Davies, London, MDCCC. [1800].",Edinburgh,516,male,1711,1776,True
1665500115_000864,"Encyclopaedia Britannica; or, a dictionary of arts, sciences, and miscellaneous literature on a plan entirely new. ...",,59,1790,15,20,"Dublin : printed by James Moore, 1790-98.",Dublin,845,unknown,,,False
0311900201_000034,"Morality, extracted from the Confessions of Saint Austin. Translated from the French of Monsieur l'abbé Grou, by Alexander Clinton. ...",Augustine of Hippo,50,1791,1,2,"London : printed by J. P. Coghlan, No. 37, Duke-Street, Grosvenor-Square; and sold by Messrs. Booker, Bond-Street; Keating, Warwick-Street; Lewis, Russel-Street; and Robinsons, Paternoster Row, M,DCC,XCI. [1791].",London,454,male,354,430,False
0074400200_000309,"Essays and treatises on several subjects. By David Hume, Esq;",David Hume,56,1758,1,1,"London : printed for A. Millar, in the Strand; and A. Kincaid and A. Donaldson, at Edinburgh, M.DCC.LVIII. [1758].",London,554,male,1711,1776,True
0240301200_000013,"A contemplation on the existence and perfections of God, drawn from the several parts of the visible world, the structure of the human body, and the wonderful powers of the soul; as an image of the wisdom, power, and the invisible and immortal nature of God. Designed as a specimen of a body of divinity, executed in the same manner. By John Ryland, A. M. of Northampton.",John Collett Ryland,54,1774,1,1,"London : printed for Vallance and Simmons, No. 120. Cheapside, M.DCC.LXXIV. [1774].",London,60,male,1723,1792,False
1643200200_000005,"The travels of Cyrus. To which is annexed, a discourse upon the theology and mythology of the pagans. Translated from the French of the Chevalier Ramsay. Deligently compared with the original, and clear'd of the errors of former editions.",Andrew Michael Ramsay,72,1754,1,1,"Aberdeen : Printed by and for F. Douglass and W. Murray, M,DCC,LIV. [1754].",Aberdeen,339,male,1686,1743,True
0249603500_000001,A plan of education by the Chevalier Ramsay.,Andrew Michael Ramsay,56,1741,1,1,"Glasgow : printed for Robert Foulis , within the College ; and sold by Mess. Hamilton and Balfour, in Edinburgh, MDCCXLI. [1741].",Glasgow,27,male,1686,1743,True
1652300400_000002,"Telliamed; or, The world explain'd: containing discourses between an Indian philospher and a missionary, on the diminution of the sea-- the formation of the earth-- the origin of men & animals: and other singular subjects, relating to natural history & philosphy. --A very curious work.--","Porter, David",60,1797,1,1,"Baltimore : Printed by W. Pechin, no. 15, Market-Street-- for D. Porter, at the observatory, Federal-Hill, 1797.",Baltimore,268,male,1754,1808,False
0928400101_000050,"An ecclesiastical history, antient and modern, from the birth of Christ, to the beginning of the present century: in which The Rise, Progress, and Variations of Church Power are considered In their Connexion with the State of Learning and Philosophy, and the Political History of Europe during that Period. By the late learned John Lawrence Mosheim, D. D. And Chancellor of the University of Gottingen. Translated from the original Latin, And accompanied with Notes and Chronological Tables, by Archibald Maclaine, D.D. In five volumes. To the whole is added an accurate index. A new edition. ...",Johann Lorenz von Mosheim,64,1774,1,5,"London : printed for T. Cadell, in the Strand, MDCCLXXIV. [1774].",London,497,male,1693,1755,False
0704800100_000001,"The rule of life, in select sentences: collected from the greatest authors, ancient and modern.",,48,1787,1,1,"London : printed for W. Bent, Pater Noster Row, MDCCLXXXVII. [1787].",London,298,unknown,,,False
0290000600_000041,"Exercises in elocution; selected from various authors, and arranged under proper heads: intended as a sequel to a Work Entitled The speaker. By William Enfield, LL. D. Lecturer on the Belles Lettres in the Academy at Warrington.",William Enfield,53,1780,1,1,"Warrington : printed by W. Eyres, for J. Johnson, No. 72, St. Paul's Church-Yard, London, MDCCLXXX. [1780].",Warrington,430,male,1741,1797,False
0056100201_000039,"Sacred literature: shewing the holy scriptures to be superior to the most celebrated writings of antiquity, by the testimony of above five hundred witnesses, and also by a Comparison of their Several Kinds of Composition. In Twelve Books. To which are Added, Epistles and Extracts, from some of the Most Early of the Christian Fathers. The Whole Intended not only to recommend the Bible as superior to all other Books, but as a moral and theological Repository for Christians of every Rank and Degree. In four volumes. By the Revd. David Simpson, M.A.","Simpson, David",53,1788,1,4,"Birmingham : printed and sold by M. Swinney. Sold also by Dilly, Buckland, Matthews, Scollick, Trapp, London; Spence, York, Bulgin, Bristol; Clarke, Manchester; Bayley, Macclesfield; and all other booksellers in town and country, MDCCLXXXVIII. [1788].",Birmingham,581,male,1745,1799,False
1135300104_000051,"Asiatic researches; or, transactions of the society, instituted in Bengal, for inquiring into the history and antiquities, the arts, sciences, and literature, of Asia. ... . Printed verbatim from the Calcutta edition.",Asiatic Society of Bengal,47,1799,4,20,"London : printed for J. Sewell; Vernor and Hood; J. Cuthell; J. Walker; R. Lea Lackington, Allen, and Co.; Otridge and Son; R. Faulder; and J. Scatcherd, 1799-1839.",London,435,unknown,,,False
0445400102_000203,"The history of philosophy, from the earliest times to the beginning of the present century; drawn up from Brucker's Historia critica philosophiæ. By William Enfield, LL. D. In two volumes. ...",Johann Jakob Brucker,62,1791,2,2,"London : printed for J. Johnson, St. Paul's Church Yard, M,DCC,XCI. [1791].",London,629,male,1696,1770,False
0343801000_000059,Of the importance of religious opinions. Translated from the French of Mr. Necker.,Jacques Necker,62,1788,1,1,"London : printed for J. Johnson, No 72, St. Paul's Church-Yard, M.DCC.LXXXVIII. [1788].",London,495,male,1732,1804,False
0937900400_000005,"The satires of Persius translated: with notes. By William Drummond, esq. M. P. fellow of the Royal Societies of London and Edinburgh.",Persius,51,1799,1,1,"London : printed by W. Bulmer and Co. for J. Wright, Piccadilly, 1799.",London,230,male,34,62,False
0195400701_000003,"Natural history, general and particular, by the Count de Buffon, translated into English. Illustrated with above 260 copper-plates, and occasional notes and observations by the translator.","Georges-Louis Leclerc, Comte de Buffon",57,1780,1,9,"Edinburgh : printed for William Creech, M,DCC,LXXX. [1780]",Edinburgh,549,male,1707,1788,True
0382100202_000114,"Lectures on rhetoric and belles lettres. By Hugh Blair, ... In three volumes. ...",Hugh Blair,41,1785,2,3,"London : printed for W. Strahan; T. Cadell; and W. Creech in Edinburgh, 1785.",London,488,male,1718,1800,True
0508700102_000143,"Elements of the philosophy of the human mind. By Dugald Stewart, ...",Dugald Stewart,56,1814,2,3,"London : printed for A. Strahan, and T. Cadell; and W. Creech, Edinburgh, 1792-1827.",London,564,male,1753,1828,False
0445400102_000089,"The history of philosophy, from the earliest times to the beginning of the present century; drawn up from Brucker's Historia critica philosophiæ. By William Enfield, LL. D. In two volumes. ...",Johann Jakob Brucker,61,1791,2,2,"London : printed for J. Johnson, St. Paul's Church Yard, M,DCC,XCI. [1791].",London,629,male,1696,1770,False
0445300301_000002,"The history of philosophy, from the earliest times to the beginning of the present century; drawn up from Brucker's Historia critica philosophiæ. By William Enfield, LL. D. In two volumes. ...",Johann Jakob Brucker,52,1791,1,2,"London : printed for J. Johnson, St. Paul's Church Yard, M,DCC,XCI. [1791].",London,588,male,1696,1770,False
1264300301_000001,"Elements of the history of England, from the invasion of the Romans to the reign of George the Second. Translated from the French of Abbé Millot, Royal Professor of History in the University of Parma, And Member of the Academies of Lyons and Nancy. By Mr. Kenrick. In two volumes. ...",Claude-François-Xavier Millot,53,1771,1,2,"Dublin : printed for James Williams, at No. 5. in Skinner-Row, MDCCLXXI. [1771].",Dublin,425,male,1726,1785,False
0256700700_000002,"The theology of Plato, compared with the principles of oriental and Grecian philosophers. By John Ogilvie, D.D. F.R.S.E.","Ogilvie, John",70,1793,1,1,"London : printed for J. Deighton, Holborn, MDCCXCIII. [1793].",London,228,male,1732,1813,False
0208400700_000008,"The knowledge of divine things from revelation, not from reason or nature. Wherein The Origin and Obligation of Religious Truths are demonstrated: Arguments of Deists, Moralists, &c. proved to have no Foundation in Nature or Reason. The Inlets of Knowledge, The Law of Nature, The several Texts of Scripture relating to this Subject, The Works of Creation, The Eternal Fitness and Reason of Things, The Demonstrations of a Supreme Being, &c. are fully considered and explained. By a gentleman of Brazen-Nose College, Oxford; now of the diocese of Chester.","Ellis, John",71,1743,1,1,"London : printed by J. Watts: and sold by B. Dod at the Bible and Key in Ave-Mary-Lane near Stationers-Hall, J. Fletcher at Oxford, and T. Merrill at Cambridge, MDCCXLIII. [1743].",London,465,unknown,1688,,False
0856800201_000061,The lives of the English poets; and a criticism on their works. By Samuel Johnson. Vol. I.,Samuel Johnson,49,1781,1,1,"Dublin : printed for Messrs. Whitestone, Williams, Colles, Wilson, Lynch Jenkin, Walker, Burnet, Hallhead, Flin, Exshaw, Beatty, and White, M,DCC,LXXXI. [1781].",Dublin,529,male,1709,1784,True
0035501100_000033,"A comparative view of the state and faculties of man with those of the animal world. By John Gregory, M. D. F. R. S. Professor of Medicine in the University of Edinburgh, and First Physician to His Majesty in Scotland.",John Gregory,72,1798,1,1,"London : printed for T. Cadell, Jun. and W. Davies, Strand, 1798.",London,322,male,1724,1773,False
0672100900_000005,"Elements of the critical philosophy: containing a concise account of its origin and tendency; a view of all the works published by its founder, Professor Immanuel Kant; and a glossary for the Explanation of Terms and Phrases. To which are added: Three philological essays; chiefly translated from the German of John Christopher Adelung; Aulic Counsellor and First Librarian to the Elector of Saxony. By A. F. M. Willich, M.D.","Willich, Anthony Florian Madinger",60,1798,1,1,"London : printed for T. N. Longman, No. 39, Paternoster-Row, 1798.",London,332,unknown,,,False
0718301300_000010,"An inquiry into the original of our ideas of beauty and virtue; in two treatises. I. Concerning beauty, order, harmony, design. II. Concerning moral good and evil. By Francis Hutcheson, Lld. late professor of philosophy in the University of Glasgow. Printed from the fourth edition, M.DCC.XXXVIII. With the author's corrections and additions interspersed in their proper places.",Francis Hutcheson,86,1772,1,1,"Glasgow : printed by Robert and Andrew Foulis, printers to the University, M.DCC.LXXII. [1772].",Glasgow,296,male,1694,1746,True
0432300104_000066,"The works of the late Right Honorable Henry St. John, Lord Viscount Bolingbroke. In five volumes, complete. Published by David Mallet, ...","Henry St John, 1st Viscount Bolingbroke",52,1777,4,5,"London : printed in the year, 1777.",London,630,male,1678,1751,True
0113100700_000024,"Four dissertations. I. The natural history of religion. II. Of the passions. III. Of tragedy. IV. Of the standard of taste. By David Hume, Esq.",David Hume,58,1757,1,1,"London : printed for A. Millar, in the Strand, MDCCLVII. [1757].",London,248,male,1711,1776,True
0722900500_000001,"The rule of life: in select sentences, collected from the greatest authors, antient and modern.",,48,1747,1,1,"London : printed: and sold by S. Austen, at the Angel and Bible in Newgate-Street; and J. Hinton, at the King's Arms, in St. Paul's Church-Yard, M.DCC.XLVII. [1747].",London,324,unknown,,,False
0252400700_000061,"On the importance of religious opinions. From the French of Mons. Necker. A new translation, to which is prefixed a short account of the author.",Jacques Necker,65,1789,1,1,"Edinburgh : printed for W. Gordon and J. Dickson, M,DCC,LXXXIX. [1789].",Edinburgh,384,male,1732,1804,False
1487900101_000132,"Thirty six sermons and discourses, on several subjects and occasions. By Robert South, D.D. late Prebendary of Westminster, and Canon of Christ-Church, Oxon, &c.",Robert South,52,1720,1,2,"Dublin : printed for Joseph Leathly, in Dame's-Street, and Patrick Dugan, on Cork-Hill, booksellers, MDCCXX. [1720].",Dublin,513,male,1634,1716,True
0113100700_000014,"Four dissertations. I. The natural history of religion. II. Of the passions. III. Of tragedy. IV. Of the standard of taste. By David Hume, Esq.",David Hume,55,1757,1,1,"London : printed for A. Millar, in the Strand, MDCCLVII. [1757].",London,248,male,1711,1776,True
0336200200_000054,Of the importance of religious opinions. Translated from the French of Mr. Necker.,Jacques Necker,63,1789,1,1,"Dublin : printed by M. Mills, NO. 36, Dorset-Street, for Messrs. White, Byrne, Wogan, and Jones, MDCCLXXXIX. [1789].",Dublin,311,male,1732,1804,False
0270700700_000004,"The Christian philosopher: or, a divine essay upon the principles of man's universal redemption. In twelve books. ... By Nicholas Robinson, ...",Nicholas Robinson,74,1748,1,1,"[London] : Printed in the year, 1748.",London,116,male,1697,1775,False
1104800200_000004,"An essay on the nature and immutability of truth, in opposition to sophistry and scepticism. By James Beattie, LL. D. Professor of Moral Philosophy and Logic in the Marischal College and University of Aberdeen.",James Beattie,69,1772,1,1,"London : printed for Edward and Charles Dilly, in the Poultry; A. Kincaid and W. Creech, and J. Bell, Edinburgh, MDCCLXXII. [1772].",London,514,male,1735,1803,False
0974800201_000122,"The history of America. By William Robertson, D. D. principal of the university of edinburgh, and historiographer to his majesty for scotland. ...",William Robertson,61,1777,1,2,"Dublin : printed for Messrs. Whitestone, W. Watson, Corcoran, R. Cross, Sleater, Sheppard, Chamberlaine, Potts, J. Hoey, Flin, Fitzsimons, Exshaw, E. Lynch, S. Watson, W. Colles, Williams, W. Wilson, Porter, Walker, M. Hay, Moncrieffe, Armitage, Hallhead, Faulkner, T. Stewart, Burnet, Vallance, Spotswood, Gilbert, R. Stewart, Mills, Beatty, Jenkin, P. Wilson, E. Cross, Wogan, Macelrath, Higley, Hillary, White, Grueber, M'kenly, and Magee, MDCCLXXVII. [1777].",Dublin,505,male,1721,1793,True
0252400700_000073,"On the importance of religious opinions. From the French of Mons. Necker. A new translation, to which is prefixed a short account of the author.",Jacques Necker,58,1789,1,1,"Edinburgh : printed for W. Gordon and J. Dickson, M,DCC,LXXXIX. [1789].",Edinburgh,384,male,1732,1804,False
1622100400_000150,"The London mercury; containing the history, politics, and literature of England, for the year ...",George Colman the Younger,48,1781,1,1,"London [England] : printed for J. Murray, no 32 Fleet Street, MDCCLXXXI. [1781]-",London,546,male,1762,1794,True
0336200200_000061,Of the importance of religious opinions. Translated from the French of Mr. Necker.,Jacques Necker,67,1789,1,1,"Dublin : printed by M. Mills, NO. 36, Dorset-Street, for Messrs. White, Byrne, Wogan, and Jones, MDCCLXXXIX. [1789].",Dublin,311,male,1732,1804,False
1346500302_000038,"The Basiliade: or The book of truth and nature; an epic poem. In fourteen cantos in prose. Translated from an original manuscript, of the celebrated Indian bramin and philosopher Pilpay. Found among the treasures of Mohammed Shah, emperor of the Mogul Tartars, at the plunder of the city of Dehli, the capital of Hindostan, by the Nadir Shah, Thomas Khuli Khan. Volume I.",Morelly,45,1761,2,2,"London : Printed for S. Hooper at Cæsar's Head the corner of the New Church in the Strand, MDCCLXI. [1761].",London,265,male,,,False
0131405400_000021,"An introduction to the classics; containing, a short discourse on their excellencies; and directions how to study them to advantage. With an essay, on the nature and use of those emphatical and beautiful figures which give strength and ornament to writing. By Anthony Blackwall, M.A.",Anthony Blackwall,59,1718,1,1,"London : printed for George Mortlock, and Henry Clements at the Half-Moon, in St. Paul's Church-Yard; and William Cantrell bookseller in Derby, 1718.",London,267,male,1672,1730,False
0672100900_000042,"Elements of the critical philosophy: containing a concise account of its origin and tendency; a view of all the works published by its founder, Professor Immanuel Kant; and a glossary for the Explanation of Terms and Phrases. To which are added: Three philological essays; chiefly translated from the German of John Christopher Adelung; Aulic Counsellor and First Librarian to the Elector of Saxony. By A. F. M. Willich, M.D.","Willich, Anthony Florian Madinger",60,1798,1,1,"London : printed for T. N. Longman, No. 39, Paternoster-Row, 1798.",London,332,unknown,,,False
0093800204_000002,"Essays and treatises on several subjects. By David Hume, Esq; ...",David Hume,68,1793,4,4,"Basil : printed and sold by J. J. Tourneisen, MDCCXCIII. [1793].",Basel,255,male,1711,1776,True
0890400100_000050,"The compleat gentleman: or a description of the several qualifications, both Natural and Acquired, that are necessary to form a great man. Written originally in Spanish, by Baltasar Gratian, and now translated into English by T. Saldkeld.",Baltasar Gracián,46,1730,1,1,"London : printed for T. Osborne, in Gray's-Inn, MDCCXXX. [1730].",London,247,male,1601,1658,False
0035900102_000081,"Emilius; or, an essay on education. By John James Rousseau, ... Translated from the French by Mr. Nugent. In two volumes. ...",Jean-Jacques Rousseau,54,1763,2,2,"London : printed for J. Nourse and P. Vaillant, 1763.",London,443,male,1712,1778,True
0598500300_000002,"The history of the legal polity of the Roman state; and of the rise, progress, and extent of the Roman laws. By Thomas Bever, LL.D.",Thomas Bever,54,1781,1,1,"London : printed for W. Strahan; and T. Cadell, In The Strand, MDCCLXXXI. [1781].",London,533,male,1725,1791,False
0177300600_000003,"One thing needful; or devout and philosophical exercises on various subjects of superlative importance in theology and morals. By the Reverend J. Moir, A. M. Curate and Lecturer of St. Dionis Back Church.","Moir, John",43,1795,1,1,"London : printed and sold for the author, No 9, Terrace, Walworth, [1795?].",London,320,male,,,False
0254600101_000002,"Natural history, general and particular, by the Count de Buffon, translated into English. Illustrated with above 300 copper-plates, and occasional notes and observations. By William Smellie, Member Of The Antiquarian And Royal Societies Of Edinburgh.","Georges-Louis Leclerc, Comte de Buffon",63,1785,1,9,"London : printed for W. Strahan and T. Cadell, in the Strand, M,DCC,LXXXV. [1785].",London,535,male,1707,1788,True
0124700404_000040,"The Scotch preacher: or, a collection of sermons, by some of the most eminent clergymen of the church of Scotland.",,50,1789,4,4,"Edinburgh : printed for J. Dickson, and sold by C. Elliot & T. Kay, London, 1789.",Edinburgh,388,unknown,,,False
0558600201_000005,"The travels of Cyrus. To which is annexed, A discourse upon the theology and mythology of the pagans. By the Chevalier Ramsay. ...",Andrew Michael Ramsay,65,1765,1,2,"Berwick upon Tweed : printed for R. Taylor, MDCCLXV. [1765].",Berwick-upon-Tweed,277,male,1686,1743,True
0166300300_000005,"An inquiry into the state of medicine, on the principles of inductive philosophy. With an appendix; containing Practical Cases and Observations. By Robert Jones, M.D.","Jones, Robert, M.D.",59,1781,1,1,"Edinburgh : printed for T. Longman, and T. Cadell, London; and C. Elliot, Edinburgh, MDCCLXXXI. [1781].",Edinburgh,392,unknown,,,False
0508200600_000037,"Sermons on several subjects. By the Right Reverend Beilby Porteus, D. D. Bishop of Chester.",Beilby Porteus,54,1784,1,1,"London : printed for T. Payne and Son, at the Mews Gate, and T. Cadell, in the Strand, MDCCLXXXIV. [1784].",London,432,male,1731,1809,False
1162702400_000002,"A sermon preached at the ordination held at Ch. Ch. Nov. 21. 1779. by John Lord Bishop of Oxford. Published at his Lordship's Request. By John Randolph, Student of Ch. Ch.","Randolph, John",60,1779,1,1,"Oxford : printed for J. and J. Fletcher in the Turle; and Mess. Rivington St. Paul's Church-Yard, London, MDCCLXXIX. [1779].",Oxford,17,male,1749,1813,False
0293400200_000075,"Remarks on revelation & infidelity: being the substance of several speeches lately delivered in a private literary society in Edinburgh: with anecdotes of two of the members; and an Appendix, Containing Two Letters Which Since Passed Between Them. By A. M. Secretary.",Alison Man,52,1797,1,1,"Edinburgh : printed by John Moir, Paterson's Court, for S. Cheyne, Bookseller, No. 22. George-Street; and Vernor & Hood, No. 31 Poultry, London, 1797.",Edinburgh,354,unknown,,,False
0683400900_000024,"Essays on philosophical subjects. By the late Adam Smith, LL. D. Fellow of the Royal Societies of London and Edinburgh, &c. &c. To which is prefixed, An account of the life and writings of the author; by Dugald Stewart, F. R. S. E.",Adam Smith,47,1795,1,1,"London : printed for T. Cadell Jun. and W. Davies (successors to Mr. Cadell) in the Strand; and W. Creech, Edinburgh, 1795.",London,329,male,1723,1790,True
0941100400_000015,"Literary and characteristical lives of John Gregory, M.D. Henry Home, Lord Kames. David Hume, Esq. and Adam Smith, L.L.D. To which are added A dissertation on public spirit; and three essays. By the late William Smellie, Member of the Antiquarian and Royal Societies of Edinburgh.",William Smellie,56,1800,1,1,"Edinburgh : printed and sold by Alex. Smellie, Anchor Close, Bell & Bradfute, J. Dickson, W. Creech, E. Balfour, P. Hill, J. Simpson, W. Laing, A. Lawrie, Manners & Miller, J. Ogle, J. Guthrie, A. Constable, R. Jack, and G. Gray, Edinburgh; G. G. & J. Robinson, Cadell & Davies, T. Kay, and R. Ogle, London, 1800.",Edinburgh,452,male,1740,1795,False
0819800201_000023,"The chart and scale of truth, by which to find the cause of error. Lectures read before the University of Oxford, at the lecture founded by the Rev. John Bampton, M.A. By Edward Tatham, D. D. ...",Edward Tatham,66,1790,1,2,"Oxford : sold by J. Fletcher, D. Prince and J. Cooke: J. F. and C. Rivington, St. Paul's Church Yard, by T. Cadell, in the Srand, and Richardson, Royal Exchange, London, MDCCXC. [1790].",Oxford,385,male,1749,1834,False
0764000201_000052,"The Grecian history. From the original of Greece, to the death of Philip of Macedon. By Temple Stanyan, Esq; in two volumes. ...",Temple Stanyan,49,1759,1,2,"Dublin : printed for A. Leathley and J. Exshaw, 1759.",Dublin,362,male,1677,1752,False
1679800101_000097,"The History of the works of the learned. Giving a general view of the state of learning throughout Europe, and containing an impartial account and accurate abstracts of the most valuable books publish'd in Great Britain and foreign parts. Interspers'd with dissertations on several curious and entertaining subjects, critical reflections, and memoirs of the most eminent writers in all branches of polite literature.",Ephraim Chambers,53,1740,1,84,"London [England] : printed for T[homas]. Cooper, at the Globe in Pater-Noster-Row, and sold by J. and J. Fox in Westminster-Hall, and J. Jackson near St. James's-Gate, [1737-1743].",London,477,male,1680,1740,False
0252400700_000062,"On the importance of religious opinions. From the French of Mons. Necker. A new translation, to which is prefixed a short account of the author.",Jacques Necker,71,1789,1,1,"Edinburgh : printed for W. Gordon and J. Dickson, M,DCC,LXXXIX. [1789].",Edinburgh,384,male,1732,1804,False
1362200200_000005,"The travels of Cyrus. To which is annexed, a discourse upon the theology and mythology of the pagans. By the Chevalier Ramsay.",Andrew Michael Ramsay,75,1763,1,1,"Glasgow : Printed by James Knox, and sold at his Shop, near the Head of the Salt-mercat, 1763.",Glasgow,324,male,1686,1743,True
1014400100_000041,"Exercises in elocution; selected from various authors, and arranged under proper heads: intended as a sequel to a work entitled The speaker. By William Enfield, LL. D. lecturer on the Belles lettres in the academy at Warrington.",William Enfield,50,1782,1,1,"Warrington : printed by W. Eyres, for J. Johnson, No. 72, St. Paul's Church-Yard, London, MDCCLXXXII. [1782].",Warrington,430,male,1741,1797,False
0212200202_000062,"The rambler. By Samuel Johnson, L.L.D. In three volumes. ...",Samuel Johnson,43,1800,2,3,"London : printed [by J. Wright] for C. Cooke, [1800?].",London,329,male,1709,1784,True
0212601300_000010,"An historical treatise on the feudal law, and the constitution and laws of England; with a commentary on Magna Charta, and necessary illustrations of many of the English statutes, in a course of lectures, read in the University of Dublin. By the late Francis Stoughton Sullivan, L. L. D. Royal Professor of the Common Law in that University.","Sullivan, Francis Stoughton",50,1772,1,1,"Dublin : Thomas Ewing, M,DCC,LXXII. [1772].",Dublin,465,male,1719,1776,False
0045300501_000001,"Elements of the theory and practice of chymistry. Translated from the French of M. Macquer, Member of the Royal Academy of Sciences, and Professor of Medicine in the University of Paris. In two volumes. ...",Pierre Macquer,48,1764,1,2,"London : printed for A. Millar, and J. Nourse, in the Strand, MDCCLXIV. [1764].",London,434,male,1718,1784,False
0913700102_000123,"Essays and treatises on several subjects. In two volumes. By David Hume, Esq; ... . Containing Essays, Moral, Political, and Literary.",David Hume,55,1777,2,2,"London : printed for T. Cadell, in the Strand: and A. Donaldson, and W. Creech, at Edinburgh, MDCCLXXVII. [1777].",London,513,male,1711,1776,True
0252000303_000117,"Essays on the intellectual and active powers of man. By Thomas Reid, ... In three volumes. ...",Thomas Reid,66,1790,3,3,"Dublin : printed for P. Byrne, and J. Milliken, 1790.",Dublin,473,male,1710,1796,True
0991400104_000085,"The works of the late Right Honorable Henry St. John, Lord Viscount Bolingbroke. In five volumes, complete. Published by David Mallet, ...","Henry St John, 1st Viscount Bolingbroke",57,1754,4,5,"London : printed in the year, 1754.",London,634,male,1678,1751,True
0987400101_000004,"[Sermons and tracts: being the posthumous works of the late reverend Mr. Henry Grove, of Taunton. Published from the author's manuscript. In four volumes.]",Henry Grove,59,1741,1,4,"London : printed for and sold by John Wilson; and sold also by James Hodges, MDCCXLI [1741].",London,528,male,1684,1738,True
0031600202_000053,"Letters from a father to his son, on various topics relative to literature and the conduct of life. Vol.II. Written in the years 1798 and 1799. By J. Aikin, M.D.",John Aikin,52,1800,2,2,"London : printed for J. Johnson, St. Paul's Church-Yard, by T. Bensley, Bolt Court, Fleet Street, 1800.",London,350,male,1747,1822,False
0432300104_000024,"The works of the late Right Honorable Henry St. John, Lord Viscount Bolingbroke. In five volumes, complete. Published by David Mallet, ...","Henry St John, 1st Viscount Bolingbroke",77,1777,4,5,"London : printed in the year, 1777.",London,630,male,1678,1751,True
0672400700_000002,"Philosophical disquisitions on the Christian religion. Addressed to Soame Jenyns, Esq. and W. Kenrick, L.L.D.",Robert Nation,51,1777,1,1,"London : printed for the author; and sold by J. Bew, in Pater-Noster Row; and J. Walter, Charing Cross, MDCCLXXVII. [1777].",London,210,male,,,False
0031900200_000034,Various essays by Sylviana Sola.,"Sola, Sylviana",58,1752,1,1,"[London?] : Printed for the author in, 1752.",London,372,unknown,,,False
0891000200_000001,"The beauties of Shakspeare; selected from his works. To which are added, the principal scenes in the same author.",William Shakespeare,55,1797,1,1,"London : printed for G. Kearsley, F. & C. Rivington, J. Walker, J. Scatchard, Lackington Allen & Co. Hamilton & Co. Lee & Hurst, [1797?].",London,410,male,1564,1616,True
0508700102_000038,"Elements of the philosophy of the human mind. By Dugald Stewart, ...",Dugald Stewart,51,1814,2,3,"London : printed for A. Strahan, and T. Cadell; and W. Creech, Edinburgh, 1792-1827.",London,564,male,1753,1828,False
0620200500_000004,"An essay on the nature and immutability of truth; in opposition to sophistry and scepticism. By James Beattie, Professor of Moral Philosophy and Logic in the Marischal College and University of Aberdeen.",James Beattie,66,1770,1,1,"Edinburgh : printed for A. Kincaid & J. Bell. Sold, at London, by E. & C. Dilly, in the Poultry, MDCCLXX. [1770].",Edinburgh,508,male,1735,1803,False
0288200500_000009,"Religio philosophi: or, the principles of morality and Christianity illustrated from a view of the universe, and of man's situation on it. By William Hay, Esq; Humbly inscribed to the Right Honourable Arthur On Slow, Speaker of the House of Commons.","Hay, William",50,1754,1,1,"London : printed for R. and J. Dodsley in Pall-Mall, 1754.",London,239,male,1695,1755,False
0359100201_000018,"Contemplations on the beauties of creation, and on all the principal truths and blessings of the glorious gospel; with the sins and graces of Professing Christians. Vol. I. The third edition. By John Ryland, A. M. of Northampton.",John Collett Ryland,48,1780,1,1,"Northampton : printed by Thomas Dicey, M.DCC.LXXX. [1780].",Northampton,447,male,1723,1792,False
0211200402_000074,"The philosophical dictionary: or, the opinions of modern philosophers on metaphysical, moral, and political subjects. In Four Volumes. ...","Swediauer, F. (Franz)",85,1786,2,4,"London : printed for G. G. J. and J. Robinson; and for C. Elliot, Edinburgh, M,DCC,LXXXVI. [1786].",London,373,male,1748,1824,False
1163200200_000003,"An essay upon study, more particularly the study of philosophy. In a letter to a friend.",,85,1713,1,1,"London : printed by J. L. for Richard Wilkin, at the King's Head in St. Paul's Church-Yard, 1713.",London,25,unknown,,,False
0038901400_000014,Outlines of an historical view of the progress of the human mind: being a posthumous work of the late M. de Condorcet. (Translated from the French.),Jean-Antoine-Nicolas de Caritat de Condorcet,62,1796,1,1,"Philadelphia : Printed by Lang and Ustick, for M. Carey, H. & P. Rice & Co. J. Ormrod, B.F. Bache, and J. Fellows, New-York, M.DCC.XCVI. [1796].",New York|Philadelphia.,295,male,1743,1794,False
0455900400_000004,"Dialogues concerning natural religion. By David Hume, Esq;",David Hume,57,1779,1,1,"[London?] : Printed in, 1779.",London,154,male,1711,1776,True
0939001100_000003,"Philosophical and critical inquiries concerning Christianity. By M. Charles Bonnet, of Geneva, F. R. S. Member of the Royal Academy of Sciences of Paris, &c. &c. Translated by John Lewis Boissier, Esq.",Charles Bonnet,64,1791,1,1,"London : printed for John Stockdale, Piccadilly; and Charles Dilly, Poultry, M.DCC.XCI. [1791].",London,316,male,1720,1793,False
0116400301_000001,"The present state of all nations. Containing a geographical, natural, commercial, and political history of all the countries in the known world. ... . By T. Smollett, M.D.",Tobias Smollett,52,1768,1,8,"London : printed for R. Baldwin, No. 47, Paternoster-Row; W. Johnston, No. 16, Ludgate-Street; S. Crowder, No. 12; and Robinson and Roberts, No. 25, Paternoster-Row, MDCCLXVIII. [1768]-69.",London,529,male,1721,1771,True
0091500110_000255,"General biography; or lives, critical and historical, of the most eminent persons of all ages, countries, conditions, and professions, arranged according to alphabetical order. Chiefly composed by John Aikin, M.D. and the late Rev. William Enfield, LL.D. Volume the First.",John Aikin,47,1799,10,10,"London : printed for G. G. and J. Robinson, Pater-Noster-Row; G. Kearsley, Fleet-Street; R. H. Evans (successor to Mr. Edwards), Pall-Mall; and J. Wright, Opposite Bond-Street, Piccadilly. - Also at Edinburgh for Bell and Bradfute, 1799-[1815].",London,493,male,1747,1822,False
0970400101_000132,"Thirty six sermons and discourses, on several Subjects and Occasions. By Robert South, D. D. late Prebendary of West-Minster, and Canon of Christ-Church, Oxon, &c. ...",Robert South,59,1720,1,2,"Dublin : printed for Patrick Dugan, on Cork-Hill, and Joseph Leathly, in Dame's-Street, Booksellers, MDCCXX. [1720].",Dublin,521,male,1634,1716,True
1546500101_000002,The philosophical principles of natural and revealed religion. Unfolded in a geometrical order. By the Chevalier Ramsay author of The travels of Cyrus.,Andrew Michael Ramsay,64,1751,1,2,"London : Sold by J. & P. Knapton, in Ludgate-street; T. Longman, C. Hitch, in Pater-noster-row; J. Ward, near the Royal-exchange; A. Millar, J. Nourse, St. Paterson, D. Wilson, in the Strand; J. Millan opposite to the Admiralty-Office, & R. Dodsley in Pall-Mall. Edinburgh: Sold by Mess. Kincaid, Hamilton, Gordon, & Ross. Dublin: Sold by J. Smith, & R. Main, MDCCLI. [1751].",London,560,male,1686,1743,True
0438800200_000014,"An essay on the study of literature. Written originally in French, by Edward Gibbon, Esq. Now first translated into English.",Edward Gibbon,59,1788,1,1,"Dublin : printed for Luke White, 86, Dame-Street, M,DCC,LXXXVIII. [1788].",Dublin,226,male,1737,1794,True
0445300301_000181,"The history of philosophy, from the earliest times to the beginning of the present century; drawn up from Brucker's Historia critica philosophiæ. By William Enfield, LL. D. In two volumes. ...",Johann Jakob Brucker,78,1791,1,2,"London : printed for J. Johnson, St. Paul's Church Yard, M,DCC,XCI. [1791].",London,588,male,1696,1770,False
0041001300_000001,The spirit of nations. Translated from the French.,"Espiard de la Borde, François-Ignace",57,1753,1,1,"London : printed for Lockyer Davis, at Lord Bacon's Head in Fleet-Street; and R. Baldwin, in Pater-Noster Row, MDCCLIII. [1753].",London,423,male,1707,1777,False
0482500104_000064,"The method of teaching and studying the belles lettres, or an introduction to languages, poetry, rhetoric, history, moral philosophy, physicks, &c. with reflections on taste; and instructions with regard to the eloquence of the pulpit, the bar, and the stage. The whole illustrated with passages from the most famous poets and orators, antient and modern, with critical remarks on them. Designed more particularly for students in the universities. By Mr. Rollin, late principal of the university of Paris, now professor of Eloquence in the Royal College, and member of the Royal Academy of inscriptions and Belles Lettres. Translated from the French. ...",Charles Rollin,58,1737,4,4,"London : printed [by James Bettenham] for A. Bettesworth and C. Hitch, at the Red-Lion in Pater-noster Row. MDCCXXXVII. [1737].",London,507,male,1661,1741,True
0783700103_000062,"Emilius and Sophia; or, a new system of education. Translated from the French of Mr. J. J. Rousseau, Citizen Of Geneva. By the translator of Eloisa.",Jean-Jacques Rousseau,58,1783,3,4,"London : printed by H. Baldwin. Sold by T. Becket, In Pallmall; and R. Baldwin, In Pater-Noster-Row, MDCCLXXXIII. [1783].",London,296,male,1712,1778,True
1092700101_000019,"The philosophical works of the late Right Honorable Henry St. John, Lord Viscount Bolingbroke. In five volumes. Published by David Mallet, Esq; ...","Henry St John, 1st Viscount Bolingbroke",62,1754,1,5,"London : [s.n.], Printed in the Year MDCCLIV. [1754].",London,359,male,1678,1751,True
0164300200_000026,"Elements of civil knowledge. By Henry Redhead Yorke, Esq.",Henry Redhead Yorke,50,1800,1,1,"Dorchester : printed for the author by T. Lockett, 1800.",Dorchester,349,male,1772,1813,False
0179700301_000003,"The natural history of the mineral kingdom in three parts. Part I. Of the Natural History of the Strata of Coal, and of the Concomitant Strata. Part II. Of the Natural History of Mineral Veins, and other Beds and Repositories of the precious and useful Metals. Part III. Of the Natural History of the Prevailing Strata, and of the principal and most interesting Phaenomena upon and within the surface of our Globe. By John Williams, Mineral Surveyor, F. S. S. A. In two volumes. ...","Williams, John",68,1789,1,2,"Edinburgh : printed for the author, by Thomas Ruddiman, 1789.",Edinburgh,519,male,1730,1795,False
0165200400_000001,"Elements of the theory and practice of chymistry. Translated from the French of M. Macquer, Member of the Royal Academy of Sciences, and Professor of Medicine in the University of Paris.",Pierre Macquer,50,1777,1,1,"Edinburgh : printed for Alexander Donaldson; and sold at his shop, No. 48, East Corner of St. Paul's Church-Yard, London; and at Edinburgh, M.DCC.LXXVII. [1777].",Edinburgh,661,male,1718,1784,False
0106900601_000006,"Essays on the nature and immutability of truth, in opposition to sophistry and scepticism; on poetry and music, as they affect the mind; on laughter, and ludicrous composition; and, on the utility of classical learning. By James Beattie, ... In two volumes. ...",James Beattie,61,1778,1,2,"Dublin : printed for C. Jenkin, 1778.",Dublin,420,male,1735,1803,False
0378801000_000027,"An apology for Christianity, in a series of letters, addressed to Edward Gibbon, Esq; Author of the Decline and Fall of the Roman Empire. By R. Watson, D.D. F.R.S. and Regius Professor of Divinity in the University of Cambridge. Also, remarks on the two last chapters of Mr. Gibbon's History, of the decline and fall of the Roman Empire. In a letter to a friend.","Watson, Richard",53,1777,1,1,"Dublin : printed for W. Watson, W. Whitestone, W. Colles, W. Wilson, T. Walker, C. Jenkin, W. Hallhead, J. Exshaw, and J. Beatty, MDCCLXXVII. [1777].",Dublin,304,male,1737,1816,True
0184800900_000038,"Sermons on several subjects. By the Right Reverend Beilby Porteus, D. D. Bishop of Chester.",Beilby Porteus,50,1783,1,1,"London : printed for T. Payne and Son at the Mews Gate, and T. Cadell, in the Strand, MDCCLXXXIII. [1783].",London,433,male,1731,1809,False
0351000103_000002,The rambler. By Samuel Johnson. In four volumes. Embellished with elegant frontispieces. ...,Samuel Johnson,46,1800,3,4,"Montrose : printed by D. Buchanan, sold by him, & by W. Creech, P. Hill, J. Fairbairn, & A. Constable, Edinburgh; & by Ja. & A. Duncan, Glasgow, M,DCCC. [1800].",Montrose,344,male,1709,1784,True
0007800101_000002,"A view of universal modern history, from the fall of the Roman empire. In three volumes. ... Translated from the last edition of the celebrated Chevalier Mehegan, by H. Fox.",Guillaume-Alexandre de Méhégan,57,1778,1,3,"London : printed for Hooper and Davis, and G. Robinson, 1778.",London,458,male,1721,1766,False
0662900100_000050,"The compleat gentleman: or a description of the several qualifications, both natural and acquired, that are necessary to form a great man. Written originally in Spanish, by Baltasar Gratian, and now translated into English by T. Saldkeld.",Baltasar Gracián,51,1730,1,1,"London : printed for T. Osborne, in Gray's-Inn, MDCCXXX. [1730].",London,247,male,1601,1658,False
1267700202_000043,"The historical, biographical, literary, and scientific magazine. The history of Europe, for the year 1799. With an obituary and biographical sketches of persons deceased in that year, &c. &c. By Robert Bisset, LL.D. With the assistance of other literary gentlemen. ...",Robert Bisset,44,1800,2,3,"London : printed and published by G. Cawthorn , British Library, NO. 132, Strand, Bookseller To Her Royal Highness The Princess Of Wales : sold also by Messrs. Richardson , Royal-Exchange ; H. D. Symonds, J. Wallis, West and Hughes , Paternoster-Row ; J. Wright , Piccadilly ; P. Hill, Edinburgh; and all the booksellers in town and country, [1800?].",London,446,male,1759,1805,False
0190900403_000045,"An inquiry into the nature and causes of the wealth of nations. By Adam Smith, L L. D. and F. R. S. of London and Edinburgh: One of the Commissioners of his Majesty's Customs in Scotland; and Formerly Professor of Moral Philosophy in the University of Glasgow.",Adam Smith,82,1784,3,3,"London : printed for W. Strahan; and T. Cadell, in the Strand, MDCCLXXXIV. [1784].",London,523,male,1723,1790,True
0654800101_000365,"An ecclesiastical history, antient and modern, from the birth of Christ, to the beginning of the present century: ... By the late learned John Lawrence Mosheim, ... Translated from the original, ... by Archibald Maclaine, ... In two volumes. ...",Johann Lorenz von Mosheim,48,1765,1,2,"London : printed for A. Millar, 1765.",London,843,male,1693,1755,False
0802300401_000003,"The geographical magazine; or, a new, copious, compleat, and universal system of geography. ... By William Frederick Martyn, Esq. ...",William Fordyce Mavor,51,1782,1,2,"London : printed for Harrison and Co., 1782-83.",London,881,male,1758,1837,False
0612701400_000004,"Reflections on religion: or, freedom of thinking, and judging for our-selves, on religious subjects. No atheism. By Daniel Eccleston.","Eccleston, Daniel",50,1797,1,1,"[Lancaster?, s.n., 1797].",Lancaster,24,unknown,,,False
0230900600_000037,"Sermons on several subjects. By the Right Reverend Beilby Porteus, D. D. Bishop of Chester.",Beilby Porteus,52,1783,1,1,"London : printed for T. Payne and Son, at the Mews Gate, and T. Cadell, in the Strand, MDCCLXXXIII. [1783].",London,433,male,1731,1809,False
1744700300_000009,"Religio philosophi: or, the principles of morality and Christianity, illustrated prom [sic] a view of the universe, and of man's situation in it. By William Hay, Esq; ...","Hay, William",48,1753,1,1,"London : printed for R. Dodsley, 1753.",London,238,male,1695,1755,False
0038901400_000015,Outlines of an historical view of the progress of the human mind: being a posthumous work of the late M. de Condorcet. (Translated from the French.),Jean-Antoine-Nicolas de Caritat de Condorcet,47,1796,1,1,"Philadelphia : Printed by Lang and Ustick, for M. Carey, H. & P. Rice & Co. J. Ormrod, B.F. Bache, and J. Fellows, New-York, M.DCC.XCVI. [1796].",New York|Philadelphia.,295,male,1743,1794,False
0405600300_000050,"The complete gentleman: or, a description of the several qualifications, both natural and acquired, that are necessary to form a great man. Written originally in Spanish, by Baltasar Gratian: and now translated into English, by T. Saldkeld, Esq;",Baltasar Gracián,47,1776,1,1,"Dublin : printed for W. Whitestone, Skinner-Row, MDCCLXXVI. [1776].",Dublin,238,male,1601,1658,False
1280800103_000002,"The rambler. By Samuel Johnson, LL.D. ...",Samuel Johnson,44,1798,3,4,"London : printed for A. Law, W. Millar, J. Buckland, and T. Davis, 1798.",London,292,male,1709,1784,True
1654601003_000049,"The free-Thinker: or, essays of wit and humour. Written by Dr. Boulter, the present Lord Primate of all Ireland, the Right Honourable Richard West, Esq; Lord Chancellor of that Kingdom, the Reverend Dr. Gilbert Burnet, the Reverend Mr. Henry Stephens, and Ambrose Philips, Esq; Author of the Distressed Mother, &c. In three volumes.",Ambrose Philips,52,1739,3,3,"London : printed for J. Brindley, in New Bond-Street, Bookseller and Bookbinder to his Royal Highness the Prince of Wales, and R. Montagu, in Great Queen-Street, near Lincoln's-Inn Fields, and sold by C. Corbet against St. Dunstan's Church in Fleetstreet, M.DCC.XXXIX. [1739].",London,268,male,1674,1749,True
0184900701_000070,"Select discourses from the American preacher, (a work of which three volumes are already published in America). By some of the most eminent evangelical ministers in the United States.",,59,1796,1,2,"Edinburgh : printed by Adam Neill and Company; and sold by W. Laing and J. Ogle, 1796.",Edinburgh,529,unknown,,,False
1240000301_000186,"The library: or, Moral and critical magazine, for the year ... By a society of gentlemen.",Andrew Kippis,50,1761,1,2,"London [England] : printed for R. Griffiths in the Strand, and C. Henderson under the Royal-Exchange, [1761-MDCCLXII. [1762].",London,512,male,1725,1795,False
1116300115_000831,"Encyclopaedia; or, A dictionary of arts, sciences, and miscellaneous literature ... Compiled from the writings of the best authors, in several languages ... Illustrated with five hundred and forty-two copperplates. ...",,59,1798,15,18,"Philadelphia : Printed by Thomas Dobson, at the stone house, no 41, South Second Street, M.DCC.XCVIII. [1798] (Copy-right secured according to law).",Philadelphia,801,unknown,,,False
0863800400_000017,"Lectures on the duties and qualifications of a physician. By John Gregory, M.D. F. R. S. Physician to His Majesty, and Professor of Medicine in the University of Edinburgh.",John Gregory,74,1772,1,1,"London : printed for W. Strahan; and T. Cadell, in the Strand, MDCCLXXII. [1772].",London,245,male,1724,1773,False
0493700102_000138,"The history of philosophy, from the earliest times to the beginning of the present century; drawn up from Brucker's Historia critica philosophiæ. By William Enfield, LL.D. In two volumes. ...",Johann Jakob Brucker,54,1792,2,2,"Dublin : printed for P. Wogan, P. Byrne, A. Grueber, W. M'Kenzie, J. Moore, J. Jones, R. M'allister, W. Jones, J. Rice, R. White, and G. Draper. M,DCC,XCII. [1792].",Dublin,652,male,1696,1770,False
0508700101_000055,"Elements of the philosophy of the human mind. By Dugald Stewart, ...",Dugald Stewart,50,1792,1,3,"London : printed for A. Strahan, and T. Cadell; and W. Creech, Edinburgh, 1792-1827.",London,578,male,1753,1828,False
0026203003_000032,"An inquiry into the nature and causes of the wealth of nations. By Adam Smith, ... In three volumes. ...",Adam Smith,95,1776,3,3,"Dublin : printed for Messrs. Whitestone, Chamberlaine, W. Watson, Potts, S. Watson [and 15 others in Dublin], 1776.",Dublin,415,male,1723,1790,True
0457900201_000033,"Athenian letters: or, the epistolary correspondence of an agent of the King of Persia, residing at Athens during the Peloponnesian war. Containing the history of the times, in dispatches to the ministers of state at the Persian court. Besides letters on various subjects between him and his friends. ...","Hardwicke, Philip Yorke, Earl of",46,1741,1,4,"London : printed by James Bettenham, M,DCC,XLI. [1741]-43.",London,261,male,1720,1790,False
0656001900_000136,"Observations upon liberal education, in all its branches: Containing The Substance of what hath been said upon that important Subject by the best Writers Ancient or Modern; with many new Remarks interspersed: designed for the assistance of young gentlemen, who having made some Progress in Useful Sciences, are desirous of making further Improvements, by a proper Prosecution of their Studies; as well as for the Use of Parents, who would give right Education to their Children, and of those who are engaged in the Business of Education, whether in a more Private or public Manner. In three parts. By George Turnbull, LL. D. Chaplain to his Royal Highness the Prince of Wales.",George Turnbull,59,1742,1,1,"London : printed for A. Millar, at Buchanan's Head, overagainst St. Clement's Church in the Strand, MDCCXLII. [1742].",London,491,male,1698,1748,False
0256700700_000001,"The theology of Plato, compared with the principles of oriental and Grecian philosophers. By John Ogilvie, D.D. F.R.S.E.","Ogilvie, John",54,1793,1,1,"London : printed for J. Deighton, Holborn, MDCCXCIII. [1793].",London,228,male,1732,1813,False
0270601100_000003,"Philosophical and critical inquiries concerning Christianity. By M. Charles Bonnet, of Geneva, F. R. S. Member of the Royal Academy of Sciences of Paris, &c. &c. Translated by John Lewis Boissier, Esq.",Charles Bonnet,63,1787,1,1,"London : printed for John Stockdale, Piccadilly; Charles Dilly, Poultry; and William Creech, Edinburgh, M.DCC.LXXXVII. [1787].",London,319,male,1720,1793,False
1070600103_000002,The Rambler. In four volumes. ...,Samuel Johnson,46,1793,3,4,"London : printed for T. Longman, B. Law and Son, H. Baldwin, J. Robson, C. Dilly, [and 16 others in London], 1793.",London,323,male,1709,1784,True
0962200500_000001,"Observations on the principles of the old system of physic, exhibiting a compend of the new doctrine. The whole containing a new account of the state of medicine from the present times, backward, to the restoration of the Grecian learning in the western parts of Europe. By a gentleman conversant in the subject.",John Brown,53,1787,1,1,"Edinburgh : from the Apollo Press, by Martin and M'dowell; for the author. Anno, 1787.",Edinburgh,391,male,1735,1788,True
0302000801_000019,"Enquiry concerning political justice, and its influence on morals and happiness. By William Godwin. The third edition corrected. In two volumes. ...",William Godwin,65,1798,1,2,"London : printed for G. G. and J. Robinson, 1798.",London,520,male,1756,1836,True
0115700500_000013,"Sermons on several subjects. By James Muscut, M. A. Late Rector of Little Staughton in Bedfordshire, and Formerly Fellow of Corpus-Christi College, Oxford.","Muscut, James           1708 or 9",57,1760,1,1,"Cambridge : printed by J. Bentham, Printer to the University. Sold by Messrs. Whiston and White in Fleet-Street, and Mr. Dod in Ave-Mary-Lane, London; Messrs. Thurlbourn & Woodyer, and Messrs. Merrill, at Cambridge; Mr. Fletcher at Oxford; Mr. Gregory at the Register-Office at Bedford; Mr. Henry Watson at the Register-Office at Huntingdon; Mr. Farrer at Boston; and Mrs. Muscut at St. Neots. By whom the Subscribers Books will be delivered, M.DCC.LX. [1760].",Cambridge,248,unknown,,,False
0928500104_000215,"An ecclesiastical history, antient and modern, from the birth of Christ, to the beginning of the present century: in which The Rise, Progress, and Variations of Church Power are considered In their Connexion with the State of Learning and Philosophy, and the Political History of Europe during that Period. By the late learned John Lawrence Mosheim, D. D. And Chancellor of the University of Gottingen. Translated from the original Latin, And accompanied with Notes and Chronological Tables, by Archibald Maclaine, D.D. In five volumes. To the whole is added an accurate index. A new edition. ...",Johann Lorenz von Mosheim,45,1774,4,5,"London : printed for T. Cadell, in the Strand, MDCCLXXIV. [1774].",London,561,male,1693,1755,False
0227801800_000001,Plan of education. By the author of Cyrus's travels. For the use of --- &c. &c. &c.,Andrew Michael Ramsay,56,1753,1,1,"Berwick upon Tweed : printed and sold by R. Taylor, M.DCC.LIII. [1753].",Berwick-upon-Tweed,31,male,1686,1743,True
0581001400_000065,"Lessons, astronomical and philosophical, for the amusement and instruction of British youth: being an attempt to explain and account for the most usual appearances in nature, in a Familiar Manner from Established Principles. The Whole Interspersed with Moral Reflections. By Olinthus Gregory.",Olinthus Gregory,51,1799,1,1,"London : printed by Bye and Law, St. John's Square, for T. Conder, Bucklersbury; sold also by the author, at Cambridge, 1799.",London,309,male,1774,1841,False
0991400103_000127,"The works of the late Right Honorable Henry St. John, Lord Viscount Bolingbroke. In five volumes, complete. Published by David Mallet, ...","Henry St John, 1st Viscount Bolingbroke",61,1754,3,5,"London : printed in the year, 1754.",London,553,male,1678,1751,True
1267700202_000024,"The historical, biographical, literary, and scientific magazine. The history of Europe, for the year 1799. With an obituary and biographical sketches of persons deceased in that year, &c. &c. By Robert Bisset, LL.D. With the assistance of other literary gentlemen. ...",Robert Bisset,66,1800,2,3,"London : printed and published by G. Cawthorn , British Library, NO. 132, Strand, Bookseller To Her Royal Highness The Princess Of Wales : sold also by Messrs. Richardson , Royal-Exchange ; H. D. Symonds, J. Wallis, West and Hughes , Paternoster-Row ; J. Wright , Piccadilly ; P. Hill, Edinburgh; and all the booksellers in town and country, [1800?].",London,446,male,1759,1805,False
0508600500_000068,"Sermons, chiefly intended to promote faith, hope, and charity. By Vicesimus Knox, D.D.",Vicesimus Knox,53,1792,1,1,"London : printed for Charles Dilly, MDCCXCII. [1792].",London,527,male,1752,1821,True
0448701500_000004,A comparative view of the advantages resulting from revelation; and the dangers attending infidelity. Addressed to the people of Ireland. By the Rev. Eugene Martin.,"Martin, Eugene, Rev",47,1789,1,1,"Dublin : printed for the author, and sold by J. Moore, No. 45, College-Green, MDCCLXXXIX. [1789].",Dublin,109,unknown,,,False
0730700100_000006,A supplement to the new and universal dictionary of arts and sciences.,John Barrow,66,1754,1,1,"London : printed for the proprietors, and sold by John Hinton, at the King's-Arms in Newgate-Street, London, MDCCLIV. [1754].",London,791,male,,,False
0303900101_000001,The philosophical principles of natural and revealed religion. Unfolded in a geometrical order by the Chevalier Ramsay Author of the Travels of Cyrus.,Andrew Michael Ramsay,65,1748,1,2,"Glasgow : printed and sold by Robert Foulis, MDCCXLVIII. [1748]-49.",Glasgow,545,male,1686,1743,True
1187100600_000053,"The evidences of the Christian religion. By the Right Honourable Joseph Addison, Esq; to which are added, several discourses against atheism and infidelity, and in defence of the Christian Revelation. Occasionally published by him and others: And now collected into one Body, and digested under their proper Heads. With a preface, containing the sentiments of Mr. Boyle, Mr. Locke, and Sir Isaac Newton, concerning the Gospel-Revelation.",Joseph Addison,50,1790,1,1,"London : printed for J. F. and C. Rivington, T. Longman, R. Horsfield, T. Cadell, and W. Lowndes, MDCCXC. [1790].",London,314,male,1672,1719,True
0195400701_000002,"Natural history, general and particular, by the Count de Buffon, translated into English. Illustrated with above 260 copper-plates, and occasional notes and observations by the translator.","Georges-Louis Leclerc, Comte de Buffon",64,1780,1,9,"Edinburgh : printed for William Creech, M,DCC,LXXX. [1780]",Edinburgh,549,male,1707,1788,True
0539901100_000080,"Philosophical essays on various subjects; viz. Space, substance, body, spirit, the Operations of the Soul in Union with the Body, Innate Ideas, Perpetual Consciousness, Place and Motion of Spirits, the Departing Soul, the Resurrection of the Body, the Production and Operations of Plants and Animals. With some remarks on Mr. Locke's Essay on the human understanding. To which is subjoined A brief scheme of ontology, or the Science of Being in General, with its Affections. By Isaac Watts, D.D.",Isaac Watts,51,1793,1,1,"London : printed for J. Murgatroyd, Chiswel-Street; sold also by Guthrie, Elder, and Dixon, Edinburgh; Miller, Glasgow, Binns, Leeds: and all other Booksellers in Town and Country, MDCCXCIII. [1793].",London,425,male,1674,1748,True
1011100300_000017,"An account of Sir Isaac Newton's philosophical discoveries, in four books. By Colin Maclaurin, A. M. Late Fellow of the Royal Society, Professor of Mathematics in the University of Edinburgh, and Secretary to the Philosophical Society there. Published from the author's manuscript papers, by Patrick Murdoch, M. A. and F. R. S.",Colin Maclaurin,53,1775,1,1,"London : printed for J. Nourse, W. Strahan, J. and F. Rivington, W. Johnston, D. Wilson, T. Lowndes, T. Cadell, T. Becket, W. Richardson, T. Longman, and W. Otridge, MDCCLXXV. [1775].",London,454,male,1698,1746,False
1445201000_000029,"A plan for the conduct of female education, in boarding schools, private families, and public seminaries. By Erasmus Darwin, M.D. F.R.S. author of Zoonomia, and of The botanic garden. To which are added, Rudiments of taste, in a series of letters from a mother to her daughters. Embellished with an elegant frontispiece.",Erasmus Darwin,46,1798,1,1,"Philadelphia: : Printed by John Ormrod, no. 41, Chesnut-Street, 1798.",Philadelphia,303,female,1731,1802,True
0859000100_000004,"The travels of Cyrus. To which is annexed, A discourse upon the theology and mythology of the pagans. By the Chevalier Ramsay.",Andrew Michael Ramsay,64,1745,1,1,"London : printed by James Bettenham: and sold by C. Hitch, at the Red Lion in Pater-Noster Row, M.DCC.XLV. [1745].",London,385,male,1686,1743,True
0052101900_000002,"An essay on the advantages of revelation. By the Rev. Joseph Whiteley, A.B. Curate of Beeston, in the Parish of Leeds, and late of Magdalen College, Cambridge.","Whiteley, Joseph",49,1787,1,1,"Leeds : printed by Thomas Wright; and sold by J. Johnson, and J. Wallis, London; J. and J. Merrils, Cambridge; and J. Binns, Leeds. () [1787].",Leeds,56,male,1760,1815,False
0434901400_000010,"Discourses on the evidence of revealed religion. By Joseph Priestley, LL.D. F.R.S. &c.",Joseph Priestley,66,1794,1,1,"London : printed for J. Johnson, No. 72, St. Paul's Church-Yard, 1794.",London,435,male,1733,1804,True
0636900200_000484,"The new annual register, or general repository of history, politics, and literature, for the year 1797. To which is prefixed, the history of knowledge, learning, and taste, in Great Britain; during the reign of King Charles II. - Part I.",,49,1798,1,1,"London : printed for G. G. and J. Robinson, Pater-Noster-Row, MDCCXCVIII. [1798].",London,973,unknown,,,False
0399700302_000023,"A full inquiry into the subject of suicide. To which are added (as Being Closely Connected with the Subject) two treatises on duelling and gaming. In two volumes. By Charles Moore, M. A. Rector of Cuxton and Vicar of Boughton-Blean, Kent; and Formerly Fellow of Trinity-College, Cambridge. ...","Moore, Charles",46,1790,2,2,"London : printed for J. F. and C. Rivington, No 62, St. Paul's Church-Yard; J. Robson and W. Clarke, New-Bond-Street; G. Nicol, Pall-Mall; and J. and T. Egerton, Charing-Cross; Fletcher, Prince and Cooke, Oxford; Merrills, Lunn, Cambridge; Simmons and Kirby, Canterbury; and Gillman, Rochester. M.DCC.XC. Entered at Stationers-Hall, [1790].",London,440,male,1743,1811,False
0212400501_000382,"Elegant extracts: or, useful and entertaining passages in prose, selected for the improvement of young persons: being similar in design to Elegant extracts in poetry.",,53,1794,1,2,"London : printed for C. Dilly, T. Longman B. Law & Son, J. Johnson, G. G. & J. Robinson, T. Cadell, & the rest of the proprietors, 1794.",London,646,unknown,,,False
0413900600_000001,"The rule of life: a collection of select moral sentences, extracted from the greatest authors, ancient and modern, and digested under proper heads.",,48,1776,1,1,"Edinburgh : printed by and for Alexander Tweedie, at the Cheap Printing-Office, Werston's Closs, opposite to the Luckenbooths, MDCCLXXVI. [1776].",Edinburgh,263,unknown,,,False
0280800101_000022,"The advantage and necessity of the Christian revelation, shewn from the state of religion in the antient heathen world: ... To which is prefixed, a preliminary discourse on natural and revealed religion. In two volumes. By John Leland, ...",John Leland,72,1764,1,2,"London : printed by W. Richardson and S. Clark; for R. and J. Dodsley, and T. Longman, 1764.",London,544,male,1691,1766,False
0091500108_000132,"General biography; or lives, critical and historical, of the most eminent persons of all ages, countries, conditions, and professions, arranged according to alphabetical order. Chiefly composed by John Aikin, M.D. and the late Rev. William Enfield, LL.D. Volume the First.",John Aikin,71,1799,8,10,"London : printed for G. G. and J. Robinson, Pater-Noster-Row; G. Kearsley, Fleet-Street; R. H. Evans (successor to Mr. Edwards), Pall-Mall; and J. Wright, Opposite Bond-Street, Piccadilly. - Also at Edinburgh for Bell and Bradfute, 1799-[1815].",London,722,male,1747,1822,False
0035600600_000028,A comparative view of the state and faculties of man with those of the animal world.,John Gregory,63,1766,1,1,"London : printed for J. Dodsley in Pall-Mall, MDCCLXVI. [1766].",London,256,male,1724,1773,False
1194300600_000034,"Revelation, the best foundation for morals: being, an investigation of the true & fabulous in the Age of reason, and the French philosophy by a lover of truth.","Curtis, apothecary",63,1798,1,1,"Edinburgh : printed for J. and J. M'cliesh, New Town, and sold by the booksellers, M.DCC.XCVIII. [1798].",Edinburgh,196,unknown,,,False
0771301500_000041,"Select discourses on various subjects. By Secker, Warburton, Jortin, Powell, Mann, Porteus, Blair, Balguy, And Bishop of Landaff.",,53,1786,1,1,"Dublin : printed by George Grierson, Printer to the King's Most Excellent Majesty, 1786.",Dublin,340,unknown,,,False
0537600101_000036,"Athenian letters: or, the epistolary correspondence of an agent of the King of Persia, residing at Athens during the Peloponnesian war. Containing the history of the times, in dispatches to the ministers of state at the Persian court. Besides letters on various subjects between him and his friends. ...","Philip Yorke, 3rd Earl of Hardwicke",46,1792,1,2,"Dublin : John Archer, No. 80, Dame-Street, 1792.",Dublin,449,male,1720,1790,False
0760000101_000050,"An ecclesiastical history, antient and modern, from the birth of Christ, ... By ... John Lawrence Mosheim, ... Translated from the original, and accompanied with notes and chronological tables, by Archibald Maclaine, ... In four volumes. ...",Johann Lorenz von Mosheim,61,1767,1,4,"Dublin : printed for Ann Leathley, 1767.",Dublin,579,male,1693,1755,False
0445400102_000138,"The history of philosophy, from the earliest times to the beginning of the present century; drawn up from Brucker's Historia critica philosophiæ. By William Enfield, LL. D. In two volumes. ...",Johann Jakob Brucker,58,1791,2,2,"London : printed for J. Johnson, St. Paul's Church Yard, M,DCC,XCI. [1791].",London,629,male,1696,1770,False
0036100902_000123,"Essays and treatises on several subjects. In two volumes. By David Hume, Esq; ... . Containing Essays, Moral, Political, and Literary.",David Hume,50,1784,2,2,"London : printed for T. Cadell, in the Strand: A. Donaldson, in St. Paul's Church-Yard; and W. Creech, at Edinburgh, MDCCLXXXIV. [1784].",London,513,male,1711,1776,True
0085700700_000035,"Select letters on the English nation: by Batista Angeloni, a Jesuit, who resided many years in London. Translated from the original Italian.",John Shebbeare,61,1763,1,1,"Dublin : printed for Wm. Williamson, Bookseller and Whole-Sale Stationer, at Mecaenas's Head in Bride-Street, MDCCLXIII. [1763].",Dublin,291,male,1709,1788,False
0654800101_000032,"An ecclesiastical history, antient and modern, from the birth of Christ, to the beginning of the present century: ... By the late learned John Lawrence Mosheim, ... Translated from the original, ... by Archibald Maclaine, ... In two volumes. ...",Johann Lorenz von Mosheim,59,1765,1,2,"London : printed for A. Millar, 1765.",London,843,male,1693,1755,False
0849500300_000028,"The immortality of the soul: a poem: from the Latin of Isaac Hawkins Browne: translated by John Lettice, ... To which is added the original poem; with a commentary and annotations, by the translator.",Isaac Hawkins Browne,61,1795,1,1,"Cambridge : printed by John Ardhdeacon [sic] and John Burges; and sold by F. & C. Rivington; Cadell & Davies; and Clarke, London; J. Deighton, and W.H. Lunn, Cambridge, 1795.",Cambridge,331,male,1705,1760,False
0732300102_000179,"An ecclesiastical history, antient and modern, from the birth of Christ, to the beginning of the present century: ... By the late learned John Lawrence Mosheim, ... Translated from the original Latin, ... by Archibald Maclaine, ... In five volumes. ...",Johann Lorenz von Mosheim,52,1768,2,5,"London : printed for A. Millar; and sold by T. Cadell, MDCCLVIII [1768].",London,463,male,1693,1755,False
0708400200_000058,"An historical disquisition concerning the knowledge which the ancients had of India; and the progress of trade with that country prior to the discovery of the passage to it by the Cape of Good Hope. With an appendix, containing, observations on the Civil Policy-The Laws and Judicial Proceedings-The Arts-The Sciences-And Religious Institutions, of the Indians. By Willia Robertson, D. D. F. R. S. Ed. Principal of the University, and Historiographer to his Majesty for Scotland.",William Robertson,55,1799,1,1,"London : printed for A. Strahan, T. Cadell Jun. and W. Davies, Strand; and E. Balfour, Edinburgh, 1799.",London,484,male,1721,1793,True
1070400202_000126,"Essays and treatises on several subjects. In two volumes. By David Hume, Esq; ...",David Hume,47,1772,2,2,"London : printed for T. Cadell: and A. Kincaid, and A. Donaldson, at Edinburgh, 1772.",London,521,male,1711,1776,True
1568401100_000003,"The philosophic mirrour: Or, General view of human oeconomy. Adapted to the consideration of the learned and the unlearned, the wife and the ignorant, of all ranks and degrees, of all countries and professions. In two parts. The first, containing the general system of the natural and revealed laws. The second part containing the different branches of men's oeconomy in their stations of publick and private life. With proper reflections for their due discharge thereof. Also, notes historical, critical, and curious.",Samuel Johnson,68,1759,1,1,"Dublin : Printed for the author, In the year M,DCC,LIX. [1759].",Dublin,382,male,1759,1763,False
0322801100_000061,"Sermons preached before the University of Oxford, in the year 1784, at the lecture founded by the Rev. John Bampton, M. A. Late Canon of Salisbury. The third edition. To which is added, a sermon preached before the University of Oxford, July 4, 1784, On the Duty of attempting the Propagation of the Gospel among our Mahometan and Gentoo Subjects in India. By Joseph White, B. D. Fellow of Wadham College, Archbishop Laud's Professor of Arabic, and One of his Majesty's Preachers at Whitemall.",Joseph White,53,1789,1,1,"London : printed for G.G.J. and J. Robinson, Paternoster-Row, MDCCLXXXIX. [1789].",London,614,male,1745,1814,False
1543300102_000033,"The works of the late John Gregory, M.D.",John Gregory,64,1788,2,4,"[Edinburgh : printed for A. Strahan, and T. Cadell, London; and W. Creech, Edinburgh, 1788].",Edinburgh,324,male,1724,1773,False
1764000103_000067,"The Looker-on: a periodical paper. By the Rev. Simon Olive-Branch, A.M.","Roberts, William",51,1797,3,4,"London : printed for G. G. and J. Robinson, 1797.",London,397,male,1767,1849,False
0686200102_000107,"Discourses on all the principal branches of natural religion and social virtue. By James Foster, D. D. ...",James Foster,55,1749,2,2,"London : printed for the author: and sold by Mr. Noon in Cheapside ; Messieurs J. and P. Knapton in Ludgate-Street ; Mr. Millar in the Strand ; Mr. Whitridge near the Royal Exchange ; and Mr. Dodsley in Pall-Mall : and by Mr. Kincaid and Messieurs Hamilton and Balfour in Edinburgh; Mr. Barry and Messieurs Fowlis in Glasgow; Mr. Smith in Dublin; and other booksellers in Great Britain and Ireland, 1749-52.",London,441,male,1697,1753,False
0912700100_000015,"The four ages; together with essays on various subjects. By William Jackson, Of Exeter.","Jackson, William",51,1798,1,1,"London : printed for Cadell and Davies, in the Strand, M,DCC,XCVIII. [1798].",London,458,male,1730,1803,False
0235200302_000132,"Essays and treatises on several subjects. By David Hume, Esq; ... . Containing Essays, Moral, Political, and Literary.",David Hume,67,1793,2,2,"Edinburgh : printed for T. Cadell, London; and Bell & Bradfute, and T. Duncan, Edinburgh, M.DCC.XCIII. [1793].",Edinburgh,633,male,1711,1776,True
1041700300_000016,Synopsis of lectures on belles lettres and logic. Read in the University of St. Andrews.,University of St. Andrews,60,1790,1,1,"Edinburgh : printed for Elphingston Balfour, M,DCC,XC. [1790].",Edinburgh,253,unknown,,,False
0493700101_000181,"The history of philosophy, from the earliest times to the beginning of the present century; drawn up from Brucker's Historia critica philosophiæ. By William Enfield, LL.D. In two volumes. ...",Johann Jakob Brucker,75,1792,1,2,"Dublin : printed for P. Wogan, P. Byrne, A. Grueber, W. M'Kenzie, J. Moore, J. Jones, R. M'allister, W. Jones, J. Rice, R. White, and G. Draper. M,DCC,XCII. [1792].",Dublin,591,male,1696,1770,False
0581100300_000005,"The elements of philosophy: containing, I. The most useful parts of logic, including both Metaphysics and Dialectic, or the Art of Reasoning: with a brief Account of the Progress of the Mind towards its highest perfection. To which is prefixed, A short Introduction to the Study of the Sciences. II. A brief view both of the speculative and practical Part of moral philosophy, as improved by Christianity. To which is added, An Original Letter concerning the Settlement of Bishops in America. By Samuel Johnson, D.D.",Samuel Johnson,60,1754,1,1,"London : printed for A. Millar, in the Strand, MDCCLIV. [1754].",London,289,male,1696,1772,False
0562601600_000001,"Lucubrations on ways and means. Humbly addressed to the Right Hon. Lord North. By John Berkenhout, M.D.","Berkenhout, John",57,1780,1,1,"London : printed for H. Payne, Opposite Marlborough House, Pall-Mall, 1780.",London,65,male,1730,1791,False
0906600300_000006,"The Christianity of the New Testament. Or, a scholastic defence the scripture doctrines of redemption, propitiation, ... By Peter Whitfield.","Whitfield, Peter",55,1757,1,1,"Liverpool : printed for R. Williamson, 1757.",Liverpool,389,unknown,,,False
0432300105_000026,"The works of the late Right Honorable Henry St. John, Lord Viscount Bolingbroke. In five volumes, complete. Published by David Mallet, ...","Henry St John, 1st Viscount Bolingbroke",57,1777,5,5,"London : printed in the year, 1777.",London,576,male,1678,1751,True
0211200404_000057,"The philosophical dictionary: or, the opinions of modern philosophers on metaphysical, moral, and political subjects. In Four Volumes. ...","Swediauer, F. (Franz)",64,1786,4,4,"London : printed for G. G. J. and J. Robinson; and for C. Elliot, Edinburgh, M,DCC,LXXXVI. [1786].",London,388,male,1748,1824,False
0166300300_000011,"An inquiry into the state of medicine, on the principles of inductive philosophy. With an appendix; containing Practical Cases and Observations. By Robert Jones, M.D.","Jones, Robert, M.D.",60,1781,1,1,"Edinburgh : printed for T. Longman, and T. Cadell, London; and C. Elliot, Edinburgh, MDCCLXXXI. [1781].",Edinburgh,392,unknown,,,False
0795400402_000042,"A view of the principal deistical writers that have appeared in England in the last and present century; with observations upon them, and some account of the answers that have been published against them. In several letters to a friend. ... The fourth edition. By John Leland, D.D.",John Leland,50,1764,2,2,"London : printed by W. Richardson and S. Clark, for R. and J. Dodsley in Pall-Mall, and T. Longman in Pater-Noster Row, MDCCLXIV. [1764].",London,465,male,1691,1766,False
1236602300_000047,"The travels of Anacharsis the Younger in Greece, during the middle of the fourth century before the Christian æra. Abridged from the original work of the abbe Barthelemi. Illustrated with plates ... by H. Richter.",Jean-Jacques Barthélemy,60,1797,1,1,"London : printed for Vernor and Hood, 1797.",London,660,male,1716,1795,False
1070400202_000115,"Essays and treatises on several subjects. In two volumes. By David Hume, Esq; ...",David Hume,61,1772,2,2,"London : printed for T. Cadell: and A. Kincaid, and A. Donaldson, at Edinburgh, 1772.",London,521,male,1711,1776,True
0508700102_000011,"Elements of the philosophy of the human mind. By Dugald Stewart, ...",Dugald Stewart,60,1814,2,3,"London : printed for A. Strahan, and T. Cadell; and W. Creech, Edinburgh, 1792-1827.",London,564,male,1753,1828,False
0806800200_000001,The memorable things of Socrates. In four books. Translated from the Greek of Xenophon.,Xenophon,47,1757,1,1,"Glasgow : printed for Robert Urie, MDCCLVII. [1757].",Glasgow,362,male,,,False
0660601701_000059,"Dialogues concerning education. By Mr. David Fordyce, Late Professor of Philosophy of Marishal College, in the University of Aberdeen. ...",David Fordyce,48,1757,1,2,"London : printed for E. Dilly, at the Rose and Crown in the Poultry, near the Mansion-House, MDCCLVII. [1757].",London,438,male,1711,1751,False
0712700602_000005,"Letters on the English nation: by Batista Angeloni, a Jesuit, who resided many years in London. Translated from the original Italian, by the author of The marriage act a novel. ...",John Shebbeare,64,1755,2,2,"London : [s.n.], printed in the year M DCC LV. [1755].",London,311,male,1709,1788,False
1098400103_000049,"The free-Thinker: or, essays of wit and humour. Written by Dr. Boulter, the present Lord Primate of all Ireland, the Right Honourable Richard West, Esq; Lord Chancellor of that Kingdom, the Reverend Dr. Gilbert Burnet, the Reverend Mr. Henry Stephens, and Ambrose Philips, Esq; Author of the Distressed Mother, &c. In three volumes.",Ambrose Philips,57,1739,3,3,"London : printed for J. Brindley, in New Bond-Street, Bookseller and Bookbinder to his Royal Highness the Prince of Wales, and R. Montagu, in Great Queen-Street, near Lincoln's-Inn Fields, and sold by C. Corbet against St. Dunstan's Church in Fleetstreet, M.DCC.XXXIX. [1739].",London,267,male,1674,1749,True
0203101000_000012,"The indian observer. By the late Hugh Boyd, Esq. and others. Compiled by Mr. Bone.",Hugh Boyd,58,1795,1,1,"Calcutta : printed by Joseph Cooper, M.DCC.XCV. [1795].",Calcutta,329,male,1746,1794,False
0384600600_000017,"A comparative view of the state and faculties of man, with those of the animal world.",John Gregory,71,1766,1,1,"London : printed for J. Dodsley in Pall-Mall., MDCCLXVI. [1766].",London,209,male,1724,1773,False
1021600200_000028,A comparative view of the state and faculties of man with those of the animal world.,John Gregory,63,1772,1,1,"London : printed for J. Dodsley, in Pall-Mall, MDCCLXXII. [1772].",London,259,male,1724,1773,False
1321400104_000052,"Asiatic researches; Or, Transactions of the society, instituted in Bengal, for inquiring into the history and antiquities, the arts, sciences, and literature, of Asia. Volume the first. Printed verbatim from the Calcutta edition.",Asiatic Society of Bengal,38,1799,4,7,"London : Printed for J. Sewell; Vernor and Hood; J. Cuthell; J. Walker; R. Lea; Lackington, Allen, and Co.; Otridge and Son; R. Faulder; and J. Scatcherd, 1799.",London,446,unknown,,,False
0654800102_000299,"An ecclesiastical history, antient and modern, from the birth of Christ, to the beginning of the present century: ... By the late learned John Lawrence Mosheim, ... Translated from the original, ... by Archibald Maclaine, ... In two volumes. ...",Johann Lorenz von Mosheim,42,1765,2,2,"London : printed for A. Millar, 1765.",London,689,male,1693,1755,False
0124300500_000040,"Sermons, by the late Reverend John Clarke, D.D. Minister of the First Church in Boston, Massachusetts. Copy right secured, according to act of Congress.",John Clarke,47,1799,1,1,"Boston : Printed by Samuel Hall, and sold at his book-store in Cornhill, July, 1799.",Boston,506,male,1687,1798,False
0270601100_000053,"Philosophical and critical inquiries concerning Christianity. By M. Charles Bonnet, of Geneva, F. R. S. Member of the Royal Academy of Sciences of Paris, &c. &c. Translated by John Lewis Boissier, Esq.",Charles Bonnet,56,1787,1,1,"London : printed for John Stockdale, Piccadilly; Charles Dilly, Poultry; and William Creech, Edinburgh, M.DCC.LXXXVII. [1787].",London,319,male,1720,1793,False
0439900201_000050,The lives of the most eminent English poets; with critical observations on their works. By Samuel Johnson. In four volumes.,Samuel Johnson,51,1793,1,4,"London : printed for J. Buckland, C. Bathurst, and T. Davies, 1793.",London,273,male,1709,1784,True
0912600600_000036,"The history of the belles lettres, and of the arts and sciences, from their origin, down to this present time. Translated from the French of M. Juvenal de Carlencas. With a compleat alphabetical index.",Félix de Juvenel de Carlencas,51,1740,1,1,"London : printed for John Duncan Bookseller in St. Martin's Court, near Leicester-Fields, 1740.",London,351,male,1679,1760,False
0361101000_000093,"The principles of the Christian religion compared with those of all the other religions, and systems of philosophy, Which Have Hitherto Appeared In The World: Wherein The Excellency, And Superiority, Of The Former Are clearly proved; Not Only For conducting Mankind, as rational Creatures, through this transitory Life; But For preparing them to enter into a Place of Happiness and Bliss, in that immortal State which must necessarily follow. By J. Stephens, Esq.","Stephens, J., Esq",59,1777,1,1,"London : printed for J. Dodsley in Pall-Mall, M.DCC.LXXVII. [1777].",London,355,unknown,,,False
0367800200_000060,"The evidences of the Christian religion, with additional discourses on the following subjects, viz. Of God, and his attributes: The power and wisdom of God in the creation. The Providence of God. The Worship of God. Advantages of Revelation above Natural Reason. Excellency of the Christian Institution. Dignity of the Scripture-Language. Against Atheism and Infidelity. Against the Modern Free-Thinkers. Immortality of the Soul, and a Future State. Death and Judgment. Collected from the writings of the Right Hon. Joseph Addison, Esq;",Joseph Addison,49,1792,1,1,"Edinburgh : printed for J. and J. Fairbairn; and W. Coke, Leith, 1792.",Edinburgh,277,male,1672,1719,True
0928400101_000033,"An ecclesiastical history, antient and modern, from the birth of Christ, to the beginning of the present century: in which The Rise, Progress, and Variations of Church Power are considered In their Connexion with the State of Learning and Philosophy, and the Political History of Europe during that Period. By the late learned John Lawrence Mosheim, D. D. And Chancellor of the University of Gottingen. Translated from the original Latin, And accompanied with Notes and Chronological Tables, by Archibald Maclaine, D.D. In five volumes. To the whole is added an accurate index. A new edition. ...",Johann Lorenz von Mosheim,59,1774,1,5,"London : printed for T. Cadell, in the Strand, MDCCLXXIV. [1774].",London,497,male,1693,1755,False
0252400700_000012,"On the importance of religious opinions. From the French of Mons. Necker. A new translation, to which is prefixed a short account of the author.",Jacques Necker,54,1789,1,1,"Edinburgh : printed for W. Gordon and J. Dickson, M,DCC,LXXXIX. [1789].",Edinburgh,384,male,1732,1804,False
0958200400_000017,"An introduction to astronomy. In a series of letters, from a preceptor to his pupil. In which the most useful and interesting Parts of the Science are clearly and familiarly explained. Illustrated with copper-plates. By John Bonnycastle, Of the Royal Military Academy, Woolwich.",John Bonnycastle,56,1796,1,1,"London : printed for J. Johnson, No. 72, St. Paul's Church-Yard, MDCCXCVI. [1796].",London,467,male,1751,1821,False
1134400501_000043,"Interesting letters of Pope Clement XIV. (ganganelli.) To which are prefixed, anecdotes of his life. Translated from the French edition published at Paris by Lottin, Jun. In four volumes. ...",Louis-Antoine Caraccioli,52,1777,1,4,"Dublin : printed for Messrs. Price, Whitestone, W. Sleater, W. Watson, R. Cross, Chamberlain, J. Potts, Wilkinson, Byrne, J. Hoey, Williams, W. Colles, W. Wilson, Armitage, Walker, Jenkin, Wogan, Moncrieffe, Burnet, White, E. Cross, Flin, Mills, Higly, Exshaw, Mehain, Beatty, Talbot, T. Kelly, T. M'donnell, and Hillary. M,DCC,LXXVII. [1777].",Dublin,254,male,1719,1803,False
0141400900_000008,"Letters to a student in the University of Cambridge, Massachusetts. By John Clarke, Minister of a church in Boston.",John Clarke,60,1796,1,1,"Boston : Printed and sold by Samuel Hall, no. 53, Cornhill, 1796.",Boston,145,male,1687,1798,False
0491100500_000001,"Elements of the theory and practice of chymistry. Translated from the French of M. Macquer, Member of the Royal Academy of Sciences, and Professor of Medicine in the University of Paris.",Pierre Macquer,49,1777,1,1,"Edinburgh : printed for Alex. Donaldson, and Charles Elliot, M.DCC.LXXVII. [1777].",Edinburgh,677,male,1718,1784,False
0928500105_000028,"An ecclesiastical history, antient and modern, from the birth of Christ, to the beginning of the present century: in which The Rise, Progress, and Variations of Church Power are considered In their Connexion with the State of Learning and Philosophy, and the Political History of Europe during that Period. By the late learned John Lawrence Mosheim, D. D. And Chancellor of the University of Gottingen. Translated from the original Latin, And accompanied with Notes and Chronological Tables, by Archibald Maclaine, D.D. In five volumes. To the whole is added an accurate index. A new edition. ...",Johann Lorenz von Mosheim,41,1774,5,5,"London : printed for T. Cadell, in the Strand, MDCCLXXIV. [1774].",London,465,male,1693,1755,False
0508700102_000131,"Elements of the philosophy of the human mind. By Dugald Stewart, ...",Dugald Stewart,48,1814,2,3,"London : printed for A. Strahan, and T. Cadell; and W. Creech, Edinburgh, 1792-1827.",London,564,male,1753,1828,False
0457900201_000043,"Athenian letters: or, the epistolary correspondence of an agent of the King of Persia, residing at Athens during the Peloponnesian war. Containing the history of the times, in dispatches to the ministers of state at the Persian court. Besides letters on various subjects between him and his friends. ...","Hardwicke, Philip Yorke, Earl of",44,1741,1,4,"London : printed by James Bettenham, M,DCC,XLI. [1741]-43.",London,261,male,1720,1790,False
1169500700_000002,"A sermon preached before the University of Cambridge, on Commencement Sunday, July 4, 1784. By Edward Oliver, D. D. Rector of Swanscombe, Kent; late fellow of Sidney Sussex College.","Oliver, Edward           1732",46,1784,1,1,"London : printed by J. Davis, Chancery Lane, for R. Faulder, New Bond Street, M.DCC.LXXXIV. [1784].",London,24,unknown,,,False
0732300103_000178,"An ecclesiastical history, antient and modern, from the birth of Christ, to the beginning of the present century: ... By the late learned John Lawrence Mosheim, ... Translated from the original Latin, ... by Archibald Maclaine, ... In five volumes. ...",Johann Lorenz von Mosheim,50,1768,3,5,"London : printed for A. Millar; and sold by T. Cadell, MDCCLVIII [1768].",London,517,male,1693,1755,False
0418000104_000134,"Biographia Evangelica: or, an Historical Account of the Lives and Deaths Of the most eminent and evangelical Authors or Preachers, Both British and Foreign, in the Several Denominations of Protestants, From the Beginning of the Reformation, to the present Time: wherein Are collected, from authentic Historians, their most remarkable Actions, Sufferings, and Writings; exhibiting the Unity of their Faith and Experience in their several Ages, Countries, and Professions; and illustrating the Power of Divine Grace in their holy Living and Dying. By the Rev. Erasmus Middleton, Lecturer of St. Bennet's, Grace-Church Street; and of St. Helen's, Bishopsgate Street. ...",Erasmus Middleton,75,1779,4,4,"London : printed by J. W. Pasham, for the author; and sold by Alex. Hogg, No. 16. Pater-Noster Row; G. Keith, Grace-Church street; and J. Mathews, No. 18. in the Strand, M.DCC.LXXIX. [1779]-86.",London,543,male,1739,1805,False
0814100100_000099,"The travels of Cyrus. To which is annexed, A discourse upon the theology and mythology of the pagans. By the Chevalier Ramsay.",Andrew Michael Ramsay,48,1752,1,1,"London : printed by James Bettenham: and sold by C. Hitch and L. Hawes, at the Red Lion in Pater-Noster-Row, M.DCC.LII. [1752].",London,387,male,1686,1743,True
0247200100_000003,"Literary hours or sketches critical and narrative, by Nathan Drake, M. D.",Nathan Drake,40,1798,1,1,"Sudbury : printed by J. Burkitt. Sold by T. Cadell, junior, and W. Davies, Strand, London. 1798. Entered at Stationers' Hall, [1798].",Sudbury,532,male,1766,1836,False
1057500500_000044,"Siris: a chain of philosophical reflexions and inquiries concerning the virtues of tar water, And divers other Subjects connected together and arising one from another. By the Right Rev. Dr. George Berkeley, Lord Bishop of Cloyne, And Author of The Minute Philosopher.",George Berkeley,65,1747,1,1,"[London] : Dublin printed, London re-printed, for W. Innys, and C. Hitch, in Pater-Noster-Row, and C. Davis in Holbourn, MDCCXLVII. [1747].",London,176,male,1685,1753,True
0095301200_000002,An essay on the character of the late Mr. William Bruce. In a letter to a friend.,"Cornwall, Gabriel           1786",57,1755,1,1,"Dublin : printed for John Smith at the Philosophers Heads on the Blind-Quay., M.DCC.LV. [1755].",Dublin,31,unknown,,,False
0032100800_000046,Outlines of an historical view of the progress of the human mind: being a posthumous work of the late M. de Condorcet. Translated from the French.,Jean-Antoine-Nicolas de Caritat de Condorcet,71,1795,1,1,"London : printed for J. Johnson, in St. Paul's Church-Yard, 1795.",London,380,male,1743,1794,False
0420400201_000149,"The advantage and necessity of the Christian revelation, shewn from the state of religion in the ancient heathen world: ... To which is prefixed, a preliminary discourse on natural and revealed religion. In two volumes. By John Leland, D.D. ...",John Leland,47,1768,1,2,"London : printed by W. Richardson and S. Clark; for J. Dodsley, and T. Longman, 1768.",London,525,male,1691,1766,False
0282700600_000025,"An account of Sir Isaac Newton's philosophical discoveries, in four books. By Colin Maclaurin, A. M. Late Fellow of the Royal Society, Professor of Mathematics in the University of Edinburgh, and Secretary to the Philosophical Society there. Published from the author's manuscript papers, by Patrick Murdoch, M. A. and F. R. S.",Colin Maclaurin,64,1748,1,1,"London : printed for the author's children: and sold by A. Millar, and J. Nourse, over against Catharine-Street in the Strand; G. Hamilton and J. Balfour, and A. Kincaid at Edinburgh; J. Barry at Glasgow, and J. Smith at Dublin, M.DCC.XLVIII. [1748].",London,461,male,1698,1746,False
1501900500_000080,"An historical disquisition concerning the knowledge which the ancients had of India; and the progress of trade with that country prior to the discovery of the passage to it by the Cape of Good Hope. With an appendix, containing observations on the civil policy--the laws and judicial proceedings--the arts--the sciences--and religious institutions, of the Indians. By William Robertson, D.D. R.F.S. Edin. Principal of the University, and historiographer to His Majesty for Scotland.","Young, William",51,1792,1,1,"Philadelphia : Printed by William Young, bookseller, no. 52, Second-Street, the corner of Chesnut-Street, M,DCC,XCII. [1792].",Philadelphia,417,male,1755,1829,False
0299800600_000001,"Lucubrations on ways and means. Humbly addressed to the Right Hon. Lord North. By John Berkenhout, M.D.","Berkenhout, John",54,1781,1,1,"London : printed for H. Payne, opposite Marlborough House, Pall-Mall, 1781.",London,70,male,1730,1791,False
0104200101_000005,"The works of John Locke, in nine volumes.",John Locke,45,1794,1,9,"London : printed for T. Longman, B. Law and Son, J. Johnson, C. Dilly, G. G. and J. Robinson, [and 14 others in London], 1794.",London,590,male,1632,1704,True
0093800204_000021,"Essays and treatises on several subjects. By David Hume, Esq; ...",David Hume,52,1793,4,4,"Basil : printed and sold by J. J. Tourneisen, MDCCXCIII. [1793].",Basel,255,male,1711,1776,True
0177600104_000037,"Discourses on various subjects, by the late Reverend John Leland, D.D. With a preface, giving some account of the life, character, and writings of the author. In four volumes. ...",John Leland,52,1769,4,4,"London : printed for W. Johnston; and J. Dodsley, 1769.",London,492,male,1691,1766,False
1238700201_000089,"The philosophical and mathematical commentaries of Proclus, on the first book of Euclid's elements. To which are added, a history of the restoration of Platonic theology, by the latter Platonists: and a translation from the Greek of Proclus's theological elements. In two volumes. ...",Proclus,62,1792,1,2,"London : printed for the author: and sold by T. Payne and Son; B. White and Son; J. Robson; T. Cadell; Leigh and Co. G. Nicol; R. Faulder; and T. and J. Egerton, 1792.",London,327,male,410,485,False
0578600104_000040,"The scotch preacher: or, a collection of sermons, by some of the most eminent clergymen of the Church of Scotland. Vol IV.",,52,1789,4,4,"Edinburgh : printed for J. Dickson, and sold by C. Elliot & T. Kay, Strand, London, M,DCC,LXXXIX. [1789].",Edinburgh,390,unknown,,,False
0818500300_000004,"An essay on the nature and immutability of truth, in opposition to sophistry and scepticism. By James Beattie, LL. D. Professor of Moral Philosophy and Logic in the Marischal College and University of Aberdeen.",James Beattie,68,1773,1,1,"Dublin : Thomas Ewing, MDCCLXXIII. [1773].",Dublin,374,male,1735,1803,False
0819800202_000018,"The chart and scale of truth, by which to find the cause of error. Lectures read before the University of Oxford, at the lecture founded by the Rev. John Bampton, M.A. By Edward Tatham, D. D. ...",Edward Tatham,62,1790,2,2,"Oxford : sold by J. Fletcher, D. Prince and J. Cooke: J. F. and C. Rivington, St. Paul's Church Yard, by T. Cadell, in the Srand, and Richardson, Royal Exchange, London, MDCCXC. [1790].",Oxford,325,male,1749,1834,False
0939001100_000053,"Philosophical and critical inquiries concerning Christianity. By M. Charles Bonnet, of Geneva, F. R. S. Member of the Royal Academy of Sciences of Paris, &c. &c. Translated by John Lewis Boissier, Esq.",Charles Bonnet,53,1791,1,1,"London : printed for John Stockdale, Piccadilly; and Charles Dilly, Poultry, M.DCC.XCI. [1791].",London,316,male,1720,1793,False
0672100900_000038,"Elements of the critical philosophy: containing a concise account of its origin and tendency; a view of all the works published by its founder, Professor Immanuel Kant; and a glossary for the Explanation of Terms and Phrases. To which are added: Three philological essays; chiefly translated from the German of John Christopher Adelung; Aulic Counsellor and First Librarian to the Elector of Saxony. By A. F. M. Willich, M.D.","Willich, Anthony Florian Madinger",76,1798,1,1,"London : printed for T. N. Longman, No. 39, Paternoster-Row, 1798.",London,332,unknown,,,False
1267700202_000077,"The historical, biographical, literary, and scientific magazine. The history of Europe, for the year 1799. With an obituary and biographical sketches of persons deceased in that year, &c. &c. By Robert Bisset, LL.D. With the assistance of other literary gentlemen. ...",Robert Bisset,58,1800,2,3,"London : printed and published by G. Cawthorn , British Library, NO. 132, Strand, Bookseller To Her Royal Highness The Princess Of Wales : sold also by Messrs. Richardson , Royal-Exchange ; H. D. Symonds, J. Wallis, West and Hughes , Paternoster-Row ; J. Wright , Piccadilly ; P. Hill, Edinburgh; and all the booksellers in town and country, [1800?].",London,446,male,1759,1805,False
0773700101_000068,"Discourses concerning the perfections of God; in which his holiness, goodness, and other moral attributes, are explained and proved; ... Volume II. By the late reverend John Abernethy, M.A.",John Abernethy,61,1742,1,2,"Dublin : printed by A. Reilly, for J. Smith, 1742.",Dublin,379,male,1680,1740,False
1092700102_000096,"The philosophical works of the late Right Honorable Henry St. John, Lord Viscount Bolingbroke. In five volumes. Published by David Mallet, Esq; ...","Henry St John, 1st Viscount Bolingbroke",62,1754,2,5,"London : [s.n.], Printed in the Year MDCCLIV. [1754].",London,411,male,1678,1751,True
0255800400_000019,"An inquiry into the causes of the infidelity and scepticism of the times: with occasional observations on the writings of Herbert, Shaftesbury, Bolingbroke, Hume, Gibbon, Toulmin, &c. &c. By John Ogilvie, D.D.","Ogilvie, John",50,1783,1,1,"London : printed for Richardson and Urquhart, Front of the Exchange; and W. Gordon, W. Creech, and J. Dickson, Edinburgh, M,DCC,LXXXIII. [1783].",London,487,male,1732,1813,False
0476900500_000037,"A plea for the divinity of our Lord Jesus Christ. In a pastoral letter addressed to a congregation of protestant dissenters, at Cambridge.",Robert Robinson,56,1776,1,1,"Cambridge : printed by and for Fletcher and Hodson: sold by G. Keith, in Gracechurch-Street; E. and C. Dilly, in the Poultry; J. Buckland, and S. Crowder, Pater-Noster-Row, London, M.DCC.LXXVI. [1776].",Cambridge,110,male,1735,1790,False
0056600300_000004,"Essays on philosophical subjects. By the late Adam Smith, LL. D. Fellow of the Royal Societies of London and Edinburgh, &c. &c. To which is prefixed, An account of the life and writings of the author; by Dugald Stewart, F. R. S. E.",Adam Smith,47,1795,1,1,"Dublin : printed for Messrs. Wogan, Byrne, J. Moore, Colbert, Rice W. Jones, Porter, and Folingsby, 1795.",Dublin,445,male,1723,1790,True
0999300100_000009,"Essays. On the nature and immutability of truth, in opposition to Sophistry and Scepticism. On poetry and music, as they affect the Mind. On laughter, and ludicrous composition. On the utility of classical learning. By James Beattie, LL. D. Professor of Moral Philosophy and Logic in the Marischal College and University of Aberdeen.",James Beattie,61,1776,1,1,"Edinburgh : printed for William Creech, MDCCLXXVI. [1776].",Edinburgh,783,male,1735,1803,False
1092700102_000044,"The philosophical works of the late Right Honorable Henry St. John, Lord Viscount Bolingbroke. In five volumes. Published by David Mallet, Esq; ...","Henry St John, 1st Viscount Bolingbroke",47,1754,2,5,"London : [s.n.], Printed in the Year MDCCLIV. [1754].",London,411,male,1678,1751,True
0463000201_000002,"Sermons. By the late Reverend George Carr, Senior Clergyman of the English Episcopal Congregation in Edinburgh. In two volumes. ... . The Sixth Edition; to which are prefixed, an elegant engraving and some account of the author.","Carr, George",57,1787,1,2,"Edinburgh : printed for Charles Elliot, Edinburgh; and for C. Elliot, T. Kay, and Co. No 332. Opposite Somerset-House, Strand, London, M,DCC,LXXXVII. [1787].",Edinburgh,421,male,1705,1776,False
0451900501_000042,"Essays moral and literary. By the Reverend Mr. Knox, Fellow of St. John's College, Oxford, and Master of Tunbridge School. The Second Edition, Corrected and Enlarged.",Vicesimus Knox,49,1779,1,2,"London : printed for Edward and Charles Dilly, in the Poultry, MDCCLXXIX. [1779].",London,393,male,1752,1821,True
1396300700_000001,"An essay on the investigation of the first principles of nature: Together with the application thereof to solve the phænomena of the physical system. Part I. Containing a new philosophical theory whereby first principles, with their material substances and effences are traced and exhibited; the limits of inertness assigned; the causes of elasticity and transparency discovered; the real mode of light's propagation determined; and various other phænomena clearly explained. The whole scientifically investigated and demonstrated by Felix O'gallagher.","O'Gallagher, Felix",55,1784,1,1,"Dublin : Printed by Joseph Hill, at the College Printing-House, MDCCLXXXIV. [1784].",Dublin,408,unknown,,,False
0051101100_000035,"The letters of Sir Thomas Fitzosborne, on several subjects.",William Melmoth,55,1750,1,1,"London : Printed for R. Dodsley in Pallmall, MDCCL. [1750].",London,464,male,1666,1743,False
0056100201_000080,"Sacred literature: shewing the holy scriptures to be superior to the most celebrated writings of antiquity, by the testimony of above five hundred witnesses, and also by a Comparison of their Several Kinds of Composition. In Twelve Books. To which are Added, Epistles and Extracts, from some of the Most Early of the Christian Fathers. The Whole Intended not only to recommend the Bible as superior to all other Books, but as a moral and theological Repository for Christians of every Rank and Degree. In four volumes. By the Revd. David Simpson, M.A.","Simpson, David",51,1788,1,4,"Birmingham : printed and sold by M. Swinney. Sold also by Dilly, Buckland, Matthews, Scollick, Trapp, London; Spence, York, Bulgin, Bristol; Clarke, Manchester; Bayley, Macclesfield; and all other booksellers in town and country, MDCCLXXXVIII. [1788].",Birmingham,581,male,1745,1799,False
0192701300_000035,"Twenty six letters on religious subjects. Namely, 1. On Trust in God. 2. To a Student. 3. To a Friend, on 2 Cor. v. 10. 4. On Family Worship. 5. On the Difficulties attending the Ministry. 6. On the Influence of Faith. 7. On a Ministerial Address. 8. On the inward Witness. 9. On Election, &c. 10. On Grace in the Blade. 11. On Grace in the Ear. 12. On the full Corn. 13. On hearing Sermons. 14. On Temptation. 15. A Plan of a Library. 16. On the Inefficacy of Knowledge. 17. On a Believer's Frames. 18. On Social Prayer. 19. On Controversy. 20. On Consormity. 21. On Spiritual Blindness. 22. On a State of Poverty. 23. On Simplicity, &c. 24. On Communion. 25. On Faith, &c. 26. On Gospel Illumination. To which are added, hymns, &c. by Omicron.",John Newton,56,1777,1,1,"London : printed by W. Oliver, at No 12, in Bartholomew Close, MDCCLXXVII. [1777].",London,310,male,1725,1807,False
0120900600_000003,"An analysis of the Roman civil law; in which a comparison is, occasionally, made between the Roman laws and those of England: being the heads of a course of lectures, publickly read in the University of Cambridge. The second edition. By Samuel Hallifax, L.L.D. The King's Professor Of Civil Law, And Master Of The Faculties To The Lord Archbishop Of Canterbury.",Samuel Hallifax,65,1775,1,1,"Cambridge : printed by J. Archdeacon Printer to the University; and sold by T. & J. Merrill, in Cambridge; B. White, T. Cadell, and J. Wilkie, in London, M.DCC.LXXV. [1775].",Cambridge,205,male,1733,1790,False
0113900600_000061,"Sermons preached before the University of Oxford, in the year 1784, at the lecture founded by the Rev. John Bampton, M. A. Late Canon of Salisbury. By Joseph White, B. D. Fellow of Wadham College, and Laudian Professor of Arabic.",Joseph White,53,1784,1,1,"Oxford : printed for D. Prince and J. Cooke. Sold also by J. F. and C. Rivington, and T. Cadell, London, MDCCLXXXIV. [1784].",Oxford,502,male,1745,1814,False
0701100100_000104,"The law of nature and nations: or, a general system of the most important principles of morality, jurisprudence, and politics. In eight books. Written in Latin by the Baron Pufendorf, Counsellor of State to his late Swedish Majesty, and the late King of Prussia. Done into English by Basil Kennet, D. D. sometime President of Corpus Christi College in Oxford. To which is prefix'd, M. Barbeyrac's prefatory discourse, containing An Historical and Critical Account of the Science of Morality, and the Progress it has made in the World, from the earliest Times down to the Publication of this Work. Done into English by Mr. Carew, of Lincoln's-Inn. To which are now added, all the large notes of M. Barbeyrac, translated from his fourth and last edition: together with large tables to the Whole.",Samuel von Pufendorf,58,1749,1,1,"London : printed for J. and J. Bonwicke, R. Ware, J. and P. Knapton, S. Birt, T. Longman, R. Hett, C. Hitch, T. Osborne, J. Hodges, S. Austen, E. Wicksteed, E. Comyns, T. Waller, J. and J. Rivington, J. Ward, and M. Cooper, M.DCC.XLIX. [1749].",London,1088,male,1632,1694,True
0139200400_000005,"An introduction to astronomy. In a series of letters, from a preceptor to his pupil. In which the most useful and interesting Parts of the Science are clearly and familiarly explained. Illustrated with copper-plates. By John Bonnycastle, Of the Royal Military Academy, Woolwich.",John Bonnycastle,43,1786,1,1,"London : printed for J. Johnson, No. 72, St. Paul's Church-Yard, MDCCLXXXVI. [1786].",London,467,male,1751,1821,False
0339500101_000024,"A critical dissertation upon Homer's Iliad. Where, upon occasion of this poem, A new system of the art of poetry is attempted, ... By Abbé Terraçon, ...",Jean Terrasson,54,1722,1,2,"London : printed for J. Peele, 1722-25.",London,655,male,1670,1750,False
0113100700_000003,"Four dissertations. I. The natural history of religion. II. Of the passions. III. Of tragedy. IV. Of the standard of taste. By David Hume, Esq.",David Hume,61,1757,1,1,"London : printed for A. Millar, in the Strand, MDCCLVII. [1757].",London,248,male,1711,1776,True
0303900102_000001,The philosophical principles of natural and revealed religion. Unfolded in a geometrical order by the Chevalier Ramsay Author of the Travels of Cyrus.,Andrew Michael Ramsay,60,1748,2,2,"Glasgow : printed and sold by Robert Foulis, MDCCXLVIII. [1748]-49.",Glasgow,466,male,1686,1743,True
0051900200_000032,"On the scriptures, being a view of the truth and importance of the holy scriptures, and of the unity of design and harmony of doctrine in the Old and New Testaments. Intended To Encourage the Study of the Scriptures in the English Translation of the Bible. To which is annexed a sermon preached at the visitation of the Archdeacon of Stafford. By William Jesse, M. A. Chaplain to the Earl of Glasgow.","Jesse, William",58,1799,1,1,"London : printed for T. Beckett, Pall-Mall, MDCCXCIX. [1799].",London,390,male,1737,1814,False
0038900102_000147,"Essays and treatises on several subjects. In two volumes. By David Hume, Esq; ... Containing Essays, Moral, Political, and Literary.",David Hume,53,1764,2,2,"London : printed for A. Millar, in the Strand; and A. Kincaid and A. Donaldson, at Edinburgh, MDCCLXIV. [1764].",London,492,male,1711,1776,True
0212400501_000278,"Elegant extracts: or, useful and entertaining passages in prose, selected for the improvement of young persons: being similar in design to Elegant extracts in poetry.",,45,1794,1,2,"London : printed for C. Dilly, T. Longman B. Law & Son, J. Johnson, G. G. & J. Robinson, T. Cadell, & the rest of the proprietors, 1794.",London,646,unknown,,,False
0032000400_000004,"Dialogues concerning natural religion. By David Hume, Esq.",David Hume,53,1779,1,1,"London : [s.n.], M.DCC.LXXIX. [1779].",London,259,male,1711,1776,True
0280400100_000006,"The christianity of the New Testament. Or, a scholastic defence of the scripture doctrines of redemption, propitiation, Satisfaction and Salvation, by the Sacrifice of Jesus Christ. From a Comparison of the Original Meaning of those Terms in the Hebrew of the Old Testament, and the Greek Version of the same, and in the Writings of Pagan Theology, with their plain Use and Application, in the New Testament, to the blessed Effects of the Death of Christ. Against the Infidels and Libertines of this Age. With a Preface, occasionally written as a calm and rational Vindication of the Author's Conformity to the Church of England, (contrary to his Education) upon the Principles of secular and ecclesiastical Polity; as laid down by Grotius, Pussendorf, Hooker, Calvin, &c. By Peter Whitfield.","Whitfield, Peter",54,1757,1,1,"Liverpool : printed for R. Williamson, near the Exchange. MDCCLVII. And sold in London by Messrs. Hitch and Hawes, in Pater-Noster-Row ; W. Owen, Temple Bar ; J. Newbery, St Paul's Church-Yard ; J. Waugh, Lombard-Street ; and C. Henderson, under the Royal Exchange, [1757].",Liverpool,400,unknown,,,False
0493700102_000074,"The history of philosophy, from the earliest times to the beginning of the present century; drawn up from Brucker's Historia critica philosophiæ. By William Enfield, LL.D. In two volumes. ...",Johann Jakob Brucker,46,1792,2,2,"Dublin : printed for P. Wogan, P. Byrne, A. Grueber, W. M'Kenzie, J. Moore, J. Jones, R. M'allister, W. Jones, J. Rice, R. White, and G. Draper. M,DCC,XCII. [1792].",Dublin,652,male,1696,1770,False
0510200301_000001,"The philosophy of natural history. By William Smellie, member of The Antiquarian and Royal Societies of Edinburgh. In two volumes. ...",William Smellie,65,1790,1,2,"Dublin : printed by William Porter, for Chamberlaine and Rice, W. Wilson, P. Wogan, L. White, P. Byrne, W. Mc.Kenzie, J. Moore, Grueber and Mc.Allister, W. Jones, R. White, and J. Milliken, M.DCC.XC. [1790].",Dublin,432,male,1740,1795,False
0382100101_000042,"Essays philosophical and moral, historical and literary. By W. Belsham. In two volumes. ...",William Belsham,54,1799,1,2,"London : printed for G.G. and J. Robinson, Paternoster-Row, 1799.",London,415,male,1752,1827,False
0413000300_000021,Observations on the duties and offices of a physician; and on the method of prosecuting enquiries in philosophy.,John Gregory,61,1770,1,1,"London : printed for W. Strahan; and T. Cadell, (successor to Mr. Millar) in the Strand, MDCCLXX. [1770].",London,188,male,1724,1773,False
0693100701_000067,"A dissertation on miracles: containing an examination of the principles advanced by David Hume, Esq; in an Essay on Miracles: with a correspondence on the subject by Mr Hume, Dr Campbell, and Dr Blair, now first published. To which are added sermons and tracts. By George Campbell, D. D. Principal of the Marischal College, and one of the ministers, of Aberdeen.","Campbell, George",45,1797,1,2,"Edinburgh : printed for Bell & Bradfute, and William Creech; - and T. Cadell, jun. and W. Davies, London, 1797.",Edinburgh,465,male,1719,1796,False
0913700102_000119,"Essays and treatises on several subjects. In two volumes. By David Hume, Esq; ... . Containing Essays, Moral, Political, and Literary.",David Hume,55,1777,2,2,"London : printed for T. Cadell, in the Strand: and A. Donaldson, and W. Creech, at Edinburgh, MDCCLXXVII. [1777].",London,513,male,1711,1776,True
0050800104_000057,"Essays and treatises on several subjects. By David Hume, Esq; In four volumes. ... . Containing Essays, Moral, Political, and Literary. Part I.",David Hume,59,1760,4,4,"London : printed for A. Millar, in the Strand; and A. Kincaid and A. Donaldson, at Edinburgh, MDCCLX. [1760].",London,347,male,1711,1776,True
0984200201_000015,"Aristotle's Ethics and Politics, comprising his practical philosophy, translated from the Greek. Illustrated by introductions and notes; the critical history of his life; and a new analysis of his speculative works; by John Gillies, ... In two volumes. ...",Aristotle,59,1797,1,2,"London : printed for A. Strahan; and T. Cadell jun. and W. Davies, 1797.",London,423,male,,,False
1752400103_000012,"Interesting letters of Pope Clement XIV. Ganganelli. To which are prefixed, anecdotes of his life. Translated from the French edition, published at Paris by Lottin, Jun. In four volumes. ...",Louis-Antoine Caraccioli,52,1777,3,4,"Dublin : printed for Messrs. Price, Whitestone, W. Sleater, W. Watson, R. Cross, D. Chamberlain, and J. Potts, M,DCC,LXXVII. [1777].",Dublin,195,male,1719,1803,False
0708400200_000075,"An historical disquisition concerning the knowledge which the ancients had of India; and the progress of trade with that country prior to the discovery of the passage to it by the Cape of Good Hope. With an appendix, containing, observations on the Civil Policy-The Laws and Judicial Proceedings-The Arts-The Sciences-And Religious Institutions, of the Indians. By Willia Robertson, D. D. F. R. S. Ed. Principal of the University, and Historiographer to his Majesty for Scotland.",William Robertson,43,1799,1,1,"London : printed for A. Strahan, T. Cadell Jun. and W. Davies, Strand; and E. Balfour, Edinburgh, 1799.",London,484,male,1721,1793,True
1233000102_000148,"Travels into Poland, Russia, Sweden, and Denmark. Interspersed with historical relations and political inquiries. Illustrated with charts and engravings. By William Coxe, A. M. F. R. S. fellow of King's College, Cambridge; and Chaplain to his grace the Duke of Marlborough. In two volumes. ...",William Coxe,50,1785,2,2,"London : printed for T. Cadell, in the Strand, MDCCLXXXV. [1785].",London,598,male,1747,1828,False
1011100300_000010,"An account of Sir Isaac Newton's philosophical discoveries, in four books. By Colin Maclaurin, A. M. Late Fellow of the Royal Society, Professor of Mathematics in the University of Edinburgh, and Secretary to the Philosophical Society there. Published from the author's manuscript papers, by Patrick Murdoch, M. A. and F. R. S.",Colin Maclaurin,63,1775,1,1,"London : printed for J. Nourse, W. Strahan, J. and F. Rivington, W. Johnston, D. Wilson, T. Lowndes, T. Cadell, T. Becket, W. Richardson, T. Longman, and W. Otridge, MDCCLXXV. [1775].",London,454,male,1698,1746,False
0252400700_000065,"On the importance of religious opinions. From the French of Mons. Necker. A new translation, to which is prefixed a short account of the author.",Jacques Necker,66,1789,1,1,"Edinburgh : printed for W. Gordon and J. Dickson, M,DCC,LXXXIX. [1789].",Edinburgh,384,male,1732,1804,False
0282500505_000077,Antient metaphysics. Volume fifth. Containing the history of Man. In the civilized state.,"James Burnett, Lord Monboddo",69,1797,5,5,"Edinburgh : printed for Bell & Bradfute; & T. Cadell, jun. & W. Davies (successors to T. Cadell) in the Strand, London, M,DCC,XCVII. [1797].",Edinburgh,352,male,1714,1799,False
0275602100_000056,"The evidences of the Christian religion: with additional discourses on the being and attributes of God, and the other important doctrines of natural and revealed religion. By the late Right Honourable Joseph Addison, Esq;",Joseph Addison,50,1759,1,1,"Glasgow : printed by Robert Urie, MDCCLIX. [1759].",Glasgow,312,male,1672,1719,True
0658100100_000008,"Thoughts on education, tending chiefly to recommend to the attention of the public, some particulars relating to that Subject; which are not generally considered with the regard their importance deserves. By the author of Britain's remembrancer.",James Burgh,46,1747,1,1,"London : printed for G. Freer, at the Bible in Bell Yard, Temple-Bar; and sold by M. Cooper, at the Globe in Pater-Noster-Row, MDCCXLVII. [1747].",London,61,male,1714,1775,False
0965800400_000001,"Contributions to physical and medical knowledge, principally from the West of England, collected by Thomas Beddoes, M.D.",Thomas Beddoes,52,1799,1,1,"Bristol : printed by Biggs & Cottle, for T. N. Longman and O. Rees, Paternoster-Row, London, 1799.",Bristol,559,male,1760,1808,False
0862600135_000007,"The works of the English poets. With prefaces, biographical and critical, by Samuel Johnson. ...",Samuel Johnson,59,1790,35,75,"London : printed by John Nichols; for J. Buckland, J. Rivington and Sons, T. Payne and Sons, L. Davis, B. White and Son [and 37 others in London], 1790.",London,398,male,1709,1784,True
0343200201_000032,"Religion considered as the only basis of happiness and of true philosophy. A work written for the instruction of the children of his most serene highness the Duke of Orleans; ... By Madame the Marchioness of Sillery, ... In two volumes.",Stéphanie Félicité du Crest de Saint-Aubin,42,1787,1,2,"Dublin : printed by William Porter, for H. Chamberlaine, White, Byrne, Colbert, W. Porter, and Moore, 1787.",Dublin,160,female,1746,1830,True
0056600300_000005,"Essays on philosophical subjects. By the late Adam Smith, LL. D. Fellow of the Royal Societies of London and Edinburgh, &c. &c. To which is prefixed, An account of the life and writings of the author; by Dugald Stewart, F. R. S. E.",Adam Smith,55,1795,1,1,"Dublin : printed for Messrs. Wogan, Byrne, J. Moore, Colbert, Rice W. Jones, Porter, and Folingsby, 1795.",Dublin,445,male,1723,1790,True
0032100800_000048,Outlines of an historical view of the progress of the human mind: being a posthumous work of the late M. de Condorcet. Translated from the French.,Jean-Antoine-Nicolas de Caritat de Condorcet,52,1795,1,1,"London : printed for J. Johnson, in St. Paul's Church-Yard, 1795.",London,380,male,1743,1794,False
0193700401_000016,"Sermons on practical subjects, by the late W. Enfield, LL.D. prepared for the press by himself. To which are prefixed memoirs of the author, by J. Aikin, M.D. In three volumes. ...",William Enfield,68,1798,1,3,"London : printed for J. Johnson, in St. Paul's Church-Yard, 1798.",London,484,male,1741,1797,False
0445300301_000190,"The history of philosophy, from the earliest times to the beginning of the present century; drawn up from Brucker's Historia critica philosophiæ. By William Enfield, LL. D. In two volumes. ...",Johann Jakob Brucker,53,1791,1,2,"London : printed for J. Johnson, St. Paul's Church Yard, M,DCC,XCI. [1791].",London,588,male,1696,1770,False
0662800100_000100,"The travels of Cyrus. To which is annexed, A discourse upon the theology and mythology of the pagans. By the Chevalier Ramsay.",Andrew Michael Ramsay,47,1775,1,1,"Glasgow : printed by James Knox and sold at his shop opposite to Gibson's land Salt-Market, [1775?].",Glasgow,322,male,1686,1743,True
0631600400_000010,"An inquiry into the original of our ideas of beauty and virtue. In two treatises. I. Concerning beauty, order, harmony, design. II. Concerning moral good and evil.",Francis Hutcheson,66,1753,1,1,"London : printed for R. Ware, J. and P. Knapton, T. and T. Longman, C. Hitch and L. Hawes, J. Hodges, J. and J. Rivington, and J. Ward, M,DCC,LIII. [1753].",London,335,male,1694,1746,True
0679901500_000001,"Aphorisms of wisdom; or, A collection of maxims and observations extracted from the works of various writers upon divine subjects. [Three lines of quotations].",Emmanuel Swedenborg,71,1794,1,1,"Boston : Printed and sold by John W. Folsom, no. 30, Union-Street, M,DCC,XCIV. [1794].",Boston,212,male,1688,1772,False
0455700102_000148,"Essays and treatises on several subjects. In two volumes. By David Hume, Esq. ... . Containing Essays, Moral, Political, and Literary.",David Hume,52,1768,2,2,"London : printed for A. Millar, A. Kincaid, J. Bell, and A. Donaldson, in Edinburgh. And sold by T. Cadell, in the Strand, MDCCLXVIII. [1768].",London,524,male,1711,1776,True
1679600103_000109,"The History of the works of the learned. Giving a general view of the state of learning throughout Europe, and containing an impartial account and accurate abstracts of the most valuable books publish'd in Great Britain and foreign parts. Interspers'd with dissertations on several curious and entertaining subjects, critical reflections, and memoirs of the most eminent writers in all branches of polite literature.",Ephraim Chambers,41,1738,1,84,"London [England] : printed for T[homas]. Cooper, at the Globe in Pater-Noster-Row, and sold by J. and J. Fox in Westminster-Hall, and J. Jackson near St. James's-Gate, [1737-1743].",London,481,male,1680,1740,False
0230802000_000035,"Twenty-Six letters on religious subjects by Omicron. To which are now added fourteen letters by the same author, formerly published under the signature of Vigil: and three fugitive pieces in verse.",John Newton,55,1785,1,1,"London : printed by T. Wilkins, Snow Hill. For J. Buckland, No. 57, Pater-Noster Row; and J. Johnson, No. 72, St. Paul's Church-Yard, MDCCLXXXV. [1785].",London,351,male,1725,1807,False
0032501200_000006,A view of the internal evidence of the Christian religion.,Soame Jenyns,59,1776,1,1,"London : printed for J. Dodsley, in Pall-Mall, M.DCC.LXXVI. [1776].",London,199,male,1704,1787,False
1422300102_000037,"The history of ancient Greece, its colonies, and conquests; From the earliest accounts till the division of the Macedonian Empire in the east. Including the history of literature, philosophy, and the fine arts. By John Gillies, LL.D. F.A.S. The second edition, in four volumes.",John Gillies,44,1787,2,4,"London : Printed for A. Strahan; and T. Cadell, in the Strand, MDCCLXXXVII. [1787].",London,421,male,1747,1836,False
0739000100_000003,"The philosophick mirrour, or a general view of human oeconomy. Containing, a general system of the natural and revealed laws; and the Branches of Man's Oeconomy in their several Stations of publick and private Life, and proper Reflections for their due Discharge thereof. With notes historical and critical.",Samuel Johnson,63,1759,1,1,"Dublin : printed, for M. Williamson, J. Potts, in Dame-Street, and L. Flinn, in Castle-Street, Book-Sellers, [1759?].",Dublin,383,male,1759,1763,False
0827800202_000040,"The travels of Cyrus. In two volumes. To which is annex'd, A discourse upon the theology and mythology of the pagans. By the Chevalier Ramsay. ...",Andrew Michael Ramsay,50,1730,2,2,"London : printed: and sold by T. Woodward, at the Half-Moon over-against St. Dunstan's Church, Fleet-Street; and J. Peele, at Locke's-Head in Pater-Noster Row, MDCCXXX. [1730].",London,433,male,1686,1743,True
1104800400_000007,"The correspondence of Theodosius and Constantia, from their first acquaintance to the departure of Theodosius: with the letters which passed between them after constantia had taken the veil.",John Langhorne,52,1799,1,1,"London : printed by T. Bensley, Bolt Court, Fleet Street; for Vernor and Hood, Poultry; J. Cuthell, Holborn; and H. L. Gardner, Strand, 1799.",London,312,male,1735,1779,False
0336200200_000060,Of the importance of religious opinions. Translated from the French of Mr. Necker.,Jacques Necker,55,1789,1,1,"Dublin : printed by M. Mills, NO. 36, Dorset-Street, for Messrs. White, Byrne, Wogan, and Jones, MDCCLXXXIX. [1789].",Dublin,311,male,1732,1804,False
0618200102_000054,"The miscellaneous works of Hugh Boyd, the author of the letters of Junius. With an account of his life and writings, by Lawrence Dundas Campbell. ...",Hugh Boyd,48,1800,2,2,"London : printed for T. Cadell, Junior, and W. Davies, in the Strand; by R. Noble, in the Old-Bailey, 1800.",London,495,male,1746,1794,False
0496500500_000100,The travels of Cyrus.,Andrew Michael Ramsay,52,1730,1,1,"London : printed by James Bettenham, MDCCXXX. [1730].",London,505,male,1686,1743,True
0093900600_000028,"A companion for the summer-house: or, amusement for the summer season. Consisting of select pieces, by several hands. Translated from the French. With Notes and Observations By the Editor of the Matrimonial Preceptor.",,50,1775,1,1,"London : printed by A. Grant, No. 5, Bridges-Street, for R. Snagg, No. 29, Paternoster-Row, [1775?].",London,146,unknown,,,False
0035800801_000064,"Crito, or, essays on various subjects. ...",James Burgh,53,1766,1,2,"London : printed for Messrs. Dodsley, in Pall-Mall; Becket and de Hondt, in the Strand; White, in Fleet-Street; Payne, in Paternoster-Row; and Cooke, near the Royal-Exchange, MDCCLXVI. [1766]-67.",London,306,male,1714,1775,False
0171400101_000004,"Miscellanea curiosa. Containing a collection of some of the principal phænomena in nature, accounted for by the greatest philosophers of this age; ... In three volumes. The second edition; to which is added, A discourse ...",Royal Society (Great Britain),68,1708,1,3,"London : printed by J. M. for R. Smith, 1708.",London,426,unknown,,,False
0819800201_000039,"The chart and scale of truth, by which to find the cause of error. Lectures read before the University of Oxford, at the lecture founded by the Rev. John Bampton, M.A. By Edward Tatham, D. D. ...",Edward Tatham,61,1790,1,2,"Oxford : sold by J. Fletcher, D. Prince and J. Cooke: J. F. and C. Rivington, St. Paul's Church Yard, by T. Cadell, in the Srand, and Richardson, Royal Exchange, London, MDCCXC. [1790].",Oxford,385,male,1749,1834,False
0517400200_000003,"A new and complete illustration of the occult sciences: or, the art of foretelling future events ... In four parts ... By Ebenezer Sibly, ... Embellished with curious copper-plates.","Sibly, Ebenezer",50,1784,1,1,"London : printed for the proprietor, and sold by C. Stalker, 1784-91.",London,1142,male,1751,1800,False
1196300101_000014,"The elements of universal erudition. Containing an analytical abridgment of the sciences, polite arts, and belles lettres. By Baron Bielfeld, Secretary of Lecation to the King of Prussia. Preceptor to Prince Ferdinand, and Chancellor of all the Universities in the Dominions of his Prussian Majesty, Author of the Political Institutes, &c. Translated from the last edition printed at Berlin. By W. Hooper, M.D. In three volumes. ...","Bielfeld, Jacob Friedrich, Freiherr von",52,1771,1,3,"Dublin : printed for H. Saunders, J. Potts, D. Chamberlaine, W. Sleater, J. Hoey, jun. J. Williams, R. Moncrieffe, J. Porter, and T. Walker, MDCCLXXI. [1771].",Dublin,326,male,1717,1770,False
1665600118_000560,"Encyclopaedia Britannica; or, a dictionary of arts, sciences, and miscellaneous literature on a plan entirely new. ...",,54,1790,18,20,"Dublin : printed by James Moore, 1790-98.",Dublin,1015,unknown,,,False
0702600101_000011,"Lectures on rhetoric and belles lettres. By Hugh Blair, ... In three volumes. ...",Hugh Blair,63,1787,1,3,"London : printed for A. Strahan; T. Cadell; and W. Creech in Edinburgh, 1787.",London,464,male,1718,1800,True
0297100200_000015,"Dissertations on the internal evidences and excellence of Christianity: and on the character of Christ, compared with that of some other celebrated founders of religion or philosophy. By Joshua Toulmin, A.M.",Joshua Toulmin,47,1785,1,1,"London : printed for J. Johnson, No. 72, St. Paul's Church-Yard, 1785.",London,289,male,1740,1815,False
1338300700_000011,"The life and character of Alfred the Great, Drawn from the more ample view of him in the first volume in folio of the biographia Britannica, with other authors. To which is annexed, A head of Alfred, engraved by Mr. Trotter. By John Ryland, A.M. of Northampton.",John Collett Ryland,55,1784,1,1,"London : Printed for Charles Dilly, in the poultry; and John Stockdale, Piccadilly, [1784?].",London,72,male,1723,1792,False
1096801500_000001,Atheism refuted; in a discourse to prove the existence of a God.,Thomas Paine,55,1798,1,1,"London : printed for J. Johnson, in St. Paul's Church-Yard, 1798.",London,18,male,1737,1809,True
0508700103_000088,"Elements of the philosophy of the human mind. By Dugald Stewart, ...",Dugald Stewart,59,1827,3,3,"London : printed for A. Strahan, and T. Cadell; and W. Creech, Edinburgh, 1792-1827.",London,578,male,1753,1828,False
1124500200_000038,"Essays on the history of mankind in rude and cultivated ages. By James Dunbar, LL. D. Professor Of Philosophy In The King's College And University Of Aberdeen.","Dunbar, James           1798",42,1782,1,1,"Dublin : printed by B. Smith, for William Colles, Dame-Street; and William Gilbert, Great-Georges'-Street, M,DCC,LXXXII. [1782].",Dublin,279,unknown,,,False
0543601602_000085,"A general history of the Christian church, from the birth of our Saviour to the present time. ... With an appendix, containing the history of philosophers, deists, ... In two volumes. By John Brown, ...",John Brown,59,1771,2,2,"Edinburgh : printed by and for Gray & Alston, 1771.",Edinburgh,389,male,1735,1787,True
0199400702_000002,"Philosophical and critical observations on the nature, characters and various species of composition. By John Ogilvie, D.D. In two volumes. ...","Ogilvie, John",44,1774,2,2,"London : printed for G. Robinson, 1774.",London,362,male,1732,1813,False
0431400300_000077,"The dignity of human nature. Or, a brief account of the certain and established means for attaining the true end of our existence. In four books. I. Of prudence. II. Of knowledge. III. Of virtue. IV. Of revealed religion. By J.B. Master of an academy at Newington-Green, Middlesex.",James Burgh,70,1754,1,1,"London : printed by W. B. and sold by J. and P. Knapton, in Ludgate-Street; J. Ward, in Cornhill; J. Whiston and B. White, in Fleet-Street; A. Millar, in the Strand; and R. and J. Dodsley, in Pall-Mall, MDCCLIV. MDCCLIV. [1754].",London,446,male,1714,1775,False
0050800900_000015,"Some thoughts on the conduct of the understanding in the search of truth. By John Locke, Esq;",John Locke,55,1763,1,1,"Glasgow : printed for the booksellers, MDCCLXIII. [1763].",Glasgow,184,male,1632,1704,True
0166300300_000004,"An inquiry into the state of medicine, on the principles of inductive philosophy. With an appendix; containing Practical Cases and Observations. By Robert Jones, M.D.","Jones, Robert, M.D.",53,1781,1,1,"Edinburgh : printed for T. Longman, and T. Cadell, London; and C. Elliot, Edinburgh, MDCCLXXXI. [1781].",Edinburgh,392,unknown,,,False
0197300300_000061,"Sermons preached before the University of Oxford, in the year 1784. At The Lecture Founded by the Rev. John Bampton, M. A. late Canon of Salisbury. The second edition. To which is now added, a sermon preached before the University of Oxford, July 4, 1784, On the Duty of attempting the Propagation of the Gospel among our Mahometan and Gentoo Subjects in India. By Joseph White, B. D. Fellow Of Wadham College, Archbishop Laud's Professor Of Arabic And One Of His Majesty's Preachers At Whitehall.",Joseph White,53,1785,1,1,"London : printed for G.G.J. and J. Robinson, Paternoster-Row, MDCCLXXXV. [1785].",London,613,male,1745,1814,False
0297100200_000018,"Dissertations on the internal evidences and excellence of Christianity: and on the character of Christ, compared with that of some other celebrated founders of religion or philosophy. By Joshua Toulmin, A.M.",Joshua Toulmin,49,1785,1,1,"London : printed for J. Johnson, No. 72, St. Paul's Church-Yard, 1785.",London,289,male,1740,1815,False
0325700102_000180,"The works of George Berkeley, D.D. late Bishop of Cloyne in Ireland. To which is added, an account of his life, and several of his letters to Thomas Prior, Esq. Dean Gervais, and Mr. Pope, &c. &c. in two volumes. ...",George Berkeley,53,1784,2,2,"London : printed [by John Exshaw] for G. Robinson, Pater Noster Row, and John Exshaw, in Dublin, MDCCLXXXIV. [1784].",London,664,male,1685,1753,True
0282600204_000037,Antient metaphysics. Volume fourth. Containing the history of Man. With an appendix relating to the fille sauvage whom the author saw in France.,"James Burnett, Lord Monboddo",84,1795,4,4,"Edinburgh : printed for Bell and Bradfute; and T. Cadell, in the Strand, London, M,DCC,XCV. [1795].",Edinburgh,443,male,1714,1799,False
0542601600_000023,"Sermons on several subjects. By the Right Reverend Beilby Porteus, D. D. Bishop of London. Vol. I.",Beilby Porteus,47,1789,1,1,"London : printed for T. Payne and Son, at the Mews Gate, and T. Cadell, in the Strand, M.DCC.LXXXIX. [1789].",London,434,male,1731,1809,False
1244301201_000023,"Essays, philosophical, historical, and literary. In two volumes. ...",William Belsham,56,1790,1,2,"Dublin : printed by J. Moore, No. 45, College-Green, M.DCC.XC. [1790].",Dublin,242,male,1752,1827,False
0640700101_000004,A philosophical essay on man. Being an attempt to investigate the principles and laws of the reciprocal influence of the soul on the body. ...,Jean-Paul Marat,62,1775,1,2,"London : printed for H. Setchel, Bookseller, King-Street, Covent-Garden, M,DCC,LXXV. [1775].",London,277,male,1743,1793,True
1647500108_000098,The spectator. ... Carefully corrected.,,49,1754,8,8,"London : printed for the society of booksellers, 1754.",London,293,unknown,,,False
0968300702_000049,"Studies of nature. By James-Henry-Bernardin de Saint-Pierre. Translated by Henry Hunter, D. D. Minister of the Scots Church, London-Wall. In five volumes. ...",Jacques-Henri Bernardin de Saint-Pierre,52,1796,2,5,"London : printed for C. Dilly, in the Poultry, MDCCXCVI. [1796].",London,404,male,1737,1814,False
0269000500_000003,"A synopsis of a course of lectures, on the theory and practice of medicine. In four parts. Part the first. By B. Waterhouse, M.D. Professor of the theory and practice of physic in the University of Cambridge, and of natural history in the College of Rhode-Island.",Benjamin Waterhouse,49,1786,1,1,"Boston : Printed by Adams and Nourse, Court-Street, M,DCC,LXXXVI. [1786].",Boston,53,male,1754,1846,False
0044603100_000003,"Reveries; philosophical, political, and military.",,56,1789,1,1,"London : printed for T. Hookham, New Bond-Street, MDCCLXXXIX. [1789].",London,37,unknown,,,False
0883000900_000041,"Exercises in elocution; selected from various authors, and arranged under proper heads: intended as a sequel to a work intitled The speaker. By William Enfield, L L. D. Decturer on the Belles Lettres in the Academy at Warrington.",William Enfield,48,1787,1,1,"London : printed for J. Johnson, No. 72, St. Paul's Church-Yard, MDCCLXXXVII. [1787].",London,434,male,1741,1797,False
1175500200_000003,An essay on the investigation of the first principles of nature: together with the application thereof to solve the phænomena of the physical system. Part I. Containing a new philosophical theory; ... By Felix O'Gallagher.,"O'Gallagher, Felix",53,1784,1,1,"London : printed for J. Murray, 1784.",London,400,unknown,,,False
1441000104_000084,"The elements of commerce, politics and finances, in three treatises on those important subjects. By Thomas Mortimer, Esq. author of a treatise on the funds, entitled, Every man his own broker.",Thomas Mortimer,57,1774,4,5,"London : Printed for S. Hooper, No. 25, Ludgate-Hill; Messieurs Payne, Mew's-Gate; Wilson and Nichols, Strand; Flexney, Holbourn; Robson, and Parker, Bond-Street; Ridley, St. James's-Street; and Richardson and Urquhart, Cornhill, MDCCLXXIV. [1774].",London,637,male,1730,1810,False
0860000200_000001,"A treatise on government. Translated from the Greek of Aristotle. By William Ellis, A.M.",Aristotle,58,1778,1,1,"London : printed for T. Payne, at the Mews Gate; B. White, in Fleet-Street; and T. Cadell, in the Strand, MDCCLXXVIII. [1778].",London,473,male,,,False
1092700102_000002,"The philosophical works of the late Right Honorable Henry St. John, Lord Viscount Bolingbroke. In five volumes. Published by David Mallet, Esq; ...","Henry St John, 1st Viscount Bolingbroke",69,1754,2,5,"London : [s.n.], Printed in the Year MDCCLIV. [1754].",London,411,male,1678,1751,True
0266400700_000027,"An apology for Christianity, in a series of letters, addressed to Edward Gibbon, Esq; Author of the History of the Decline and Fall of the Roman Empire. By R. Watson, D.D. F.R.S. and Regius Professor of Divinity in the University Cambridge.","Watson, Richard",49,1777,1,1,"Cambridge : printed by J. Archdeacon Printer to the University; for T. & J. Merrill, and J. Woodyer, in Cambridge; B. White, J. Dodsley, J. Wilkie, J. Robson & Co., H. Hingeston, Strand, and T. Evans, Pater-Noster Row, London, M.DCC.LXXVII. [1777].",Cambridge,306,male,1737,1816,True
0262101001_000004,"Of the foundations of religion, and the fountains of impiety. Three books, by the Rev. F.A. Valsecchi, Formerly First Public Professor Of Theology, In The University Of Padua. Translated from the original Italian. By the Rev. Thomas Carbry. ...","Valsecchi, Antonino",63,1800,1,3,"Dublin : printed by E. & J. Hanvey, II, Fishers-Lane, 1800.",Dublin,409,male,1708,1791,False
1244100101_000073,"Essays moral and literary. By Vicesimus Knox, M. A. Late Fellow Of ST. John's College, Oxford.",Vicesimus Knox,48,1787,1,2,"London : printed for Charles Dilly, In The Poultry, MDCCLXXXVII. [1787].",London,389,male,1752,1821,True
0928400101_000095,"An ecclesiastical history, antient and modern, from the birth of Christ, to the beginning of the present century: in which The Rise, Progress, and Variations of Church Power are considered In their Connexion with the State of Learning and Philosophy, and the Political History of Europe during that Period. By the late learned John Lawrence Mosheim, D. D. And Chancellor of the University of Gottingen. Translated from the original Latin, And accompanied with Notes and Chronological Tables, by Archibald Maclaine, D.D. In five volumes. To the whole is added an accurate index. A new edition. ...",Johann Lorenz von Mosheim,54,1774,1,5,"London : printed for T. Cadell, in the Strand, MDCCLXXIV. [1774].",London,497,male,1693,1755,False
0521500101_000002,"The elements of algebra, in ten books: by Nicholas Saunderson LL.D. Later Lucasian professor of the Mathematics in the University of Cambridge, and Fellow of the Royal Society. To which is prefixed, an account of the author's life and character, collected from his oldest and most intimate acquaintance.",Nicholas Saunderson,62,1740,1,2,"Cambridge : printed at the University-Press: and sold by Mrs. Saunderson, at Cambridge, by John Whiston bookseller at Boyle's Head in Fleetstreet London, and Thomas Hammond bookseller in York, MDCCXL. [1740].",Cambridge,413,male,1682,1739,False
0035700101_000176,"The philosophical works of Francis Bacon, Baron of Verulam, Viscount St. Albans, and Lord High-Chancellor of England; methodized, and made English, from the originals, with Occasional Notes, to Explain what is Obscure; And shew how far the several Plans of the Author, for the Advancement of all the Parts of Knowledge, have been executed to the present Time. In three volumes. By Peter Shaw, M. D.",Francis Bacon,56,1733,1,3,"London : printed for J. J. and P. Knapton, D. Midwinter and A. Ward, A. Bettesworth and C. Hitch, J. Pemberton, J. Osborn and T. Longman, C. Rivington, F. Clay, J. Batley, R. Hett, and T. Hatchett, M.DCC.XXXIII. [1733].",London,673,male,1561,1626,True
1092101000_000050,"The compleat gentleman: or, a description of the several qualifications both natural and acquired, that are necessary to form a great man. Written originally in Spanish, by Baltasar Gratian, and now translated into English by T. Saldkeld.",Baltasar Gracián,44,1760,1,1,"Dublin : printed for P. Lord in Cook-Street, Book-Seller, M,DCC,LX. [1760].",Dublin,180,male,1601,1658,False
0535100101_000359,The works of the Honourable Robert Boyle. In five volumes. To which is prefixed the life of the author. ...,Robert Boyle,53,1744,1,5,"London : printed for A. Millar, opposite Catharine-Street, in the Strand, MDCCXLIV. [1744].",London,746,male,1627,1691,False
0909900104_000066,"The works of the late Right Honorable Henry St. John, Lord Viscount Bolingbroke. In five volumes, complete. Published by David Mallet, Esquire. ...","Henry St John, 1st Viscount Bolingbroke",47,1793,4,5,"Dublin : printed by P. Byrne, Grafton-Street, M.DCC.XCIII. [1793].",Dublin,645,male,1678,1751,True
0508700103_000087,"Elements of the philosophy of the human mind. By Dugald Stewart, ...",Dugald Stewart,60,1827,3,3,"London : printed for A. Strahan, and T. Cadell; and W. Creech, Edinburgh, 1792-1827.",London,578,male,1753,1828,False
0224500102_000114,"Essays and treatises on several subjects. In two volumes. By David Hume, Esq. ... . Containing Essays, Moral, Political, and Literary.",David Hume,56,1800,2,2,"Edinburgh : printed by George Caw, for Bell & Bradfute; and Cadell & Davies, London, MDCCC. [1800].",Edinburgh,516,male,1711,1776,True
0460300105_000087,Of the origin and progress of language. |...,"James Burnett, Lord Monboddo",70,1789,5,6,"Edinburgh : printed for A. Kincaid & W. Creech, Edinburgh; and T. Cadell, in the Strand, London, MDCCLXXIII. [1773]-92.",Edinburgh,505,male,1714,1799,False
0581100300_000006,"The elements of philosophy: containing, I. The most useful parts of logic, including both Metaphysics and Dialectic, or the Art of Reasoning: with a brief Account of the Progress of the Mind towards its highest perfection. To which is prefixed, A short Introduction to the Study of the Sciences. II. A brief view both of the speculative and practical Part of moral philosophy, as improved by Christianity. To which is added, An Original Letter concerning the Settlement of Bishops in America. By Samuel Johnson, D.D.",Samuel Johnson,56,1754,1,1,"London : printed for A. Millar, in the Strand, MDCCLIV. [1754].",London,289,male,1696,1772,False
1262300700_000044,"Exercises in elocution; selected from various authors, and arranged under proper heads: intended as a sequel to a work intitled The speaker. By William Enfield, LL. D. Lecturer ON The Belles Lettres In The Academy At Warrington. A new edition. To which are added, counsels to young men, in a letter from a father to his son.",William Enfield,52,1795,1,1,"London : printed for J. Johnson, NO 72, ST. Paul's Church-Yard, MDCCXCV. [1795].",London,481,male,1741,1797,False
0151601302_000051,"The institutions, manners, and customs of the ancient nations. Translated from the original French of Mr. Sabbathier. By Percival Stockdale. In two volumes. ...",François Sabbathier,55,1776,2,2,"London : printed for T. Becket, corner of the Adelphi in the Strand, MDCCLXXVI. [1776].",London,404,male,1735,1807,False
0251701700_000012,"A letter to a friend, upon occasion of a late book, intitled, Essays upon morality and natural religion.",Phileleutherus,62,1751,1,1,"Edinburgh : printed for G. Hamilton and J. Balfour, MDCCLI. [1751].",Edinburgh,69,unknown,,,False
1487600100_000009,"Discourses on the evidence of revealed religion. By Joseph Priestley, LL.D. F.R.S. &c. [Two lines from Acts].","Spotswood, William",52,1795,1,1,"Boston : Printed and sold by William Spotswood, no. 55 Marlborough-Street, 1795.",Boston,288,male,1753,1805,False
1033900100_000044,"An essay on the nature and immutability of truth, in opposition to sophistry and scepticism. By James Beattie, LL. D. Professor of Moral Philosophy and Logic in the Marischal College and University of Berdeen.",James Beattie,50,1777,1,1,"Edinburgh : printed for William Creech, Edinburgh; and for E. & C. Dilly, and T. Cadell, London, MDCCLXXVII. [1777].",Edinburgh,489,male,1735,1803,False
0813800103_000154,"Biographia Britannica: or, the lives of the most eminent persons who have flourished in Great Britain and Ireland, from the earliest ages, To The Present Times: collected from the best authorities, Printed And Manuscript, and digested in the manner of Mr. Bayle's Historical and critical dictionary. The second edition, with corrections, enlargements, and the addition of new lives: by Andrew Kippis, D. D. and F. S. A. With the assistance of other gentlemen. ...",,45,1778,3,5,"London : printed by W. and A. Strahan; for C. Bathurst, W. Strahan, J. Rivington and Sons, L. Davis, G. Keith, T. Longman, B. Law, E. and C. Dilly, T. Cadell, G. Robinson, J. Robson, T. Evans, S. Fox, J. Nichols, Whieldon and Waller, H. Gardner, and W. Otridge, MDCCLXXVIII. [1778].",London,738,unknown,,,False
0106800200_000139,"Elegant extracts: or useful and entertaining passages in prose Selected for the Improvement of Scholars at Classical & other Schools in the Art of Speaking, in Reading; Thinking, Composing; and in the Conduct of Life.",,49,1784,1,1,"London : printed for Charles Dilly, 1784.",London,561,unknown,,,False
0730800900_000203,"Elegant extracts: or useful and entertaining passages in prose selected for the improvement of scholars at classical & other schools in the art of speaking, in reading, thinking, composing; and in the conduct of life.",,50,1789,1,1,"London : printed for Charles Dilly, [1789?].",London,883,unknown,,,False
0086700107_000038,"Beauties of nature and art displayed, in a tour through the world; ... Illustrated and embellished with copper plates.",,52,1774,7,13,"London : printed for G. Robinson, in Pater-Noster-row,  1774-75.",London,227,unknown,,,False
0208300200_000005,"Elements of the critical philosophy: containing a concise account of its origin and tendency; a view of all the works published by its founder, Professor Immanuel Kant; and a glossary for the Explanation of Terms and Phrases. To which are added: Three philological essays; chiefly translated from the German of John Christopher Adelung; Aulic Counsellor and First Librarian to the Elector of Saxony. By A. F. M. Willich, M.D.","Willich, Anthony Florian Madinger",51,1798,1,1,"London : printed for T. N. Longman, No. 39. Paternoster-Row, 1798.",London,198,unknown,,,False
0759900400_000046,"Letters on the prevalence of Christianity, before its civil establishment: with observations on a late history of the decline of the Roman Empire. By East Apthorp, M. A. Vicar Of Croydon.",East Apthorp,52,1778,1,1,"London : printed for J. Robson, Bookseller, New Bond Street, M.DCC.LXXVIII. [1778].",London,427,male,1733,1816,False
0654800101_000236,"An ecclesiastical history, antient and modern, from the birth of Christ, to the beginning of the present century: ... By the late learned John Lawrence Mosheim, ... Translated from the original, ... by Archibald Maclaine, ... In two volumes. ...",Johann Lorenz von Mosheim,44,1765,1,2,"London : printed for A. Millar, 1765.",London,843,male,1693,1755,False
0035501400_000033,"A comparative view of the state and faculties of man with those of the animal world. By John Gregory M. D. F. R. S. Professor of Medicine in the University of Edinburgh, and First Physician to His Majesty in Scotland.",John Gregory,59,1777,1,1,"London : printed for J. Dodsley in Pall-Mall, M.DCC.LXXVII. [1777].",London,308,male,1724,1773,False
0586600200_000082,Dialogues concerning education. Vol. II.,David Fordyce,52,1748,1,1,"London : [s.n.], Printed in the Year M.DCC.XLVIII. [1748].",London,470,male,1711,1751,False
0036100800_000007,"A father's legacy to his daughters. By John Gregory, M.D. F.R.S. Late Professor of Medicine in the University of Edinburgh, and First Physician to his Majesty in Scotland. To which is Prefixed An Account of the Life of the Author.",John Gregory,60,1788,1,1,"Edinburgh : printed for A. Strahan, and T. Cadell, London; and W. Creech, Edinburgh, MDCCLXXXVIII. [1788].",Edinburgh,194,male,1724,1773,False
0025500800_000010,The spirit of masonry in moral and elucidatory lectures. By Wm Hutchinson.,William Hutchinson,44,1796,1,1,"Carlisle : printed by F. Jollie, MDCCXCVI. [1796].",,368,male,1732,1814,False
0399500200_000061,"Sermons preached before the University of Oxford, in the year 1784, At The Lecture Founded by the Rev. John Bampton, M. A. Late Canon Of Salisbury. The fourth edition. To which is added, a sermon preached before the University of Oxford, July 4, 1784, On the Duty of attempting the Propagation of the Gospel among our Mahometan and Gentoo Subjects in India. By Joseph White, B. D. Fellow Of Wadham College, Archbishop Laud's Professor Of Arabic, And One Of His Majesty's Preachers At Whitehall.",Joseph White,53,1792,1,1,"London : printed for G. G. J. and J. Robinson, Paternoster-Row, MDCCXCII. [1792].",London,614,male,1745,1814,False
0067701400_000004,"An analysis of the Roman civil law; in which a Comparison is, Occasionally, made between the Roman Laws and those of England: being the Heads of a Course of Lectures, Publickly read in the University of Cambridge. The third edition. By Samuel Hallifax, L.L.D. the King's Professor of Civil Law, and Master of the Faculties to the Lord Archbishop of Canterbury.",Samuel Hallifax,62,1779,1,1,"Cambridge : printed by J. Archdeacon Printer to the University; and sold by T. & J. Merrill, in Cambridge; B. White, T. Cadell, and J. Wilkie, in London, M.DCC.LXXIX. [1779].",Cambridge,209,male,1733,1790,False
0243500207_000027,"The works of Samuel Johnson, LL.D. Together with his life, and notes on his Lives of the poets, by Sir John Hawkins, Knt. In eleven volumes. ...",Samuel Johnson,54,1787,7,11,"London : printed for J. Buckland, J. Rivington and Sons, T. Payne and Sons, L. Davis, B. White and Son [and 36 others in London], 1787.",London,404,male,1709,1784,True
0962900100_000004,"Essays on philosophical subjects. By the late Adam Smith, LL. D. Fellow of the Royal Societies of London and Edinburgh, &c. &c. To which is prefixed, An account of the life and writings of the author; by Dugald Stewart, F. R. S. E.",Adam Smith,46,1799,1,1,"Basil : printed for the editor of the Collection of English Classics, sold by James Decker Printer and Bookseller, 1799.",Basel,430,male,1723,1790,True
0413500600_000014,"The rule of life. A collection of select moral sentences; extracted from the greatest authors, ancient and modern, and digested under proper heads.",,60,1776,1,1,"London : printed for T. Pridden, Fleet Street, M.DCC.LXXVI. [1776].",London,227,unknown,,,False
1116200114_000728,"Encyclopaedia; or, A dictionary of arts, sciences, and miscellaneous literature ... Compiled from the writings of the best authors, in several languages ... Illustrated with five hundred and forty-two copperplates. ...",,61,1798,14,18,"Philadelphia : Printed by Thomas Dobson, at the stone house, no 41, South Second Street, M.DCC.XCVIII. [1798] (Copy-right secured according to law).",Philadelphia,813,unknown,,,False
0824100101_000003,"Natural history, general and particular, by the Count de Buffon. Translated into English, illustrated with above three hundred copper-plates, and occasional notes and observations, by William Smellie, member of the Antiquarian and Royal Societies of Edinburgh.","Georges-Louis Leclerc, Comte de Buffon",61,1791,1,9,"London : printed for A. Strahan, and T. Cadell in the Strand, M D CC XCI. [1791].",London,538,male,1707,1788,True
0193000500_000016,"Scriptural revision of socinian arguments vindicated, against the reply of Benjamin Hobhouse, Esq. By the Revd. F. Randolph, M. A. Late Fellow of King's College, Cambridge; and Chaplain to his Royal Highness the Duke of York.",Francis Randolph,45,1793,1,1,"Bath : printed by R. Cruttwell for T. Cadell, in the Strand; and sold by J. Lloyd, Bristol; the booksellers of Bath, Oxford, Cambridge, Birmingham, &c., MDCCXCIII. [1793].",Bath,182,male,1752,1831,False
1172701000_000005,"The travels of Cyrus. To which is annex'd, A discourse upon the theology and mythology of the pagans. By the Chevalier Ramsay.",Andrew Michael Ramsay,68,1739,1,1,"London : printed by James Bettenham: and sold by A. Bettesworth and C. Hitch, at the Red Lion in Pater-Noster Row, M,DCC,XXXIX. [1739].",London,389,male,1686,1743,True
0252400700_000068,"On the importance of religious opinions. From the French of Mons. Necker. A new translation, to which is prefixed a short account of the author.",Jacques Necker,68,1789,1,1,"Edinburgh : printed for W. Gordon and J. Dickson, M,DCC,LXXXIX. [1789].",Edinburgh,384,male,1732,1804,False
0224200503_000001,"Sermons on the Attributes of God. Translated from the original French of the late Revd. James Saurin, Pastor of the French Church at the Hague. ...",Jacques Saurin,43,1775,3,4,"Cambridge : printed for the translator by Fletcher & Hodson, MDCCLXXV. [1775].",Cambridge,400,male,1677,1730,False
0654800101_000017,"An ecclesiastical history, antient and modern, from the birth of Christ, to the beginning of the present century: ... By the late learned John Lawrence Mosheim, ... Translated from the original, ... by Archibald Maclaine, ... In two volumes. ...",Johann Lorenz von Mosheim,50,1765,1,2,"London : printed for A. Millar, 1765.",London,843,male,1693,1755,False
1428500101_000006,"Sermons on the chief doctrines and duties of the Christian religion, in their natural order. By William Dalgliesh, D.D. Minister of Peebles.",William Dalgliesh,87,1799,1,4,"Edinburgh : printed for the author, by J. Ruthven and Sons. Sold by W. Creech, J. Dickson, and other booksellers, Edinburgh; Brash and Reid, Glasgow; and C. Dilly, London, M.DCC.XCIX. [1799].",Edinburgh,463,male,1733,1807,False
0091300201_000346,"General biography; or lives, critical and historical, of the most eminent persons of all ages, countries, conditions, and professions, arranged according to alphabetical order. Chiefly composed by John Aikin, M.D. and the late Rev. William Enfield, LL.D. Volume the First.",John Aikin,55,1799,1,10,"London : printed for G. G. and J. Robinson, Pater-Noster-Row; G. Kearsley, Fleet-Street; R. H. Evans (successor to Mr. Edwards), Pall-Mall; and J. Wright, Opposite Bond-Street, Piccadilly. - Also at Edinburgh for Bell and Bradfute, 1799-[1815].",London,569,male,1747,1822,False
0739400101_000124,"The history of America. By William Robertson, D. D. Principal of the University of Edinburgh, Historiographer to his Majesty for Scotland, and Member of the Royal Academy of History at Madrid. ...",William Robertson,59,1778,1,2,"London : printed for W. Strahan; T. Cadell, in the Strand; and J. Balfour, at Edinburgh, MDCCLXXVIII. [1778].",London,512,male,1721,1793,True
0129802500_000002,Remarks on the very inferior utility of classical learning. By W. Stevenson.,William Stevenson,51,1796,1,1,"Manchester : printed, for the author, at the office of G. Nicholson, sold by H. D. Symonds, 20, Paternoster-Row, London, 1796.",Manchester,35,male,1772,1829,False
0367000400_000002,"The knowledge of the heavens and the earth made easy: or, the first principles of astronomy and geography explain'd by the use of globes and maps: with a solution of the common problems by a plain scale and compasses as well as by the globe. Written several years since for the use of learners. By I. Watts.",Isaac Watts,45,1728,1,1,"London : printed for J. Clark and R. Hett at the Bible and Crown in the Poultry near Cheapside ; E. Matthews at the Bible in Pater-noster Row, and R. Ford at the Angel in the Poultry near Stocks-Market, M,DCC,XXVIII. [1728].",London,253,male,1674,1748,True
0444300106_000028,"The works of Samuel Johnson, LL.D. A new edition, in twelve volumes. With an essay on his life and genius, by Arthur Murphy, Esq. ...",Samuel Johnson,53,1796,6,12,"London : printed for T. Longman, B. Law, J. Dodsley, H. Baldwin, J. Johnson, C. Dilly, G. G. and J. Robinson, P. Elmsly, J. Nichols, R. Baldwin, H. L. Gardner, F. and C. Rivington, W. Otridge and Son, W. Richardson, B. and J. White, A. Strahan, Leigh and Sotheby, R. Faulder, G. Nicol, T. Payne, W. Lowndes, T. Evans, S. Hayes, G. and T. Wilkie, C. Davis, J. Matthews, T. Egerton, W. Fox, J. Edwards, P. McQueen, Ogilvie and Speare, J. Scatcherd, I. Taylor, Hookham and Co. C. and G. Kearsley, J. Walker, B.C. Collins, E. Newbery, Vernor and Hood, J. Deighton, Darton and Harvey, J. Nunn, Lackington, Allen, and Co. J. Stockdale, J. Cuthell, D. Walker, J. Anderson, Clarke and Son, T. Cadell, jun. and W. Davies, J. Barker, W. Millar, and Murray and Highley, MDCCXCVI. [1796].",London,403,male,1709,1784,True
0288200600_000009,"Religio philosophi: or, the principles of morality and Christianity illustrated from a view of the universe, and of man's situation on it. By William Hay, Esq; Humbly inscribed to the Right Honourable Arthur Onslow, Speaker of the House of Commons.","Hay, William",50,1760,1,1,"London : printed for R. and J. Dodsley in Pall-Mall, 1760.",London,238,male,1695,1755,False
0433100109_000051,"The works of Samuel Johnson, LL.D. A new edition, In twelve volumes. With an essay on his life and genius, by Arthur Murphy, Esq. Volume the First.",Samuel Johnson,49,1792,9,12,"London : printed for T. Longman, B. White and Son, B. Law, J. Dodsley, H. Baldwin, J. Robson, J Johnson, C. Dilly, T. Vernor, G. G. J. and J. Robinson, T. Cadell, J. Nichols, R. Baldwin, N. Conant, P. Elmsly, F. and C. Rivington, T. Payne, W. Goldsmith, R. Faulder, Leigh and Sotheby, G. Nicol, J. Murray, A. Strahan, W. Lowndes, T. Evans, W. Bent, S. Hayes, G. and T. Wilkie, T. and J. Egerton, W. Fox, P. M.`queen, Ogilvie and Speale, Darton and Harvey, G. and C. Kearsley, W. Millar, B. C. Collins, and E. Newbery, MDCCXCII. [1792].",London,464,male,1709,1784,True
0600201400_000053,"A letter to Sir William Windham. II. Some reflections on the present state of the nation. III. A letter to Mr. Pope. By the late Right Honorable Henry St. John, Lord Viscount Bolingbroke.","Henry St John, 1st Viscount Bolingbroke",72,1753,1,1,"London : printed for the editor: and sold by A. Millar, MDCCLIII. [1753].",London,528,male,1678,1751,True
0177300600_000014,"One thing needful; or devout and philosophical exercises on various subjects of superlative importance in theology and morals. By the Reverend J. Moir, A. M. Curate and Lecturer of St. Dionis Back Church.","Moir, John",48,1795,1,1,"London : printed and sold for the author, No 9, Terrace, Walworth, [1795?].",London,320,male,,,False
0665303600_000002,"The evidence from miracles stated, and vindicated from some late objections: a sermon preached at the visitation of the Rev. Dr. Moss, Archdeacon of Colchester, (now Lord Bishop of St. David's) at St. Peter's Colchester, May 20, 1765. And before the University of Oxford, May 24, 1767. By Nathaniel Forster, M. A. Rector of All-Saints, Colchester, and Tolleshunt-Knight's, Essex, and late Fellow of Baliol-College Oxford.",Nathaniel Forster,64,1767,1,1,"London : printed for James Fletcher and Co. (no 72) in St. Paul's Church-Yard, and sold by James Fletcher at Oxford, 1767.",London,47,male,1726,1790,False
0654800101_000049,"An ecclesiastical history, antient and modern, from the birth of Christ, to the beginning of the present century: ... By the late learned John Lawrence Mosheim, ... Translated from the original, ... by Archibald Maclaine, ... In two volumes. ...",Johann Lorenz von Mosheim,54,1765,1,2,"London : printed for A. Millar, 1765.",London,843,male,1693,1755,False
0444300103_000055,"The works of Samuel Johnson, LL.D. A new edition, in twelve volumes. With an essay on his life and genius, by Arthur Murphy, Esq. ...",Samuel Johnson,47,1796,3,12,"London : printed for T. Longman, B. Law, J. Dodsley, H. Baldwin, J. Johnson, C. Dilly, G. G. and J. Robinson, P. Elmsly, J. Nichols, R. Baldwin, H. L. Gardner, F. and C. Rivington, W. Otridge and Son, W. Richardson, B. and J. White, A. Strahan, Leigh and Sotheby, R. Faulder, G. Nicol, T. Payne, W. Lowndes, T. Evans, S. Hayes, G. and T. Wilkie, C. Davis, J. Matthews, T. Egerton, W. Fox, J. Edwards, P. McQueen, Ogilvie and Speare, J. Scatcherd, I. Taylor, Hookham and Co. C. and G. Kearsley, J. Walker, B.C. Collins, E. Newbery, Vernor and Hood, J. Deighton, Darton and Harvey, J. Nunn, Lackington, Allen, and Co. J. Stockdale, J. Cuthell, D. Walker, J. Anderson, Clarke and Son, T. Cadell, jun. and W. Davies, J. Barker, W. Millar, and Murray and Highley, MDCCXCVI. [1796].",London,446,male,1709,1784,True
0732201301_000018,"An ecclesiastical history, antient and modern, from the birth of Christ, to the beginning of the present century: ... By the late learned John Lawrence Mosheim, ... Translated from the original Latin, ... by Archibald Maclaine, ... In five volumes. ...",Johann Lorenz von Mosheim,52,1768,1,5,"London : printed for A. Millar; and sold by T. Cadell, MDCCLVIII [1768].",London,504,male,1693,1755,False
0413500600_000001,"The rule of life. A collection of select moral sentences; extracted from the greatest authors, ancient and modern, and digested under proper heads.",,45,1776,1,1,"London : printed for T. Pridden, Fleet Street, M.DCC.LXXVI. [1776].",London,227,unknown,,,False
0184500500_000038,"The private life of the late Benjamin Franklin, LL.D. Late Minister Plenipotentiary from the United States of America to France, &c. &c. &c. Originally written by himself, and now translated from the French. To which are added, some account of his public life, a variety of anecdotes concerning him, by M. M. Brissot, Condorcet, Rochefoucault, Le Roy, &c.&c. and the eulogium of M. Fauchet, constitutional Bishop of the department of Calvados, and a member of the National Convention.",Benjamin Franklin,47,1793,1,1,"London : printed for J. Parsons, No. 21, Pater-Noster Row, 1793.",London,334,male,1706,1790,True
0813000500_000002,"Sermons by the late Reverend George Carr, Senior Clergyman of the English Episcopal Congregation in Edinburgh. The eighth edition. To which are prefixed, an elegant engraving, and some account of the author.","Carr, George",55,1796,1,1,"Edinburgh : printed for Bell & Bradfute; - G. G. & J. Robinson, and Murray & Highley, London, 1796.",Edinburgh,519,male,1705,1776,False
0074400102_000117,"Essays and treatises on several subjects. In two volumes. By David Hume, Esq. ... . Containing Essays, Moral, Political, and Literary.",David Hume,58,1779,2,2,"Dublin : printed by J. Williams, (no. 21) Skinner-Row, M,DCC,LXXIX. [1779].",Dublin,516,male,1711,1776,True
0212400501_000237,"Elegant extracts: or, useful and entertaining passages in prose, selected for the improvement of young persons: being similar in design to Elegant extracts in poetry.",,49,1794,1,2,"London : printed for C. Dilly, T. Longman B. Law & Son, J. Johnson, G. G. & J. Robinson, T. Cadell, & the rest of the proprietors, 1794.",London,646,unknown,,,False
1267700203_000023,"The historical, biographical, literary, and scientific magazine. The history of Europe, for the year 1799. With an obituary and biographical sketches of persons deceased in that year, &c. &c. By Robert Bisset, LL.D. With the assistance of other literary gentlemen. ...",Robert Bisset,44,1800,3,3,"London : printed and published by G. Cawthorn , British Library, NO. 132, Strand, Bookseller To Her Royal Highness The Princess Of Wales : sold also by Messrs. Richardson , Royal-Exchange ; H. D. Symonds, J. Wallis, West and Hughes , Paternoster-Row ; J. Wright , Piccadilly ; P. Hill, Edinburgh; and all the booksellers in town and country, [1800?].",London,604,male,1759,1805,False
1293200601_000112,"The History of the works of the learned. Giving a general view of the state of learning throughout Europe, and containing an impartial account and accurate abstracts of the most valuable books publish'd in Great Britain and foreign parts. Interspers'd with dissertations on several curious and entertaining subjects, critical reflections, and memoirs of the most eminent writers in all branches of polite literature.","Robinson, Jacob",42,1743,1,2,"London [England] : printed for T[homas]. Cooper, at the Globe in Pater-Noster-Row, MDCCXXXVII.-[1743].",London,491,unknown,,,False
0455900400_000006,"Dialogues concerning natural religion. By David Hume, Esq;",David Hume,56,1779,1,1,"[London?] : Printed in, 1779.",London,154,male,1711,1776,True
0849700400_000003,"A philosophical enquiry into the nature, origin, and extent, of animal motion, deduced from the principles of reason and analogy. By Samuel Farr, M.D.",Samuel Farr,65,1771,1,1,"London : printed for T. Beckett and P. A. D'Hondt in the Strand, M,DCC,LXXI. [1771].",London,426,male,1741,1795,False
0025601100_000156,"De l'esprit: or, essays on the mind, and its several faculties. Written by Helvetius.Translated from the edition printed under the author's inspection.",Claude Adrien Helvétius,67,1759,1,1,"London : printed for the translator; and sold by Mr. Dodsley and Co. in Pall-Mall; Mess. Millar, Nourse, and Tonson, in the Strand; Mess. Hitch and Hawes, in Pater-Noster Row; Mr. Fletcher, at Oxford; Mr. Merril, Cambridge; and J. Coote, in Pater-Noster-Row, MDCCLIX. [1759].",London,348,male,1715,1771,True
0496500500_000004,The travels of Cyrus.,Andrew Michael Ramsay,64,1730,1,1,"London : printed by James Bettenham, MDCCXXX. [1730].",London,505,male,1686,1743,True
0091400105_000214,"General biography; or lives, critical and historical, of the most eminent persons of all ages, countries, conditions, and professions, arranged according to alphabetical order. Chiefly composed by John Aikin, M.D. and the late Rev. William Enfield, LL.D. Volume the First.",John Aikin,63,1799,5,10,"London : printed for G. G. and J. Robinson, Pater-Noster-Row; G. Kearsley, Fleet-Street; R. H. Evans (successor to Mr. Edwards), Pall-Mall; and J. Wright, Opposite Bond-Street, Piccadilly. - Also at Edinburgh for Bell and Bradfute, 1799-[1815].",London,647,male,1747,1822,False
0515500104_000092,"The history of modern Europe. With an account of the decline and fall of the Roman Empire, and a view of the progress of society. From the rise of the modern kingdoms to the Peace of Paris, in 1763. In a series of letters from a nobleman to his son. A new edition, carefully corrected. ...",William Russell,47,1789,4,5,"London : printed for G. G. J. and J. Robinson, Paternoster-Row; and A. Hamilton, jun. Falcon-Court, Fleet-Street, 1789.",London,568,male,1741,1793,False
0954500400_000006,"The progress of a female mind, in some interesting enquiries. Containing, I. A Soliloquy. II. A Letter to a Jew, on the Evidences of Revelation. III. A Letter to a Christian Divine on the Gospel System; with some References to a late Free Enquirer. IV. A Remark on the Importance of the Hebrew Language. By a lady.",Lady,57,1764,1,1,"London : printed for A. and C. Corbett, opposite St. Dunstan's Church, Fleet-Street, MDCCLXIV. [1764].",London,94,female,,,False
0017600100_000005,"Julian. Or, a discourse concerning the earthquake and firey [sic] eruption, which defeated that Emperor's attempt to rebuild the temple at Jerusalem. ... By the Rev. Mr. Warburton, ...",William Warburton,49,1751,1,1,"London : printed for J. and P. Knapton, 1751.",London,369,male,1698,1779,True
0266301700_000002,"A dissertation on miracles, designed to shew, that they are arguments of a divine interposition, and absolute proofs of the mission and doctrine of a prophet. By Hugh Farmer.",Hugh Farmer,60,1771,1,1,"London : printed for T. Cadell, (successor to Mr. Millar) in the Strand ; and J. Buckland, in Pater-Noster-Row, MDCCLXXI. [1771].",London,581,male,1714,1787,False
0282500505_000008,Antient metaphysics. Volume fifth. Containing the history of Man. In the civilized state.,"James Burnett, Lord Monboddo",74,1797,5,5,"Edinburgh : printed for Bell & Bradfute; & T. Cadell, jun. & W. Davies (successors to T. Cadell) in the Strand, London, M,DCC,XCVII. [1797].",Edinburgh,352,male,1714,1799,False
0701100100_000008,"The law of nature and nations: or, a general system of the most important principles of morality, jurisprudence, and politics. In eight books. Written in Latin by the Baron Pufendorf, Counsellor of State to his late Swedish Majesty, and the late King of Prussia. Done into English by Basil Kennet, D. D. sometime President of Corpus Christi College in Oxford. To which is prefix'd, M. Barbeyrac's prefatory discourse, containing An Historical and Critical Account of the Science of Morality, and the Progress it has made in the World, from the earliest Times down to the Publication of this Work. Done into English by Mr. Carew, of Lincoln's-Inn. To which are now added, all the large notes of M. Barbeyrac, translated from his fourth and last edition: together with large tables to the Whole.",Samuel von Pufendorf,49,1749,1,1,"London : printed for J. and J. Bonwicke, R. Ware, J. and P. Knapton, S. Birt, T. Longman, R. Hett, C. Hitch, T. Osborne, J. Hodges, S. Austen, E. Wicksteed, E. Comyns, T. Waller, J. and J. Rivington, J. Ward, and M. Cooper, M.DCC.XLIX. [1749].",London,1088,male,1632,1694,True
0343801000_000051,Of the importance of religious opinions. Translated from the French of Mr. Necker.,Jacques Necker,49,1788,1,1,"London : printed for J. Johnson, No 72, St. Paul's Church-Yard, M.DCC.LXXXVIII. [1788].",London,495,male,1732,1804,False
0965600100_000009,"Memoirs of Albert de Haller, M. D. Member Of The Sovereign Council Of Berne; President Of The University, And Of The Royal Society Of Gottingen; Fellow of the Royal Society of London, &c. compiled, chiefly, from the elogium spoken before the Royal Academy of Sciences at Paris, and from the tributes paid to his memory by other foreign societies. By Thomas Henry, Fellow of the Royal Society, Member of the Medical Society of London, and of the Literary and Philosophical Society of Manchester.","Henry, Thomas",62,1783,1,1,"Warrington : printed by W. Eyres, for J. Johnson, No. 72, St. Paul's Church-Yard, London, MDCCLXXXIII. [1783].",Warrington,183,male,1734,1816,False
0282500403_000035,"Antient metaphysics. Volume third. Containing the history and philosophy of men. With a preface, containing the history of antient philosophy, both in antient and later times. Also, with three dissertations annexed, Upon the following Subjects: I. Confirmations and Illustrations of what has been said in the preceding Volumes upon the Subject of the Principles of Sir Isaac Newton's Astronomy. II. An Inquiry into the Principle of the Motion of Bodies Unorganized. III. The Difference between Man and Brute further illustrated and explained, with additional Facts and Observations concerning the Oran Outang and Peter the Wild Boy.","James Burnett, Lord Monboddo",86,1784,3,3,"London : printed for T. Cadell, in the Strand ; and J. Balfour and Co. Edinburgh, MDCCLXXXIV. [1784].",London,474,male,1714,1799,False
0051200102_000007,"Moral and philosophical suggestions on various subjects, relative to human perfection and happiness. Didactic lectures. In Four Volumes. ...",,44,1790,2,4,"London : printed for B. White and Son, at Horace's Head, Fleet-Street, MDCCXC. [1790].",London,331,unknown,,,False
0344400300_000007,"Oriental antiquities, and general view of the Othoman customs, laws, and ceremonies: exhibiting many curious pieces of the Eastern Hemisphere, relative to the Christian and Jewish dispensations; with various rites and mysteries of the Oriental Freemasons. Dedicated to the King of Sweden. Translated from the French of M. de M---- d'Ohsson, Knight of the Royal Masonic Orders of Vasa--Templars--Malta--Philippine--Ros a Crucian &c.--Secretary to the King of Sweden; formerly his interpreter and charge d'affairs at the Court of Constantinople.",Ignatius Mouradgea d’Ohsson,51,1788,1,1,"Philadelphia : Printed for the Select Committee and Grand Lodge of Enquiry, M,DCC,LXXXVIII. [1788].",Philadelphia,604,male,1740,1807,False
0508100100_000045,"Liberal education: or, a practical treatise on the methods of acquiring useful and polite learning. By The Reverend Vicesimus Knox, A. M. Late Fellow Of ST. John's College, Oxford, And Now Master Of Tunbridge-School.",Vicesimus Knox,57,1783,1,1,"London : printed for C. Dilly, In The Poultry, MDCCLXXXIII. [1783].",London,444,male,1752,1821,True
0969700601_000047,"Moral instructions, extracted from the works of glorious Dr. of the Church, Saint Augustin. ...",Augustine of Hippo,43,1792,1,2,"Dublin : printed by P. Wogan, No. 23, on the Old Bridge, M,DCC,XCII. [1792].",Dublin,163,male,354,430,False
0266101100_000022,"The insufficiency of the light of nature: exemplified in the vices and depravity of the heathen world. Including some strictures on Paine's ""age of reason.""","Helton, John",58,1797,1,1,"London : printed for John and Arthur Arch, No. 23, Gracechurch-Street, and John Wright, Piccadilly, 1797.",London,94,male,1731,1817,False
1105500300_000091,"An essay on the nature and immutability of truth, in opposition to sophistry and scepticism. By James Beattie, LL. D. Professor of Moral Philosophy and Logic in the Marischal College and University of Aberdeen.",James Beattie,52,1771,1,1,"Edinburgh : printed for A. Kincaid & J. Bell; and for E. & C. Dilly, in the Poultry, London, MDCCLXXI. [1771].",Edinburgh,594,male,1735,1803,False
0484400100_000054,Essays on rhetoric: abridged chiefly from Dr. Blair's Lectures on that science.,Hugh Blair,42,1787,1,1,"London : [pri]nted for J. Murray, NO 32, Fleet-Street, MDCCLXXXVII. [1787].",London,431,male,1718,1800,True
0991400104_000067,"The works of the late Right Honorable Henry St. John, Lord Viscount Bolingbroke. In five volumes, complete. Published by David Mallet, ...","Henry St John, 1st Viscount Bolingbroke",47,1754,4,5,"London : printed in the year, 1754.",London,634,male,1678,1751,True
0614300700_000002,"Rudiments of political science, part the first; containing elementary principles: with an appendix. By Angus Macaulay, A. M.","Macaulay, Angus           1796",53,1796,1,1,"London : printed for the author, and sold by Tho. Egerton, at the Military Library, Whitehall, 1796.",London,411,unknown,,,False
1033900100_000005,"An essay on the nature and immutability of truth, in opposition to sophistry and scepticism. By James Beattie, LL. D. Professor of Moral Philosophy and Logic in the Marischal College and University of Berdeen.",James Beattie,61,1777,1,1,"Edinburgh : printed for William Creech, Edinburgh; and for E. & C. Dilly, and T. Cadell, London, MDCCLXXVII. [1777].",Edinburgh,489,male,1735,1803,False
1015500300_000001,"The cratylus, Phædo, Parmenides and Timæus of Plato. Translated from the Greek by Thomas Taylor. With notes on the Cratylus, and an explanatory introduction to each dialogue.",Plato,41,1793,1,1,"London : printed for Benjamin and John White, Fleet-Street, M.DCC.XCIII. [1793].",London,570,male,426,347,False
0651500900_000081,"Lectures concerning oratory. Delivered in Trinity College, Dublin, by John Lawson, D.D. Lecturer in Oratory and History, on the Foundation of Erasmus Smith, Esquire.","Lawson, John",42,1758,1,1,"Dublin : printed by George Faulkner in Essex-Street, MDCCLVIII. [1758].",Dublin,486,male,1712,1759,False
0819600300_000037,"Illustrations of masonry. By William Preston, Past Master Of The Lodge Of Antiquity Acting BY Immemorial Constitution.",William Preston,56,1796,1,1,"London : printed for G. and T. Wilkie, NO 57, Paternoster-Row, MDCCXCVI. [1796].",London,442,male,1742,1818,False
0336200200_000052,Of the importance of religious opinions. Translated from the French of Mr. Necker.,Jacques Necker,61,1789,1,1,"Dublin : printed by M. Mills, NO. 36, Dorset-Street, for Messrs. White, Byrne, Wogan, and Jones, MDCCLXXXIX. [1789].",Dublin,311,male,1732,1804,False
0658602401_000004,A philosophical essay on man. Being an attempt to investigate the principles and laws of the reciprocal influence of the soul on the body. ...,Jean-Paul Marat,60,1773,1,2,"London : printed for J. Ridley, in St. James's Street; and T. Payne, at the Mews Gate, MDCCLXXIII. [1773].",London,279,male,1743,1793,True
0508700102_000106,"Elements of the philosophy of the human mind. By Dugald Stewart, ...",Dugald Stewart,54,1814,2,3,"London : printed for A. Strahan, and T. Cadell; and W. Creech, Edinburgh, 1792-1827.",London,564,male,1753,1828,False
0252400700_000045,"On the importance of religious opinions. From the French of Mons. Necker. A new translation, to which is prefixed a short account of the author.",Jacques Necker,48,1789,1,1,"Edinburgh : printed for W. Gordon and J. Dickson, M,DCC,LXXXIX. [1789].",Edinburgh,384,male,1732,1804,False
0197300200_000008,"Sermons on various subjects. By the late Rev. Benjamin Choyce Sowden, Of Emanuel College, Cambridge, and Minister of the English Episcopal Church at Amsterdam.",Benjamin Choyce Sowden,54,1798,1,1,"Bath : printed by S. Hazard: for Johnson, St. Paul's Church-Yard; and sold by Cadell and Davies, Strand; London: and by the booksellers in town and country, MDCCXCVIII. [1798].",Bath,438,male,,,False
0910100400_000003,"The whole works of the Right Honourable Duncan Forbes, Late Lord President of the Court of Session. Now first collected. Containing, I. A Letter to a Bishop; concerning some important Discoveries in Philosophy and Theology. II. Reflections on the Sources of Incredulity with regard to Religion. III. Thoughts on Religion, Natural and Revealed.","Duncan Forbes, Lord Culloden",61,1757,1,1,"Dublin : printed for William Williamson, Bookseller, at Mecaenas's Head in Bride-Street, MDCCLVII. [1757].",Dublin,307,male,1685,1747,False
0426900301_000052,"Liberal education: or, a practical treatise on the methods of acquiring useful and polite learning. By Vicesimus Knox, ... In two volumes. ... The tenth edition. To which is added, a letter to the Right Hon. Lord North, ...",Vicesimus Knox,56,1789,1,2,"London : printed for Charles Dilly, 1789.",London,408,male,1752,1821,True
0147801700_000052,"Philosophical reflexions and inquiries concerning the virtues of tar water, and divers other subjects connected together and arising one from another. By the Right Rev. Dr. George Berkley, Lord Bishop of Cloyne, And Author of The Minute Philosopher.",George Berkeley,51,1744,1,1,"London : printed for C. Hitch in Pater-Noster-Row; and C. Davis, against Gray's-Inn, Holbourn, MDCCXLIV. [1744].",London,176,male,1685,1753,True
0760000101_000095,"An ecclesiastical history, antient and modern, from the birth of Christ, ... By ... John Lawrence Mosheim, ... Translated from the original, and accompanied with notes and chronological tables, by Archibald Maclaine, ... In four volumes. ...",Johann Lorenz von Mosheim,57,1767,1,4,"Dublin : printed for Ann Leathley, 1767.",Dublin,579,male,1693,1755,False
0538100101_000011,"The complete dictionary of arts and sciences. In which the whole circle of human learning is explained, And the Difficulties attending the Acquisition of Every Art, Whether Liberal or Mechanical, are Removed, in the most easy and familiar manner. Among the various Branches of Literature explained in this Work are the following, viz. Agriculture Algebra Anatomy Architecture Arithmetic Astronomy Botany Catoptrics Chemistry Chronology Commerce Conics Cosmography Dialling Dioptrics Ethics Fluxions Fortification Gardening Gauging Geography Geometry Grammar Gunnery Handicrafts Heraldry History Horsemanship Husbandry Hydraulics Hydrography Hydrostatics Law Levelling Logic Maritime And Military Affairs Mathematics Mechanics Merchandize Metaphysics Meteorology Music Navigation Optics Painting Perspective Pharmacy Philology Philosophy Physic Pneumatics Rhetoric Sculpture Series Statics Statuary Surgery Surveying Theology, &c. The theological, philological, and critical branches, by the Rev. Temple Henry Croker, A. M. Chaplain to the Right Honourable the Earl of Hillsborough. The medicinal, anatomical, and chemical, by Thomas Williams, M. D. The mathematical by Samuel Clark, Author of an Easy Introduction to the Theory and Practice of Mechanics. and the other parts by several gentlemen particularly conversant in the Arts or Sciences they have undertaken to explain.","Williams, Thomas, M.D.",53,1764,1,3,"London : printed for the authors, and sold by J. Wilson & J. Fell, Pater-Noster Row; J. Fletcher & Co. St. Paul's Church-Yard; J. Coote, Pater-Noster Row; Mess. Fletcher & Hodson, Cambridge; and W. Smith & Co. Dublin, MDCCLXIV. [1764].",London,666,unknown,,,False
0664500101_000034,The rambler. In three volumes. ...,Samuel Johnson,44,1794,1,3,"London : printed for T. Longman, B. Law and Son, H. Baldwin, C. Dilly, G. G. and J. Robinson, T. Cadell, J. Nichols, F. and C. Rivington, W. Goldsmith, H. Murray, W. Otridge, W. Lowndes, S. Hayes, R. Faulder, G. and T. Wilkie, P. Macqueen, B. Collins, Hookham and Carpenter, Darton and Harvey, Vernor and Hood, Cadell jun. and Davies, and R. Jameson, MDCCXCIV. [1794].",London,469,male,1709,1784,True
0644400500_000005,"The principles of natural and revealed religion occasionally opened and explained; in a course of sermons preached before the Honourable Society of Lincoln's Inn. By the Rev. Mr. Warburton, Preacher to the Society.",William Warburton,54,1753,1,1,"Dublin : printed for G. and A. Ewing, at the Angel and Bible in Dame-Street, M,DCC,LIII. [1753].",Dublin,238,male,1698,1779,True
1092700103_000113,"The philosophical works of the late Right Honorable Henry St. John, Lord Viscount Bolingbroke. In five volumes. Published by David Mallet, Esq; ...","Henry St John, 1st Viscount Bolingbroke",73,1754,3,5,"London : [s.n.], Printed in the Year MDCCLIV. [1754].",London,428,male,1678,1751,True
0218801600_000001,An essay on Sir Isaac Newton's second law of motion. By the Reverend Mr. Ludlam.,William Ludlam,66,1780,1,1,"London : printed by R. Hett; and sold by T. Cadell, in the Strand, M.DCC.LXXX. [1780].",London,26,male,1717,1788,False
0048802300_000002,"An oration, in defence of Divine revelation; together with the valedictory addresses; delivered in the Baptist meeting-house, in Providence, at the commencement of Rhode-Island College, September 6, A.D. 1797. By Benjamin Allen, A.B. Published by request.",Rhode Island College (1764-1804),60,1797,1,1,"Providence : Printed by Carter and Wilkinson, and sold at their book-store, opposite the market, M,DCC,XCVII. [1797].",Providence,15,unknown,,,False
1729700101_000687,"A description of the empire of China and Chinese-Tartary, together with the kingdoms of Korea, and Tibet: containing the geography and history (natural as well as civil) of those countries. Enrich'd with general and particular maps, and adorned with a gread number of cuts. From the French of P.J.B. Du Halde, Jesuit: with Notes geographical, historical, and critical; and other improvements, particularly in the mpas, by the translator. In two volumes.","Du Halde, J.-B. (Jean-Baptiste)",52,1738,1,2,"London : printed by T. Gardner in Bartholomew-Close, for Edward Cave, at St. John's Gate, MDCCXXXVIII. [1738].",London,738,male,1674,1743,False
0255800400_000023,"An inquiry into the causes of the infidelity and scepticism of the times: with occasional observations on the writings of Herbert, Shaftesbury, Bolingbroke, Hume, Gibbon, Toulmin, &c. &c. By John Ogilvie, D.D.","Ogilvie, John",51,1783,1,1,"London : printed for Richardson and Urquhart, Front of the Exchange; and W. Gordon, W. Creech, and J. Dickson, Edinburgh, M,DCC,LXXXIII. [1783].",London,487,male,1732,1813,False
0147701100_000012,"Remarks on the new philosophy of Des-Cartes. In four parts. I. Of the principles of humane knowledge. II. Of the principles of material things. III. Of the principles, as they relate to the visible world. IV. Of the principles of the earth. By E. H. gent.","Howard, Edward",56,1701,1,1,"London : printed for T. Ballard, at the Rising-Sun in Little-Brittain, 1701.",London,400,unknown,,,False
0962900100_000035,"Essays on philosophical subjects. By the late Adam Smith, LL. D. Fellow of the Royal Societies of London and Edinburgh, &c. &c. To which is prefixed, An account of the life and writings of the author; by Dugald Stewart, F. R. S. E.",Adam Smith,60,1799,1,1,"Basil : printed for the editor of the Collection of English Classics, sold by James Decker Printer and Bookseller, 1799.",Basel,430,male,1723,1790,True
1105500300_000004,"An essay on the nature and immutability of truth, in opposition to sophistry and scepticism. By James Beattie, LL. D. Professor of Moral Philosophy and Logic in the Marischal College and University of Aberdeen.",James Beattie,65,1771,1,1,"Edinburgh : printed for A. Kincaid & J. Bell; and for E. & C. Dilly, in the Poultry, London, MDCCLXXI. [1771].",Edinburgh,594,male,1735,1803,False
0924300200_000018,"Three discourses: I. On the progress of religious and Christian knowledge. By William Enfield, LL.D. II. On religious zeal; with a comparative view of the protestant dissenters of the last and present age. By Richard Godwin. III. On the character, offices, and qualifications of the Christian preacher. By Philip Holland.","Holland, Philip",47,1780,1,1,"Warrington : printed by William Eyres, for J. Johnson, No. 72, St. Paul's Church-Yard, London, MDCCLXXX. [1780].",Warrington,256,male,1721,1789,False
0056100201_000030,"Sacred literature: shewing the holy scriptures to be superior to the most celebrated writings of antiquity, by the testimony of above five hundred witnesses, and also by a Comparison of their Several Kinds of Composition. In Twelve Books. To which are Added, Epistles and Extracts, from some of the Most Early of the Christian Fathers. The Whole Intended not only to recommend the Bible as superior to all other Books, but as a moral and theological Repository for Christians of every Rank and Degree. In four volumes. By the Revd. David Simpson, M.A.","Simpson, David",70,1788,1,4,"Birmingham : printed and sold by M. Swinney. Sold also by Dilly, Buckland, Matthews, Scollick, Trapp, London; Spence, York, Bulgin, Bristol; Clarke, Manchester; Bayley, Macclesfield; and all other booksellers in town and country, MDCCLXXXVIII. [1788].",Birmingham,581,male,1745,1799,False
0423500301_000035,Lectures on female education and manners. ... . By J. Burton.,"Burton, J. (John)",52,1793,1,2,"Rochester : printed for the author, by Gilman and Etherington, and sold by the booksellers in Kent, James Evans, No. 32, Pater-Noster-Row, and John Murray, Fleet-Street, London, 1793.",Rochester,242,male,1745,1806,False
0730200101_000359,The works of the Honourable Robert Boyle. In six volumes. To which is prefixed The life of the author. ...,Robert Boyle,65,1772,1,6,"London : printed for J. and F. Rivington, L. Davis, W. Johnston, S. Crowder, T. Payne, G. Kearsley, J. Robson, B. White, T. Becket and P. A. De Hondt, T. Davies, T. Cadell, Robinson and Roberts, Richardson and Richardson, J. Knox, W. Woodfall, J. Johnson, and T. Evans. MDCCLXXII. [1772].",London,1058,male,1627,1691,False
0934700700_000003,"At the Assize held at Huntingdon, Before Sir Wm. Henry Ashhurst, One of His Majesty's Justices of the Court of King's Bench, March 11, 1798, this sermon was preached, by George Laughton, D.D. One of his majesty's justices of the peace, and vicar of chippenham, Cambridgeshire.",George Laughton,54,1798,1,1,"Cambridge : printed by F. Hodson; sold by F. and C. Rivington, St. Paul's Church-Yard, and G. Wilkie, Paternoster-Row, London; and by J. Deighton, Cambridge, 1798.",Cambridge,35,male,1736,1800,False
0654300300_000012,"The new annual register, or general repository of history, politics, and literature, for the year 1794. To which is prefixed, the history of knowledge, learning, and taste, in Great Britain, during the reign of King James the First, part the second.",,71,1795,1,1,"London : printed for G.G. and J. Robinson, Pater-Noster-Row, MDCCXCV. [1795].",London,869,unknown,,,False
0784500700_000052,"Siris: a chain of philosophical reflexions and inquiries concerning the virtues of tar water, and divers other subjects ... By the Right Rev. Dr. George Berkeley, ...",George Berkeley,56,1744,1,1,"[London] : Dublin printed, London re-printed, for W. Innys, and C. Hitch; and C. Davis, 1744.",London,175,male,1685,1753,True
0740300108_000102,"The spectator. A new edition in eight volumes; with Illustrative Notes. To which are prefixed the lives of the authors, by Robert Bisset, A. M. ...",,46,1793,8,8,"London : printed for G. Robertson No 221, Piccadilly, J. Cuthell. No 24, Middle Row, Holborn, J. Lackington No 47 and 48 Chiswell Street Moorfields, and Messrs. Bell & Bradfute, Edinburgh, [1793-94].",London,361,unknown,,,False
0609901600_000030,A chinese fragment. Containing an enquiry into the present state of religion in England. With notes by the editor.,"Bates, Ely",45,1786,1,1,"London : printed by J. Davis, Chancery-Lane. For J. Strahan, No. 67. Strand; R. Faulder, Bond Street; and J. Johnson, St. Paul's Church-Yard, M,DCC,LXXXVI. [1786].",London,372,unknown,,,False
0102600501_000061,The lives of the English poets; and a criticism on their works. By Samuel Johnson.,Samuel Johnson,48,1779,1,3,"Dublin : printed for Messrs. Whitestone, Williams, Colles, Wilson, Lynch, Jenkin, Walker, Burnet, Hallhead, Flin, Exshaw, Beatty, and White, M,DCC,LXXIX. [1779].",Dublin,531,male,1709,1784,True
0209000200_000108,"A treatise concerning the causes of the present corruption of Christians, and the remedies thereof. In two parts. Part I.",Jean-Frédéric Osterwald,49,1711,1,1,"London : printed for D. Midwinter at the Three Crowns, and B. Cowse at the Rose and Crown in St. Pauls Church-Yard, M.DCC.XI. [1711].",London,486,male,1663,1747,False
0343200102_000018,"Religion considered as the only basis of happiness, and of true philosophy. A work written for the instruction of the children of his Most Serene Highness the Duke of Orleans; And in which the Principles of modern pretended Philosophers are laid open and refuted. By Madame the Marchioness of Sillery, heretofore countess of genlis. In two volumes. ...",Stéphanie Félicité du Crest de Saint-Aubin,50,1787,2,2,"London : printed for T. Payne and Son, at the Mews Gate; T. Cadell, and P. Elmsly, in the Strand, M.DCC.LXXXVII. [1787].",London,295,female,1746,1830,True
1212600602_000112,"An inquiry into the nature and causes of the wealth of nations. By Adam Smith, L. L. D. and F. R. S. of London and Edinburgh: One of the Commissioners of His Majesty's Customs in Scotland; and Formerly Professor of Moral Philosophy in the University of Glasgow.",Adam Smith,76,1793,2,2,"Dublin : printed by William Porter, for G. Burnet, L. White, W. Wilson, P. Byrne, W. McKenzie, J. Moore, and W. Jones, M.DCC.XCIII. [1793].",Dublin,559,male,1723,1790,True
0359100401_000068,"Discourses concerning the being and natural perfections of God, in which that first principle of religion, the existence of the deity, is proved, From the Frame of the Material World, from the Animal and Rational Life, and from Human Intelligence and Morality. And The Divine Attributes of Spirituality, Unity, Eternity, Immensity, Omnipotence, Omniscience, and Infinite Wisdom, are explain'd. By John Abernethy, M. A. ...",John Abernethy,61,1757,1,2,"London : printed for H. Whitridge, D. Browne, J. Whiston and B. White, J. Ward, W. Johnston, P. Davey and B. Law, and M. and T. Longman, M.DCC.LVII. [1757].",London,382,male,1680,1740,False
0983000100_000009,"Letters to a student in the University of Cambridge, Massachusetts. By John Clarke, Minister of a church in Boston.",John Clarke,58,1796,1,1,"Boston : Printed and sold by Samuel Hall, no. 53, Cornhill, 1796.",Boston,151,male,1687,1798,False
0080601500_000003,"An essay on the literary beauties of the scriptures. By Thomas Lloyd, Scholar Of King's College, Cambridge. Published In Compliance With The Will Of The Late MR. Norris, AS Having Gained The Annual Prize Which HE Instituted In That University.",Thomas Lloyd,42,1784,1,1,"Cambridge : printed by J. Archdeacon Printer to the University; and sold by J. & J. Merrill, in Cambridge, MDCCLXXXIV. [1784].",Cambridge,25,male,1750,1828,False
0781300301_000034,"An ecclesiastical history, antient and modern, from the birth of Christ, to the beginning of the present century: ... By the late learned John Lawrence Mosheim, ... Translated from the original Latin, ... by Archibald Maclaine, D.D. In six volumes. ... A new edition. ...",Johann Lorenz von Mosheim,49,1782,1,6,"London : printed for T. Cadell, 1782.",London,460,male,1693,1755,False
0215900203_000078,"Observations on man, his frame, his duty, and his expectations. In two parts. Part the First: Containing Observations on the Frame of the Human Body and Mind, and on Their Mutual Connexions And Influences. By David Hartley, M.A.",David Hartley,54,1791,3,3,"London : first printed in MDCCXLIX. Reprinted by J. Johnson, St. Paul's Church-Yard, MDCCXCI. [1791].",London,351,male,1705,1757,True
1293000201_000040,"Memoirs of literature. Containing a weekly account of the state of learning, both at home and abroad.","La Roche, Michel de",43,1622,1,4,"London [England] : printed by J[ames]. Roberts: and sold by A[nn]. Baldwin, near the Oxford-Arms in Warwick-Lane, MDCCXII.-MDCCXIV.",London,393,male,1710,1731,False
1196300101_000078,"The elements of universal erudition. Containing an analytical abridgment of the sciences, polite arts, and belles lettres. By Baron Bielfeld, Secretary of Lecation to the King of Prussia. Preceptor to Prince Ferdinand, and Chancellor of all the Universities in the Dominions of his Prussian Majesty, Author of the Political Institutes, &c. Translated from the last edition printed at Berlin. By W. Hooper, M.D. In three volumes. ...","Bielfeld, Jacob Friedrich, Freiherr von",66,1771,1,3,"Dublin : printed for H. Saunders, J. Potts, D. Chamberlaine, W. Sleater, J. Hoey, jun. J. Williams, R. Moncrieffe, J. Porter, and T. Walker, MDCCLXXI. [1771].",Dublin,326,male,1717,1770,False
1138100100_000017,"An analysis of the philosophical works of Lord Bolingbroke, by the late unfortunate Earl Ferrers, for his private entertainment; to which is prefixed, a parallel of Earl Ferrers's case, with that of Lord Santry, a Peer of Ireland, both convicted of Murder: and a sentimental letter to a friend.","Ferrers, Lawrence Shirley, Earl",68,1760,1,1,"London : printed for J. Burd, opposite St. Dunstan's Church, Fleet-Street, MDCCLX. [1760].",London,110,male,1720,1760,False
0169300300_000003,"A discourse delivered before the University of Cambridge, at St. Mary's on Commencement Sunday, July 4. 1756. By John Ross, D.D. and Fellow of S. John's College.","Ross, John",50,1756,1,1,"Cambridge : printed by J. Bentham Printer to the University, for W. Thurlbourn in Cambridge; and sold by J. Beecroft in Paternoster-Row, London, M.DCC.LVI. [1756].",Cambridge,17,male,1719,1792,False
0991400104_000077,"The works of the late Right Honorable Henry St. John, Lord Viscount Bolingbroke. In five volumes, complete. Published by David Mallet, ...","Henry St John, 1st Viscount Bolingbroke",45,1754,4,5,"London : printed in the year, 1754.",London,634,male,1678,1751,True
1439300400_000062,Of the importance of religious opinions. Translated from the French of Mr. Necker.,"West, John",58,1796,1,1,"Boston : From the press of Thomas Hall: sold by Thomas and Andrews, William P. Blake, David West, and John West, 1796.",Boston,232,male,1770,1827,False
1172701000_000004,"The travels of Cyrus. To which is annex'd, A discourse upon the theology and mythology of the pagans. By the Chevalier Ramsay.",Andrew Michael Ramsay,63,1739,1,1,"London : printed by James Bettenham: and sold by A. Bettesworth and C. Hitch, at the Red Lion in Pater-Noster Row, M,DCC,XXXIX. [1739].",London,389,male,1686,1743,True
0762800202_000015,"Biographia medica; or, historical and critical memoirs of the lives and writings of the most eminent medical characters that have Existed from the Earliest Account of Time to the Present Period; with a catalogue of their literary productions. By Benjamin Hutchinson, Member of the Medical Society of London, of the Physical Society of Guy's Hospital, and of the London Company of Surgeons. In Two Volumes. ...",Benjamin Hutchinson,49,1799,2,2,"London : printed for J. Johnson, No 72, St. Paul's Church-Yard, 1799.",London,549,unknown,,1804,False
0840800401_000019,"Discourses concerning the being and natural perfections of God, in which that first principle of religion, the existence of the deity, is prov'd, From the Frame of the Material World, from the Animal and Rational Life, and from Human Intelligence and Morality. And the Divine Attributes of Spirituality, Unity, Eternity, Immensity, Omnipotence, Omniscience, and Infinite Wisdom, are explain'd. ... . By John Abernethy, M.A.",John Abernethy,64,1743,1,2,"[London] : Dublin, printed: London, re-printed for H. Whitridge, at the Royal Exchange, M.DCC.XLIII. [1743].",London,381,male,1680,1740,False
0290000100_000001,"The sequel to Mentoria; or, the young ladies instructor: in familiar conversations, on a variety of interesting subjects, in which are Introduced, Lectures on Astronomy and Natural Philosophy, Expressed in Terms suited to the Comprehension of Juvenile Readers; Being principally intended to enlarge the Ideas, and inspire just Conceptions of the Deity, from the Contemplation of the general System of the Universe. By Ann Murry.","Murry, Ann",49,1799,1,1,"London : printed for C. Dilly, in the Poultry, 1799.",London,342,female,,,False
1092800105_000074,"The philosophical works of the late Right Honorable Henry St. John, Lord Viscount Bolingbroke. In five volumes. Published by David Mallet, Esq; ...","Henry St John, 1st Viscount Bolingbroke",63,1754,5,5,"London : [s.n.], Printed in the Year MDCCLIV. [1754].",London,377,male,1678,1751,True
0744101200_000002,"The history of man: or, the wonders of human nature, in relation to the virtues, vices, and defects, of both sexes. With examples, ancient and modern, alphabetically Digested under their proper Heads. The whole work being intermixed with variety of Useful and divertive Relations.",Nathaniel Wanley,50,1796,1,1,"Perth : printed by R. Morison Junior, for R. Morison & Son, Booksellers, Perth; and H. Mitchel, Adam's Square, Edinburgh, M,DCC,XCVI. [1796].",Perth,267,male,1634,1680,False
1764500201_000002,"Barr's Buffon. Buffon's Natural history. Containing a theory of the earth, a general history of man, of the brute creation, and of vegetables, minerals, &c. &c. From the French. With notes by the translator. In ten volumes. ...","Georges-Louis Leclerc, Comte de Buffon",53,1797,1,2,"London : printed for the proprietor, and sold by H. D. Symonds, 1797.",London,340,male,1707,1788,True
1205900700_000005,An essay on happiness. In four books.,"Duncan, John",45,1762,1,1,"London : printed for R. and J. Dodsley, in Pall-Mall, M.DCC.LXII. [1762].",London,97,male,1721,1808,False
0350900300_000040,"Exercises in elocution; selected from various authors, and arranged under proper heads: intended as a sequel to a work intitled The speaker. By William Enfield, LL. D. Lecturer ON The Belles Lettres In The Academy At Warrington.",William Enfield,48,1793,1,1,"London : printed for J. Buckland, C. Bathurst, and T. Davies, M,DCC,XCIII. [1793].",London,401,male,1741,1797,False
0960400800_000006,"Essays on the most important subjects in religion. By Thomas Scott, Chaplain to the Lock Hospital.",Thomas Scott,51,1800,1,1,"London : printed by D. Jaques. Lower Sloane-Street; Sold by Mathews, 18, Strand; Woodhouse, Lower Brook-Street; Button, Paternoster-Row; Hatchard, Piccadilly; and by the author, Chapel Street, Upper Grosvenor-Place; also by Ogle, Edinburgh, 1800.",London,497,male,1747,1821,False
0805000103_000169,"Lectures on natural and experimental philosophy, considered in its present state of improvement. Describing in a Familiar and Easy Manner The Principal Phenomena of Nature; and Shewing that they all Co-Operate in Displaying the Goodness, Wisdom, and Power of God. By the Late George Adams, Mathematical Instrument Maker to his Majesty, &c. In five volumes, the fifth volume consisting of the plates and index. The second edition, with considerable corrections and additions, by William Jones, Mathematical Instrument Maker. ...",George Adams,54,1799,3,5,"London : printed by J. Dillon, and Co. for, and sold by, W. and S. Jones, opticians, Holborn, [1799].",London,589,male,1750,1795,False
0343200202_000047,"Religion considered as the only basis of happiness and of true philosophy. A work written for the instruction of the children of his most serene highness the Duke of Orleans; ... By Madame the Marchioness of Sillery, ... In two volumes.",Stéphanie Félicité du Crest de Saint-Aubin,42,1787,2,2,"Dublin : printed by William Porter, for H. Chamberlaine, White, Byrne, Colbert, W. Porter, and Moore, 1787.",Dublin,151,female,1746,1830,True
0141400900_000010,"Letters to a student in the University of Cambridge, Massachusetts. By John Clarke, Minister of a church in Boston.",John Clarke,67,1796,1,1,"Boston : Printed and sold by Samuel Hall, no. 53, Cornhill, 1796.",Boston,145,male,1687,1798,False
0732201301_000034,"An ecclesiastical history, antient and modern, from the birth of Christ, to the beginning of the present century: ... By the late learned John Lawrence Mosheim, ... Translated from the original Latin, ... by Archibald Maclaine, ... In five volumes. ...",Johann Lorenz von Mosheim,58,1768,1,5,"London : printed for A. Millar; and sold by T. Cadell, MDCCLVIII [1768].",London,504,male,1693,1755,False
1543300102_000017,"The works of the late John Gregory, M.D.",John Gregory,55,1788,2,4,"[Edinburgh : printed for A. Strahan, and T. Cadell, London; and W. Creech, Edinburgh, 1788].",Edinburgh,324,male,1724,1773,False
1366900101_000166,"The English review, or An Abstract of English and foreign literature.",Gilbert Stuart,48,1783,1,26,"London [England] : printed for J[ohn]. Murray, no. 32. Fleet-Street, M,DCC,LXXXIII. [1783]-M,DCC,XCV. [1795].",London,544,male,1741,1786,False
0508700101_000112,"Elements of the philosophy of the human mind. By Dugald Stewart, ...",Dugald Stewart,59,1792,1,3,"London : printed for A. Strahan, and T. Cadell; and W. Creech, Edinburgh, 1792-1827.",London,578,male,1753,1828,False
0683400900_000011,"Essays on philosophical subjects. By the late Adam Smith, LL. D. Fellow of the Royal Societies of London and Edinburgh, &c. &c. To which is prefixed, An account of the life and writings of the author; by Dugald Stewart, F. R. S. E.",Adam Smith,56,1795,1,1,"London : printed for T. Cadell Jun. and W. Davies (successors to Mr. Cadell) in the Strand; and W. Creech, Edinburgh, 1795.",London,329,male,1723,1790,True
0508700101_000010,"Elements of the philosophy of the human mind. By Dugald Stewart, ...",Dugald Stewart,55,1792,1,3,"London : printed for A. Strahan, and T. Cadell; and W. Creech, Edinburgh, 1792-1827.",London,578,male,1753,1828,False
0807100101_000003,"Literary hours or sketches critical and narrative, by Nathan Drake, M. D. In Two Volumes. ...",Nathan Drake,38,1800,1,2,"Sudbury : printed by J. Burkitt, for T. Cadell, junior, and W. Davies, Strand, London, 1800.",Sudbury,460,male,1766,1836,False
0754800301_000001,"History of the English law, from the time of the Saxons, to the end of the reign of Philip and Mary. By John Reeves, Esq. Barrister at Law. The second edition. In four volumes. ...","Reeves, John",65,1787,1,4,"London : printed for E. Brooke, Bell-Yard, Temple-Bar, M,DCC,LXXXVII. [1787].",London,530,male,1752,1829,False
1091200600_000016,"Heads of philological lectures intended to illustrate the Latin classicks, in respect to the antiquities of Rome; the rules of general criticism; and the principles of universal grammar. By John Hill, A.M. F.R.S.E. Professor of Humanity in the University of Edinburgh.","Hill, John, F.R.S.E.",48,1785,1,1,"Edinburgh : printed by William Smellie, M,DCC,LXXXV. [1785].",Edinburgh,237,unknown,,,False
0133600101_000012,"A philosophical and political history of the settlements and trade of the Europeans in the East and West Indies. Translated from the French by J. Justamond, M. A. ...",Guillaume Thomas François Raynal,45,1776,1,4,"London : printed for T. Cadell, in the Strand, M,DCC,LXXVI. [1776].",London,511,male,1713,1796,True
0252400700_000043,"On the importance of religious opinions. From the French of Mons. Necker. A new translation, to which is prefixed a short account of the author.",Jacques Necker,53,1789,1,1,"Edinburgh : printed for W. Gordon and J. Dickson, M,DCC,LXXXIX. [1789].",Edinburgh,384,male,1732,1804,False
1187200300_000038,"Sermons on several subjects. By the right reverend Beilby Porteus, D. D. Bishop of Chester.",Beilby Porteus,49,1783,1,1,"London : printed for T. Payne and Son, at the Mews Gate, and T. Cadell, in the Strand, MDCCLXXXIII. [1783].",London,432,male,1731,1809,False
0164301100_000007,"Reflections upon the education of children in charity schools; with the outlines of a plan of appropriate instruction for the children of the poor; submitted to the consideration of the patrons of schools of every denomination, supported by charity. By Mrs. Trimmer.",Sarah Trimmer,46,1792,1,1,"London : printed for T. Longman, Paternoster-Row; and J. and F. Rivington, St. Paul's Church-Yard, M.DCC.XCII. [1792].",London,57,female,1741,1810,True
0031700600_000037,"An investigation of the trinity of Plato and of Philo Judæus, and of the effects, which an attachment to their writings had upon the principles and reasonings of the fathers of the Christian Church. By Caesar Morgan, D. D. Chaplain to the Lord Bishop of Ely.","Morgan, Caesar",47,1795,1,1,"London : printed for F. and C. Rivington, No 62. St. Paul's Church-Yard, 1795.",London,202,male,1749,1812,False
0909900104_000084,"The works of the late Right Honorable Henry St. John, Lord Viscount Bolingbroke. In five volumes, complete. Published by David Mallet, Esquire. ...","Henry St John, 1st Viscount Bolingbroke",55,1793,4,5,"Dublin : printed by P. Byrne, Grafton-Street, M.DCC.XCIII. [1793].",Dublin,645,male,1678,1751,True
1622100400_000087,"The London mercury; containing the history, politics, and literature of England, for the year ...",George Colman the Younger,40,1781,1,1,"London [England] : printed for J. Murray, no 32 Fleet Street, MDCCLXXXI. [1781]-",London,546,male,1762,1794,True
0954000101_000022,"The history of the reign of the Emperor Charles V. With a view of the progress of society in Europe, from the subversion of the Roman Empire, to the beginning of the sixteenth century. In Three Volumes. By William Robertson, D. D. Principal of the University of Edinburgh, and Historiographer to His Majesty for Scotland. ...",William Robertson,58,1769,1,3,"Dublin : printed for W. and W. Smith, A. Leathley, G. Faulkner, S. Powell, P. Wilson, J. Exshaw, H. Saunders, W. Whitestone, W. Sleater, L. Flin, B. Grierson, E. Lynch, D. Chamberlaine, J. Potts, J. Hoey, jun. J. Williams, J. Mitchell, W Colles, J. Miliken, C. Ingham, and J. Porter, Booksellers, MDCCLXIX. [1769].",Dublin,423,male,1721,1793,True
0038900102_000082,"Essays and treatises on several subjects. In two volumes. By David Hume, Esq; ... Containing Essays, Moral, Political, and Literary.",David Hume,55,1764,2,2,"London : printed for A. Millar, in the Strand; and A. Kincaid and A. Donaldson, at Edinburgh, MDCCLXIV. [1764].",London,492,male,1711,1776,True
0367200300_000002,"The knowledge of the heavens and the earth made easy: or, the first principles of astronomy and geography explained by the use of globes and maps. ... By I. Watts, D.D.",Isaac Watts,38,1772,1,1,"London : printed for T. Longman, and J. Buckland; T. Field; E. and C. Dilly; and G. Pearch, 1772.",London,252,male,1674,1748,True
0644201600_000037,"Sermons on several subjects. By the Right Reverend Beilby Porteus, D. D. Bishop of London.",Beilby Porteus,45,1794,1,1,"London : printed for T. Cadell, in the Strand, and T. Payne, at the Mews Gate, M.DCC.XCIV. [1794].",London,433,male,1731,1809,False
0609200200_000002,"A steady attachment to the Christian faith the peculiar duty of its established ministers a sermon, preached in the parish church of Alnwick, in Northumberland, at the primary visitation of ... Shute, ... Lord Bishop of Durham; ... on ... August 8, 1792. By Edward Auriol Hay Drummond, ...","Drummond, Edward Auriol Hay           1806",43,1792,1,1,"[Newcastle upon Tyne?, 1792].",Newcastle upon Tyne,18,unknown,,,False
0234300101_000001,"History of the English law, from the time of the Saxons, to the end of the reign of Philip and Mary. By John Reeves, ... The second edition. In four volumes. ...","Reeves, John",64,1787,1,4,"Dublin : printed for Luke White, 1787.",Dublin,518,male,1752,1829,False
0432300104_000112,"The works of the late Right Honorable Henry St. John, Lord Viscount Bolingbroke. In five volumes, complete. Published by David Mallet, ...","Henry St John, 1st Viscount Bolingbroke",46,1777,4,5,"London : printed in the year, 1777.",London,630,male,1678,1751,True
0658602401_000005,A philosophical essay on man. Being an attempt to investigate the principles and laws of the reciprocal influence of the soul on the body. ...,Jean-Paul Marat,60,1773,1,2,"London : printed for J. Ridley, in St. James's Street; and T. Payne, at the Mews Gate, MDCCLXXIII. [1773].",London,279,male,1743,1793,True
0892901500_000004,"A practical view of the prevailing religious system of professed Christians, in the higher and middle classes in this country, contrasted with real Christianity. By William Wilberforce, Esq; Member Of Parliament For The County Of York.",William Wilberforce,46,1797,1,1,"Dublin : printed by Robert Napper, for B. Dugdale, No. 6, Dame-Street, M.DCC.XCVII. [1797].",Dublin,382,male,1759,1833,True
0282600204_000040,Antient metaphysics. Volume fourth. Containing the history of Man. With an appendix relating to the fille sauvage whom the author saw in France.,"James Burnett, Lord Monboddo",63,1795,4,4,"Edinburgh : printed for Bell and Bradfute; and T. Cadell, in the Strand, London, M,DCC,XCV. [1795].",Edinburgh,443,male,1714,1799,False
0518100100_000001,"A system of familiar philosophy: in twelve lectures, being the course usually read by Mr. A. Walker. Containing the elements and the practical uses to be drawn from the chemical properties of matter; the principles and application of mechanics; of hydrostatics; of hydraulics; of pneumatics; of magnetism; of electricity; of optics; and of astronomy. Including every material modern discovery and improvement to the present time. Illustrated by Forty-Seven Copper-Plates, neatly and accurately Engraved.",Adam Walker,59,1799,1,1,"London : printed for the author, at his House, No. 42, Conduit-Street, Hanover-Square; G. Kearsley, Fleet-Street; and Bell and Bradfute, Edinburgh, 1799.",London,633,male,1730,1821,False
0909900103_000071,"The works of the late Right Honorable Henry St. John, Lord Viscount Bolingbroke. In five volumes, complete. Published by David Mallet, Esquire. ...","Henry St John, 1st Viscount Bolingbroke",61,1793,3,5,"Dublin : printed by P. Byrne, Grafton-Street, M.DCC.XCIII. [1793].",Dublin,550,male,1678,1751,True
0309200801_000002,"Sermons, by the late Reverend George Carr, Senior Clergyman of the English Episcopal Congregation in Edinburgh. In two volumes. ... . The seventh edition; to which is prefixed, some account of the author.","Carr, George",58,1795,1,2,"Dublin : printed by H. Colbert, No. 136, Capel-Street, opposite Abbey-Street, 1795.",Dublin,191,male,1705,1776,False
0201300101_000035,The rambler. ...,Samuel Johnson,41,1752,1,6,"London : printed for J. Payne, at Pope's-Head, in Pater-Noster-Row, M.DCC.LII. [1752].",London,313,male,1709,1784,True
0646300101_000026,"The philosophy of rhetoric. By George Campbell, ... In two volumes. ...","Campbell, George",56,1776,1,2,"London : printed for W. Strahan; and T. Cadell; and W. Creech at Edinburgh, 1776.",London,530,male,1719,1796,False
0519700108_000091,"A philosophical and political history of the settlements and trade of the Europeans in the East and West Indies. Revised, augmented, and published, in ten volumes, by the Abbé Raynal. Newly translated from the French, by J. O. Justamond, F.R.S. With a new set of maps Adapted to the Work, an a copious index. In Eight Volumes. ...",Guillaume Thomas François Raynal,65,1783,8,8,"London : printed for W. Strahan; and T. Cadell, in the Strand, MDCCLXXXIII. [1783].",London,460,male,1713,1796,True
0034800102_000010,"The history of the decline and fall of the Roman Empire. By Edward Gibbon, Esq; Volume the Seventh. A New Edition.",Edward Gibbon,45,1790,2,6,"London : printed for A. Strahan; and T. Cadell, in the Strand, MDCCXC. [1790].",London,384,male,1737,1794,True
0771000700_000005,"Julian. Or a discourse concerning the earthquake and fiery eruption, which defeated that Emperor's attempt to rebuild the temple at Jerusalem. In Which The reality of a divine Interposition is shewn; The Objections to it are answered; And The nature of that Evidence which demands the assent of every reasonable man to a miraculous fact, is considered and explained. By the Rev. Mr. Warburton, Preacher to the Hon. Society of Lincoln's Inn.",William Warburton,48,1750,1,1,"London : printed for J. and P. Knapton, in Ludgate-Street, MDCCL. [1750].",London,333,male,1698,1779,True
0504100102_000075,"Lectures on rhetoric and belles lettres. By Hugh Blair, ... In two volumes. ...",Hugh Blair,54,1783,2,2,"London : printed for W. Strahan; T. Cadell; and W. Creech, in Edinburgh, 1783.",London,553,male,1718,1800,True
0445400102_000212,"The history of philosophy, from the earliest times to the beginning of the present century; drawn up from Brucker's Historia critica philosophiæ. By William Enfield, LL. D. In two volumes. ...",Johann Jakob Brucker,50,1791,2,2,"London : printed for J. Johnson, St. Paul's Church Yard, M,DCC,XCI. [1791].",London,629,male,1696,1770,False
0417500101_000001,"Lectures on rhetoric and belles lettres. By Hugh Blair, ... In three volumes. ...",Hugh Blair,49,1796,1,3,"London : printed for A. Strahan, and T. Cadell; and W. Creech, Edinburgh: and sold by T. Cadell jun. and W. Davies, (successors to Mr. Cadell), 1796.",London,429,male,1718,1800,True
0031700600_000047,"An investigation of the trinity of Plato and of Philo Judæus, and of the effects, which an attachment to their writings had upon the principles and reasonings of the fathers of the Christian Church. By Caesar Morgan, D. D. Chaplain to the Lord Bishop of Ely.","Morgan, Caesar",54,1795,1,1,"London : printed for F. and C. Rivington, No 62. St. Paul's Church-Yard, 1795.",London,202,male,1749,1812,False
0382100101_000012,"Essays philosophical and moral, historical and literary. By W. Belsham. In two volumes. ...",William Belsham,51,1799,1,2,"London : printed for G.G. and J. Robinson, Paternoster-Row, 1799.",London,415,male,1752,1827,False
0730700100_000008,A supplement to the new and universal dictionary of arts and sciences.,John Barrow,60,1754,1,1,"London : printed for the proprietors, and sold by John Hinton, at the King's-Arms in Newgate-Street, London, MDCCLIV. [1754].",London,791,male,,,False
0295400901_000034,The Rambler. In four volumes. ...,Samuel Johnson,43,1785,1,4,"Dublin : printed by D. Graisberry, for Luke White, 1785.",Dublin,328,male,1709,1784,True
0200500701_000002,"A new theory of redemption, upon principles equally agreeable to revelation and reason. ...","Newton, James, Vicar of Old Cleve",58,1789,1,2,"London : printed for the Author, and sold by G. G. J. and J. Robinson, and T. Cadell; S. Hazard, Bath, W. Bulgln [sic] and E. Shiercliff, Bristol, 1789.",London,421,unknown,,,False
0184800200_000020,"Sermons on various important subjects. By the late Revd. Mr. William West. Published from the author's manuscript, for the benefit of his family.","West, William           1760",63,1762,1,1,"London : printed: and sold by R. Griffiths, in the Strand; C. Henderson, under the Royal Exchange; and A. Tozer, in Exeter, MDCCLXII. [1762].",London,540,unknown,,,False
0546300201_000001,"Lectures on rhetoric and belles lettres. By Hugh Blair, ... In three volumes. ...",Hugh Blair,50,1783,1,3,"Dublin : printed for Messrs. Whitestone, Colles, Burnet, Moncrieffe, Gilbert [and 9 others in Dublin], 1783.",Dublin,436,male,1718,1800,True
0651101900_000036,"Illustrations of masonry. By William Preston, Past Master of the Lodge of Antiquity Acting by Immemorial Constitution.",William Preston,50,1792,1,1,"London : printed for G. and T. Wilkie, No 57, Paternoster-Row, MDCCXCII. [1792].",London,432,male,1742,1818,False
0840900102_000081,"Discourses concerning the being and natural perfections of God, in which that first principle of religion, the existence of the deity, is prov'd, From the Frame of the Material World, from the Animal and Rational Life, and from Human Intelligence and Morality. And the Divine Attributes of Spirituality, Unity, Eternity, Immensity, Omnipotence, Omniscience, and Infinite Wisdom, are explain'd. ... . By John Abernethy, M.A.",John Abernethy,56,1743,2,2,"[London] : Dublin, printed: London, re-printed for H. Whitridge, at the Royal Exchange, M.DCC.XLIII. [1743].",London,453,male,1680,1740,False
0787800300_000015,"Theological and practical divinity: with extracts of several treatises written by Jacob Behmen. The parable of a pilgrim, taken from an ancient author. And divers other tracts taken from different authors. Published by a gentleman retired from business.",Jakob Böhme,55,1769,1,1,"London : printed in the year, MDCCLXIX. [1769].",London,404,male,1575,1624,False
0543000500_000002,"Short strictures on certain passages in A view of the internal evidence of the Christian religion, by soame Jenyns, Esq. Written by a layman.",Layman,41,1776,1,1,"London : printed for Benjamin White, at Horace's-Head, Fleet-Street, MDCCLXXVI. [1776].",London,27,male,,,False
0498200101_000013,"A philosophical and political history of the settlements and trade of the Europeans in the East and West Indies. Translated from the French of the Abbe Resnal, By J. Justamond, M. A. In four volumes. ...",Guillaume Thomas François Raynal,38,1776,1,4,"Dublin : printed for John Exshaw, No. 86, and William Halhead, No. 63, Dame-Street, M,DCC,LXXVI. [1776].",Dublin,549,male,1713,1796,True
0651600600_000005,"The travels of Cyrus. To which is annex'd, A discourse upon the theology and mythology of the pagans. By the Chevalier Ramsay.",Andrew Michael Ramsay,74,1736,1,1,"London : printed by James Bettenham: and sold by A. Bettesworth and C. Hitch at the Red-Lion in Pater-Moster Row, MDCCXXXVI. [1736].",London,387,male,1686,1743,True
0850300700_000065,"Essays on the Characteristics. By John Brown, M.A.",John Brown,56,1751,1,1,"London : printed for C. Davis, against Gray's-Inn-Gate, Holborn, MDCCLI. [1751].",London,417,male,1735,1766,True
0377501300_000002,"A treatise on the medicinal qualities of Bath waters: in three parts. Part I, Explains the Nature and Qualities of these Waters, as proved by Rational Experiments. Part II. Points out the various Diseases incident to human Nature, in which these Waters may be successfully used. The Causes of those Diseases, and the Operation of these Waters on the animal Humours and Fibres, Philosophically accounted for. Part III, Teaches the Method of preparing the Body for the Reception of these Waters, and the Method of using them internally and externally. By J. N. Stevens, M. D. of Bath, And Fellow of the Royal Accademy of Sciences.","Stevens, J. N.",57,1758,1,1,"Bristol : printed by E. Farley and Son, in Small-Street: and sold by J. Leake and W. Frederick, Booksellers, in Bath ; and C. Hitch, L. Haws, and M. Cooper, in London, 1758.",Bristol,303,unknown,,,False
0147000602_000129,"Astronomy, in five books. By Roger Long, D. D. F.R.S. Master Of Pembroke Hall In The University Of Cambridge. ...",Roger Long,54,1742,2,2,"Cambridge : printed for the author, M.DCC.XLII. [1742].",Cambridge,423,male,1680,1770,False
1690600101_000337,"The European magazine, and London review; containing the literature, history, politics, arts, manners and amusements of the age. By the Philological Society of London.",Philological Society (Great Britain),59,1782,1,86,"London [England] : printed for John Fielding No. 23, Pater Noster Row; John Debrett, opposite Burlington House, Piccadilly; and John Sewell, No. 32, Cornhill, [1782]-1826.",London,504,unknown,,,False
0208800401_000008,"Lectures on the sacred poetry of the Hebrews; translated from the Latin of the Right Rev. Robert Lowth, D. D. Late Praelector of Poetry in the University of Oxford, and Now Lord Bishop of London, by G. Gregory, F. A. S. Author of Essays Historical and Moral. To which are Added, The Principal Notes of Professor Michaelis, and Notes by the Translator and Others. ...",Robert Lowth,51,1787,1,2,"London : printed for J. Johnson, No. 72, St. Paul's Church-Yard, M.DCC.LXXXVII. [1787].",London,421,male,1710,1787,True
0466602000_000002,"A sermon preached at the ordinary visitation of the Lord Bishop of Saint Asaph, at Wrexham, on Tuesday July the 21st, 1795. By the Rev. S. Strong, M. A. Rector of Marchwiel.","Strong, Samuel",43,1795,1,1,"Wrexham : printed by J. Tye, at the Mercury Press, 1795.",Wrexham,23,male,1740,1816,False
0741200200_000003,"An essay on the nature and immutability of truth, in opposition to sophistry and scepticism. By James Beattie. LL. D. Professor of Moral Philosophy and Logic in the Marischal College and University of Aberdeen.",James Beattie,58,1773,1,1,"London : printed for Edward and Charles Dilly, in the Poultry; and A. Kincaid and W. Creech, Edinburgh, MDCCLXXIII. [1773].",London,518,male,1735,1803,False
0981800200_000026,"The life of Francis Bacon, Baron of Verulam, Viscount St. Alban, Lord High Chancellor of England. By Mr. Mallet. With an appendix, Containing Several Pieces not printed in the last Edition of his Works. Published from the Original Mss in the Possession of the Right Honourable the Earl of Oxford.",David Mallet,62,1760,1,1,"London : printed for A. Millar, against St. Clement's Church, in the Strand, M.DCC.LX. [1760].",London,226,male,1705,1765,False
1267700203_000022,"The historical, biographical, literary, and scientific magazine. The history of Europe, for the year 1799. With an obituary and biographical sketches of persons deceased in that year, &c. &c. By Robert Bisset, LL.D. With the assistance of other literary gentlemen. ...",Robert Bisset,45,1800,3,3,"London : printed and published by G. Cawthorn , British Library, NO. 132, Strand, Bookseller To Her Royal Highness The Princess Of Wales : sold also by Messrs. Richardson , Royal-Exchange ; H. D. Symonds, J. Wallis, West and Hughes , Paternoster-Row ; J. Wright , Piccadilly ; P. Hill, Edinburgh; and all the booksellers in town and country, [1800?].",London,604,male,1759,1805,False
0910100500_000065,"The whole works of the Right Honourable Duncan Forbes, Late Lord President Of The Court Of Session. Containing, I. Thoughts on religion, Natural and Revealed. II. Reflections on the Sources of Incredulity with regard to Religion. III. A letter to a bishop, concerning some important Discoveries in Philosophy and Theology. To which is affixed, a short account of the author.","Duncan Forbes, Lord Culloden",72,1788,1,1,"Glasgow : printed by David Niven, for A. M'goun, Bookseller and Stationer, MDCCLXXXVIII. [1788].",Glasgow,312,male,1685,1747,False
0299001002_000034,"Cato and Lælius: or, essays on old-age and friendship: by Marcus Tullius Cicero. With remarks, by William Melmoth, Esq. A new edition. In two volumes. ...",Cicero,48,1785,2,2,"London : printed for J. Dodsley, in Pall-Mall, M.DCC.LXXXV. [1785].",London,347,male,,,False
0298700301_000050,"An ecclesiastical history, antient and modern, from the birth of Christ, to the beginning of the present century: In which The Rise, Progress, and Variations of Church Power are Considered In their Connexion with the State of Learning and Philosophy, and the Political History of Europe during that Period. By the late learned John Lawrence Mosheim, D.D. And Chancellor of the University of Gottingen. Translated from the original Latin, And accompanied with Notes and Chronological Tables, by Archibald Maclaine, D.D. In six volumes. To the whole is added an accurate index. ...",Johann Lorenz von Mosheim,61,1790,1,6,"London : printed for T. Cadell, In the Strand, MDCCXC. [1790].",London,456,male,1693,1755,False
0898700300_000045,"The elements of logick. In four books. Book I. Of the Original of our Ideas, their various Divisions, and the Manner in which they contribute to the Increase of Knowledge; with a Philosophical Account of the Rise, Progress, and Nature of human Language. Book II. Of the Grounds of human Judgment, the Doctrine of Propositions, their Use in Reasoning, and Division into self-evident and demonstrable. Book III. Of Reasoning and Demonstration, with their Application to the Investigation of Knowledge, and the common Affairs of Life. Book IV. Of the Methods of Invention and Science, where the several Degrees of Evidence are examined, the Notion of Certainty is fixed and stated, and the Parts of Knowledge in which it may be attained, demonstrated at large. Design'd particularly for young Gentlemen at the University, and to prepare the Way to the Study of Philosophy and the Mathematicks. By William Duncan, Professor of Philosophy in the Marishal College of Aberdeen.","Duncan, William",50,1764,1,1,"London : printed for R. and J. Dodsley in Pall-Mall, 1764.",London,374,male,1717,1760,False
0214700400_000082,"An historical disquisition concerning the knowledge which the ancients had of India; and the progress of trade with that country prior to the discovery of the passage to it by the Cape of Good Hope. With an appendix, containing observations on the Civil Policy-The Laws and Judicial Proceedings-The Arts-The Sciences-And Religious Institutions, of the Indians. By William Robertson, D. D. F. R. S. Ed. Principal of the University, and Historiographer to his Majesty for Scotland.",William Robertson,49,1791,1,1,"London : printed for A. Strahan, and T. Cadell in the Strand; and E. Balfour at Edinburgh, MDCCXCI. [1791].",London,386,male,1721,1793,True
0035100601_000006,An appeal to common sense in behalf of religion.,"Oswald, James           1793",59,1766,1,2,"Edinburgh : printed for A. Kincaid and J. Bell, MDCCLXVI. [1766].",Edinburgh,402,unknown,,,False
0403300101_000004,"Dialogues concerning natural religion. By David Hume, Esq. To which is added, Divine benevolence asserted; and vindicated from the objections of ancient and modern sceptics. By Thomas Balguy, D. D. Archdeacon Of Winchester.",Thomas Balguy,55,1782,1,1,"Dublin : printed by John Exshaw, in Grafton-Street, near Suffolk-Street, M.DCC.LXXXII. [1782].",Dublin,297,male,1716,1795,False
0587401100_000025,An essay on the original genius of Homer.,Robert Wood,46,1769,1,1,"London : [s.n.], MDCCLXIX. [1769].",London,72,male,1717,1771,False
0804900301_000015,"Lectures on natural and experimental philosophy, considered in its present state of improvement. Describing in a Familiar and Easy Manner The Principal Phenomena of Nature; and Shewing that they all Co-Operate in Displaying the Goodness, Wisdom, and Power of God. By the Late George Adams, Mathematical Instrument Maker to his Majesty, &c. In five volumes, the fifth volume consisting of the plates and index. The second edition, with considerable corrections and additions, by William Jones, Mathematical Instrument Maker. ...",George Adams,65,1799,1,5,"London : printed by J. Dillon, and Co. for, and sold by, W. and S. Jones, opticians, Holborn, [1799].",London,621,male,1750,1795,False
0672700200_000008,"The knowledge of divine things from revelation, not from reason or nature. Wherein The Origin and Obligation of Religious Truths are demonstrated: Arguments of Deists, Moralists, &c. proved to have no Foundation in Nature or Reason. The Inlets of Knowledge, The Law of Nature, The several Texts of Scripture relating to this Subject, The Works of Creation, The Eternal Fitness and Reason of Things, The Demonstrations of a Supreme Being, &c. are fully considered and explained. The second edition. With some additional considerations upon Mr. Locke's essay on the human understanding; wherein is demonstrated from his own Principles, That the Knowledge of God is not attainable by Ideas of Reflexion. By John Ellis, D. D. Sometime of Brazen-Nose College, Oxford; now Vicar of St. James's, and Chaplain to the Royal-Hospital in Dublin.","Ellis, John",61,1747,1,1,"London : printed by J. Watts: and sold by B. Dod at the Bible and Key in Ave-Mary-Lane near Stationers-Hall, J. Fletcher at Oxford, and T. Merrill at Cambridge. MDCCXLVII. To the Binder. The Considerations to be inserted before the 3d Chapter, [1747].",London,520,unknown,1688,,False
0225300600_000053,"The evidences of the Christian religion, by the Right Honourable Joseph Addison, Esq; to which are added, several discourses against atheism and infidelity, and in Defence of the Christian Revelation, occasionally published by Him and Others: And now collected into one Body, and digested under their proper Heads. With a preface, containing the sentiments of Mr. Boyle, Mr. Lock, and Sir Isaac Newton, concerning the Gospel-Revelation.",Joseph Addison,46,1753,1,1,"London : printed for J. and R. Tonson and S. Draper in the Strand, MDCCLIII. [1753].",London,360,male,1672,1719,True
0225900603_000006,"Lectures on rhetoric and belles lettres. By Hugh Blair, ... In three volumes. ...",Hugh Blair,55,1788,3,3,"Basil : printed by J. J. Tourneisen, 1788.",Basel,408,male,1718,1800,True
0516900405_000054,"Spectacle de la nature: or, nature display'd. Being discourses on such particulars of natural history as were thought most proper to to [sic] excite the curiosity and form the minds of youth. Illustrated with copper plates. ... Translated from the original French.",Noël-Antoine Pluche,49,1763,5,5,"London : printed for R. Francklin, C. Hitch, J. Rivington, L. Davis and C. Reymers, J. Buckland, H. Woodfall, S. Crowder and Co. and T. Longman, M DCC LXIII. [1763].",London,355,male,1688,1761,False
0287100901_000015,Studies of nature. Translated from the French of James-Henry-Bernardin de Saint Pierre. In three volumes. ...,Jacques-Henri Bernardin de Saint-Pierre,55,1798,1,3,"London : printed for Lee and Hurst, 32, Paternoster-Row; Richardsons, Royal Exchange, and Wright, Piccadilly, 1798.",London,482,male,1737,1814,False
0533401700_000007,"Remarks on a publication, entitled, ""A serious admonition to the disciples of Thomas Paine, and all other infidels"". By Abraham Binns.","Binns, Abraham",48,1796,1,1,"Stockport : printed for the author, by J. Clarke, 1796.",Stockport,31,unknown,,,False
0645500700_000005,The travels of Cyrus. To which is annexed A discourse on the theology and mythology of the pagans. By M. Ramsay.,Andrew Michael Ramsay,69,1795,1,1,"London : printed for T. Longman; B. Law; J. Johnson; C. Dilly; F. and C. Rivington; W. Lowndes; and Vernor and Hood, 1795.",London,434,male,1686,1743,True
0212400501_000507,"Elegant extracts: or, useful and entertaining passages in prose, selected for the improvement of young persons: being similar in design to Elegant extracts in poetry.",,51,1794,1,2,"London : printed for C. Dilly, T. Longman B. Law & Son, J. Johnson, G. G. & J. Robinson, T. Cadell, & the rest of the proprietors, 1794.",London,646,unknown,,,False
0461600100_000034,"A new and universal dictionary of arts and sciences: ... With an introductory preface, ... And illustrated with a great number of copper-plates, engraven by the best hands.",John Barrow,56,1751,1,1,"London : printed for the proprietors, and sold by John Hinton, 1751.",London,576,male,,,False
0130000100_000003,"The preceptor, or counsellor of human life; for the use of the British youth. Containing Select Pieces in Natural and Moral Philosophy, History, and Eloquence; the Lives of Sir Isaac Newton, Rollin, Demosthenes, and Milton: Also Short Sketches of the Birth and Death of some of the most illustrious Men in all Ages. The Whole Designed to be a most entertaining and instructive Book for the Apprentices of the City of London, to assist them in recollecting and retaining the most important Parts of a good Education; With a dedication to Sir Stephen Theodore Janssen, Bart. the late worthy Chamberlain of London; and a preface addressed to the youth of the city of London. Compiled by John Ryland, A. M. of Northampton.",John Collett Ryland,61,1776,1,1,"London : sold by Messrs. Dilly, in the Poultry; London and by Mr. Etherington, in York, M.DCC.LXXVI. [1776].",London,443,male,1723,1792,False
0431400300_000079,"The dignity of human nature. Or, a brief account of the certain and established means for attaining the true end of our existence. In four books. I. Of prudence. II. Of knowledge. III. Of virtue. IV. Of revealed religion. By J.B. Master of an academy at Newington-Green, Middlesex.",James Burgh,62,1754,1,1,"London : printed by W. B. and sold by J. and P. Knapton, in Ludgate-Street; J. Ward, in Cornhill; J. Whiston and B. White, in Fleet-Street; A. Millar, in the Strand; and R. and J. Dodsley, in Pall-Mall, MDCCLIV. MDCCLIV. [1754].",London,446,male,1714,1775,False
1204600300_000026,"Sermons by the late Henry Usher, D.D. S.F. of Trin. Col. Dublin. Andrews Professor of Astronomy, and M.R.I.A.","Ussher, Henry           1790",52,1791,1,1,"Bath : printed by W. Gye, 1791.",Bath,264,unknown,,,False
1089900201_000052,"The grecian history. From the original of Greece, to the death of Philip of Macedon. By Temple Stanyan, Esq.; In two volumes . ... . From the Original of Greece, to the End of the Peloponnesian War. Containing the Space of about 1684 Years.",Temple Stanyan,46,1781,1,2,"London : printed for J. Buckland, W. Strahan, J.F. and C. Rivington, T. Caslon, T. Longman, B. Law, J. Wilkie, C. Dilly, T. Cadell, R. Baldwin, W. Flexney, and S. Hayes. MDCCLXXXI. [1781].",London,484,male,1677,1752,False
0733901101_000057,The works of Sir William Jones. In six volumes. ...,William Jones,45,1799,1,6,"London : printed for G. G. and J. Robinson, Pater-Noster-Row; and R. H. Evans (successor to Mr. Edwards), No. 26, Pall-Mall, MDCCXCIX. [1799].",London,603,male,1746,1794,False
0508700102_000144,"Elements of the philosophy of the human mind. By Dugald Stewart, ...",Dugald Stewart,46,1814,2,3,"London : printed for A. Strahan, and T. Cadell; and W. Creech, Edinburgh, 1792-1827.",London,564,male,1753,1828,False
0530201000_000042,"The ruins, or a survey of the revolutions of empires: by M. Volney, one of the deputies to the national Assembly of 1789; and author of travels into Syria and Egypt. Translated from the French.",Constantin-François Chassebœuf,63,1795,1,1,"London : printed by A. Seale, and sold by all political booksellers, [1795?].",London,413,male,1757,1820,True
0198300300_000001,"A treatise on sol-lunar influence in fevers, &c. By Francis Balfour.","Balfour, Francis",48,1795,1,1,"London : printed for H. Murray, No. 32, Fleet Street, 1795.",London,325,unknown,,,False
0234800201_000015,"The christian philosopher; or, a divine essay on the principles of man's universal redemption, in Two Volumes. ... . Book I. Containing, The Cosmogony of Moses, or a Divine Essay on the Principles, and Causes, employed by Almighty God in the Creation of the World, and Formation of our Earth; demonstrating all along the Necessity of a divine Hand, both to adjust the Principles, actuate the Causes, and accelerate the Motions, that gave Being, Order, and Harmony to the six Days Work. To which are added, Remarks upon divers modern Philosophers, who, from their own unreasonable Notions, have laboured to undermine the Mosaick Plan of Creation. By Nicholas Robinson, M. D. A Member of the Royal College of Physicians, and Physician to Christ's-Hospital, London.",Nicholas Robinson,69,1757,1,2,"London : [s.n.], Printed in the Year 1757-58.",London,406,male,1697,1775,False
1092700101_000079,"The philosophical works of the late Right Honorable Henry St. John, Lord Viscount Bolingbroke. In five volumes. Published by David Mallet, Esq; ...","Henry St John, 1st Viscount Bolingbroke",60,1754,1,5,"London : [s.n.], Printed in the Year MDCCLIV. [1754].",London,359,male,1678,1751,True
1092700102_000057,"The philosophical works of the late Right Honorable Henry St. John, Lord Viscount Bolingbroke. In five volumes. Published by David Mallet, Esq; ...","Henry St John, 1st Viscount Bolingbroke",58,1754,2,5,"London : [s.n.], Printed in the Year MDCCLIV. [1754].",London,411,male,1678,1751,True
0505600104_000176,"A philosophical and political history of the settlements and trade of the Europeans in the East and West Indies. Translated from the French of the Abbé Raynal, by J. Justamond, M.A. ...",Guillaume Thomas François Raynal,66,1779,4,4,"Dublin : printed for John Exshaw, No. 86, and William Halhead, No. 63, Dame-Street, M,DCC,LXXIX. [1779].",Dublin,654,male,1713,1796,True
1092700104_000084,"The philosophical works of the late Right Honorable Henry St. John, Lord Viscount Bolingbroke. In five volumes. Published by David Mallet, Esq; ...","Henry St John, 1st Viscount Bolingbroke",72,1754,4,5,"London : [s.n.], Printed in the Year MDCCLIV. [1754].",London,400,male,1678,1751,True
0322701500_000026,Intimations and evidences of a future state. By the Rev. T. Watson.,"Watson, Thomas, Presbyterian Minister at Whitby",46,1792,1,1,"London : printed for J. Murray, No 32, Fleet-Street, M.DCC.XCII. [1792].",London,235,unknown,,,False
1169501300_000003,"An essay on the usefulness and necessity of theological learning, to those who are designed for Holy Orders, by Herbert Marsh, B. D. Fellow of St. John's College, Cambridge.",Herbert Marsh,48,1792,1,1,"Cambridge : printed by J. Archdeacon Printer to the University; for J. & J. Merrill, in Cambridge; and R. Marsh, No. 49, Fleetstreet, London, MDCCXCII. [1792].",Cambridge,15,male,1757,1839,False
0635100200_000063,"The lives of the first twelve Cæsars, translated from the Latin of C. Suetonius Tranquillus: with annotations, and a review of The government and literature of the different periods. By Alexander Thomson, M.D.",Suetonius,46,1796,1,1,"London : printed for G.G. and J. Robinson, Paternoster-Row, M.DCC.XCVI. [1796].",London,629,male,69,122,False
0211200403_000003,"The philosophical dictionary: or, the opinions of modern philosophers on metaphysical, moral, and political subjects. In Four Volumes. ...","Swediauer, F. (Franz)",48,1786,3,4,"London : printed for G. G. J. and J. Robinson; and for C. Elliot, Edinburgh, M,DCC,LXXXVI. [1786].",London,356,male,1748,1824,False
0644201600_000036,"Sermons on several subjects. By the Right Reverend Beilby Porteus, D. D. Bishop of London.",Beilby Porteus,36,1794,1,1,"London : printed for T. Cadell, in the Strand, and T. Payne, at the Mews Gate, M.DCC.XCIV. [1794].",London,433,male,1731,1809,False
0243500206_000056,"The works of Samuel Johnson, LL.D. Together with his life, and notes on his Lives of the poets, by Sir John Hawkins, Knt. In eleven volumes. ...",Samuel Johnson,44,1787,6,11,"London : printed for J. Buckland, J. Rivington and Sons, T. Payne and Sons, L. Davis, B. White and Son [and 36 others in London], 1787.",London,448,male,1709,1784,True
0669100600_000008,"Eight sermons preached before the University of Oxford, in the year 1799, at the lecture founded by the Rev. John Bampton, M. A. Late Canon of Salisbury. By William Barrow, of Queen's College, LL. D. and F. S. A.","Barrow, William",45,1799,1,1,"London : printed for F. and C. Rivington, No 62, St. Paul's Church-Yard. Sold also by J. Hatchard, Piccadilly; and by J. Cooke, and Hanwell and Parker, Oxford, 1799.",London,435,male,1754,1836,False
1236202000_000043,"Siris: a chain of philosophical reflexions and inquiries concerning the virtues of tar water, and divers other subjects connected together and arising one from another. By G. L. B. O. C.",George Berkeley,61,1744,1,1,"[London] : Dublin printed, London re-printed, for W. Innys, and C. Hitch, in Pater-Noster-Row; and C. Davis in Holbourn, MDCCXLIV. [1744].",London,175,male,1685,1753,True
1742600116_000071,"Encyclopædia Britannica; or, a dictionary of arts, sciences, and miscellaneous literature; ... The third edition, in eighteen volumes, greatly improved. Illustrated with five hundred and forty-two copperplates. ...",,52,1797,16,20,"Edinburgh : printed for A. Bell and C. Macfarquhar, 1797.",Edinburgh,802,unknown,,,False
0050700204_000054,"Essays and treatises on several subjects. In four volumes. By David Hume, Esq; ... . Containing Essays, Moral, Political, and Literary.",David Hume,57,1770,4,4,"London : printed for T. Cadell (successor to Mr. Millar) in the Strand; and A. Kincaid and A. Donaldson, at Edinburgh, MDCCLXX. [1770].",London,372,male,1711,1776,True
0991400104_000038,"The works of the late Right Honorable Henry St. John, Lord Viscount Bolingbroke. In five volumes, complete. Published by David Mallet, ...","Henry St John, 1st Viscount Bolingbroke",56,1754,4,5,"London : printed in the year, 1754.",London,634,male,1678,1751,True
0257100701_000065,An essay on the true principles of executive power in great states. Translated from the French of M. Necker. ...,Jacques Necker,41,1792,1,2,"London : printed for G. G. J. and J. Robinson, Paternoster-Row, MDCCXCII. [1792].",London,416,male,1732,1804,False
1215900108_000094,"A philosophical and political history of the settlements and trade of the Europeans in the East and West Indies. Revised, augmented, and published, in ten volumes, by the abbé Raynal. Newly translated from the French, by J. O. Justamond, F.R.S. With a new set of maps Adapted To The Work, an a copious index. In eight volumes. ...",Guillaume Thomas François Raynal,65,1788,8,8,"London : printed for A. Strahan; and T. Cadell, In The Strand, MDCCLXXXVIII. [1788].",London,474,male,1713,1796,True
1119000203_000097,"The method of teaching and studying the belles lettres, or, an introduction to languages, poetry, rhetoric, history, moral philosophy, physics, &c. With Reflections on Taste, and Instructions with regard to the Eloquence of the Pulpit, the Bar, and the Stage. The whole illustrated with Passages from the most famous Poets and Orators, ancient and modern, with critical Remarks on them. Designed more particularly for Students in the Universities. By Mr. Rollin, Late Principal of the University of Paris, Professor of Eloquence in the Royal College, and Member of the Royal Academy of Inscriptions and Belles Lettres. Translated from the French. ...",Charles Rollin,52,1769,3,3,"London : printed for W. Strahan, J. and F. Rivington, R. Baldwin, L. Hawes and W. Clarke and R. Collins, R. Horsfield, W. Johnston, W. Owen, T. Caslon, S. Crowder, B. Law, Z. Stuart, Robinson and Roberts, and Newbery and Carnan, M.DCC.LXIX. [1769].",London,470,male,1661,1741,True
0850500402_000154,"A view of the principal deistical writers that have appeared in England in the last and present century; with observations upon them, and some account of the answers that have been published against them. In several letters to a friend. ... . The fifth edition. By John Leland, D.D.",John Leland,48,1766,2,2,"London : printed by W. Richardson and S. Clark, for R. and J. Dodsley in Pall-Mall, and T. Longman in Pater-Noster-Row, MDCCLXVI. [1766].",London,463,male,1691,1766,False
0445400102_000202,"The history of philosophy, from the earliest times to the beginning of the present century; drawn up from Brucker's Historia critica philosophiæ. By William Enfield, LL. D. In two volumes. ...",Johann Jakob Brucker,44,1791,2,2,"London : printed for J. Johnson, St. Paul's Church Yard, M,DCC,XCI. [1791].",London,629,male,1696,1770,False
0260200600_000001,"The plan of the French Encyclopædia, or Universal dictionary of arts, sciences, trades and manufactures. Being an account of the origin, design, conduct, and execution of that work. Translated from the preface of the French editors, Mess. Diderot and Alembert.",Denis Diderot,54,1752,1,1,"London : printed for W. Innys, T. Longman, C. Hitch and L. Hawes, J. and P. Knapton, S. Birt, J. Ward, J. Hodges, R. Hett, J. and J. Rivington, T. Osborne, J. Shuckburgh, M. Senex, D. Browne, and A. Millar, MDCCLII. [1752].",London,181,male,1713,1784,True
1130200106_000020,The works of J. J. Rousseau. Translated from the French. In ten volumes. Volume the First.,Jean-Jacques Rousseau,48,1774,6,10,"Edinburgh : printed for Alex. Donaldson. Sold at his shop, No 48. St Paul's church-yard, London; and at Edinburgh, M.DCC.LXXIV. [1774].",Edinburgh,325,male,1712,1778,True
0252000301_000057,"Essays on the intellectual and active powers of man. By Thomas Reid, ... In three volumes. ...",Thomas Reid,48,1790,1,3,"Dublin : printed for P. Byrne, and J. Milliken, 1790.",Dublin,439,male,1710,1796,True
0928400102_000177,"An ecclesiastical history, antient and modern, from the birth of Christ, to the beginning of the present century: in which The Rise, Progress, and Variations of Church Power are considered In their Connexion with the State of Learning and Philosophy, and the Political History of Europe during that Period. By the late learned John Lawrence Mosheim, D. D. And Chancellor of the University of Gottingen. Translated from the original Latin, And accompanied with Notes and Chronological Tables, by Archibald Maclaine, D.D. In five volumes. To the whole is added an accurate index. A new edition. ...",Johann Lorenz von Mosheim,47,1774,2,5,"London : printed for T. Cadell, in the Strand, MDCCLXXIV. [1774].",London,459,male,1693,1755,False
1148600700_000004,"An argument for natural and revealed religion: in which the principles of freethinkers are examined. By the Rev. James Williamson, M. A. Fellow of Hertford College.","Williamson, James           1742 or 3",56,1776,1,1,"Oxford : printed for Daniel Prince; and sold by Messrs Rivington, St. Paul's Church-Yard, London, MDCCLXXVI. [1776].",Oxford,30,unknown,,,False
1454101500_000176,"A critical dissertation on the book of Job. Wherein the account given of that book by the author of the divine legation of Moses demonstrated, &c. is particularly considered; the antiquity of the book vindicated; the great text (Chap. xix. 25-) explained; and a future state shewn to have been the popular belief of the ancient Jews or Hebrews. By Charles Peters, A.M. rector of St. Mabyn, Cornwall.",Charles Peters,40,1751,1,1,"London : Printed by E. Owen; and sold by S. Birt and B. Dod in Ave-Mary-Lane; C. Bathurst by St. Dunstan's Church in Fleet-street, London; J. Fletcher in Oxford; W. Thurlbourn in Cambridge; and E. Score, Junior, in Exeter, MDCCLI. [1751].",London,468,male,1690,1774,False
0860900500_000053,"A letter to Sir William Windham. II. Some reflections on the present state of the nation. III. A letter to Mr. Pope. By the late Right Honorable Henry St. John, Lord Viscount Bolingbroke.","Henry St John, 1st Viscount Bolingbroke",69,1753,1,1,"London : printed for A. Millar, MDCCLIII. [1753].",London,531,male,1678,1751,True
0293801800_000007,"Observations on Soame Jenyns's View of the internal evidence of the Christian religion; addressed to its Almost-Christian author. By W. Kenrick, LL.D.",William Kenrick,53,1776,1,1,"London : printed for the author; and sold by T. Evans, Pater-Noster Row, and G. Corrall, Catherine-Street, Strand, MDCCLXXVI. [1776].",London,238,male,1725,1779,False
0781300301_000009,"An ecclesiastical history, antient and modern, from the birth of Christ, to the beginning of the present century: ... By the late learned John Lawrence Mosheim, ... Translated from the original Latin, ... by Archibald Maclaine, D.D. In six volumes. ... A new edition. ...",Johann Lorenz von Mosheim,56,1782,1,6,"London : printed for T. Cadell, 1782.",London,460,male,1693,1755,False
0382500301_000004,"Principles of moral and political science; being chiefly a retrospect of lectures delivered in the college of Edinburgh. By Adam Ferguson, L. L. D. & F. R. S. E. Late Professor of Moral Philosophy. In two volumes. ...",Adam Ferguson,60,1792,1,2,"Edinburgh : printed for A. Strahan and T. Cadell, London; and W. Creech, Edinburgh, MDCCXCII. [1792].",Edinburgh,349,male,1723,1816,True
0508700102_000073,"Elements of the philosophy of the human mind. By Dugald Stewart, ...",Dugald Stewart,44,1814,2,3,"London : printed for A. Strahan, and T. Cadell; and W. Creech, Edinburgh, 1792-1827.",London,564,male,1753,1828,False
0371501401_000005,"A new ecclesiastical history of the seventeenth century: containing an account of the controversies in religion; the Lives and Writings of Ecclesiastical Authors, an Abridgment of their Works, And a Judgment on their Style and Doctrine: also A Compendious History of All Affairs Transacted in the Church. Volume the first. Written in French by Lewis Ellies Dupin, Doctor of the Sorbon, And Regius Professor of Philosophy. Translated, and illustrated with additional annotations, by Digby Cotes, M. A. Principal of Magdalen-Hall, And Publick Orator of the University of Oxford.",Louis Ellies Dupin,59,1725,1,1,"Oxford : printed by L. Lichfield, for T. Combes, at the Bible and Dove in Pater-Noster-Row, London; and A. Peisley, Bookseller in Oxford, 1725.",Oxford,509,male,1657,1719,False
0091500108_000349,"General biography; or lives, critical and historical, of the most eminent persons of all ages, countries, conditions, and professions, arranged according to alphabetical order. Chiefly composed by John Aikin, M.D. and the late Rev. William Enfield, LL.D. Volume the First.",John Aikin,53,1799,8,10,"London : printed for G. G. and J. Robinson, Pater-Noster-Row; G. Kearsley, Fleet-Street; R. H. Evans (successor to Mr. Edwards), Pall-Mall; and J. Wright, Opposite Bond-Street, Piccadilly. - Also at Edinburgh for Bell and Bradfute, 1799-[1815].",London,722,male,1747,1822,False
0294801000_000045,Moral and historical memoirs.,"Temple, William Johnston",47,1779,1,1,"London : printed for Edward and Charles Dilly In The Poultry, MDCCLXXIX. [1779].",London,419,male,1739,1796,False
0036900800_000054,Essays on rhetoric: abridged chiefly from Dr. Blair's lectures on that science.,Hugh Blair,39,1785,1,1,"London : printed for J. Murray, NO 32, Fleet-Street, MDCCLXXXV. [1785].",London,548,male,1718,1800,True
0631100101_000029,"An essay on pvblic happiness, investigating the state of hvman nature, under each of its particular appearances through the several periods of history, to the present times. ...","Chastellux, François Jean, marquis de",54,1774,1,2,"London : printed for T. Cadell, in the Strand, M.DCC.LXXIV. [1774].",London,488,male,1734,1788,False
0840800401_000068,"Discourses concerning the being and natural perfections of God, in which that first principle of religion, the existence of the deity, is prov'd, From the Frame of the Material World, from the Animal and Rational Life, and from Human Intelligence and Morality. And the Divine Attributes of Spirituality, Unity, Eternity, Immensity, Omnipotence, Omniscience, and Infinite Wisdom, are explain'd. ... . By John Abernethy, M.A.",John Abernethy,57,1743,1,2,"[London] : Dublin, printed: London, re-printed for H. Whitridge, at the Royal Exchange, M.DCC.XLIII. [1743].",London,381,male,1680,1740,False
0698701500_000002,An apologetical view of the moral and religious sentiments of the late Right Honourable Lord Viscount Bolinbroke. Taken from His Letters on the Study and Use of History.,Caleb Fleming,45,1752,1,1,"London : printed for J. Noon, at the White-Hart, near the Poultry, Cheapside ; and R. Baldwin, at the Rose, in Paternoster-Row, [1752?].",London,31,male,1698,1779,False
1187200300_000023,"Sermons on several subjects. By the right reverend Beilby Porteus, D. D. Bishop of Chester.",Beilby Porteus,47,1783,1,1,"London : printed for T. Payne and Son, at the Mews Gate, and T. Cadell, in the Strand, MDCCLXXXIII. [1783].",London,432,male,1731,1809,False
1018100300_000010,"An essay on the pleasures and advantages of female literature. By Wetenhall Wilkes. To this are subjoin'd, a Prosaic essay on Poetry, taken from the Criticisms of several eminent Authors; The Chace, a poem, and three Poetic Landscapes.","Wilkes, Wetenhall",53,1741,1,1,"London : printed for the author, and sold by T. Cooper, in Pater-Noster-Row, and R. Caswell, in Tothill street, near the Abbey, Westminster, [1741].",London,77,male,,,False
0177300203_000024,"Sermons on important subjects. By David Lamont, D. D. Minister of Kirkpatrick, Durham; and one of the Chaplains to his Royal Highness the prince of Wales for Scotland. Volume the third.",David Lamont,46,1797,3,3,"London : printed for T. Cadell junior and W. Davies, in the Strand, 1797.",London,533,male,1752,1837,False
0091500108_000204,"General biography; or lives, critical and historical, of the most eminent persons of all ages, countries, conditions, and professions, arranged according to alphabetical order. Chiefly composed by John Aikin, M.D. and the late Rev. William Enfield, LL.D. Volume the First.",John Aikin,45,1799,8,10,"London : printed for G. G. and J. Robinson, Pater-Noster-Row; G. Kearsley, Fleet-Street; R. H. Evans (successor to Mr. Edwards), Pall-Mall; and J. Wright, Opposite Bond-Street, Piccadilly. - Also at Edinburgh for Bell and Bradfute, 1799-[1815].",London,722,male,1747,1822,False
1196300102_000030,"The elements of universal erudition. Containing an analytical abridgment of the sciences, polite arts, and belles lettres. By Baron Bielfeld, Secretary of Lecation to the King of Prussia. Preceptor to Prince Ferdinand, and Chancellor of all the Universities in the Dominions of his Prussian Majesty, Author of the Political Institutes, &c. Translated from the last edition printed at Berlin. By W. Hooper, M.D. In three volumes. ...","Bielfeld, Jacob Friedrich, Freiherr von",48,1771,2,3,"Dublin : printed for H. Saunders, J. Potts, D. Chamberlaine, W. Sleater, J. Hoey, jun. J. Williams, R. Moncrieffe, J. Porter, and T. Walker, MDCCLXXI. [1771].",Dublin,298,male,1717,1770,False
0032000400_000006,"Dialogues concerning natural religion. By David Hume, Esq.",David Hume,52,1779,1,1,"London : [s.n.], M.DCC.LXXIX. [1779].",London,259,male,1711,1776,True
0654800101_000048,"An ecclesiastical history, antient and modern, from the birth of Christ, to the beginning of the present century: ... By the late learned John Lawrence Mosheim, ... Translated from the original, ... by Archibald Maclaine, ... In two volumes. ...",Johann Lorenz von Mosheim,47,1765,1,2,"London : printed for A. Millar, 1765.",London,843,male,1693,1755,False
0101700100_000012,"Remarks on the proceedings of the society, who style themselves ""the Friends of the People"": and observations on the principles of government, as applicable to the British constitution. In two letters to a friend.",,61,1792,1,1,"London : printed for John Stockdale, Piccadilly, [1792].",London,93,unknown,,,False
0686200101_000077,"Discourses on all the principal branches of natural religion and social virtue. By James Foster, D. D. ...",James Foster,52,1749,1,2,"London : printed for the author: and sold by Mr. Noon in Cheapside ; Messieurs J. and P. Knapton in Ludgate-Street ; Mr. Millar in the Strand ; Mr. Whitridge near the Royal Exchange ; and Mr. Dodsley in Pall-Mall : and by Mr. Kincaid and Messieurs Hamilton and Balfour in Edinburgh; Mr. Barry and Messieurs Fowlis in Glasgow; Mr. Smith in Dublin; and other booksellers in Great Britain and Ireland, 1749-52.",London,400,male,1697,1753,False
0300000600_000038,"An essay on taste. To which is now added part fourth, of the standard of taste; with observations concerning the imitative nature of poetry. By Alexander Gerard, D. D. Professor of Divinity in King's College, Aberdeen.",Alexander Gerard,50,1780,1,1,"Edinburgh : printed for J. Bell, and W. Creech; and T. Cadell, London, M,DCC,LXXX. [1780].",Edinburgh,291,male,1728,1795,True
0337000700_000060,Of the importance of religious opinions. Translated from the French of Mr. Necker.,Jacques Necker,58,1791,1,1,"Philadelphia : From the press of Carey, Stewart & Co, MDCCXCI. [1791].",Philadelphia,281,male,1732,1804,False
1130200107_000043,The works of J. J. Rousseau. Translated from the French. In ten volumes. Volume the First.,Jean-Jacques Rousseau,63,1774,7,10,"Edinburgh : printed for Alex. Donaldson. Sold at his shop, No 48. St Paul's church-yard, London; and at Edinburgh, M.DCC.LXXIV. [1774].",Edinburgh,353,male,1712,1778,True
0336200200_000080,Of the importance of religious opinions. Translated from the French of Mr. Necker.,Jacques Necker,46,1789,1,1,"Dublin : printed by M. Mills, NO. 36, Dorset-Street, for Messrs. White, Byrne, Wogan, and Jones, MDCCLXXXIX. [1789].",Dublin,311,male,1732,1804,False
1092500200_000002,"An attempt to prove the existence and absolute perfection of the supreme unoriginated being, in a demonstrative manner. By Hugh Hamilton, D. D. F. R. S. Dean of Armagh.",Hugh Hamilton,57,1784,1,1,"Dublin : printed by John Exshaw, Grafton-Street, MDCCLXXXIV. [1784].",Dublin,202,male,1729,1805,False
0190701200_000001,"A demonstration of the necessity of a legislative union of Great Britain and Ireland, involving a refutation of every argument which has been or can be urged against that measure. By a philosopher.",Robert Holmes,50,1799,1,1,"Dublin : printed and sold by the book-sellers, 1799.",Dublin,39,male,1765,1859,False
1447900200_000006,"The adventures of Telemachus, the son of Ulysses. By the Archbishop of Cambray. Translated from the French.",François Fénelon,53,1787,1,1,"London : Printed for C. Nourse, J.F. and C. Rivington, T. Longman, B. Law, J. Johnson, W. Lowndes, Scatcherd and Whitaker, W. Goldsmith, and E. Newberry, MDCCLXXXVII. [1787].",London,403,male,1651,1715,True
0252400700_000049,"On the importance of religious opinions. From the French of Mons. Necker. A new translation, to which is prefixed a short account of the author.",Jacques Necker,57,1789,1,1,"Edinburgh : printed for W. Gordon and J. Dickson, M,DCC,LXXXIX. [1789].",Edinburgh,384,male,1732,1804,False
0147701100_000004,"Remarks on the new philosophy of Des-Cartes. In four parts. I. Of the principles of humane knowledge. II. Of the principles of material things. III. Of the principles, as they relate to the visible world. IV. Of the principles of the earth. By E. H. gent.","Howard, Edward",41,1701,1,1,"London : printed for T. Ballard, at the Rising-Sun in Little-Brittain, 1701.",London,400,unknown,,,False
0037400402_000144,"The philosophical works of the Honourable Robert Boyle Esq; abridged, methodized, and disposed under the general heads of physics, statics, pneumatics, Natural History, Chymistry, and Medicine. The whole illustrated with Notes, containing the Improvements made in the several Parts of natural and experimental Knowledge since his time. In Three Volumes. By Peter Shaw, M.D.",Robert Boyle,47,1725,2,3,"London : printed for W. and J. Innys, at the West-End of St. Paul's; and J. Osborn, and T. Longman, in Pater-Noster-Row, M.DCC.XXV. [1725].",London,761,male,1627,1691,False
0386401700_000001,"An essay on republican principles, and on the inconveniencies of a commonwealth in a large country and nation; illustrated by examples from ancient and modern history; and concluding with some reflections on the present situation of Great Britain. By John Andrews, L.L.D.","Andrews, John",40,1783,1,1,"London : printed for Richardson and Urquhart, at the Royal Exchange, M.DCC.LXXXIII. [1783].",London,98,male,1729,1813,False
0434800300_000002,"A dissertation on miracles; designed to shew that they are arguments of a divine interposition, and absolute proofs of the mission and doctrine of a prophet. A new edition, corrected. By Hugh Farmer.",Hugh Farmer,59,1798,1,1,"Edinburgh : printed for J. Dickson, J. Fairbairn, and J. Ogle, 1798.",Edinburgh,400,male,1714,1787,False
1071200600_000008,"The life and character of Jesus Christ delineated. By Edward Harwood, D.D.",Edward Harwood,51,1772,1,1,"London : printed for T. Becket and P.A. De Hondt, in the Strand, MDCCLXXII. [1772].",London,238,male,1729,1794,False
0934701400_000002,"A plea for the divinity of our Lord Jesus Christ. In a pastoral letter addressed to a congregation of protestant dissenters, at Cambridge.",Robert Robinson,64,1782,1,1,"London : printed for W. Lepard, Newgate-Street, and J. Buckland, Paternoster-Row, MDCCLXXXII. [1782].",London,110,male,1735,1790,False
0760000103_000270,"An ecclesiastical history, antient and modern, from the birth of Christ, ... By ... John Lawrence Mosheim, ... Translated from the original, and accompanied with notes and chronological tables, by Archibald Maclaine, ... In four volumes. ...",Johann Lorenz von Mosheim,53,1767,3,4,"Dublin : printed for Ann Leathley, 1767.",Dublin,704,male,1693,1755,False
0738801800_000003,"An inquiry into the human mind, on the principles of common sense. By Thomas Reid, D. D. Professor of Moral Philosophy in the University of Glasgow.",Thomas Reid,57,1785,1,1,"London : printed for T. Cadell in the Strand, London; and J. Bell and W. Creech, Edinburgh, M,DCC,LXXXV. [1785].",London,504,male,1710,1796,True
0657900302_000117,"Miscellaneous works of Edward Gibbon, Esquire. With memoirs of his life and writings, composed by himself: illustrated from his letters, with occasional notes and narrative, by John Lord Sheffield. in Three Volumes. ...",Edward Gibbon,47,1796,2,3,"Dublin : printed for P. Wogan, L. White, John Chambers, P. Byrne, John Millikin, James Moore, J. Rice, W. Jones, John Halpen, Peter Moore, H. Fitzpatrick, N. Kelly, and G. Folingsby, 1796.",Dublin,489,male,1737,1794,True
0493700101_000084,"The history of philosophy, from the earliest times to the beginning of the present century; drawn up from Brucker's Historia critica philosophiæ. By William Enfield, LL.D. In two volumes. ...",Johann Jakob Brucker,40,1792,1,2,"Dublin : printed for P. Wogan, P. Byrne, A. Grueber, W. M'Kenzie, J. Moore, J. Jones, R. M'allister, W. Jones, J. Rice, R. White, and G. Draper. M,DCC,XCII. [1792].",Dublin,591,male,1696,1770,False
0196900100_000002,"Various prospects of mankind, nature, and providence.","Wallace, Robert",64,1761,1,1,"London : printed for A. Millar, in the Strand, MDCCLXI. [1761].",London,395,male,1697,1771,False
1024100101_000021,"Julia: or, the new Eloisa. A series of original letters, collected and published by J. J. Rousseau. Translated from the French. In three volumes. ...",Jean-Jacques Rousseau,55,1773,1,3,"Edinburgh : printed for J. Bell, J. Dickson, and C. Elliot, M.DCC.LXXIII. [1773].",Edinburgh,353,male,1712,1778,True
0669100600_000006,"Eight sermons preached before the University of Oxford, in the year 1799, at the lecture founded by the Rev. John Bampton, M. A. Late Canon of Salisbury. By William Barrow, of Queen's College, LL. D. and F. S. A.","Barrow, William",54,1799,1,1,"London : printed for F. and C. Rivington, No 62, St. Paul's Church-Yard. Sold also by J. Hatchard, Piccadilly; and by J. Cooke, and Hanwell and Parker, Oxford, 1799.",London,435,male,1754,1836,False
0384400600_000004,"Elements of chemistry, in a new systematic order, containing all the modern discoveries. Illustrated by thirteen copperplates. By Mr. Lavoisier, Member of the Academies and Societies of Paris, London, Orleans, Bologna, Basil, Philadelphia, Haerlem, Manchester, &c. &c. Translated from the French by Robert Kerr, F. R. & A. SS. Edin. Member of the Royal College of Surgeons, and of the Royal Physical Society of Edinburgh.",Antoine Laurent Lavoisier,68,1799,1,1,"Edinburgh : printed for William Creech; and sold in London by G. G. & J. Robinson, and T. Kay, M,DCC,XCIX. [1799].",Edinburgh,604,male,1743,1794,False
0508700102_000027,"Elements of the philosophy of the human mind. By Dugald Stewart, ...",Dugald Stewart,53,1814,2,3,"London : printed for A. Strahan, and T. Cadell; and W. Creech, Edinburgh, 1792-1827.",London,564,male,1753,1828,False
1298800300_000005,"The travels of Cyrus. To which is annexed, a discourse upon the theology and mythology of the pagans. By the Chevalier Ramsay.",Andrew Michael Ramsay,68,1760,1,1,"[London? : s.n.], Printed in the year M,DCC,LX. [1760].",London,334,male,1686,1743,True
1092700102_000053,"The philosophical works of the late Right Honorable Henry St. John, Lord Viscount Bolingbroke. In five volumes. Published by David Mallet, Esq; ...","Henry St John, 1st Viscount Bolingbroke",54,1754,2,5,"London : [s.n.], Printed in the Year MDCCLIV. [1754].",London,411,male,1678,1751,True
0576801000_000035,"A dissertation on reading the classics, and forming a just style. Written in the year MDCCIX. And addressed to the Right Honourable John Lord Roos, Afterwards Duke of Rutland. By Henry Felton, D. D. Late Principal of Edmund-Hall, Oxon, and Chaplain to his Grace the Duke of Rutland.",Henry Felton,54,1753,1,1,"London : printed for Richard Baldwin, in Pater-Noster-Row, MDCCLIII. [1753].",London,287,male,1679,1740,False
0654800102_000209,"An ecclesiastical history, antient and modern, from the birth of Christ, to the beginning of the present century: ... By the late learned John Lawrence Mosheim, ... Translated from the original, ... by Archibald Maclaine, ... In two volumes. ...",Johann Lorenz von Mosheim,59,1765,2,2,"London : printed for A. Millar, 1765.",London,689,male,1693,1755,False
0256400301_000158,"The principles of moral philosophy. An enquiry into the wise and good government of the moral world. In which the continuance of good administration, and of due care about virtue, for ever, is inferred from present order in all things, in that part chiefly where virtue is concerned. By George Turnbull, L.L.D.",George Turnbull,56,1740,1,2,"London : printed for the author, and sold by A. Millar, at Buchanan's Head, over aginst St. Clement's Church, in the Strand, MDCCXL. [1740].",London,508,male,1698,1748,False
0651101900_000020,"Illustrations of masonry. By William Preston, Past Master of the Lodge of Antiquity Acting by Immemorial Constitution.",William Preston,58,1792,1,1,"London : printed for G. and T. Wilkie, No 57, Paternoster-Row, MDCCXCII. [1792].",London,432,male,1742,1818,False
0683400900_000004,"Essays on philosophical subjects. By the late Adam Smith, LL. D. Fellow of the Royal Societies of London and Edinburgh, &c. &c. To which is prefixed, An account of the life and writings of the author; by Dugald Stewart, F. R. S. E.",Adam Smith,51,1795,1,1,"London : printed for T. Cadell Jun. and W. Davies (successors to Mr. Cadell) in the Strand; and W. Creech, Edinburgh, 1795.",London,329,male,1723,1790,True
1063900102_000158,"The medical museum: or, A repository of cases, experiments, researches, and discoveries, collected at home and abroad. ... By gentlemen of the faculty.",,45,1763,2,3,"London [England] : printed by W. Richardson and S. Clark; and sold by W. Bristow, at the west end of St. Paul's Cathedral, MDCCLXIII. [1763-<1764>",London,575,unknown,,,False
0156801000_000029,Letters on Mr. Hume's History of Great Britain.,"MacQueen, Daniel           1777",49,1756,1,1,"Edinburgh : printed by Sands, Donaldson, Murray, and Cochran. For A. Kincaid and A. Donaldson, 1756.",Edinburgh,330,unknown,,,False
0091500108_000205,"General biography; or lives, critical and historical, of the most eminent persons of all ages, countries, conditions, and professions, arranged according to alphabetical order. Chiefly composed by John Aikin, M.D. and the late Rev. William Enfield, LL.D. Volume the First.",John Aikin,55,1799,8,10,"London : printed for G. G. and J. Robinson, Pater-Noster-Row; G. Kearsley, Fleet-Street; R. H. Evans (successor to Mr. Edwards), Pall-Mall; and J. Wright, Opposite Bond-Street, Piccadilly. - Also at Edinburgh for Bell and Bradfute, 1799-[1815].",London,722,male,1747,1822,False
0654800101_000009,"An ecclesiastical history, antient and modern, from the birth of Christ, to the beginning of the present century: ... By the late learned John Lawrence Mosheim, ... Translated from the original, ... by Archibald Maclaine, ... In two volumes. ...",Johann Lorenz von Mosheim,58,1765,1,2,"London : printed for A. Millar, 1765.",London,843,male,1693,1755,False
0317200105_000089,The transactions of the Royal Irish Academy. M.DCC.LXXXVII.,Royal Irish Academy,50,1787,5,7,"Dublin : printed by George Bonham, Great George's-Street, for the Academy, [1787]-1800.",Dublin,507,unknown,,,False
1308600300_000001,"A treatise of arithmetic in theory and practice. Wherein are delivered, not only the rules; but the reasons of the rules demonstratively explained. In four books. I. Of whole numbers, weights and measures. II. Of fractions, vulgar and decimal. III. Of mercantile arithmetic. IV. Of extractions, progressions, logarithms, &c. By John Gough.","Gough, John",54,1770,1,1,"Dublin : Printed, by Isaac Jackson and Son in Meath-street, and sold for the author, by most of the booksellers in Ireland, MDCCLXX. [1770].",Dublin,505,male,1721,1791,False
0983000100_000011,"Letters to a student in the University of Cambridge, Massachusetts. By John Clarke, Minister of a church in Boston.",John Clarke,63,1796,1,1,"Boston : Printed and sold by Samuel Hall, no. 53, Cornhill, 1796.",Boston,151,male,1687,1798,False
0252400700_000002,"On the importance of religious opinions. From the French of Mons. Necker. A new translation, to which is prefixed a short account of the author.",Jacques Necker,64,1789,1,1,"Edinburgh : printed for W. Gordon and J. Dickson, M,DCC,LXXXIX. [1789].",Edinburgh,384,male,1732,1804,False
0025900100_000107,"First truths, and the origin of our opinions, explained: with an enquiry into the sentiments of modern philosophers, Relative to our primary Ideas of Things. Translated from the French of Pere Buffier. To which is prefixed a detection of the plagiarism, concealment, and ingratitude of the Doctors Reid, Beattie, and Oswald.",Claude Buffier,55,1780,1,1,"London : printed for J. Johnson, No. 72, St. Paul's Church-Yard, M,DCC,LXXX. [1780].",London,505,male,1661,1737,False
0673500400_000059,A dissertation on the oriental trinities: extracted from the fourth and fifth volumes of Indian antiquities. By the author.,Thomas Maurice,45,1800,1,1,"London : printed, for the author, by H. L. Galabin, Ingram-Court, Fenchurch-Street; and sold by T. Gardiner, Prince's Street, Cavendish-Square, 1800.",London,452,male,1754,1824,False
0445400102_000196,"The history of philosophy, from the earliest times to the beginning of the present century; drawn up from Brucker's Historia critica philosophiæ. By William Enfield, LL. D. In two volumes. ...",Johann Jakob Brucker,57,1791,2,2,"London : printed for J. Johnson, St. Paul's Church Yard, M,DCC,XCI. [1791].",London,629,male,1696,1770,False
0891400700_000017,"An account of Sir Isaac Newton's philosophical discoveries, in four books. By Colin Maclaurin, A. M. Late Fellow of the Royal Society, Professor of Mathematics in the University of Edinburgh, and Secretary to the Philosophical Society there. Published from the Author's Manuscript Papers, By Patrick Murdoch, M. A. and F.R.S.",Colin Maclaurin,52,1750,1,1,"London : printed for A. Millar, at Buchanan's-Head over against Catharine-Street in the Strand, M.DCC.L. [1750].",London,455,male,1698,1746,False
0039300101_000089,"The protestant system: containing discourses on the principal doctrines of natural and revealed religion. Compiled from the works of the following Protestant dissenters, viz. Abernethy, Amory, Baker, Benson, Bulkeley, Chandler, Doddridge, Duchal, Emlyn, Fordyce, Foster, Grove, Holland, Leechman, Mason, Morris, Newman, &c. &c. To which are added, Four Discourses never before printed. In two volumes, ...",,56,1758,1,2,"London : printed for R. Griffiths, at the Dunciad, in Pater-Noster Row, MDCCLVIII. [1758].",London,601,unknown,,,False
0667701600_000003,"An account of the epidemical catarrhal fever, commonly called the influenza; as it appeared in the City and Environs of Durham, in the Month of June, 1782. To which is prefixed, a Discourse On the Improvement of Medical Knowledge. By P. Dugud Leslie, M. D. F. R. S. With a letter to the author, On the Influenza; As it appeared at Newcastle upon Tyne. By John Clark, M.D.","Leslie, Patrick Dugud",58,1783,1,1,"London : printed for S. Crowder, Paternoster Row, and J. Robson, New Bond-Street; A. Gordon, and C. Elliot, Edinburgh, [1783?].",London,103,male,1705,1783,False
0495600107_000030,"Miscellaneous works of Edward Gibbon, Esquire. With memoirs of his life and writings, composed by himself: illustrated from his letters, with occasional notes and narrative by John Lord Sheffield. ...",Edward Gibbon,54,1796,7,7,"Basil : printed and sold by J. J. Tourneisen, MDCCXCVI. [1796]-97.",Basel,247,male,1737,1794,True
0431600200_000009,"An inquiry into the original of our ideas of beauty and virtue; in two treatises. In which the principles of the late Earl of Shaftesbury are explain'd and defended, against the author of the Fable of the bees: and the ideas of moral good and evil are establish'd, according to the Sentiments of the Antient Moralists. With an Attempt to introduce a Mathematical Calculation in Subjects of Morality.",Francis Hutcheson,68,1725,1,1,"London : printed by J. Darby in Bartholomew-Close, for Will. and John Smith on the Blind Key in Dublin; and sold by W. and J. Innys at the West-End of St. Paul's Church-Yard, J. Osborn and T. Longman in Pater-Noster-Row, and S. Chandler in the Poultry, M.DCC.XXV. [1725].",London,287,male,1694,1746,True
0129802500_000007,Remarks on the very inferior utility of classical learning. By W. Stevenson.,William Stevenson,72,1796,1,1,"Manchester : printed, for the author, at the office of G. Nicholson, sold by H. D. Symonds, 20, Paternoster-Row, London, 1796.",Manchester,35,male,1772,1829,False
0042200301_000084,"Disquisitions relating to matter and spirit. To which is added the history of the philosophical doctrine concerning the origin of the soul, and the nature of matter; with its influence on Christianity, especially with respect to the doctrine of the pre-existence of Christ. By Joseph Priestley, LL.D. F.R.S. ...",Joseph Priestley,56,1782,1,2,"Birmingham : printed by Pearson and Rollason, for J. Johnson, No. 72, St. Paul's Church-Yard, London, MDCCLXXXII. [1782].",Birmingham,446,male,1733,1804,True
0262101001_000034,"Of the foundations of religion, and the fountains of impiety. Three books, by the Rev. F.A. Valsecchi, Formerly First Public Professor Of Theology, In The University Of Padua. Translated from the original Italian. By the Rev. Thomas Carbry. ...","Valsecchi, Antonino",48,1800,1,3,"Dublin : printed by E. & J. Hanvey, II, Fishers-Lane, 1800.",Dublin,409,male,1708,1791,False
1070400202_000117,"Essays and treatises on several subjects. In two volumes. By David Hume, Esq; ...",David Hume,52,1772,2,2,"London : printed for T. Cadell: and A. Kincaid, and A. Donaldson, at Edinburgh, 1772.",London,521,male,1711,1776,True
0019400103_000045,"An inquiry into the nature and causes of the wealth of nations. By Adam Smith, LL. D. and F. R. S. of London and Edinburgh: One of the Commissioners of his Majesty's Customs in Scotland; and Formerly Professor of Moral Philosophy in the University of Glasgow. In three volumes. ...",Adam Smith,74,1791,3,3,"London : printed for A. Strahan; and T. Cadell, in the Strand, MDCCXCI. [1791].",London,519,male,1723,1790,True
1103601600_000008,"The spirit of the Gospel neither a spirit of superstition nor of enthusiasm: a sermon, preached before the Synod of Aberdeen, April 9. 1771, by George Campbell, D. D. Principal of the Marischal College. Printed at the desire of the Synod.","Campbell, George",45,1771,1,1,"Edinburgh : printed for A. Kincaid & W. Creech, MDCCLXXI. [1771].",Edinburgh,125,male,1719,1796,False
0413600302_000049,"Essays, moral and literary.",Vicesimus Knox,58,1778,2,2,"London : printed for Edward and Charles Dilly, MDCCLXXVIII. [1778].",London,407,male,1752,1821,True
0096200600_000010,"Creation: a philosophical poem, in seven books. By Sir Richard Blackmore. To which is prefixed the life of the author. Cooke's edition. Embellished with superb engravings.",Richard Blackmore,55,1797,1,1,"London : printed for C. Cooke, No. 17, Paternoster-Row, and sold by all the booksellers in Great Britain and Ireland, [1797].",London,179,male,1654,1729,True
1752400101_000042,"Interesting letters of Pope Clement XIV. Ganganelli. To which are prefixed, anecdotes of his life. Translated from the French edition, published at Paris by Lottin, Jun. In four volumes. ...",Louis-Antoine Caraccioli,49,1777,1,4,"Dublin : printed for Messrs. Price, Whitestone, W. Sleater, W. Watson, R. Cross, D. Chamberlain, and J. Potts, M,DCC,LXXVII. [1777].",Dublin,245,male,1719,1803,False
0718400200_000003,"The history of philosophy: containing the lives, opinions, actions and discourses of the philosophers of every sect. Illustrated with the effigies of divers of them. By Thomas Stanley, Esq;","Stanley, Thomas",49,1701,1,1,"London : printed for W. Battersby at Thavy's Inn-Gate, near St. Andrew's Church in Holbourn, Hugh Newman, Tho. Cockerill, Herbert Walwyn in the Poultry, and A. and J. Churchil in Pater-Noster-Row, MDCCI. [1701].",London,820,male,1625,1678,False
0025601100_000136,"De l'esprit: or, essays on the mind, and its several faculties. Written by Helvetius.Translated from the edition printed under the author's inspection.",Claude Adrien Helvétius,51,1759,1,1,"London : printed for the translator; and sold by Mr. Dodsley and Co. in Pall-Mall; Mess. Millar, Nourse, and Tonson, in the Strand; Mess. Hitch and Hawes, in Pater-Noster Row; Mr. Fletcher, at Oxford; Mr. Merril, Cambridge; and J. Coote, in Pater-Noster-Row, MDCCLIX. [1759].",London,348,male,1715,1771,True
1570800901_000030,"Essays and treatises on several subjects. In two volumes. By David Hume, Esq;",David Hume,54,1788,1,2,"London : printed for T. Cadell; G. Elliot, T. Kay, and Co. in the Strand, London; and C. Elliot, Edinburgh, M.DCC.LXXXVIII. [1788].",London,472,male,1711,1776,True
0468700603_000005,The adventurer. ...,John Hawkesworth,44,1794,3,3,"London : printed for J. Dodsley, T. Longman, B. Law and son, J. Robson, G.G. and J. Robinson, T. Cadell, R. Baldwin, S. Hayes, W. Goldsmith, W. Lowndes, G. and T. Wilkie, R. Faulder, J. Deighton, W. Fox, E. Newbery, and H. Murray, MDCCXCIV. [1794].",London,460,male,1715,1773,False
1112900400_000041,"A comparative view of the state and faculties of man with those of the animal world. By John Gregory, M. D. F. R. S. Professor of Medicine in the University of Edinburgh, and First Physician to His Majesty in Scotland.",John Gregory,61,1785,1,1,"London : printed for J. Dodsley in Pall-Mall, M.DCC.LXXXV. [1785].",London,317,male,1724,1773,False
0234800201_000007,"The christian philosopher; or, a divine essay on the principles of man's universal redemption, in Two Volumes. ... . Book I. Containing, The Cosmogony of Moses, or a Divine Essay on the Principles, and Causes, employed by Almighty God in the Creation of the World, and Formation of our Earth; demonstrating all along the Necessity of a divine Hand, both to adjust the Principles, actuate the Causes, and accelerate the Motions, that gave Being, Order, and Harmony to the six Days Work. To which are added, Remarks upon divers modern Philosophers, who, from their own unreasonable Notions, have laboured to undermine the Mosaick Plan of Creation. By Nicholas Robinson, M. D. A Member of the Royal College of Physicians, and Physician to Christ's-Hospital, London.",Nicholas Robinson,72,1757,1,2,"London : [s.n.], Printed in the Year 1757-58.",London,406,male,1697,1775,False
0609602200_000004,"Philosophy no friend to atheism, or the certainty of a first cause impartially investigated. By G. Brown, Teacher of the Mathematics.","Brown, George, teacher of the mathematics",60,1797,1,1,"North Shields : printed by W. Kelley [sold by Messrs. Charnley, Whitfield, and Chilton, Newcastle], 1797.",North Shields,62,unknown,,,False
1756000101_000058,"The works of Francis Bacon, Baron of Verulam, ... In five volumes. ...",Francis Bacon,67,1778,1,5,"London : printed for J. Rivington and Sons; L. Davis; T. Payne; B. White; T. Davies; [and 6 others in London], 1778.",London,624,male,1561,1626,True
0937200401_000001,"Lectures on rhetoric and belles lettres. By Hugh Blair, ... In three volumes. ...",Hugh Blair,46,1793,1,3,"London : printed for A. Strahan; T. Cadell; and W. Creech in Edinburgh, 1793.",London,468,male,1718,1800,True
0439000500_000001,"The beauties of Johnson: consisting of maxims and observations, moral, critical, and miscellaneous, accurately extracted from the works of Dr. Samuel Johnson, and arranged in alphabetical order, after the manner of the Duke de la Roche-Foucault's Maxims. Part II.",Samuel Johnson,39,1782,1,1,"London : printed for G. Kearsly, at No. 46, in Fleet-Street, M.DCC.LXXXII. [1782].",London,214,male,1709,1784,True
0184800100_000068,"Sermons on public occasions, and tracts on religious subjects, by R. Watson, D. D. F. R. S. Lord Bishop of Landaff, and Regius Professor of Divinity in the University of Cambridge.","Watson, Richard",47,1788,1,1,"Cambridge : printed by J. Archdeacon Printer to the University; for J. & J. Merrill, in Cambridge; P. Elmsly, and T. Cadell, in the Strand, J. Debrett, in Piccadilly, J. Robson, in Bond-Street, T. Evans, in Paternoster-Row, and J. Deighton, in Holborn, London, MDCCI.XXXVIII. [1788].",Cambridge,467,male,1737,1816,True
0519900600_000099,The travels of Cyrus.,Andrew Michael Ramsay,54,1730,1,1,"London : printed by James Bettenham, MDCCXXX. [1730].",London,503,male,1686,1743,True
0074400102_000123,"Essays and treatises on several subjects. In two volumes. By David Hume, Esq. ... . Containing Essays, Moral, Political, and Literary.",David Hume,46,1779,2,2,"Dublin : printed by J. Williams, (no. 21) Skinner-Row, M,DCC,LXXIX. [1779].",Dublin,516,male,1711,1776,True
0299700701_000045,"Athenian letters: or, the epistolary correspondence of an agent of the King of Persia, residing at Athens during the Peloponnesian war. A new edition; to which is added a geographical index. In three volumes. ...","Philip Yorke, 3rd Earl of Hardwicke",44,1800,1,3,"Basil : printed and sold by James Decker. Strasburgh: sold by F. G. Levrault, 1800.",Basel,442,male,1720,1790,False
1135300104_000053,"Asiatic researches; or, transactions of the society, instituted in Bengal, for inquiring into the history and antiquities, the arts, sciences, and literature, of Asia. ... . Printed verbatim from the Calcutta edition.",Asiatic Society of Bengal,47,1799,4,20,"London : printed for J. Sewell; Vernor and Hood; J. Cuthell; J. Walker; R. Lea Lackington, Allen, and Co.; Otridge and Son; R. Faulder; and J. Scatcherd, 1799-1839.",London,435,unknown,,,False
0683300700_000094,"The scriptural history of the earth and of mankind, compared with the cosmogonies, chronologies, and original traditions of ancient nations; an Abstract and Review of Several Modern Systems; with An Attempt to Explain Philosophically, the Mosaical Account of the Creation and Deluge, And to deduce from this last Event The Causes of the Actual Structure of the Earth in a Series of Letters. With Notes and Illustrations. By Philip Howard, Esq.","Howard, Philip           1810",44,1797,1,1,"London : printed for R. Faulder, New Bond-Street, 1797.",London,607,unknown,,,False
0055700500_000039,"Discourses on public occasions in America. By William Smith, D. D. Provost of the College and Academy of Philadelphia. The second edition. Containing, I. Sundry discourses during the ravages of the French and Indians, preached with a View to the explaining the Importance of the Protestant Cause in the British Colonies, and promoting a general Zeal for their Defence. II. A Thanksgiving-Discourse from Exod. xv. 1. on the Reduction of Louisbourg, and Success of the Campaign 1758. III. * A Discourse in two Parts, from Ps. ii. 8. concerning the Conversion of the Heathen-Americans, and final Propagation of Christianity and the Sciences to the Ends of the Earth. Part I. Preached before a voluntary Convention of Episcopal Clergy at Philadelphia, May 2d, 1760. Part II. Preached at the first anniversary Commencement in the College there. IV. * A Discourse from 1 Kings, viii. 13, 27, 57, 60. at the Opening of St. Peter's Church, Philadelphia, Sept. 4th, 1761. V. Two Funeral Discourses. With an appendix containing, I. *A letter to a clergyman on the Frontiers of Pennsylvania, on Braddock's defeat; concerning the Duty of Protestant Ministers in Times of Public Danger. II. An Address to the Colonies, on opening the Campaign, 1758. III. * A General Idea of the College of Mirania, and the Method of teaching Religion and Science therein; first published as a plan for a College in New-York, in the Year 1753. IV. An Account of the College and Academy of Philadelphia. V. A Charge to the first Graduates in the said College. VI. A Philosophical Meditation and Address to the Supreme Being.",William Smith,50,1762,1,1,"London : printed for A. Millar, R. Griffiths, and D. Wilson, in the Strand; and G. Keith, in Gracechurch-Street, M.DCC.LXII. [1762].",London,389,male,1727,1803,False
0443000200_000174,"The history of the decline and fall of the Roman Empire. By Edward Gibbon, Esq; volume the first.",Edward Gibbon,43,1776,1,1,"London : printed for W. Strahan; and T. Cadell, 1776.",London,695,male,1737,1794,True
0508700101_000028,"Elements of the philosophy of the human mind. By Dugald Stewart, ...",Dugald Stewart,69,1792,1,3,"London : printed for A. Strahan, and T. Cadell; and W. Creech, Edinburgh, 1792-1827.",London,578,male,1753,1828,False
1216600108_000098,The spectator. In eight volumes. ...,,49,1769,8,8,"Glasgow : printed by Robert Duncan, for J. Robb. and [sic] R. Duncan, 1769.",Glasgow,285,unknown,,,False
1168600400_000171,"The philosophy of natural history. By William Smellie, Member of the Antiquarian and Royal Societies of Edinburgh.",William Smellie,48,1790,1,1,"Edinburgh : printed for the heirs of Charles Elliot; and C. Elliot and T. Kay, T. Cadell, and G. G. J. & J. Robinsons, London, MDCCXC. [1790].",Edinburgh,1087,male,1740,1795,False
0102200601_000011,"The life of Voltaire, by the Marquis de Condorcet. To which are added Memoirs of Voltaire, written by himself. Translated from the French. In two volumes. Vol. I[-II].",Jean-Antoine-Nicolas de Caritat de Condorcet,49,1792,1,2,"Philadelphia : Printed by and for W. Spotswood, M,DCC,XCII. [1792].",Philadelphia,215,male,1743,1794,False
0991400103_000072,"The works of the late Right Honorable Henry St. John, Lord Viscount Bolingbroke. In five volumes, complete. Published by David Mallet, ...","Henry St John, 1st Viscount Bolingbroke",59,1754,3,5,"London : printed in the year, 1754.",London,553,male,1678,1751,True
0508600400_000045,"Liberal education: or, a practical treatise on the methods of acquiring useful and polite learning. By the Reverend Vicesimus Knox, A. M. Late Fellow of St. John's College, Oxford, and Now Master of Tunbridge-School.",Vicesimus Knox,57,1782,1,1,"London : printed for Charles Dilly, in the Poultry, MDCCLXXXII. [1782].",London,511,male,1752,1821,True
0235200302_000136,"Essays and treatises on several subjects. By David Hume, Esq; ... . Containing Essays, Moral, Political, and Literary.",David Hume,56,1793,2,2,"Edinburgh : printed for T. Cadell, London; and Bell & Bradfute, and T. Duncan, Edinburgh, M.DCC.XCIII. [1793].",Edinburgh,633,male,1711,1776,True
0510200302_000085,"The philosophy of natural history. By William Smellie, member of The Antiquarian and Royal Societies of Edinburgh. In two volumes. ...",William Smellie,48,1790,2,2,"Dublin : printed by William Porter, for Chamberlaine and Rice, W. Wilson, P. Wogan, L. White, P. Byrne, W. Mc.Kenzie, J. Moore, Grueber and Mc.Allister, W. Jones, R. White, and J. Milliken, M.DCC.XC. [1790].",Dublin,476,male,1740,1795,False
1240000301_000029,"The library: or, Moral and critical magazine, for the year ... By a society of gentlemen.",Andrew Kippis,40,1761,1,2,"London [England] : printed for R. Griffiths in the Strand, and C. Henderson under the Royal-Exchange, [1761-MDCCLXII. [1762].",London,512,male,1725,1795,False
1057500500_000053,"Siris: a chain of philosophical reflexions and inquiries concerning the virtues of tar water, And divers other Subjects connected together and arising one from another. By the Right Rev. Dr. George Berkeley, Lord Bishop of Cloyne, And Author of The Minute Philosopher.",George Berkeley,56,1747,1,1,"[London] : Dublin printed, London re-printed, for W. Innys, and C. Hitch, in Pater-Noster-Row, and C. Davis in Holbourn, MDCCXLVII. [1747].",London,176,male,1685,1753,True
0735200200_000184,"The philosophy of ancient Greece investigated, in its origin and progress, to the æras of its greatest celebrity, in the Ionian, Italic, and Athenian schools: with Remarks on the Delineated Systems of their Founders; and Some Accounts of Their Lives and Characters, and Those of their Most Eminent Disciples. By Walter Anderson, D. D.","Anderson, Walter",50,1791,1,1,"Edinburgh : printed by Smellie. Sold in London, by C. Dilly, Poultry; G. G. J. and J. Robinsons, Paternoster-Row; J. Johnson, St. Paul's Church-Yard; J. Murray, Fleet-Street; T. Payne, At the Mews-Gate; G. Nicol, Pall-Mall; J. Debrett, Piccadilly; and J. Clarke, Bond-Street, 1791.",Edinburgh,605,male,1723,1800,False
0037700102_000040,"Lectures on natural and experimental philosophy, considered in it's present state of improvement. Describing, in a familiar and easy manney, the principal philomena of nature; and shewing, that they all co-operate in displaying the goodness, wisdom, and power of God. By George Adams, mathematical instrument maker to His Majesty, and optician to His Royal Highness the Price of Wales. In five volumes. The fifth volume consisting of the plates and index. ...",George Adams,71,1794,2,5,"London : printed by R. Hindmarsh, printer to His Royal Highness the Prince of Wales, Old-Bailey. Sold by the author, No. 60, Fleet-Street, 1794.",London,571,male,1750,1795,False
0730700100_000005,A supplement to the new and universal dictionary of arts and sciences.,John Barrow,54,1754,1,1,"London : printed for the proprietors, and sold by John Hinton, at the King's-Arms in Newgate-Street, London, MDCCLIV. [1754].",London,791,male,,,False
0359100402_000080,"Discourses concerning the being and natural perfections of God, in which that first principle of religion, the existence of the deity, is proved, From the Frame of the Material World, from the Animal and Rational Life, and from Human Intelligence and Morality. And The Divine Attributes of Spirituality, Unity, Eternity, Immensity, Omnipotence, Omniscience, and Infinite Wisdom, are explain'd. By John Abernethy, M. A. ...",John Abernethy,57,1757,2,2,"London : printed for H. Whitridge, D. Browne, J. Whiston and B. White, J. Ward, W. Johnston, P. Davey and B. Law, and M. and T. Longman, M.DCC.LVII. [1757].",London,423,male,1680,1740,False
0399300700_000003,"Institutes of moral philosophy. By Adam Ferguson, LL. D. Professor of Moral Philosophy in the University of Edinburgh.",Adam Ferguson,86,1800,1,1,"Basil : printed and sold by James Decker. Paris, sold by Levrault freres, Quai Malaquai, 1800.",Basel,256,male,1723,1816,True
0394400108_000154,"The works of Henry Fielding, Esq; with the life of the author. In eight volumes. ...",Henry Fielding,48,1762,8,8,"London : printed for A. Millar, in the Strand, M.DCC.LXII. [1762].",London,636,male,1707,1754,True
0575101800_000008,"Reflexions on the sources of incredulity with regard to religion. By the late Right Honourable Duncan Forbes of Culloden, Esq; Lord President of the Court of Session in Scotland.","Duncan Forbes, Lord Culloden",54,1750,1,1,"Dublin : printed for G. and A. Ewing, and R. Main, Booksellers in Dame-Street, MDCCL. [1750].",Dublin,122,male,1685,1747,False
0827800201_000004,"The travels of Cyrus. In two volumes. To which is annex'd, A discourse upon the theology and mythology of the pagans. By the Chevalier Ramsay. ...",Andrew Michael Ramsay,68,1730,1,2,"London : printed: and sold by T. Woodward, at the Half-Moon over-against St. Dunstan's Church, Fleet-Street; and J. Peele, at Locke's-Head in Pater-Noster Row, MDCCXXX. [1730].",London,386,male,1686,1743,True
1098300301_000033,The rambler. In four volumes. ...,Samuel Johnson,42,1779,1,4,"London : printed for W. Strahan, J. Rivington and Sons, J. Hinton, B. Collins, T. Longman, T. Caslon, B. Law, T. Carnan, G. Robinson, T. Lowndes, T. Cadell, H. Baldwin, F. Newbery, J. Knox, J. Bew, J. Nichols, W. Goldsmith, and W. Fox, MDCCLXXIX. [1779].",London,326,male,1709,1784,True
0264601300_000006,"An easy and pleasant introduction to Sir Isaac Newton's philosophy: containing the first principles of mechanics, trigonometry, Optics, and Astronomy. By a fellow of the Royal Society. With an essay on the advancement of learning, In various Modes of Recreation. By John Ryland, A. M. of Northampton. The second edition. To this New Edition an appendix is added, to render the book more useful to schools.",Fellow of the Royal Society,77,1772,1,1,"London : printed for Edward and Charles Dilly, in the Poultry, 1772.",London,245,unknown,,,False
0937400200_000035,"A dissertation on reading the classics, and forming a just style. Written in the year 1709. And addressed to the Right Honourable John Lord Roos, The Present Duke of Rutland. By Henry Felton, D. D. Principal of Edmund-Hall, Oxon, and Chaplain to his Grace the Duke of Rutland.",Henry Felton,49,1730,1,1,"London : printed for B. Motte, at the Middle-Temple Gate in Fleet-Street, 1730.",London,292,male,1679,1740,False
1770400100_000044,"The elements of logick. In four books. ... By William Duncan, ...","Duncan, William",44,1759,1,1,"London : printed for R. and J. Dodsley, 1759.",London,369,male,1717,1760,False
0631100102_000034,"An essay on pvblic happiness, investigating the state of hvman nature, under each of its particular appearances through the several periods of history, to the present times. ...","Chastellux, François Jean, marquis de",57,1774,2,2,"London : printed for T. Cadell, in the Strand, M.DCC.LXXIV. [1774].",London,409,male,1734,1788,False
0844200700_000036,"A treatise on education: or, an easy method of acquiring language, and introducing children to the knowledge of History, Geography, Mythology, Antiquities, &c. With reflections on taste, poetry, natural history, &c. the manner of forming the Temper, and teaching youth such Moral Precepts as are necessary in the conduct of life. By Mr. James Barclay.","Barclay, James, rector of the Grammar School at Dalkeith",56,1749,1,1,"London : printed for P. Vaillant, facing Southampton-Street, in the Strand, 1749.",London,247,unknown,,,False
0084000107_000033,"Interesting anecdotes, memoirs, allegories, essays, and poetical fragments, tending to amuse the fancy, and inculcate morality. By Mr. Addison.",Joseph Addison,54,1797,7,12,"London : printed for the author, 1794.",London,307,male,1672,1719,True
0473400100_000002,A plea for the divinity of our Lord Jesus Christ. In a pastoral letter addressed to a congregation of protestant dissenters at Cambridge.,Robert Robinson,62,1780,1,1,"Cambridge : printed by Francis Hodson. Sold by J. Buckland, and C. Dilly, in the Poultry, London, [1780].",Cambridge,237,male,1735,1790,False
0194600104_000215,A new and general biographical dictionary; containing an historical and critical account of the lives and writings of the most eminent persons in every nation; particularly the British and Irish; ...,,55,1798,4,15,"London : printed for G.G. and J. Robinson, J. Johnson, J. Nichols, J. Sewell, H.L. Gardner [and 23 others in London], 1798.",London,577,unknown,,,False
0702600103_000002,"Lectures on rhetoric and belles lettres. By Hugh Blair, ... In three volumes. ...",Hugh Blair,56,1787,3,3,"London : printed for A. Strahan; T. Cadell; and W. Creech in Edinburgh, 1787.",London,415,male,1718,1800,True
0482200101_000051,The works of the poets of Great Britain and Ireland; with prefaces biographical and critical. ... . Containing The Lives. By Dr. Samuel Johnson.,Samuel Johnson,49,1800,1,8,"London : printed for Andrew Miller, Strand, 1800.",London,713,male,1709,1784,True
0215700103_000336,"The philosophical works of Francis Bacon, Baron of Verulam, Viscount St. Alban's, And Lord High-Chancellor of England; methodized, and made English, from the originals. With Occasional Notes, to Explain what is Obscure, and shew how far the several Plans of the Author, for the Advancement of all the Parts of Knowledge, have been executed to the present Time. And References from one Part of the Work to another, where the same Subject is treated; so as to make the Whole a Comment upon Itself. To which is prefixed, A Summary View of the Author's Life, and a Glossary or Explanation of certain Philosophical Terms, either Invented or Used by him in a New Sense. With Two Appendixes, to shew how advantageously the Great Designs of the Author may be at present executed from the Lights struck out by him, even in the Works he left unfinished. Illustrated with Useful Tables of Contents to each Volume; particular Prefaces to the principal Pieces, and a copious Index to the Whole. In three volumes. By Peter Shaw, M. D.",Francis Bacon,54,1737,3,3,"London : printed for D. Midwinter, A. Bettesworth and C. Hitch, J. and J. Pemberton, C. Ware, C. Rivington, J. and P. Knapton, J. Batley and J. Wood, T. Longman, F. Clay, A. Ward, and R. Hett, M.DCC.XXXVII. [1737].",London,749,male,1561,1626,True
0614000400_000035,"A treatise on education: or, an easy method of acquiring language, and introducing children to the knowledge of history, geography, mythology, antiquities, &c. With reflections on taste, Poetry, Natural History, &c. the manner of forming the Temper, and teaching youth such Moral Precepts as are necessary in the conduct of life.","Barclay, James, rector of the Grammar School at Dalkeith",47,1743,1,1,"Edinburgh : printed by James Cochran and Company. Sold by A. Symmer, and other booksellers; and by the author, at his house within the foot of Black-Friars Wynd, MDCCXLIII. [1743].",Edinburgh,246,unknown,,,False
0991500105_000153,"The works of the late Right Honorable Henry St. John, Lord Viscount Bolingbroke. In five volumes, complete. Published by David Mallet, ...","Henry St John, 1st Viscount Bolingbroke",61,1754,5,5,"London : printed in the year, 1754.",London,580,male,1678,1751,True
1092700103_000083,"The philosophical works of the late Right Honorable Henry St. John, Lord Viscount Bolingbroke. In five volumes. Published by David Mallet, Esq; ...","Henry St John, 1st Viscount Bolingbroke",57,1754,3,5,"London : [s.n.], Printed in the Year MDCCLIV. [1754].",London,428,male,1678,1751,True
0611900102_000119,"An inquiry into the nature and causes of the wealth of nations. By Adam Smith, LL. D. and F. R. S. Formerly Professor of Moral Philosophy in the University of Glasgow. In Two Volumes. ...",Adam Smith,76,1778,2,2,"London : printed for W. Strahan; and T. Cadell, in the Strand, MDCCLXXVIII. [1778].",London,594,male,1723,1790,True
1236202000_000052,"Siris: a chain of philosophical reflexions and inquiries concerning the virtues of tar water, and divers other subjects connected together and arising one from another. By G. L. B. O. C.",George Berkeley,53,1744,1,1,"[London] : Dublin printed, London re-printed, for W. Innys, and C. Hitch, in Pater-Noster-Row; and C. Davis in Holbourn, MDCCXLIV. [1744].",London,175,male,1685,1753,True
0050800104_000056,"Essays and treatises on several subjects. By David Hume, Esq; In four volumes. ... . Containing Essays, Moral, Political, and Literary. Part I.",David Hume,63,1760,4,4,"London : printed for A. Millar, in the Strand; and A. Kincaid and A. Donaldson, at Edinburgh, MDCCLX. [1760].",London,347,male,1711,1776,True
0496500500_000105,The travels of Cyrus.,Andrew Michael Ramsay,57,1730,1,1,"London : printed by James Bettenham, MDCCXXX. [1730].",London,505,male,1686,1743,True
0199600101_000135,"A system of divinity, in a course of sermons, on the first institutions of religion; on the being and attributes of God; on some of the most important articles of the Christian religion, in connection; and on the several virtues and vices of mankind: with Occasional Discourses.. Being a compilation from the best sentiments of the polite writers , and eminent, sound Divines, both ancient and modern, on the same Subjects, properly connected, with Improvements, particularly adapted for the Use of chief Families and Students in Divinity; and for Churches, for the Benefit of Mankind in general. ... . By the Rev'd Wm. Davy. A.B.",William Davy,57,1795,1,26,"Lustleigh, Devon : printed by himself. - Fourteen copies only, MDCCXCV. [1795]-1807.",Lustleigh,585,male,1743,1826,False
0400700101_000026,"The works of Francis Bacon, Baron of Verulam, Viscount St. Alban, and Lord High Chancellor of England. In three volumes. To which is prefixed, a life of the author, by Mr. Mallet.",Francis Bacon,60,1753,1,3,"London : printed for A. Millar in the Strand, MDCCLIII. [1753].",London,805,male,1561,1626,True
0760000101_000035,"An ecclesiastical history, antient and modern, from the birth of Christ, ... By ... John Lawrence Mosheim, ... Translated from the original, and accompanied with notes and chronological tables, by Archibald Maclaine, ... In four volumes. ...",Johann Lorenz von Mosheim,50,1767,1,4,"Dublin : printed for Ann Leathley, 1767.",Dublin,579,male,1693,1755,False
1195000101_000025,"The history of the reign of the Emperor Charles V. With a view of the progress of society in Europe, from the subversion of the Roman Empire, to the beginning of the sixteenth century. In Three Volumes. By William Robertson, D. D. Principal of the University of Edinburgh, and Historiographer to His Majesty for Scotland. ...",William Robertson,43,1770,1,3,"Dublin : printed for W. and W. Smith, A. Leathley, G. Faulkner, S. Powell, P. and W. Wilson, J. Exshaw, H. Saunders, W. Whitestone, W. Sleater, L. Flin, B. Grierson, E. Lynch, D. Chamberlaine, J. Potts, J. Hoey, jun. J. Williams, J. Mitchell, W. Colles, J. Milliken, C. Ingham, and J. Porter, Booksellers, MDCCLXX. [1770].",Dublin,425,male,1721,1793,True
0168200103_000113,Memoirs of the literary and philosophical society of Manchester.,Cadell & Davies,49,1785,3,5,"Warrington [England] : printed by W. Eyres, for T. Cadel in the Strand, London, MDCCLXXXV. [1785]-",Warrington|Manchester.,695,unknown,,,False
1058502700_000002,"Lectures on political principles; the subjects of eighteen books, in Montesquieu's spirit of laws: read to students under the author's direction. By the Rev. David Williams.",David Williams,68,1789,1,1,"London : printed by John Bell, British Library, Strand, Bookseller to His Royal Highness the Prince of Wales, MDCCLXXXIX. [1789].",London,291,male,1738,1816,False
0622301101_000013,"Eloisa: or, a series of original letters collected and published by J. J. Rousseau. Translated from the French. In four volumes. ...",Jean-Jacques Rousseau,56,1761,1,4,"Dublin : printed for James Hunter, 1761.",Dublin,248,male,1712,1778,True
0036900700_000133,"Essays: on poetry and music, as they affect the mind; on laughter, and ludicrous composition; on the usefulness of classical learning. By James Beattie, LL. D. Professor Of Moral Philosophy And Logic In The Marischal College And University Of Aberdeen.",James Beattie,54,1779,1,1,"London : printed for E. and C. Dilly, In The Poultry; and W. Creech, Edinburgh, M.DCC.LXXIX. [1779].",London,526,male,1735,1803,False
0208400700_000133,"The knowledge of divine things from revelation, not from reason or nature. Wherein The Origin and Obligation of Religious Truths are demonstrated: Arguments of Deists, Moralists, &c. proved to have no Foundation in Nature or Reason. The Inlets of Knowledge, The Law of Nature, The several Texts of Scripture relating to this Subject, The Works of Creation, The Eternal Fitness and Reason of Things, The Demonstrations of a Supreme Being, &c. are fully considered and explained. By a gentleman of Brazen-Nose College, Oxford; now of the diocese of Chester.","Ellis, John",60,1743,1,1,"London : printed by J. Watts: and sold by B. Dod at the Bible and Key in Ave-Mary-Lane near Stationers-Hall, J. Fletcher at Oxford, and T. Merrill at Cambridge, MDCCXLIII. [1743].",London,465,unknown,1688,,False
0105602100_000064,"Sermons on the divinity of Christ. By Robert Hawker, Vicar of the Parish of Charles, Plymouth; and Formerly of Magdalene-Hall, Oxford.",Robert Hawker,44,1792,1,1,"London : printed by W. Blackader; for J. Deighton, No 325, Opposite Gray's Inn, Holborn, MDCCXCII. [1792].",London,375,male,1753,1827,False
0038900102_000137,"Essays and treatises on several subjects. In two volumes. By David Hume, Esq; ... Containing Essays, Moral, Political, and Literary.",David Hume,45,1764,2,2,"London : printed for A. Millar, in the Strand; and A. Kincaid and A. Donaldson, at Edinburgh, MDCCLXIV. [1764].",London,492,male,1711,1776,True
0344400300_000016,"Oriental antiquities, and general view of the Othoman customs, laws, and ceremonies: exhibiting many curious pieces of the Eastern Hemisphere, relative to the Christian and Jewish dispensations; with various rites and mysteries of the Oriental Freemasons. Dedicated to the King of Sweden. Translated from the French of M. de M---- d'Ohsson, Knight of the Royal Masonic Orders of Vasa--Templars--Malta--Philippine--Ros a Crucian &c.--Secretary to the King of Sweden; formerly his interpreter and charge d'affairs at the Court of Constantinople.",Ignatius Mouradgea d’Ohsson,50,1788,1,1,"Philadelphia : Printed for the Select Committee and Grand Lodge of Enquiry, M,DCC,LXXXVIII. [1788].",Philadelphia,604,male,1740,1807,False
0984000600_000013,"Alciphron: or, the minute philosopher. In seven dialogues. Containing an apology for the Christian religion, against those who are called free-thinkers.",George Berkeley,52,1752,1,1,"London : printed for J. and R. Tonson and S. Draper in the Strand, MDCCLII. [1752].",London,408,male,1685,1753,True
0984200202_000147,"Aristotle's Ethics and Politics, comprising his practical philosophy, translated from the Greek. Illustrated by introductions and notes; the critical history of his life; and a new analysis of his speculative works; by John Gillies, ... In two volumes. ...",Aristotle,44,1797,2,2,"London : printed for A. Strahan; and T. Cadell jun. and W. Davies, 1797.",London,481,male,,,False
0999300100_000056,"Essays. On the nature and immutability of truth, in opposition to Sophistry and Scepticism. On poetry and music, as they affect the Mind. On laughter, and ludicrous composition. On the utility of classical learning. By James Beattie, LL. D. Professor of Moral Philosophy and Logic in the Marischal College and University of Aberdeen.",James Beattie,54,1776,1,1,"Edinburgh : printed for William Creech, MDCCLXXVI. [1776].",Edinburgh,783,male,1735,1803,False
0806300101_000002,"History of Scotland, from the earliest times, to the æra of the abolition of the hereditary jurisdictions of subjects, in the year 1748. By Robert Heron. ...",Robert Heron,54,1798,1,5,"Edinburgh : printed for T. Cadell, jun. and W. Davies, London, M,DCC,XCVIII. [1798]-99.",Edinburgh,521,male,1764,1807,False
0987600300_000001,"A system of Christian theology: containing an explanation of the doctrines, duties, and precepts, of the Christian religion. By the Rev. Robert Woodward, Curate of Milton and Woughton, Bucks.","Woodward, Robert           1734",43,1791,1,1,"Northampton : printed by T. Dicey and Co., M,DCC,XCI. [1791].",Northampton,208,unknown,,,False
0991100102_000002,"The philosophical and mathematical commentaries of Proclus; surnamed, Plato's successor, on the first book of Euclid's elements. And his life by Marinus. Translated from the Greek. With a preliminary dissertation on the Platonic doctrine of ideas, &c. By Thomas Taylor. ...",Proclus,46,1789,2,2,"London : printed for the author: and sold by T. Payne and Son; B. White and Son; L. Davis; J. Robson; T. Cadell; Leigh and Co. G. Nicol; R. Faulder; and T. and J. Egerton, 1788-89.",London,445,male,410,485,False
0113900600_000022,"Sermons preached before the University of Oxford, in the year 1784, at the lecture founded by the Rev. John Bampton, M. A. Late Canon of Salisbury. By Joseph White, B. D. Fellow of Wadham College, and Laudian Professor of Arabic.",Joseph White,51,1784,1,1,"Oxford : printed for D. Prince and J. Cooke. Sold also by J. F. and C. Rivington, and T. Cadell, London, MDCCLXXXIV. [1784].",Oxford,502,male,1745,1814,False
1032601702_000075,"The divine legation of Moses. In nine books. The fourth edition, corrected and enlarged. By W. Warburton, D. D. Chaplain in Ordinary to his Majesty. ...",William Warburton,45,1755,2,2,"London : printed for J. and P. Knapton, in Ludgate-Street, MDCCLV. [1755].",London,350,male,1698,1779,True
1307500300_000084,"The system of nature, scientifically built on her native principles, the matters of the creation, according to holy writ, never before attempted in any physical system. A new philosophical theory, whereby the original matters, to wit, that of the heaven, that of the earth, and that of light, are scientifically examined, the properties essential to each are discovered, and the procreant powers of all are assigned in the egg of nature, whereby all her operations and phenomena are explained. By Felix O'Gallagher.","O'Gallagher, Felix",69,1798,1,1,"Dublin : Printed for the author, by Campbell and Shea, No. 7, Pitt-Street, 1798.",Dublin,315,unknown,,,False
0916300104_000066,"The method of teaching and studying the belles lettres, or, an introduction to languages, poetry, rhetoric, history, moral philosophy, physicks, &c. ... By Mr. Rollin, ... Translated from the French. ...",Charles Rollin,52,1749,4,4,"London : printed for C. Hitch, 1749.",London,404,male,1661,1741,True
0343801000_000070,Of the importance of religious opinions. Translated from the French of Mr. Necker.,Jacques Necker,48,1788,1,1,"London : printed for J. Johnson, No 72, St. Paul's Church-Yard, M.DCC.LXXXVIII. [1788].",London,495,male,1732,1804,False
0379203102_000012,"Essays, moral and political. Volume II.",David Hume,63,1742,2,2,"Edinburgh : printed for A. Kincaid, near the Cross, by R. Fleming and A. Alison, M.DCC.XLII. [1742].",Edinburgh,211,male,1711,1776,True
1011100300_000018,"An account of Sir Isaac Newton's philosophical discoveries, in four books. By Colin Maclaurin, A. M. Late Fellow of the Royal Society, Professor of Mathematics in the University of Edinburgh, and Secretary to the Philosophical Society there. Published from the author's manuscript papers, by Patrick Murdoch, M. A. and F. R. S.",Colin Maclaurin,52,1775,1,1,"London : printed for J. Nourse, W. Strahan, J. and F. Rivington, W. Johnston, D. Wilson, T. Lowndes, T. Cadell, T. Becket, W. Richardson, T. Longman, and W. Otridge, MDCCLXXV. [1775].",London,454,male,1698,1746,False
0352900201_000008,"The knowledge of divine things from revelation, not from reason or nature. Wherein The Origin and Obligation of Religious Truths are demonstrated: Arguments of Deists, Moralists, &c. proved to have no Foundation in Nature or Reason. The Inlets of Knowledge, The Law of Nature, The several Texts of Scripture relating to this Subject, The Works of Creation, The Eternal Fitness and Reason of Things, The Demonstrations of a Supreme Being, &c. are fully considered and explained. By the late John Ellis, D. D. Vicar of St. Catherine's, Dublin. Vol. I.","Ellis, John",62,1771,1,1,"London : printed by R. Hett; and sold by E. Johnson (successor to Mr. B. Dod) at No 12. in Ave-Mary-Lane, Ludgate-Street, M.DCC.LXXI. [1771].",London,520,unknown,1688,,False
0202000100_000002,"An address to the ingenuous youth of Great-Britain. Together with a body of divinity in miniature: to which is subjoined A plan of education, adapted to the use of schools, And which has been carried into Execution during a Course of near Fifty Years. By the Rev. John Ryland, A.M.",John Collett Ryland,76,1792,1,1,"London : printed for H. D. Symonds, No. 20, Pater-Noster-Row, M.DCC.XCII. [1792].",London,149,male,1723,1792,False
0423100204_000065,"The method of teaching and studying the belles lettres, or, an introduction to languages, poetry, rhetoric, history, moral philosophy, physicks, &c. With Reflections on Taste; and Instructions with regard to the Eloquence of the Pulpit, the Bar, and the Stage. The whole illustrated with Passages from the most famous Poets and Orators, ancient and modern, with Critical Remarks on them. Designed more particularly for Students in the Universities. By Mr. Rollin, late Principal of the University of Paris, Professor of Eloquence in the Royal College, and Member of the Royal Academy of Inscriptions and Belles Lettres. Translated from the French. ...",Charles Rollin,53,1758,4,4,"London : printed for C. Hitch, and L. Hawes, in Pater-Noster Row, M.DCC.LVIII. [1758].",London,398,male,1661,1741,True
1744400100_000067,"Discourses concerning the being and natural perfections of God, in which that first principle of religion, the existence of the Deity, is prov'd, ... By John Abernethy, M.A.",John Abernethy,60,1740,1,1,"Dublin : printed by R. Reilly, for the author, and sold by John Smith, 1740.",Dublin,407,male,1680,1740,False
0331200601_000102,Elements of general history. Translated from the French of the Abbe Millot. Part first. Ancient history. In two volumes. ...,Claude-François-Xavier Millot,51,1779,1,2,"Dublin : printed for Messrs. Price, Potts, R. Cross, Jenkin, Walker, Flinn, Exshaw, E. Cross, White and Beatty, MDCCLXXIX. [1779].",Dublin,583,male,1726,1785,False
0906300108_000097,The spectator. ...,,49,1729,8,8,"London : printed for J. Tonson, at Shakespear's-Head, over-against Katharine-Street in the Strand, 1729.",London,312,unknown,,,False
0124700402_000059,"The Scotch preacher: or, a collection of sermons, by some of the most eminent clergymen of the church of Scotland.",,46,1789,2,4,"Edinburgh : printed for J. Dickson, and sold by C. Elliot & T. Kay, London, 1789.",Edinburgh,384,unknown,,,False
0255100702_000011,"Essays, moral and political.",David Hume,50,1742,2,2,"Edinburgh : printed for A. Kincaid, near the Cross, M.DCC.XLII. [1742].",Edinburgh,208,male,1711,1776,True
1195400201_000001,"The present state of all nations. Containing a geographical, natural, commercial, and political history of all the countries in the known world. Volume the first. The second edition. By T. Smollett, M.D.",Tobias Smollett,47,1768,1,1,"London : printed for R. Baldwin , No. 47, Paternoster-Row ; W. Johnston , No. 16, Ludgate-Street ; S. Crowder , No. 12 ; and Robinson and Roberts, No. 25, Paternoster-Row, MDCCLXVIII. [1768].",London,528,male,1721,1771,True
0955400500_000001,An essay on the beautiful. From the Greek of Plotinus.,Plotinus,51,1792,1,1,"London : printed for the author, and sold by T. Payne, B. White and Son, and G. Nicol, [1792].",London,71,male,204,270,False
0542601600_000037,"Sermons on several subjects. By the Right Reverend Beilby Porteus, D. D. Bishop of London. Vol. I.",Beilby Porteus,47,1789,1,1,"London : printed for T. Payne and Son, at the Mews Gate, and T. Cadell, in the Strand, M.DCC.LXXXIX. [1789].",London,434,male,1731,1809,False
0444400109_000052,"The works of Samuel Johnson, LL.D. A new edition, in twelve volumes. With an essay on his life and genius, by Arthur Murphy, Esq. ...",Samuel Johnson,48,1796,9,12,"London : printed for T. Longman, B. Law, J. Dodsley, H. Baldwin, J. Johnson, C. Dilly, G. G. and J. Robinson, P. Elmsly, J. Nichols, R. Baldwin, H. L. Gardner, F. and C. Rivington, W. Otridge and Son, W. Richardson, B. and J. White, A. Strahan, Leigh and Sotheby, R. Faulder, G. Nicol, T. Payne, W. Lowndes, T. Evans, S. Hayes, G. and T. Wilkie, C. Davis, J. Matthews, T. Egerton, W. Fox, J. Edwards, P. McQueen, Ogilvie and Speare, J. Scatcherd, I. Taylor, Hookham and Co. C. and G. Kearsley, J. Walker, B.C. Collins, E. Newbery, Vernor and Hood, J. Deighton, Darton and Harvey, J. Nunn, Lackington, Allen, and Co. J. Stockdale, J. Cuthell, D. Walker, J. Anderson, Clarke and Son, T. Cadell, jun. and W. Davies, J. Barker, W. Millar, and Murray and Highley, MDCCXCVI. [1796].",London,466,male,1709,1784,True
1267700202_000040,"The historical, biographical, literary, and scientific magazine. The history of Europe, for the year 1799. With an obituary and biographical sketches of persons deceased in that year, &c. &c. By Robert Bisset, LL.D. With the assistance of other literary gentlemen. ...",Robert Bisset,40,1800,2,3,"London : printed and published by G. Cawthorn , British Library, NO. 132, Strand, Bookseller To Her Royal Highness The Princess Of Wales : sold also by Messrs. Richardson , Royal-Exchange ; H. D. Symonds, J. Wallis, West and Hughes , Paternoster-Row ; J. Wright , Piccadilly ; P. Hill, Edinburgh; and all the booksellers in town and country, [1800?].",London,446,male,1759,1805,False
1344702327_000147,"The English review of literature, science, discoveries, inventions, and practical controversies and contests.",Gilbert Stuart,43,1796,27,28,"London [England] : printed for J[ohn]. Murray and S[amuel]. Highly, no. 32, Fleet-Street, M,DCC,XCVI. [1796].",London,611,male,1741,1786,False
0282500300_000056,"Essays on the intellectual powers of man. By Thomas Reid, D. D. F. R. S. E. Professor of Moral Philosophy in the University of Glasgow.",Thomas Reid,53,1785,1,1,"Edinburgh : printed for John Bell, Parliament Square, and G. G. J. & J. Robinson, London, M,DCC,LXXXV. [1785].",Edinburgh,777,male,1710,1796,True
1340400100_000105,"The Young gentleman and lady's monitor, and English teacher's assistant: being a collection of select pieces from our best modern writers: calculated to eradicate vulgar prejudices and rusticity of manners; improve the understanding; rectify the will; purify the passions direct the minds of youth to the pursuit of proper objects; and to facilitate their reading, writing, and speaking the English language, with elegance and propriety. Particularly adapted for the use of our eminent schools ... By J. Hamilton Moore, author of the Practical navigator and Seaman's new daily assistant.",Hugh Gaine,52,1790,1,1,"[New York] : London: printed: New-York: re-printed by Hugh Gaine, at the Bible, in Hanover-Square, M,DCC,XC. [1790].",New York,431,male,1726,1807,False
0325700102_000171,"The works of George Berkeley, D.D. late Bishop of Cloyne in Ireland. To which is added, an account of his life, and several of his letters to Thomas Prior, Esq. Dean Gervais, and Mr. Pope, &c. &c. in two volumes. ...",George Berkeley,59,1784,2,2,"London : printed [by John Exshaw] for G. Robinson, Pater Noster Row, and John Exshaw, in Dublin, MDCCLXXXIV. [1784].",London,664,male,1685,1753,True
0675700101_000011,"A system of the principles of the law of Scotland. By George Wallace, Advocate. Vol. I.","Wallace, George",66,1760,1,1,"Edinburgh : printed for A. Millar, D. Wilson and T. Durham in the Strand, London; and G. Hamilton and J. Balfour, Edinburgh, MDCCLX. [1760].",Edinburgh,614,male,1727,1805,False
0617400400_000035,"An introduction to the history of Great Britain and Ireland: or, an inquiry into the origin, religion, future state, Character, Manners, Morality, Amusements, Persons, Manner of Life, Houses, Navigation, Commerce, Language, Government, Kings, General Assemblies, Courts of Justice, and Juries, of the Britons, Scots, Irish and Anglo-Saxons. By James Macpherson, Esq;",James Macpherson,50,1772,1,1,"London : printed for T. Becket and P. A. de Hondt in the Strand Booksellers to their Royal Highnesses the Prince of Wales and Bishop of Osnabrugh, MDCCLXXII. [1772].",London,370,male,1736,1796,True
1204200100_000004,"The catechist: or, an inquiry into the doctrine of the scriptures, concerning the only true God and object of religious worship. In two parts. By Theophilus Lindsey, A.M.",Theophilus Lindsey,45,1781,1,1,"London : printed for J. Johnson, No. 72, St. Paul's Church-Yard, 1781.",London,162,male,1723,1808,False
0337600601_000008,"All the works of Epictetus, which are now extant; consisting of his discourses, preserved by Arrian, in four books, the Enchiridion, and fragments. Translated from the original Greek, by Elizabeth Carter. With an introduction, and notes, by the translator. In two volumes. ...",Epictetus,52,1768,1,2,"London : printed for J. and F. Rivington, 1768.",London,319,male,50,138,False
0689500110_000649,"Encyclopædia Britannica; or, a dictionary of arts, sciences, &c. On a plan entirely new: By Which, the different sciences and arts Are digested into the Form of Distinct treatises or systems, comprehending The History, Theory, and Practice, of each, according to the Latest Discoveries and Improvements; and full explanations given of the various detached parts of knowledge, whether Relating to Natural and Artificial Objects, or to Matters Ecclesiastical, Civil, Military, Commercial, &c. Together with a description of all the Countries, Cities, Principal Mountains, Seas, Rivers, &c. throughout the World; a General History, Ancient and Modern, of the different Empires, Kingdoms, and States; and An Account of the lives of the most Eminent Persons in every Nation, from the earliest ages down to the present times. The whole compiled from the writings of the best authors, in several languages; the most approved dictionaries, as well of General Science as of particular branches; the transactions, journals, and memoirs, of learned societies, both at home and abroad; the Ms. Lectures of eminent professors on different sciences; and a variety of original materials, furnished by an extensive correspondence. The second edition; greatly improved and enlarged. Illustrated with above two hundred copperplates. Vol. I. Indocti discant, et ament meminisse periti.",,70,1778,10,10,"Edinburgh : printed for J. Balfour and Co. W. Gordon, J. Bell, J. Dickson, C. Elliot, W. Creech, J. Mccliesh, A. Bell, J. Hutton, and C. Macfarquhar, MDCCLXXVIII. [1778].",Edinburgh,1237,unknown,,,False
1092700104_000053,"The philosophical works of the late Right Honorable Henry St. John, Lord Viscount Bolingbroke. In five volumes. Published by David Mallet, Esq; ...","Henry St John, 1st Viscount Bolingbroke",61,1754,4,5,"London : [s.n.], Printed in the Year MDCCLIV. [1754].",London,400,male,1678,1751,True
0939001100_000051,"Philosophical and critical inquiries concerning Christianity. By M. Charles Bonnet, of Geneva, F. R. S. Member of the Royal Academy of Sciences of Paris, &c. &c. Translated by John Lewis Boissier, Esq.",Charles Bonnet,53,1791,1,1,"London : printed for John Stockdale, Piccadilly; and Charles Dilly, Poultry, M.DCC.XCI. [1791].",London,316,male,1720,1793,False
0445400102_000179,"The history of philosophy, from the earliest times to the beginning of the present century; drawn up from Brucker's Historia critica philosophiæ. By William Enfield, LL. D. In two volumes. ...",Johann Jakob Brucker,61,1791,2,2,"London : printed for J. Johnson, St. Paul's Church Yard, M,DCC,XCI. [1791].",London,629,male,1696,1770,False
0909900103_000126,"The works of the late Right Honorable Henry St. John, Lord Viscount Bolingbroke. In five volumes, complete. Published by David Mallet, Esquire. ...","Henry St John, 1st Viscount Bolingbroke",55,1793,3,5,"Dublin : printed by P. Byrne, Grafton-Street, M.DCC.XCIII. [1793].",Dublin,550,male,1678,1751,True
1112900400_000017,"A comparative view of the state and faculties of man with those of the animal world. By John Gregory, M. D. F. R. S. Professor of Medicine in the University of Edinburgh, and First Physician to His Majesty in Scotland.",John Gregory,55,1785,1,1,"London : printed for J. Dodsley in Pall-Mall, M.DCC.LXXXV. [1785].",London,317,male,1724,1773,False
0546800700_000008,"The principles of infidelity and faith consider'd in a comparative view. Two discourses preached before the University of Oxford, ... on the first Sunday in Lent; March the 21. 1768. By John Rawlins, ...","Rawlins, John",46,1768,1,1,"Oxford : printed at the Theatre; for J. Fletcher, and sold by J. Fletcher and Co., London, 1768.",Oxford,82,male,1707,1784,False
1382000601_000005,"The travels of Cyrus. To which is annexed, A discourse upon the theology and mythology of the pagans. By the Chevalier Ramsay.",Andrew Michael Ramsay,57,1757,1,2,"London : printed for J. and R. Tonson in the Strand, MDCCLVII. [1757].",Edinburgh,184,male,1686,1743,True
0191300102_000011,"Letters from the Duchess de Crui and others, on subjects moral and entertaining, wherein the character of the female sex, with their rank, importance, and consequence, is stated, and their relative duties in life are enforced. By a lady. ...",Mary Walker,51,1776,2,5,"London : printed for Robson, New Bond-Street; Walter, Charing-Cross; and Robinson, Pater-Noster Row, MDCCLXXVI. [1776].",London,243,female,1736,,False
1004400104_000077,Dialogues of Plato: ...,Plato,46,1767,4,4,"London : printed for W. Sandby, 1767-79.",London,343,male,426,347,False
1672600200_000257,"The Annual register, or A view of the history, politicks, and literature, of the year 1762.",,54,1763,1,1,"London : Printed for R. and J. Dodsley in Pall-mall, 1763.",London,543,unknown,,,False
0431500400_000010,"An inquiry into the original of our ideas of beauty and virtue; in two treatises. I. Concerning beauty, order, harmony, design. II. Concerning moral good and evil.",Francis Hutcheson,67,1729,1,1,"London : printed for J. and J. Knapton, J. Darby, A. Bettesworth, F. Fayram, J. Pemberton, J. Osborn and T. Longman, C. Rivington, F. Clay, J. Batley, and A. Ward, M.DCC.XXIX. [1729].",London,328,male,1694,1746,True
0252400700_000076,"On the importance of religious opinions. From the French of Mons. Necker. A new translation, to which is prefixed a short account of the author.",Jacques Necker,48,1789,1,1,"Edinburgh : printed for W. Gordon and J. Dickson, M,DCC,LXXXIX. [1789].",Edinburgh,384,male,1732,1804,False
0591601100_000002,"A paraphrase upon the fifteenth chapter of the First Epistle to the Corinthians; with critical notes and Observations, and a preliminary dissertation. A commentary, with Critical Remarks, upon the sixth, seventh, and part of the eigth chapters of the Romans. To which is added, a sermon on Ecclesiastes IX.10. Composed by the Author the Day preceding his Death. By John Alexander.","Alexander, John",49,1766,1,1,"London : printed for J. Buckland, and J. Johnson and B. Davenport, in Pater-Noster Row; T. Becket and P. A. De Hondt, in the Strand; and N. Young, under the Royal Exchange, M.DCC.LXVI. [1766].",London,135,male,1736,1765,False
0543900100_000010,"Letters addressed to the inhabitants of Cork, occasioned by the circulation of a work, entitled, The age of reason, &c. in that city.",Thomas Dix Hincks,57,1795,1,1,"Cork : printed and sold by J. Haly, King's-Arms, Exchange, 1795.",Cork,108,male,1767,1857,False
0423500301_000037,Lectures on female education and manners. ... . By J. Burton.,"Burton, J. (John)",50,1793,1,2,"Rochester : printed for the author, by Gilman and Etherington, and sold by the booksellers in Kent, James Evans, No. 32, Pater-Noster-Row, and John Murray, Fleet-Street, London, 1793.",Rochester,242,male,1745,1806,False
0986400101_000072,"Essays moral and literary. By Vicesimus Knox, M.A. late Fellow of St. John's College, Oxford. In two volumes. ...",Vicesimus Knox,46,1793,1,2,"New-York : Printed by T. Allen. bookseller and stationer, no. 12, Queen-Street, --1793--",New York,355,male,1752,1821,True
0863600700_000008,"A short essay on the propagation and dispersion of animals and vegetables, being cheifly [sic] intended as an answer to a letter lately published, and supposed to be written by a gentleman of Exeter, in favour of equivocal generation.","Sir William Elford, 1st Baronet",58,1786,1,1,"London : printed for G. and T. Wilkie, St. Paul's Church-Yard, and sold by all booksellers in town and country, M,DCC,LXXXVI. [1786].",London,118,male,1749,1837,False
0236000201_000052,"The grecian history. From the original of Greece, to the death of Philip of Macedon. By Temple Stanyan, Esq; in two volumes.",Temple Stanyan,45,1751,1,2,"London : printed for J. and R. Tonson and S. Draper in the Strand, MDCCLI. [1751].",London,514,male,1677,1752,False
0117700100_000006,"The character of the Rev. James Hervey, M. A. Late Rector of Weston Favel, in Northamptonshire, considered, as a man of genius and a preacher -As a Philosopher and Christian United-As a Regenerate Man-As a Man endowed with the Dignity and Prerogatives of a Christian-As a Man of Beautiful Virtue and Holiness. By John Ryland, M.A.",John Collett Ryland,68,1790,1,1,"London : printed by W. Justins, Blackfriars, for R. Thompson, No. 326, Oxford Street. And sold by H.D. Symonds, Paternoster-Row, and Murgatroyd, Chiswell-Street, M,DCC,XC. [1790].",London,448,male,1723,1792,False
0371900800_000109,"Alciphron: or, the minute philosopher. In seven dialogues. Containing an apology for the Christian religion, against those who are called free-thinkers.",George Berkeley,46,1755,1,1,"Dublin : printed for Thomas Watson, Bookseller, at the Poets Heads in Caple-Street, M,DCC,LV. [1755].",Dublin,382,male,1685,1753,True
0493700101_000002,"The history of philosophy, from the earliest times to the beginning of the present century; drawn up from Brucker's Historia critica philosophiæ. By William Enfield, LL.D. In two volumes. ...",Johann Jakob Brucker,46,1792,1,2,"Dublin : printed for P. Wogan, P. Byrne, A. Grueber, W. M'Kenzie, J. Moore, J. Jones, R. M'allister, W. Jones, J. Rice, R. White, and G. Draper. M,DCC,XCII. [1792].",Dublin,591,male,1696,1770,False
0252400700_000029,"On the importance of religious opinions. From the French of Mons. Necker. A new translation, to which is prefixed a short account of the author.",Jacques Necker,51,1789,1,1,"Edinburgh : printed for W. Gordon and J. Dickson, M,DCC,LXXXIX. [1789].",Edinburgh,384,male,1732,1804,False
0910100100_000027,"Free thoughts on practical religion. Digested into short essays on various subjects moral and divine: Collected chiefly with a View to assist young Persons just setting out in Life. To which is added, by way of appendix, a short view of the law and gospel, with some brief Observations on both. In a Method entirely new, easy, and comprehensive. By James Fanch.","Fanch, James",62,1761,1,1,"London : printed for George Keith, at the Bible and Crown, in Gracechurch-Street, MDCCLXI. [1761].",London,139,unknown,,,False
0962900100_000023,"Essays on philosophical subjects. By the late Adam Smith, LL. D. Fellow of the Royal Societies of London and Edinburgh, &c. &c. To which is prefixed, An account of the life and writings of the author; by Dugald Stewart, F. R. S. E.",Adam Smith,42,1799,1,1,"Basil : printed for the editor of the Collection of English Classics, sold by James Decker Printer and Bookseller, 1799.",Basel,430,male,1723,1790,True
0732201301_000097,"An ecclesiastical history, antient and modern, from the birth of Christ, to the beginning of the present century: ... By the late learned John Lawrence Mosheim, ... Translated from the original Latin, ... by Archibald Maclaine, ... In five volumes. ...",Johann Lorenz von Mosheim,54,1768,1,5,"London : printed for A. Millar; and sold by T. Cadell, MDCCLVIII [1768].",London,504,male,1693,1755,False
0225900601_000001,"Lectures on rhetoric and belles lettres. By Hugh Blair, ... In three volumes. ...",Hugh Blair,49,1788,1,3,"Basil : printed by J. J. Tourneisen, 1788.",Basel,417,male,1718,1800,True
0708400200_000065,"An historical disquisition concerning the knowledge which the ancients had of India; and the progress of trade with that country prior to the discovery of the passage to it by the Cape of Good Hope. With an appendix, containing, observations on the Civil Policy-The Laws and Judicial Proceedings-The Arts-The Sciences-And Religious Institutions, of the Indians. By Willia Robertson, D. D. F. R. S. Ed. Principal of the University, and Historiographer to his Majesty for Scotland.",William Robertson,45,1799,1,1,"London : printed for A. Strahan, T. Cadell Jun. and W. Davies, Strand; and E. Balfour, Edinburgh, 1799.",London,484,male,1721,1793,True
0902900201_000051,"Studies of nature. By James-Henry-Bernardin de Saint-Pierre. Translated by Henry Hunter, D. D. Minister of the Scots Church, London-Wall. Second edition. In three volumes. ...",Jacques-Henri Bernardin de Saint-Pierre,57,1799,1,3,"London : printed for C. Dilly, in the Poultry, MDCCXCIX. [1799].",London,691,male,1737,1814,False
0152400301_000001,"A poetical dictionary; or, the beauties of the English Poets, alphabetically displayed. Containing the most celebrated passages in the following Authors, viz. Shakespear, Johnson, Dryden, Lee, Otway, Beaumont, Fletcher, Lansdowne, Butler, Southerne, Addison, Pope, Gay, Garth, Rowe, Young, Thompson, Mallet, Armstrong, Francis, Warton, Whitehead, Mason, Gray, Akenside, Smart, &c. In Four Volumes. ...",,36,1761,1,4,"London : printed for J. Newbery, J. Richardson, S. Crowder and Co. T. Longman, T. Davis [sic], R. Stevens, T. Caslon, J. Coote, and G. Kearsley, MDCCLXI. [1761].",London,307,unknown,,,False
0584300101_000068,"The spectator, with illustrative notes. To which are prefixed the lives of the authors: comprehending Joseph Addison, Sir Richard Steele, Thomas Parnell, John Hughes, Eustace Budgel, Lawrence Eusden, Thomas Tickell, Alexander Pope. With critical remarks on their respective writings. A new edition. By Robert Bisset, L.L.D. Author Of The Life Of Burke, &c. &c.",,42,1799,1,8,"London : printed and published by Geo. Cawthorn, British Library, NO. 132, Strand; sold also by Messrs. Richardson, Royal-Exchange; W. West, and J. Wallis, Paternoster-Row; J. Hatchard and J. Wright, Piccadilly; and P. Hill, Edinburgh, 1799.",London,494,unknown,,,False
0298700305_000130,"An ecclesiastical history, antient and modern, from the birth of Christ, to the beginning of the present century: In which The Rise, Progress, and Variations of Church Power are Considered In their Connexion with the State of Learning and Philosophy, and the Political History of Europe during that Period. By the late learned John Lawrence Mosheim, D.D. And Chancellor of the University of Gottingen. Translated from the original Latin, And accompanied with Notes and Chronological Tables, by Archibald Maclaine, D.D. In six volumes. To the whole is added an accurate index. ...",Johann Lorenz von Mosheim,40,1790,5,6,"London : printed for T. Cadell, In the Strand, MDCCXC. [1790].",London,520,male,1693,1755,False
0829700600_000001,"The meditations of the Emperor Marcus Aurelius Antoninus. A new translation from the Greek original; with a life, notes, &c. By R. Graves, M.A. Rector of Claverton, Somerset; late Fellow of all Souls College, Oxon; and Chaplain to the Countess Dowager of Chatham.",Marcus Aurelius Antoninus,43,1792,1,1,"Bath : printed by R. Cruttwell, for G. G. J. and J. Robinson, Pater-Noster-Row, London, MDCCXCII. [1792].",Bath,381,male,121,180,False
0128200601_000086,"A new and comprehensive system of philology; or, a treatise of the literary arts and sciences, according to their present state. ... . Containing the following Sciences. I. Theology, as a Science. II. Ethics; or Moral Philosophy. III. Judaism; or the Hebrew Revelation. IV. Paganism; or Heathen Divinity. V. Christianity; or Christian Revelation. By Benjamin Martin.",Benjamin Martin,57,1759,1,2,"London : printed and sold by W. Owen, Temple-Bar, and by the author, at his House in Fleet-Street, MDCCLIX. [1759]-64.",London,427,male,1705,1782,True
0196700101_000003,"Sermons and tracts: being the posthumous works of the late reverend Mr. Henry Grove, of Taunton. Published from the author's manuscript. In four volumes.",Henry Grove,50,1740,1,4,"London : printed by John Wilson, at the Turk's-Head in Gracechurch-Street, MDCCXL. [1740].",London,535,male,1684,1738,True
0037700102_000038,"Lectures on natural and experimental philosophy, considered in it's present state of improvement. Describing, in a familiar and easy manney, the principal philomena of nature; and shewing, that they all co-operate in displaying the goodness, wisdom, and power of God. By George Adams, mathematical instrument maker to His Majesty, and optician to His Royal Highness the Price of Wales. In five volumes. The fifth volume consisting of the plates and index. ...",George Adams,54,1794,2,5,"London : printed by R. Hindmarsh, printer to His Royal Highness the Prince of Wales, Old-Bailey. Sold by the author, No. 60, Fleet-Street, 1794.",London,571,male,1750,1795,False
0801700500_000014,"A course of lectures on oratory and criticism. By Joseph Priestley, LL. D. F. R. S.",Joseph Priestley,48,1777,1,1,"London : printed for J. Johnson, No. 72, St. Paul's Church-Yard, MDCCLXXVII. [1777].",London,328,male,1733,1804,True
0220001900_000002,"A plea for the divinity of our Lord Jesus Christ. In a pastoral letter addressed to a congregation of protestant dissenters, at Cambridge.",Robert Robinson,64,1776,1,1,"Cambridge : printed by and for Fletcher and Hodson: sold by G. Keith, in Gracechurch-Street; E. and C. Dilly, in the Poultry; J. Buckland, and S. Crowder, Paternoster-Row, London, M.DCC.LXXVI. [1776].",Cambridge,110,male,1735,1790,False
0443000200_000017,"The history of the decline and fall of the Roman Empire. By Edward Gibbon, Esq; volume the first.",Edward Gibbon,39,1776,1,1,"London : printed for W. Strahan; and T. Cadell, 1776.",London,695,male,1737,1794,True
0569600101_000011,"The complete dictionary of arts and sciences. In which the whole circle of human learning is explained, And the Difficulties attending the Acquisition of Every Art, Whether Liberal or Mechanical, are Removed, in the most easy and familiar manner. Among the various Branches of Literature explained in this Work are the following, viz. Agriculture Algebra Anatomy Architecture Arithmetic Astronomy Botany Catoptrics Chemistry Chronology Commerce Conics Cosmography Dialling Dioptrics Ethics Fluxions Fortification Gardening Gauging Geography Geometry Grammar Gunnery Handicrafts Heraldry History Horsemanship Husbandry Hydraulics Hydrography Hydrostatics Law Levelling Logic Maritime And Military Affairs Mathematics Mechanics Merchandize Metaphysics Meteorology Music Navigation Optics Painting Perspective Pharmacy Philology Philosophy Physic Pneumatics Rhetoric Sculpture Series Statics Statuary Surgery Surveying Theology, &c. The theological, philological, and critical branches, by the Rev. Temple Henry Croker, A. M. Chaplain to the Right Honourable the Earl of Hillsborough. The medicinal, anatomical, and chemical, by Thomas Williams, M. D. The mathematical by Samuel Clark, Author of an Easy Introduction to the Theory and Practice of Mechanics. and the other parts by several gentlemen particularly conversant in the Arts or Sciences they have undertaken to explain.","Williams, Thomas, M.D.",51,1764,1,3,"London : printed for the authors, and sold by J. Wilson & J. Fell, Pater-Noster Row; J. Fletcher & Co. St. Paul's Church-Yard; J. Coote, Pater-Noster Row; Mess. Fletcher & Hodson, Cambridge; and W. Smith & Co. Dublin, MDCCLXIV. [1764].",London,687,unknown,,,False
0208300200_000016,"Elements of the critical philosophy: containing a concise account of its origin and tendency; a view of all the works published by its founder, Professor Immanuel Kant; and a glossary for the Explanation of Terms and Phrases. To which are added: Three philological essays; chiefly translated from the German of John Christopher Adelung; Aulic Counsellor and First Librarian to the Elector of Saxony. By A. F. M. Willich, M.D.","Willich, Anthony Florian Madinger",88,1798,1,1,"London : printed for T. N. Longman, No. 39. Paternoster-Row, 1798.",London,198,unknown,,,False
0423100201_000018,"The method of teaching and studying the belles lettres, or, an introduction to languages, poetry, rhetoric, history, moral philosophy, physicks, &c. With Reflections on Taste; and Instructions with regard to the Eloquence of the Pulpit, the Bar, and the Stage. The whole illustrated with Passages from the most famous Poets and Orators, ancient and modern, with Critical Remarks on them. Designed more particularly for Students in the Universities. By Mr. Rollin, late Principal of the University of Paris, Professor of Eloquence in the Royal College, and Member of the Royal Academy of Inscriptions and Belles Lettres. Translated from the French. ...",Charles Rollin,45,1758,1,4,"London : printed for C. Hitch, and L. Hawes, in Pater-Noster Row, M.DCC.LVIII. [1758].",London,361,male,1661,1741,True
0387101700_000050,"The principles of natural law. By J.J. Burlamaqui, Counsellor of State, and late Professor of Natural and Civil Law at Geneva. Translated by Mr. Nugent.",Jean-Jacques Burlamaqui,81,1776,1,1,"Dublin : printed for J. Sheppard and G. Nugent, (no. 7.) in Anne Street, Stephen's Green, MDCCLXXVI. [1776].",Dublin,290,unknown,1694,1748,False
1260600701_000016,"Moral essays, chiefly collected from different authors. By A. M. ...",Alison Man,45,1796,1,2,"Liverpool : printed by J. M'creery, 1796.",Liverpool,268,unknown,,,False
1729600100_000133,"The Oriental miscellany: or, Authentic repository of all public events that have happened since the sailing of the East-India fleet in June 1781, to January 1782.",,54,1782,1,1,"London : Printed for J. Woodmason, MDCCLXXXII. [1782].",London,435,unknown,,,False
0533401700_000003,"Remarks on a publication, entitled, ""A serious admonition to the disciples of Thomas Paine, and all other infidels"". By Abraham Binns.","Binns, Abraham",52,1796,1,1,"Stockport : printed for the author, by J. Clarke, 1796.",Stockport,31,unknown,,,False
1740200601_000072,"Essays moral and literary. By Vicesimus Knox, ...",Vicesimus Knox,47,1791,1,2,"London : printed for Charles Dilly, 1791.",London,370,male,1752,1821,False
1273500300_000021,"Hints and observations on the improvement of agriculture. By James M'phail, Gardener To The Right Hon. Lord Hawkesbury.",James Macphail,44,1795,1,1,"London : printed for T. Cadell, Junior, and W. Davies, (successors to Mr. Cadell) In The Strand ; and Bell and Bradfute, at Edinburgh, 1795.",London,364,male,,1805,False
0805300201_000149,"The reasonableness and certainty of the Christian religion. ... By Robert Jenkin, D. D. Lady Margaret's Professor of Divinity, and Master of St. John's College in Cambridge.",Robert Jenkin,67,1721,1,2,"London : printed by W.B. for Richard Sare near Grays-Inn-Gate in Holborn, 1721.",London,498,male,1656,1727,False
0287500101_000137,"The reasonableness and certainty of the Christian religion. ... By Robert Jenkin, late Fellow of St. John's College in Cambridge.",Robert Jenkin,61,1708,1,2,"London : printed by W. B. for Richard Sare at Grays-Inn Gate in Holborn, 1708.",London,543,male,1656,1727,False
0533900120_000284,"The annual register, or a view of the history, politics, and literature, for the year 1777.",,48,1778,1,1,"London : printed for J. Dodsley, 1778.",London,595,unknown,,,False
0760100104_000051,"An ecclesiastical history, antient and modern, from the birth of Christ, ... By ... John Lawrence Mosheim, ... Translated from the original, and accompanied with notes and chronological tables, by Archibald Maclaine, ... In four volumes. ...",Johann Lorenz von Mosheim,42,1767,4,4,"Dublin : printed for Ann Leathley, 1767.",Dublin,555,male,1693,1755,False
0283100406_000037,Antient metaphysics. Volume sixth.,"James Burnett, Lord Monboddo",95,1799,6,6,"Edinburgh : printed for Bell & Bradfute; and Caddell [sic] & Davies, in the Strand, London, M,DCC,XCIX. [1799].",Edinburgh,369,male,1714,1799,False
0742401700_000003,"An examination of Dr. Reid's Inquiry into the human mind on the principles of common sense, Dr. Beattie's Essay on the nature and immutability of truth, and Dr. Oswald's Appeal to common sense in behalf of religion. By Joseph Priestley, LL. D. F. R. S.",Joseph Priestley,49,1775,1,1,"London : printed for J. Johnson, No. 72, St. Paul's Church-Yard, M.DCC.LXXV. [1775].",London,432,male,1733,1804,True
0733901101_000058,The works of Sir William Jones. In six volumes. ...,William Jones,47,1799,1,6,"London : printed for G. G. and J. Robinson, Pater-Noster-Row; and R. H. Evans (successor to Mr. Edwards), No. 26, Pall-Mall, MDCCXCIX. [1799].",London,603,male,1746,1794,False
0631600200_000027,"An apology for Christianity, in a series of letters, addressed to Edward Gibbon, Esq. Author of the History of the Decline and Fall of the Roman Empire. By R. Watson, D.D. F.R.S. and Regius Professor of Divinity in the University of Cambridge.","Watson, Richard",45,1791,1,1,"London : printed for T. Evans in the Strand, and in the Great Market, Bury St. Edmund's; J. and J. Merrill, Cambridge; J. Fletcher, and Prince and Cooke, Oxford; P. Hill, Edinburgh; and W. M'Kenzie, Dublin, M.DCC.XCI. [1791].",London,255,male,1737,1816,True
0124600600_000073,"Sermons, chiefly intended to promote faith, hope, and charity. By Vicesimus Knox, D. D.",Vicesimus Knox,44,1793,1,1,"London : printed for Charles Dilly, MDCCXCIII. [1793].",London,562,male,1752,1821,True
0114400201_000009,"Discourses on the parables of Our Blessed Saviour, and the miracles of his holy gospel. With occasional illustrations in four volumes. By Charles Bulkley. ...",Charles Bulkley,70,1771,1,4,"London : printed for the author; and sold by R. Horsfield, in Ludgate-Street; J. Johnson, in St. Paul's Church-Yard; F. Blyth, and W. Domville, at the Royal Exchange, 1771.",London,405,male,1719,1797,False
0734000102_000035,The works of Sir William Jones. In six volumes. ...,William Jones,55,1799,2,6,"London : printed for G. G. and J. Robinson, Pater-Noster-Row; and R. H. Evans (successor to Mr. Edwards), No. 26, Pall-Mall, MDCCXCIX. [1799].",London,656,male,1746,1794,False
0485701800_000003,"A new system of the spleen, vapours, and Hypochondriack Melancholy: wherein all the decays of the nerves, and lownesses of the spirits, are mechanically accounted for. To which is subjoin'd, A discourse upon the Nature, Cause, and Cure, of Melancholy, Madness, and Lunacy. With a particular dissertation on the Origine of the Passions; the Structure, Mechanism, and Modulation of the Nerves, necessary to produce Sensation in Animal Bodies. To which is prefix'd, A philosophical essay concerning the Principles of Thought, Sensation, and Reflection; and the Manner how those noble Endowments are disconcerted under the foregoing Diseases. By Nicholas Robinson, M.D. and of the College of Physicians, London.",Nicholas Robinson,75,1729,1,1,"London : Printed [by Samuel Aris] for A. Bettesworth, W. Innys, and C. Rivington, M.DCC.XXIX. [1729].",London,427,male,1697,1775,False
0461600100_000037,"A new and universal dictionary of arts and sciences: ... With an introductory preface, ... And illustrated with a great number of copper-plates, engraven by the best hands.",John Barrow,49,1751,1,1,"London : printed for the proprietors, and sold by John Hinton, 1751.",London,576,male,,,False
0476600400_000058,"The evidences of the Christian religion. With additional discourses on the following subjects, viz. Of God, and his attributes. The power and wisdom of God in the creation. The Providence of God The Worship of God. Advantages of Revelation above Natural Reason. Excellency of the Christian Institution. Dignity of the Scripture-Language. Against Atheism and Infidelity. Against the Modern Free-Thinkers. Immortality of the Soul, and a Future State. Death and Judgment. Collected from the writings of the Right Honourable Joseph Addison, Esq;",Joseph Addison,42,1772,1,1,"Edinburgh : printed by Gavin Alston. Sold at his printing-house, Fish-Market Close, MDCCLXXII. [1772].",Edinburgh,270,male,1672,1719,True
0082900400_000083,"An historical disquisition concerning the knowledge which the ancients had of India; and the progress of trade with that country prior to the discovery of the passage to it by the Cape of Good Hope. With an appendix, containing observations on the Civil Policy - the Laws and Judicial Proceedings - the Arts - the Sciences - and Religious Institutions, of the Indians. By William Robertson, D. D. F. R. S. Ed. Principal of the University, and Historiographer to his Majesty for Scotland.",William Robertson,48,1792,1,1,"Basil : printed and sold by J. J. Tourneisen, MDCCXCII. [1792].",Basel,407,male,1721,1793,True
0100703100_000037,"A compendious way of teaching antient and modern languages, formerly practised by the learned Tanaquil Faber; and now with little alteration, successfully executed in London: with observations on the same subject by several eminent men, viz. Roger Ascham, Richard Carew, Mr. Milton, Mr. Lock, &c. With an account of the education of the Dauphine, and of his sons, the Duke of Burgundy, Anton, and Berry; with the Marchioness of Lambert's letter to her son. To which is added, an essay on rational grammar. The third edition very much enlarg'd. By J. T. Philipps, preceptor to His Royal Highness Prince William, Duke of Cumberland.","Philipps, J. T. (Jenkin Thomas)",51,1728,1,1,"London : printed for W. Meadows at the angel in Cornhill, 1728.",London,243,unknown,,,False
0586101300_000001,"A plan of education for a young prince. By The chevalier Ramsay, author of The travels of Cyrus. To which is added, A thought relating to education, Offer'd to the Examination of such as have Noblemen and Gentlemen (from the Age of Eight to Twelve, aut circiter) under their Care.",Andrew Michael Ramsay,52,1732,1,1,"London : printed for J. Wilford, at the Three Flower-de-Luces, behind the Chapter-House, near St. Paul's, 1732.",London,47,male,1686,1743,True
0921501201_000022,"The advantage and necessity of the Christian revelation, shewn from the state of religion in the antient heathen world: especially with respect to the Knowledge and Worship of the one True God: a rule of Moral Duty: and a State of future rewards and punishments. To which is prefixed, a preliminary discourse on natural and revealed religion. In two volumes. By John Leland, D.D. Author of the View of the Deistical Writers, &c. The third edition, with additions which are not in the London copy. Revised and corrected by the author. ...",John Leland,69,1776,1,2,"Dublin : printed for Jos. Sheppard and Geo. Nugent, Anne-Street, Stephen's-Green, M.DCC.LXX.VI. [1776].",Dublin,436,male,1691,1766,False
0164300200_000071,"Elements of civil knowledge. By Henry Redhead Yorke, Esq.",Henry Redhead Yorke,47,1800,1,1,"Dorchester : printed for the author by T. Lockett, 1800.",Dorchester,349,male,1772,1813,False
0329500800_000061,"An essay on the scheme and conduct, procedure and extent of man's redemption. Wherein is shown, from the Holy Scriptures, that This great Work is to be accomplished by a gradual Restoration of Man and Nature to their primitive State. To which is annexed A dissertation on the design and argumentation of the Book of Job. The second edition, improved and enlarged. By William Worthington, M. A. Vicar of Llanrhaiadr in Mochnant, in the Court of Denbigh.","Worthington, William",65,1748,1,1,"London : printed for Edward Cave, at St John's Gate, M.DCC.XLVIII. [1748].",London,464,male,1703,1778,False
0256700700_000004,"The theology of Plato, compared with the principles of oriental and Grecian philosophers. By John Ogilvie, D.D. F.R.S.E.","Ogilvie, John",44,1793,1,1,"London : printed for J. Deighton, Holborn, MDCCXCIII. [1793].",London,228,male,1732,1813,False
1334700700_000334,"Discourses on the credibility of the Scriptures: in which the truth, inspiration, and usefulness of the Scriptures are asserted and proved. By the late Reverend Benjamin Bennet.","Blauvelt, Abraham",55,1795,1,1,"New-Brunswick [N.J.] : Printed by Abraham Blauvelt, 1795.",New Brunswick,660,male,1764,1838,False
0400700101_000025,"The works of Francis Bacon, Baron of Verulam, Viscount St. Alban, and Lord High Chancellor of England. In three volumes. To which is prefixed, a life of the author, by Mr. Mallet.",Francis Bacon,47,1753,1,3,"London : printed for A. Millar in the Strand, MDCCLIII. [1753].",London,805,male,1561,1626,True
0405701001_000010,"The adventures of Telemachus the son of Ulysses. Written in French by the late Mr. Francis de Salignac de la Motte Fenelon, Preceptor to the Children of France, and afterwards Archbishop of Cambray. Translated from the last Paris edition, which is the only genuine, and agreeable to the Author's Manuscript; and dedicated to the King of France. Done into English by Mr. Is. Littlebury and Mr. A. Boyer. ...",François Fénelon,53,1719,1,2,"London : printed for William Churchill at the Black Swan in Pater-Noster-Row, 1719.",London,345,male,1651,1715,True
0319400100_000006,"The necessity and truth of the three principal revelations demonstrated from the gradations of science, and the progress of the mental faculties, in a sermon, preached before the University of Cambridge, on Commencement Sunday, June XXIX, M.DCC.LXXVII. By Samuel Cooper, D. D. Formerly Fellow of Magdalen College, now rector of Morley and Yelverton in Norfolk, and Chaplain to the King's own regiment of dragoons.","Cooper, Samuel",53,1777,1,1,"Cambridge : printed by J. Archdeacon Printer to the University; for J. Woodyer, and T. & J. Merrill in Cambridge; and sold by T. Becket, and B. White, Fleetstreet, T. Cadell, in the Strand; T. Beecroft, Pater-Noster-Row, J. Wilkie, Saint Paul's Church Yard, and J. Fiske, near Portman Square, London, M.DCC.LXXVII. [1777].",Cambridge,26,male,1739,1800,False
0031700700_000018,Remarks on the life and writings of Plato. With answers to the principal objections against him; and a general view of his dialogues.,"Macfait, Ebenezer           1786",51,1760,1,1,"Edinburgh : printed for A. Millar, London; A. Kincaid and J. Bell, Edr., MDCCLX. [1760].",Edinburgh,322,unknown,,,False
0381601100_000073,"Some thoughts concerning education. By John Locke, Esq;",John Locke,63,1764,1,1,"London : printed for A. Millar, H. Woodfall, J. Whiston and B. White, J. Rivington, L. Davis and C. Reymers, R. Baldwin; Hawes, Clarke, and Collins; W. Johnston, W. Owen, J. Richardson, S. Crowder, T. Longman, B. Law, C. Rivington, E. Dilly, R. Withy, C. and R. Ware, S. Baker, T. Payne, A. Shuckburgh, and J. Hinxman. [and 16 others in London], MDCCLXIV. [1764].",London,335,male,1632,1704,True
1059101600_000031,"The history of the belles lettres, and of arts and sciences, from their origin, down to this present time. Being an introduction to the study of the belles lettres. Translated from the French of M. Juvenal de Carlencas. With a compleat alphabetical index.",Félix de Juvenel de Carlencas,50,1741,1,1,"London : printed for James Hodges, at the Looking-Glass, over-against St. Magnus Church, London-Bridge, 1741.",London,341,male,1679,1760,False
0446900201_000036,"The young gentleman and lady instructed in such principles of politeness, prudence, and virtue, as will lay a sure foundation for gaining respect, esteem, and satisfaction in this Life, and Eternal Happiness in a future State; Interspersed with such Observations and Maxims, As demonstrate The Danger and Folly of Vice, and, the Advantage and Wisdom of Virtue. Authorised by the King's Most Excellent Majesty. ...",,60,1747,1,2,"London : printed only for Edward Wicksteed, at the Black Swan in Newgate-Street, near Newgate-Market, 1747.",London,404,unknown,,,False
0762900200_000001,"The complete farmer: or, a general dictionary of husbandry in all its branches; containing the various methods of cultivating and improving every species of land, according to the precepts of both the old and new Husbandry. Comprising every Thing valuable in the best Writers on this Subject, viz. Linnaeus, Chateauvieux, the Marquis of Turbilly, Platt, Evelyn, Worlidge, Mortimer, Tull, Ellis, Miller, Hale, Lisle, Roque, Mills, Young, Marshall, &c. &c. Together with A great variety of new discoveries and improvements. Also The whole Business of Breeding, Managing, and Fattening Cattle and Poultry of all Kinds; and the most approved Manner of curing the various Diseases to which they are subject. Together with the Manner of raising Bees, and of acquiring large Quantities of Wax and Honey, without destroying those laborious Insects. Also, the Management of Vines, and the best Method of making all Sorts of Wines. Illustrated with a great variety of copper-plates, accurately engraved; exhibiting all the Instruments used in Husbandry; particularly those lately invented, as well as those presented to the Society for the Encouragement of Arts, &c. in London; many of which have never yet approved in a Work of this Nature. The fourth edition, considerably improved, and greatly enlarged. By a society of gentlemen, members of the society for the encouragement of arts, manufactures, and commerce.",Society of Gentlemen,47,1793,1,1,"London : printed for T. Longman, B. Law, G. G. J. and J. Robinson, T. Cadell, R. Baldwin, W. Otridge, and W. Lowndes, 1793].",London,767,unknown,,,False
0414800801_000022,"The Historical, political, and literary register. Containing an account of every public transaction. ... of the year ...","Potts, James",50,1770,1,1,"Dublin [Ireland] : printed by James Potts, in Dame-Street, MDCCLXX. [1770-",Dublin,487,unknown,,,False
0297300105_000382,"The works of the late reverend and learned Isaac Watts, D.D. published by himself, and now collected into six volumes. In which are also inserted the second part of the Improvement of the mind, An essay on education, and some additions to his Miscellaneous thoughts in prose and verse. Now first published from his manuscripts, and, the Direction of his Will, revised and corrected by D. Jennings, D.D. and the late P. Doddridge, D.D. ...",Isaac Watts,47,1753,5,6,"London : printed for T. and T. Longman at the Ship, and J. Buckland at the Buck, in Pater-Noster-Row; J. Oswald at the Rose and Crown in the Poultry; J. Waugh at the Turk's-Head in Lombard-Street; and J. Ward at the King's-Arms in Cornhill, MDCCLIII. [1753].",London,682,male,1674,1748,True
0981800200_000025,"The life of Francis Bacon, Baron of Verulam, Viscount St. Alban, Lord High Chancellor of England. By Mr. Mallet. With an appendix, Containing Several Pieces not printed in the last Edition of his Works. Published from the Original Mss in the Possession of the Right Honourable the Earl of Oxford.",David Mallet,57,1760,1,1,"London : printed for A. Millar, against St. Clement's Church, in the Strand, M.DCC.LX. [1760].",London,226,male,1705,1765,False
0430300301_000018,"The method of teaching and studying the belles lettres; or, an introduction to languages, poetry, rhetoric, history, moral philosophy, physics, &c. with Reflections on Taste, and Instructions with regard to the Eloquence of the Pulpit, the Bar, and the Stage. The whole illustrated with Passages from the most famous Poets and Orators, ancient and modern, with critical Remarks on them. Designed more particularly for students in the universities. By Mr. Rollin, late Principal of the University of Paris, Professor of Eloquence in the Royal College, and Member of the Royal Academy of Inscriptions and Belles Lettres. Translated from the French. ...",Charles Rollin,46,1778,1,4,"Dublin : printed for J. Beatty, No. 32, Skinner-Row, M,DCC,LXXVIII. [1778].",Dublin,357,male,1661,1741,True
0375600200_000023,"An introduction to the classics: containing, a short discourse on their excellencies; and directions how to study them to advantage. With an essay on the nature and use of those emphatical and beautiful figures which give strength and ornament to writing. By Anthony Blackwall, M.A.",Anthony Blackwall,58,1746,1,1,"London : printed for John and James Rivington, at the Bible and Crown in St. Paul's Church-Yard, M.DCCXLVI. [1746].",London,286,male,1672,1730,False
