PassageID,Title,Author,Total termFreq,Publication Year,Volume Number,Total Volumes,Imprint,Publication Place,Total Pages,Gender,Birth Year,Death Year,Popular Authors
0004900300_000002,"The history civil and commercial, of the British colonies in the West Indies. To which is added, an historical survey of the French colony in the island of St. Domingo. Abridged from The history written by Bryan Edwards Esq. Illustrated With A Map.",Bryan Edwards,63,1798,1,1,"London : printed for B. Crosby, Stationer's Court; for Mundell & Son, Edinburgh; and J. Mundell, College, Glasgow, 1798.",London,442,male,1743,1800,False
0606000402_000011,"The history, civil and commercial, of the British colonies in the West Indies. In two volumes. By Bryan Edwards, ...",Bryan Edwards,58,1793,2,2,"Dublin : Luke White, 1793.",Dublin,493,male,1743,1800,False
0452802600_000006,"Observations on the project for abolishing the slave trade, and on the reasonableness of attempting some practicable mode of relieving the negroes. By John Lord Sheffield.","John Baker Holroyd, 1st Earl of Sheffield",54,1791,1,1,"London : printed by J. Cooper, Bow Street, Covent Garden, for J. Debrett, opposite Burlington House, Piccadilly, M.DCC.XCI. [1791].",London,75,male,1735,1821,False
1156000300_000011,"Slavery inconsistent with the spirit of Christianity. A sermon preached at Cambridge, On Sunday, Feb. 10, 1788, By Robert Robinson.",Robert Robinson,51,1788,1,1,"Cambridge : printed by J. Archdeacon Printer to the University; and sold by Bowtell, and Cowper, Cambridge; and by Dilly, London, MDCCLXXXVIII. [1788].",Cambridge,38,male,1735,1790,False
0151104400_000006,"Substance of the speech of His Royal Highness the Duke of Clarence, in the House of Lords, on the motion for the recommitment of the slave trade limitation bill, on the fifth day of July, 1799. (published at the Request of the West India Merchants and Planters, and the Mercantile Interest of Liverpool.)",Great Britain. Parliament. House of Lords,61,1799,1,1,"London : printed by C. Whittingham, Dean Street, Fetter Lane; and sold by F. and C. Rivington, St. Paul's Church Yard, [1799].",London,70,unknown,,,False
0072002600_000028,A review of the principal proceedings of the Parliament of 1784.,,74,1785,1,1,"London : [ printed for J. Stockdale, and ] R. Edwards, No. 142, New Bond Street, [1785?].",London,179,unknown,,,False
0072002600_000027,A review of the principal proceedings of the Parliament of 1784.,,60,1785,1,1,"London : [ printed for J. Stockdale, and ] R. Edwards, No. 142, New Bond Street, [1785?].",London,179,unknown,,,False
0316501100_000076,"The african slave trade: or a short view of the evidence, relative to that subject, produced before the House of Commons, Interspersed with such Remarks as naturally flowed from it. All meant to evince the sound policy and moral obligation of its immediate and entire abolition: As Also, Of adopting such measures as may ascertain Liberty to the present Slaves in due time.",Niel Douglas,61,1792,1,1,"Edinburgh : published by J. Guthrie, No 2. Nicolson-Street; and sold by the principal Booksellers in Town and Country, M.DCC.XCII. [1792].",Edinburgh,209,male,1750,1823,False
0163100204_000033,"The history of the reign of George the Third, king of Great Britain, &c. from the conclusion of the seventh session of the sixteenth Parliament, in 1790, to the End of the Sixth Session of the Seventeenth Parliament of Great Britain, in 1796. By Robert Macfarlan, Esq. Vol.IV.",Robert Macfarlan,43,1796,4,4,"London : printed for the author, and sold by T. Evans, in Paternoster-Row, MDCCXCVI. [1796].",London,661,male,1734,1804,False
1286200800_000031,"A reply to the personal invectives and objections contained in two answers, published by certain anonymous persons, to an essay on the treatment and conversion of African slaves, in the British colonies, by James Ramsay, M. A. Vicar of Teston.",James Ramsay,53,1785,1,1,"London : printed and sold by James Phillips, in George-Yard, Lombard-Street, M CD Clxxxv [1785].",London,143,male,1733,1789,False
0452802600_000011,"Observations on the project for abolishing the slave trade, and on the reasonableness of attempting some practicable mode of relieving the negroes. By John Lord Sheffield.","John Baker Holroyd, 1st Earl of Sheffield",78,1791,1,1,"London : printed by J. Cooper, Bow Street, Covent Garden, for J. Debrett, opposite Burlington House, Piccadilly, M.DCC.XCI. [1791].",London,75,male,1735,1821,False
0464201000_000015,"Remarks on the slave trade, and the Slavery of the Negroes. In a series of letters.",Africanus,56,1788,1,1,"London : printed and sold by J. Phillips, George-Yard, Lombard-Street; and sold also by T. Payne and Sons, Meuse-Gate, Charing-Cross; and Chase and Co. Norwich, MDCCLXXXVIII. [1788].",London,89,unknown,,,False
0151301400_000003,"A short account of the African slave trade, collected from local knowledge, from the evidence given at the bar of both House of Parliament, and, from tracts written upon that subject.","Norris, Robert           1791",56,1788,1,1,"Liverpool : printed at Ann Smith's navigation shop, Pool-Lane, M,DCC,LXXXVIII. [1788].",Liverpool,21,unknown,,,False
0004900300_000041,"The history civil and commercial, of the British colonies in the West Indies. To which is added, an historical survey of the French colony in the island of St. Domingo. Abridged from The history written by Bryan Edwards Esq. Illustrated With A Map.",Bryan Edwards,54,1798,1,1,"London : printed for B. Crosby, Stationer's Court; for Mundell & Son, Edinburgh; and J. Mundell, College, Glasgow, 1798.",London,442,male,1743,1800,False
0452802500_000011,"Observations on the project for abolishing the slave trade, and on the reasonableness of attempting some practicable mode of relieving the negroes.","John Baker Holroyd, 1st Earl of Sheffield",50,1790,1,1,"London : printed for J. Debrett, opposite Burlington House, Piccadilly, M.DCC.XC. [1790].",London,75,male,1735,1821,False
0175600301_000325,"The history of America, from its discovery by Columbus to the conclusion of the late war. With an appendix, containing an account of the rise and progress of the present unhappy contest between Great Britain and her colonies. By William Russell, Esq. of Gray's-Inn. ...",William Russell,47,1778,1,2,"London : printed for Fielding and Walker, No. 20, Pater-Noster-Row, MDCCLXXVIII. [1778].",London,598,male,1741,1793,False
0424400300_000001,"The history civil and commercial, of the British colonies in the West Indies. To which is added, an historical survey of the French colony in the island of St. Domingo. Abridged from The history written by Bryan Edwards. Esq. Illustrated with a map.",Bryan Edwards,54,1799,1,1,"London : printed for Crosby and Letterman , Stationer's Court, near Paternoster Row ; for Mundell and Son, Edinburgh; and J. Mundell, College, Glasgow, 1799.",London,384,male,1743,1800,False
0424400300_000046,"The history civil and commercial, of the British colonies in the West Indies. To which is added, an historical survey of the French colony in the island of St. Domingo. Abridged from The history written by Bryan Edwards. Esq. Illustrated with a map.",Bryan Edwards,46,1799,1,1,"London : printed for Crosby and Letterman , Stationer's Court, near Paternoster Row ; for Mundell and Son, Edinburgh; and J. Mundell, College, Glasgow, 1799.",London,384,male,1743,1800,False
0004900300_000040,"The history civil and commercial, of the British colonies in the West Indies. To which is added, an historical survey of the French colony in the island of St. Domingo. Abridged from The history written by Bryan Edwards Esq. Illustrated With A Map.",Bryan Edwards,41,1798,1,1,"London : printed for B. Crosby, Stationer's Court; for Mundell & Son, Edinburgh; and J. Mundell, College, Glasgow, 1798.",London,442,male,1743,1800,False
0463901900_000001,"The slave-Trade indispensable: in answer to the speech of William Wilberforce, Esq. on the 13th of May, 1789. By a West-India-Merchant.","Innes, William",57,1790,1,1,"London : sold by W. Richardson , Royal Exchange ; J. Murray , Fleet-Street ; and J. Debrett, Piccadilly, M.DCC.XC. [1790].",London,79,male,1720,1795,False
0256800200_000014,"Considerations on the abolition of slavery and the slave trade, upon grounds of natural, religious, and political duty.",Thomas Burgess,87,1789,1,1,"Oxford : sold by D. Prince and J. Cooke; J. and J. Fletcher: and by Elmsly, White, Payne, Cadell, London, MDCCLXXXIX. [1789].",Oxford,171,male,1756,1837,False
1150400200_000029,A review of the principal proceedings of the Parliament of 1784.,,70,1792,1,1,"London : printed for R. Edwards, No. 142, New Bond Street, 1792.",London,188,unknown,,,False
0233701000_000017,"Abstract of the evidence, contained in the report of the Lords of the Committee of Council, relative to the slave-trade, and the treatment of the slaves in the Sugar Islands: also an abridgement of such of the colonial laws, as relate to the treatment of the slaves.",Great Britain. Board of trade,80,1790,1,1,"[London], [s.n.], M.DCC.XC. [1790].",London,91,unknown,,,False
0681000700_000003,"Some observations, shewing The danger of Losing the Trade of the Sugar Colonies. Humbly Offer'd To the consideration of the parliament. By a Planter.","Cleland, William",67,1714,1,1,"London : [s.n.], Printed in the Year, MDCCXIV. [1714].",London,14,male,1692,1716,False
0525100400_000006,"Candid reflections upon the judgement lately awarded by the Court of King's Bench, in Westminster-Hall, on what is commonly called the negroe-cause, by a planter.",Edward Long,57,1772,1,1,"London : printed for T. Lowndes, No 77, Fleet-stree[t], MDCCLXXII. [1772].",London,79,male,1735,1813,False
0553800400_000217,"The american geography; or, a view of the present situation of the United States of America. Containing astronomical geography; geographical definitions, discovery, and general description Of their Boundaries; Mountains; Lakes; Bays, and Rivers; Natural History; Production; Population; Government; Agriculture; Commerce; Manufactures; and History. - A concise account of the War, and of the important Events which have succeeded: A Particular Description of Kentucky, the Western Territory, the Territory South of Ohio, and Vermong: Of their Extent; Civil Divisions; Chief Towns; Climates; Soils; Trade; Character; Constitutions; Courts of Justice; Colleges; Academies; Religion; Islands; Indians; Literary and Humane Societies; Springs; Curiosities; Histories; Mines; Minerals; Military Strength, &c. With a view of the British, Spanish, French, Portuguese, and Dutch Dominions, on the Continent, and in the West Indies. By Jedidiah Morse, A.M.",Jedidiah Morse,56,1794,1,1,"London : printed for John Stockdale, Piccadilly, 1794.",London,656,male,1761,1826,False
1633300300_000002,"A second dialogue of the dead: between Ferdinand Cortez and William Penn. To which is added, a scheme, for the abolition of slavery, without injury to trade and navigation.","Johnstone, James",40,1789,1,1,"Worcester : Printed and sold by J. Holl, in the High-Street, M.DCC.LXXXIX. [1789].",Worcester,14,male,1730,1802,False
1163900102_000009,"The history, civil and commercial, of the British colonies in the West Indies: in two volumes. By Bryan Edwards, ...",Bryan Edwards,46,1793,2,2,"London : printed for John Stockdale, 1793.",London,503,male,1743,1800,False
0750300102_000028,"Britain's commercial interest explained and improved; in a series of dissertations on several important branches of her trade and police: Containing A Candid Enquiry into the secret Causes of the present Misfortunes of the Nation. With Proposals for their Remedy. Also The great Advantages which would accrue to this Kingdom from an Union with Ireland. By Malachy Postlethwayt, Esq; Author of the Universal Dictionary of Trade and Commerce, &c. ...",Malachy Postlethwayt,58,1757,2,2,"London : printed for D. Browne, without Temple-Bar; A. Millar, in the Strand; J. Whiston and B. White, and W. Sandby, in Fleet-Street, MDCCLVII. [1757].",London,563,male,1707,1767,False
0464201000_000007,"Remarks on the slave trade, and the Slavery of the Negroes. In a series of letters.",Africanus,48,1788,1,1,"London : printed and sold by J. Phillips, George-Yard, Lombard-Street; and sold also by T. Payne and Sons, Meuse-Gate, Charing-Cross; and Chase and Co. Norwich, MDCCLXXXVIII. [1788].",London,89,unknown,,,False
0498500202_000028,"Great-Britain's commercial interest explained and improved: in a series of dissertations on the Most Important Branches of her Trade and Landed Interest. With An Essay, shewing the great Advantages which would certainly accrue to England, from an Union with Ireland. Also a clear view of the State of our Plantations in America, Their Constitution, Trade, and Revenues, with A certain Method to encrease their Commerce and Strength. By Malachy Postlethwayt, Esq; In Two Volumes.",Malachy Postlethwayt,57,1759,2,2,"London : printed for W. Owen, at Homer's Head near Temple-Bar, MDCCLIX. [1759].",London,563,male,1707,1767,False
1215900108_000137,"A philosophical and political history of the settlements and trade of the Europeans in the East and West Indies. Revised, augmented, and published, in ten volumes, by the abbé Raynal. Newly translated from the French, by J. O. Justamond, F.R.S. With a new set of maps Adapted To The Work, an a copious index. In eight volumes. ...",Guillaume Thomas François Raynal,51,1788,8,8,"London : printed for A. Strahan; and T. Cadell, In The Strand, MDCCLXXXVIII. [1788].",London,474,male,1713,1796,True
0151104500_000065,"Abridgment of the minutes of the evidence, taken before a committee of the whole House, to whom it was referred to consider of the slave-trade, 1790.",Great Britain. Parliament. House of Commons,68,1790,1,1,"[London, 1790].",London,247,unknown,,,False
0432500700_000677,"Report of the Lords of the Committee of Council appointed for the consideration of all matters relating to trade and foreign plantations; submitting to His Majesty's consideration the evidence and information they have collected in consequence of His Majesty's order in council dated the 11th of February 1788, concerning the present state of the trade to Africa, and particularly the trade in slaves; ...",Great Britain. Board of Trade,76,1789,1,1,"[London], 1789.",London,890,unknown,,,False
0241901700_000001,"Speech of the Right Hon. Henry Dundas, delivered in the House of Commons, the 15th of March, 1796, on the farther consideration of the report of the committee, upon the bill for the abolition of the slave-trade: with a copy of the bill, and notes illustrative of some passages in the speech.",Great Britain. Parliament. House of Commons,68,1796,1,1,"London : [s.n.], Printed In The Year 1796.",London,72,unknown,,,False
0082701700_000035,"West India customs and manners: Containing strictures on the soil, cultivation, produce, trade, officers, and inhabitants: with the method of establishing, and conducting a sugar plantation. To which is added, the practice of training new slaves. By J. B. Moreton, Esq. A new edition.","Moreton, J. B.",49,1793,1,1,"London : printed for J. Parsons, Paternoster Row; W. Richardson, Royal Exchange; H. Gardner, Strand; and J. Walter, Piccadilly, 1793.",London,202,unknown,,,False
0256800200_000017,"Considerations on the abolition of slavery and the slave trade, upon grounds of natural, religious, and political duty.",Thomas Burgess,69,1789,1,1,"Oxford : sold by D. Prince and J. Cooke; J. and J. Fletcher: and by Elmsly, White, Payne, Cadell, London, MDCCLXXXIX. [1789].",Oxford,171,male,1756,1837,False
0191102900_000013,"A short address to the people of Scotland, on the subject of the slave trade. With a summary view of the evidence delivered before a committee of the House of Commons, on the part of the petitioners, for its abolition.",Houldbrooke,50,1792,1,1,"Edinburgh : printed by J. Robertson, No. 39, South Bridge; at the expence of the Society instituted for the abolition of the African slave trade, MDCCXCII. [1792].",Edinburgh,30,unknown,,,False
0151301500_000003,"A short account of the African slave trade, collected from local knowledge, from the evidence given at the bar of both Houses of Parliament, and, from tracts written upon that subject, by Robert Norris.","Norris, Robert           1791",45,1788,1,1,"Liverpool : printed at Ann Smith's navigation shop, Pool-Lane, M,DCC,LXXXVIII. [1788].",Liverpool,22,unknown,,,False
0155801500_000004,"Notes on the two reports from the Committee of the Honourable House of Assembly of Jamaica, appointed to examine into, and to report to the House, the allegations and Charges contained in the several Petitions which have been presented to the British House of Commons, on the subject of the slave trade, and the Treatment of the Negroes, &c. &c. &c. By a Jamaica Planter.","Fuller, Stephen",55,1789,1,1,"London : printed and sold by James Phillips, George-Yard, Lombard-Street, M.DCC.LXXXIX. [1789].",London,63,male,1716,1808,False
0424400300_000045,"The history civil and commercial, of the British colonies in the West Indies. To which is added, an historical survey of the French colony in the island of St. Domingo. Abridged from The history written by Bryan Edwards. Esq. Illustrated with a map.",Bryan Edwards,49,1799,1,1,"London : printed for Crosby and Letterman , Stationer's Court, near Paternoster Row ; for Mundell and Son, Edinburgh; and J. Mundell, College, Glasgow, 1799.",London,384,male,1743,1800,False
1268802800_000403,The County magazine for ...,William Cowper,56,1786,1,1,"Salisbury [England] : printed by B.C. Collins; and sold by all the booksellers, newsmen, &c., [1786-1792].",Salisbury,603,male,1731,1800,True
0233701000_000014,"Abstract of the evidence, contained in the report of the Lords of the Committee of Council, relative to the slave-trade, and the treatment of the slaves in the Sugar Islands: also an abridgement of such of the colonial laws, as relate to the treatment of the slaves.",Great Britain. Board of trade,65,1790,1,1,"[London], [s.n.], M.DCC.XC. [1790].",London,91,unknown,,,False
1613300900_000014,"Liberty or Death. A tract. By which is vindicated the obvious practicability of trading to the coasts of Guinea, for its natural products, in lieu of the slave-trade, much more to the interest to the merchants in particular, and the kingdoms of England, Scotland, and Ireland in general. By John Lowe, Jun. of Manchester: author of the treatise on the solar creation, explanation of theaurora ... &c.","Lowe, John, Jun",59,1789,1,1,"Manchester : Printed by J. Harrot, MDCCLXXXIX. [1789].",Manchester,53,unknown,,,False
0750300102_000030,"Britain's commercial interest explained and improved; in a series of dissertations on several important branches of her trade and police: Containing A Candid Enquiry into the secret Causes of the present Misfortunes of the Nation. With Proposals for their Remedy. Also The great Advantages which would accrue to this Kingdom from an Union with Ireland. By Malachy Postlethwayt, Esq; Author of the Universal Dictionary of Trade and Commerce, &c. ...",Malachy Postlethwayt,62,1757,2,2,"London : printed for D. Browne, without Temple-Bar; A. Millar, in the Strand; J. Whiston and B. White, and W. Sandby, in Fleet-Street, MDCCLVII. [1757].",London,563,male,1707,1767,False
0147304100_000064,Observations on the evidence given before the committees of the Privy Council and House of Commons in support of the bill for abolishing the slave trade.,John Ranby,62,1791,1,1,"London : printed for John Stockdale, opposite Burlington House, Piccadilly, M.DCC.XCI. [1791].",London,324,male,1743,1820,False
0082701700_000034,"West India customs and manners: Containing strictures on the soil, cultivation, produce, trade, officers, and inhabitants: with the method of establishing, and conducting a sugar plantation. To which is added, the practice of training new slaves. By J. B. Moreton, Esq. A new edition.","Moreton, J. B.",44,1793,1,1,"London : printed for J. Parsons, Paternoster Row; W. Richardson, Royal Exchange; H. Gardner, Strand; and J. Walter, Piccadilly, 1793.",London,202,unknown,,,False
0004900300_000039,"The history civil and commercial, of the British colonies in the West Indies. To which is added, an historical survey of the French colony in the island of St. Domingo. Abridged from The history written by Bryan Edwards Esq. Illustrated With A Map.",Bryan Edwards,60,1798,1,1,"London : printed for B. Crosby, Stationer's Court; for Mundell & Son, Edinburgh; and J. Mundell, College, Glasgow, 1798.",London,442,male,1743,1800,False
0659800900_000048,"Observations on the commerce of the American states. By John Lord Sheffield. With an appendix; containing tables of the imports and exports of Great Britain to and from all parts, from 1700 to 1783. Also, the Exports of America, &c. With Remarks on those Tables, on the Trade and Navigation of Great Britain, and on the late Proclamations, &c.","John Baker Holroyd, 1st Earl of Sheffield",65,1784,1,1,"London : printed for J. Debrett, opposite Burlington House, Piccadilly, M.DCC.LXXXIV. [1784].",London,473,male,1735,1821,False
1017300700_000019,A country gentleman's reasons for voting against Mr. Wilberforce's motion for a bill to prohibit the importation of African negroes into the colonies.,Country Gentleman,57,1792,1,1,"London : printed for J. Debrett, opposite Burlington House, Piccadilly, 1792.",London,79,male,,,False
1092000100_000199,"The annual register, or a view of the history, politics, and literature, for the year 1792. Part I. History of Europe.",,51,1798,1,1,"London : printed for F. and C. Rivington, No 62, St. Paul's Church-Yard, 1798.",London,537,unknown,,,False
1289500201_000060,"Narrative, of a five years' expedition; against the revolted negroes of Surinam, in Guiana, on the wild coast of South America; from the year 1772, to 1777: ... By Captn. J. G. Stedman. illustrated with 80 elegant engravings, ...",John Gabriel Stedman,37,1796,1,2,"London : printed for J. Johnson, & J. Edwards, 1796.",London,486,male,1744,1797,False
0525100400_000007,"Candid reflections upon the judgement lately awarded by the Court of King's Bench, in Westminster-Hall, on what is commonly called the negroe-cause, by a planter.",Edward Long,80,1772,1,1,"London : printed for T. Lowndes, No 77, Fleet-stree[t], MDCCLXXII. [1772].",London,79,male,1735,1813,False
0750300102_000036,"Britain's commercial interest explained and improved; in a series of dissertations on several important branches of her trade and police: Containing A Candid Enquiry into the secret Causes of the present Misfortunes of the Nation. With Proposals for their Remedy. Also The great Advantages which would accrue to this Kingdom from an Union with Ireland. By Malachy Postlethwayt, Esq; Author of the Universal Dictionary of Trade and Commerce, &c. ...",Malachy Postlethwayt,62,1757,2,2,"London : printed for D. Browne, without Temple-Bar; A. Millar, in the Strand; J. Whiston and B. White, and W. Sandby, in Fleet-Street, MDCCLVII. [1757].",London,563,male,1707,1767,False
0464201000_000028,"Remarks on the slave trade, and the Slavery of the Negroes. In a series of letters.",Africanus,50,1788,1,1,"London : printed and sold by J. Phillips, George-Yard, Lombard-Street; and sold also by T. Payne and Sons, Meuse-Gate, Charing-Cross; and Chase and Co. Norwich, MDCCLXXXVIII. [1788].",London,89,unknown,,,False
0606000402_000033,"The history, civil and commercial, of the British colonies in the West Indies. In two volumes. By Bryan Edwards, ...",Bryan Edwards,49,1793,2,2,"Dublin : Luke White, 1793.",Dublin,493,male,1743,1800,False
1651501500_000017,Alefred's apology.,"Withers, Philip",54,1789,1,1,"London : Entered at Stationers-Hall, and sold at No. 9, Queen-Street, near Duke-Street, Grosvenor Square, MDCCLXXXIX. [1789]",London,88,male,,,False
0424400300_000035,"The history civil and commercial, of the British colonies in the West Indies. To which is added, an historical survey of the French colony in the island of St. Domingo. Abridged from The history written by Bryan Edwards. Esq. Illustrated with a map.",Bryan Edwards,45,1799,1,1,"London : printed for Crosby and Letterman , Stationer's Court, near Paternoster Row ; for Mundell and Son, Edinburgh; and J. Mundell, College, Glasgow, 1799.",London,384,male,1743,1800,False
0099200100_000002,"A general view of the African slave-trade, demonstrating its injustice and impolicy: with hints towards a bill for its abolition.",William Roscoe,74,1788,1,1,"London : printed for R. Faulder, New Bond-Street, MDCCLXXXVIII. [1788].",London,37,male,1753,1831,False
0452802500_000003,"Observations on the project for abolishing the slave trade, and on the reasonableness of attempting some practicable mode of relieving the negroes.","John Baker Holroyd, 1st Earl of Sheffield",73,1790,1,1,"London : printed for J. Debrett, opposite Burlington House, Piccadilly, M.DCC.XC. [1790].",London,75,male,1735,1821,False
0606000402_000001,"The history, civil and commercial, of the British colonies in the West Indies. In two volumes. By Bryan Edwards, ...",Bryan Edwards,52,1793,2,2,"Dublin : Luke White, 1793.",Dublin,493,male,1743,1800,False
0474800109_000229,"The Parliamentary register; or, history of the proceedings and debates of the House of Commons; ...",Great Britain. Parliament. House of Lords,52,1797,9,12,"London : printed for J. Debrett, 1797-1802.",London,603,unknown,,,False
1484700100_000003,"An essay on colonization, particularly applied to the Western Coast of Africa, with some free thoughts on cultivation and commerce; Also brief descriptions of the colonies already formed, or attempted, in Africa, including those of Sierra Leona and Bulama. By C.B. Wadstrom. In two parts. Illustrated with a nautical map (from lat. 5' 30' to lat. 14' N) and other places.",Carl Bernhard Wadström,58,1794,1,1,"London : Printed for the author, by Darton and Harvey, Gracechurch-Street. And sold by G. Nicol, No. 58, Pall-Mall; W. Faden, corner of St. Martin's Lane, Strand; J. Stockdale, No. 191, Piccadilly; J. Edwards, No. 78, Pall-Mall; E. & J. Egerton, No. 32, Charing-Cross; J. Debrett, No. 179, Piccadilly; J. Johnson, No. 72, St. Palul's Church-yard and C. Dilly, No. 22, Poultry, MDCCXCIV. [1794].",London,613,male,1746,1799,False
0530400800_000032,"An argument in defence of the exclusive right claimed by the colonies to tax themselves. with a review of the Laws of England, relative to representation and taxation. To which is Added, An Account of the Rise of the Colonies, and the Manner in which the rights of the subjects within the realm were communicated to those that went to America, with the exercise of those rights from their first settlement to the present time.",,46,1774,1,1,"London : printed for the author, and sold by Brotherton and Sewell, Cornhill ; T. Evans, Pater-Noster-Row, and W. Davis, Piccadilly, MDCCLXXIV. [1774].",London,170,unknown,,,False
1236701302_000053,"The history of America containing the geographical, political, and commerical [sic] state of that continent: in which is given a succinct account of the trade, customs and policy of the French nation, and the foundation they have laid for obtaining the sole dominion in those colonies. Translated from the French of Mons. du Bosque late Historographer to the French King. In two volumes. ...",Malachy Postlethwayt,97,1771,2,2,"London : printed by James Lowndes in Paternoster-Row, MDCCLXXI. [1771].",London,391,male,1707,1767,False
0474700105_000229,"The Parliamentary register; or, history of the proceedings and debates of the House of Commons; ...",Great Britain. Parliament. House of Lords,49,1797,5,12,"London : printed for J. Debrett, 1797-1802.",London,645,unknown,,,False
1010400100_000583,"A new dictionary of trade and commerce, compiled from the information of the most eminent merchants, and from the works of the best writers on commercial subjects, in all languages. Containing, among other Things, I. An Account of all the natural Productions, which are conducive to Trade, throughout the World. II. The different Manufactures established in each particular Country. III. Explanations of all the Terms used in Commerce. IV. Explanations of the principal Terms of Geography, Astronomy, and Navigation, so far as they are connected with Trade. V. An exact Account of the Coins, Weights, and Measures in use throughout the World, reduced to the English Standard. VI. A Description of the Established Banks, Trading Companies, and Staple Commodities, of different Countries. Vii. The State of the British Trade, National Debt, Funds, Customs, Excise, and other Taxes. Viii. The Laws relative to Trade and Commerce. For the Use of the Merchants and Tradesmen of Great Britain, as well as of private Gentlemen. By Mr. Rolt, with the assistance of several eminent merchants. The second edition, with the addition of a new and accurate set of maps of the world, Europe, Asia, Africa, and North and South America, by Mr. Bowen.",Richard Rolt,73,1761,1,1,"London : printed for G. Keith, at the Bible and Crown, in Grace-Church-Street; S. Crowder, at the Looking-Glass, and H. Woodgate and S. Brooks, at the Golden Ball, in Pater-Noster-Row, MDCCLXI. [1761].",London,926,male,1724,1770,False
1665300112_000878,"Encyclopaedia Britannica; or, a dictionary of arts, sciences, and miscellaneous literature on a plan entirely new. ...",,54,1790,12,20,"Dublin : printed by James Moore, 1790-98.",Dublin,848,unknown,,,False
0004900300_000050,"The history civil and commercial, of the British colonies in the West Indies. To which is added, an historical survey of the French colony in the island of St. Domingo. Abridged from The history written by Bryan Edwards Esq. Illustrated With A Map.",Bryan Edwards,47,1798,1,1,"London : printed for B. Crosby, Stationer's Court; for Mundell & Son, Edinburgh; and J. Mundell, College, Glasgow, 1798.",London,442,male,1743,1800,False
0316501100_000074,"The african slave trade: or a short view of the evidence, relative to that subject, produced before the House of Commons, Interspersed with such Remarks as naturally flowed from it. All meant to evince the sound policy and moral obligation of its immediate and entire abolition: As Also, Of adopting such measures as may ascertain Liberty to the present Slaves in due time.",Niel Douglas,56,1792,1,1,"Edinburgh : published by J. Guthrie, No 2. Nicolson-Street; and sold by the principal Booksellers in Town and Country, M.DCC.XCII. [1792].",Edinburgh,209,male,1750,1823,False
0432500700_000070,"Report of the Lords of the Committee of Council appointed for the consideration of all matters relating to trade and foreign plantations; submitting to His Majesty's consideration the evidence and information they have collected in consequence of His Majesty's order in council dated the 11th of February 1788, concerning the present state of the trade to Africa, and particularly the trade in slaves; ...",Great Britain. Board of Trade,74,1789,1,1,"[London], 1789.",London,890,unknown,,,False
0474800109_000196,"The Parliamentary register; or, history of the proceedings and debates of the House of Commons; ...",Great Britain. Parliament. House of Lords,43,1797,9,12,"London : printed for J. Debrett, 1797-1802.",London,603,unknown,,,False
1476400132_000137,"The Parliamentary register; or, History of the proceedings and debates of the House of Commons; Containing an account of the most interesting speeches and motions; accurate copies of the most remarkable letters and papers; of the most material evidence, petitions, &c. laid before and offered to the House, during the first session of the fifteenth Parliament of Great Britain. Begun to be holden at Westminster on the 31st day of October 1780.",Great Britain. Parliament. House of Lords,57,1781,32,45,"London : Printed for J. Almon and J. Debrett, opposite Burlington-House, in Piccadilly, MDCCLXXXI. [1781].",London,512,unknown,,,False
0233701000_000019,"Abstract of the evidence, contained in the report of the Lords of the Committee of Council, relative to the slave-trade, and the treatment of the slaves in the Sugar Islands: also an abridgement of such of the colonial laws, as relate to the treatment of the slaves.",Great Britain. Board of trade,70,1790,1,1,"[London], [s.n.], M.DCC.XC. [1790].",London,91,unknown,,,False
0424400300_000036,"The history civil and commercial, of the British colonies in the West Indies. To which is added, an historical survey of the French colony in the island of St. Domingo. Abridged from The history written by Bryan Edwards. Esq. Illustrated with a map.",Bryan Edwards,52,1799,1,1,"London : printed for Crosby and Letterman , Stationer's Court, near Paternoster Row ; for Mundell and Son, Edinburgh; and J. Mundell, College, Glasgow, 1799.",London,384,male,1743,1800,False
1476700144_000041,"The Parliamentary register; or, History of the proceedings and debates of the House of Commons; Containing an account of the most interesting speeches and motions; accurate copies of the most remarkable letters and papers; of the most material evidence, petitions, &c. laid before and offered to the House, during the first session of the fifteenth Parliament of Great Britain. Begun to be holden at Westminster on the 31st day of October 1780.",Great Britain. Parliament. House of Lords,53,1781,44,45,"London : Printed for J. Almon and J. Debrett, opposite Burlington-House, in Piccadilly, MDCCLXXXI. [1781].",London,849,unknown,,,False
0452802500_000004,"Observations on the project for abolishing the slave trade, and on the reasonableness of attempting some practicable mode of relieving the negroes.","John Baker Holroyd, 1st Earl of Sheffield",61,1790,1,1,"London : printed for J. Debrett, opposite Burlington House, Piccadilly, M.DCC.XC. [1790].",London,75,male,1735,1821,False
1272501200_000002,"Observations on the slave trade, and a description Of some Part of the coast of Guinea, during a voyage, Made in 1787, and 1788, in Company with Doctor A. Sparrman and Captain Arrehenius, by C. B. Wadstrom, Chief Director of the Royal Assay and Refining Office; Member of the Royal Chamber of Commerce, and of the Royal Patriotic Society, for Improving Agriculture, Manufactures, and Commerce in Sweden.",Carl Bernhard Wadström,54,1789,1,1,"London : printed and sold by James Phillips, George-Yard, Lombard-Street, 1789.",London,80,male,1746,1799,False
0151104500_000068,"Abridgment of the minutes of the evidence, taken before a committee of the whole House, to whom it was referred to consider of the slave-trade, 1790.",Great Britain. Parliament. House of Commons,56,1790,1,1,"[London, 1790].",London,247,unknown,,,False
0151300800_000003,"Memorials presented to the Congress of the United States of America, by the different societies instituted for promoting the abolition of slavery, &c. &c. in the states of Rhode-Island, Connecticut, New-York, Pennsylvania, Mary-land, and Virginia. Published by order of ""Th Pennsylvania Society for Promoting the Abolition of Slavery, and the Relief of Free Negroes Unlawfully Held in Bondage, and for Improving the Condition of the African Race.""",Pennsylvania Society for Promoting the Abolition of Slavery,71,1792,1,1,"Philadelphia : Printed by Francis Bailey, no. 116, High-Street, MDCCXCII. [1792].",Philadelphia|Philadelphia.,29,unknown,,,False
1665300112_000877,"Encyclopaedia Britannica; or, a dictionary of arts, sciences, and miscellaneous literature on a plan entirely new. ...",,59,1790,12,20,"Dublin : printed by James Moore, 1790-98.",Dublin,848,unknown,,,False
0141000106_000028,"A description of England and Wales. Containing a particular account of each county ... Embellished with two hundred and forty copper plates, of palaces, castles, cathedrals; ...",,71,1769,6,10,"London : printed for Newbery and Carnan, 1769-70.",London,305,unknown,,,False
0652501200_000002,"A short and true account of the importance and necessity, of settling the African trade this present session of Parliament; together with a comparative view of the two schemes, Proposed to the Honourable House of Commons, viz. That for a general joynt-stock; and that for an open trade.",,81,1711,1,1,"[London : s.n., 1711?].",London,4,unknown,,,False
1069500100_000015,"An essay towards regulating the trade, and employing the poor of this kingdom. The second editon. Whereunto is added, an essay towards paying off the publick debts. By John Cary, Esq;","Cary, John",63,1719,1,1,"London : printed by S.Collins in the Old-Baily, and publish'd by Sam. Mabbat in Holbourn-Court in Grays-Inn, MDCCXIX. [1719].",London,212,male,,,False
0026104900_000005,"Papers laid before the Honourable House of Commons by the Commissioners for Trade and Plantations, Pursuant to An Address of the House of Lords to His Majesty, the 8th of June 1749. For the better Securing, Improving, and Extending, the trade to Africa.",Great Britain. Board of Trade,76,1750,1,1,"London : [s.n.], Printed in the Year M.DCC.L. [1750].",London,53,unknown,,,False
1163900102_000012,"The history, civil and commercial, of the British colonies in the West Indies: in two volumes. By Bryan Edwards, ...",Bryan Edwards,61,1793,2,2,"London : printed for John Stockdale, 1793.",London,503,male,1743,1800,False
1218700900_000003,"Slave trade. The negro and the free-born Briton compared; or, a vindication of the African slave trade. Proving that it is lawful and right, in a Religious, in a Political, and in a Commercial View. Interspersed with religious and critical digressions. Humbly addressed to the people of England, but more particularly to the legislature and to the Merchants, Planters, and others concerned in the West-India trade.",,63,1789,1,1,"London : printed for the author, and sold by J. Stockdale, Piccadilly; J. Strahan, in the Strand; M. Folingsby, No. 4, Fleet-Street; J. Johnson, St. Paul's Church-Yard; and W. Richardson, Royal Exchange, [1789?].",London,64,unknown,,,False
1556200500_000013,"A true state of the present difference between the Royal African Company, and the separate traders: Shewing the irregularities and impositions of the joint-stock managers; the uselesness of their forts; the expence they are at in the maintenance of the same; the charge of supporting them in a condition of defence; the vast sums they have receiv'd by the ten per cent. Duty in order thereunto, and what had been misapply'd to their own private uses; the advantages and reasonableness of an open trade to Aftica; and, lastly, the danger of an exclusive trade, not only to the traders of South and North Britain, but, to our American plantations. Written by a true lover of his country, and humbly submitted to the wise consideration of both Houses of Parliament.",True lover of his country,69,1710,1,1,"London : [s.n.], Printed in the year 1710.",London,42,unknown,,,False
0452802600_000014,"Observations on the project for abolishing the slave trade, and on the reasonableness of attempting some practicable mode of relieving the negroes. By John Lord Sheffield.","John Baker Holroyd, 1st Earl of Sheffield",46,1791,1,1,"London : printed by J. Cooper, Bow Street, Covent Garden, for J. Debrett, opposite Burlington House, Piccadilly, M.DCC.XCI. [1791].",London,75,male,1735,1821,False
1285600102_000109,"An impartial report of the debates that occur in the two houses of Parliament, ... on Tuesday the 30th of December 1794. With some account of the respective speakers, and including copies of all state papers, treaties, conventions, &c. By William Woodfall, and assistants. ...",William Woodfall,48,1795,2,4,"London : published by T. Chapman, No. 151 Fleet street. 1795.",London,716,male,1746,1803,False
0645500400_000036,"A voyage to Guinea, Brasil, and the West-Indies; in His Majesty's Ships, the Swallow and Weymouth. Describing the several Islands and Settlements, Viz-Madeira, the Canaries, Cape de Verd, Sierraleon, Sesthos, Cape Apollonia, Cabo Corso, and others on the Guinea Coast; Barbadoes, Jamaica, &c. in the West-Indies. The Colour, Diet, Languages, Habits, Manners, Customs, and Religions of the respective Natives, and Inhabitants. With Remarks on the Gold, Ivory, and Slave-Trade; and on the Winds, Tides and Currents of the several Coasts. By John Atkins, Surgeon in the Royal Navy.","Atkins, John",64,1735,1,1,"London : printed for Caesar Ward and Richard Chandler, at the Ship, between the Temple-Gates in Fleet-Street; [London] and Sold at their Shop in Scarborough, M.DCC.XXXV. [1735].",London,283,male,1685,1757,False
0481400101_000037,"A view of England towards the close of the eighteenth century. By Fred. Aug. Wendeborn, LL.D. Translated from the original German, by the author himself. In two volumes. ...",Gebhard Friedrich August Wendeborn,62,1791,1,2,"London : printed for G. G. J. and J. Robinson, 1791.",London,456,male,1742,1811,False
0151301400_000005,"A short account of the African slave trade, collected from local knowledge, from the evidence given at the bar of both House of Parliament, and, from tracts written upon that subject.","Norris, Robert           1791",45,1788,1,1,"Liverpool : printed at Ann Smith's navigation shop, Pool-Lane, M,DCC,LXXXVIII. [1788].",Liverpool,21,unknown,,,False
0586700800_000019,A country gentleman's reasons for voting against Mr. Wilberforce's motion for a bill to prohibit the importation of African negroes into the colonies.,Country Gentleman,58,1792,1,1,"London : printed for J. Debrett, opposite Burlington House, Piccadilly, 1792.",London,79,male,,,False
0432500700_000676,"Report of the Lords of the Committee of Council appointed for the consideration of all matters relating to trade and foreign plantations; submitting to His Majesty's consideration the evidence and information they have collected in consequence of His Majesty's order in council dated the 11th of February 1788, concerning the present state of the trade to Africa, and particularly the trade in slaves; ...",Great Britain. Board of Trade,80,1789,1,1,"[London], 1789.",London,890,unknown,,,False
1180700600_000006,"A letter to the Right Honourable William Pitt, Chancellor of the Exchequer, &c. &c. on the proposed abolition of the African slave trade. By the Rev. F. Randolph, M. A. Late Fellow of King's College, Cambridge; And Chaplain to his Royal Highness the Duke of York.",Francis Randolph,43,1788,1,1,"London : printed for T. Cadell, in the Strand, MDCCLXXXVIII. [1788].",London,57,male,1752,1831,False
0292402000_000003,"Reflections on the present matters in dispute between Great Britain and Ireland; and on the means of converting these articles into mutual benefits to both kingdoms. By Josiah Tucker, D. D. Dean of Gloucester.",Josiah Tucker,45,1785,1,1,"London : printed for T. Cadell, in the Strand, MDCCLXXXV. [1785].",London,46,male,1712,1799,False
0026600102_000101,"An inquiry into the nature and causes of the wealth of nations. By Adam Smith, LL. D. and F. R. S. of London and Edinburgh: One of the Commissioners of his Majesty's Customs in Scotland; and Formerly Professor of Moral Philosophy in the University of Glasgow. ...",Adam Smith,71,1785,2,2,"Dublin : printed for W. Colles, R. Moncrieffe, G. Burnet, W. Wilson, C. Jenkin, L. White, H. Whitestone, P. Byrne, J. Cash, W. M`Kenzie, M DCC LXXXV. [1785].",Dublin,554,male,1723,1790,True
0144200100_000004,"The royal African: or, memoirs of the young prince of Annamaboe. Comprehending a distinct account of his country and family; his elder brother's voyage to France, and Reception there; the Manner in which himself was confided by his Father to the Captain who sold him; his Condition while a Slave in Barbadoes; the true Cause of his being redeemed; his Voyage from thence; and Reception here in England. Interspers'd throughout With several Historical Remarks on the Commerce of the European Nations, whose Subjects frequent the Coast of Guinea. To which is prefixed A Letter from the Author to a Person of Distinction, in Reference to some natural Curiosities in Africa; as well as explaining the Motives which induced him to compose these Memoirs.",,49,1749,1,1,"London : printed for W. Reeve, at Shakespear's Head, Fleetstreet; G. Woodfall, and J. Barnes, at Charing-Cross; and at the Court of Requests, [1749].",London,54,unknown,,,False
0072002600_000029,A review of the principal proceedings of the Parliament of 1784.,,37,1785,1,1,"London : [ printed for J. Stockdale, and ] R. Edwards, No. 142, New Bond Street, [1785?].",London,179,unknown,,,False
0474800109_000200,"The Parliamentary register; or, history of the proceedings and debates of the House of Commons; ...",Great Britain. Parliament. House of Lords,54,1797,9,12,"London : printed for J. Debrett, 1797-1802.",London,603,unknown,,,False
0163100204_000027,"The history of the reign of George the Third, king of Great Britain, &c. from the conclusion of the seventh session of the sixteenth Parliament, in 1790, to the End of the Sixth Session of the Seventeenth Parliament of Great Britain, in 1796. By Robert Macfarlan, Esq. Vol.IV.",Robert Macfarlan,48,1796,4,4,"London : printed for the author, and sold by T. Evans, in Paternoster-Row, MDCCXCVI. [1796].",London,661,male,1734,1804,False
1429900101_000059,"Narrative, of a five years' expedition, against the revolted negroes of Surinam, in Guiana, on the wild coast of South America; from the year 1772, to 1777: elucidating the history of that country, and describing its productions, viz. quadrupedes, birds fishes, reptiles, trees, shrubs, fruits, & roots; with an account of the Indians of Guiana, & Negroes of Guinea. By Captn. J. G. Stedman. illustrated with 80 elegant engravings designed from nature drawingsby the author.",John Gabriel Stedman,39,1796,1,2,"London : printed by J. Johnson, St. Paul's Church Yard, & J. Edwards, Pall Mall, 1796.",London,485,male,1744,1797,False
0191102900_000001,"A short address to the people of Scotland, on the subject of the slave trade. With a summary view of the evidence delivered before a committee of the House of Commons, on the part of the petitioners, for its abolition.",Houldbrooke,52,1792,1,1,"Edinburgh : printed by J. Robertson, No. 39, South Bridge; at the expence of the Society instituted for the abolition of the African slave trade, MDCCXCII. [1792].",Edinburgh,30,unknown,,,False
1150400200_000030,A review of the principal proceedings of the Parliament of 1784.,,37,1792,1,1,"London : printed for R. Edwards, No. 142, New Bond Street, 1792.",London,188,unknown,,,False
0375001100_000036,"The principles of moral philosophy investigated, and applied to the constitution of civil society. By Thomas Gisborne, M.A. The fourth edition, corrected and enlarged: to which is added, a new edition, being the fifth, with an appendix, of Remarks on the late decision of the House of Commons respecting the abolition of the slave trade.",Thomas Gisborne,50,1798,1,1,"London : printed for T. Cadell jun. and W. Davies, Strand; and B. and J. White, Fleet-Street, 1798.",London,474,male,1758,1846,False
1163900102_000010,"The history, civil and commercial, of the British colonies in the West Indies: in two volumes. By Bryan Edwards, ...",Bryan Edwards,42,1793,2,2,"London : printed for John Stockdale, 1793.",London,503,male,1743,1800,False
0432500700_000324,"Report of the Lords of the Committee of Council appointed for the consideration of all matters relating to trade and foreign plantations; submitting to His Majesty's consideration the evidence and information they have collected in consequence of His Majesty's order in council dated the 11th of February 1788, concerning the present state of the trade to Africa, and particularly the trade in slaves; ...",Great Britain. Board of Trade,56,1789,1,1,"[London], 1789.",London,890,unknown,,,False
0521800500_000035,"The principles of moral philosophy investigated, and briefly applied to the constitution of civil society: Together With Remarks ON The Principle Assumed BY MR. Paley AS The Basis Of All Moral Conclusions, And ON Other Positions Of The Same Author. By Thomas Gisborne, M.A. The third edition, corrected and enlarged. To which is added, a new edition, with an appendix, of Remarks on the late descision of the House of Commons respecting the abolition of the slave trade.",Thomas Gisborne,52,1795,1,1,"London : printed for B. and J. White, Fleet-Street, M,DCC,XCV. [1795].",London,376,male,1758,1846,False
1544802600_000007,"An Essay on the slave trade; enumerating its horrors, and shewing the vice of encouraging it by the consumption of West-India productions: And also shewing the certainty of its abolition by the disuse of them.",,32,1792,1,1,"Cork : Printed by Anthony Edwards, bookseller, Castle-Street, 1792.",Cork,60,unknown,,,False
0498500202_000030,"Great-Britain's commercial interest explained and improved: in a series of dissertations on the Most Important Branches of her Trade and Landed Interest. With An Essay, shewing the great Advantages which would certainly accrue to England, from an Union with Ireland. Also a clear view of the State of our Plantations in America, Their Constitution, Trade, and Revenues, with A certain Method to encrease their Commerce and Strength. By Malachy Postlethwayt, Esq; In Two Volumes.",Malachy Postlethwayt,56,1759,2,2,"London : printed for W. Owen, at Homer's Head near Temple-Bar, MDCCLIX. [1759].",London,563,male,1707,1767,False
0606000402_000014,"The history, civil and commercial, of the British colonies in the West Indies. In two volumes. By Bryan Edwards, ...",Bryan Edwards,67,1793,2,2,"Dublin : Luke White, 1793.",Dublin,493,male,1743,1800,False
0803400100_000006,An apology for negro slavery: or the West-India planters vindicated from the charge of inhumanity. By the author of Letters to a young planter.,Gordon Turnbull,38,1786,1,1,"London : printed by J. Stevenson, Martlet-Court, for J. Strachan, Strand; R. Faulder, new Bond-Street; and W. Richardson, Royal Exchange, 1786.",London,66,male,,,False
0026101000_000001,The separate traders scheme for carrying on the trade to Africa.,,70,1711,1,1,"[London : s.n., 1711].",London,2,unknown,,,False
0090700200_000090,"Essays historical and moral. By G. Gregory, F.A.S.",George Gregory,51,1788,1,1,"London : printed for J. Johnson, ST. Paul's Church-Yard, M.DCC.LXXXVIII. [1788].",London,428,male,1754,1808,False
0151104500_000055,"Abridgment of the minutes of the evidence, taken before a committee of the whole House, to whom it was referred to consider of the slave-trade, 1790.",Great Britain. Parliament. House of Commons,77,1790,1,1,"[London, 1790].",London,247,unknown,,,False
0464201000_000019,"Remarks on the slave trade, and the Slavery of the Negroes. In a series of letters.",Africanus,49,1788,1,1,"London : printed and sold by J. Phillips, George-Yard, Lombard-Street; and sold also by T. Payne and Sons, Meuse-Gate, Charing-Cross; and Chase and Co. Norwich, MDCCLXXXVIII. [1788].",London,89,unknown,,,False
1686001100_000037,The Watchman.,Samuel Taylor Coleridge,40,1796,1,1,"[Bristol, England] : Published by the author, S[amuel]. T[aylor]. Coleridge, Bristol: and sold by the booksellers and newscarriers in town and country, [1796].",Bristol,288,male,1772,1834,True
0381800100_000006,"Commerce in the human species, and the enslaving of innocent persons, inimical to the laws of Moses and the gospel of Christ. A sermon, preached in Little Prescot Street, Goodman's Fields, January 29, 1792. By Abraham Booth.",Abraham Booth,45,1792,1,1,"London : printed by L. Wayland; and sold by C. Dilly, Poultry; and T. Knott, Lombard Street, M,DCC,XCII. [1792].",London,30,male,1734,1806,False
0723000100_000041,"The debate on a motion for the abolition of the slave-trade, in the House of Commons, on Monday and Tuesday, April 18 and 19, 1791, reported in detail.",Great Britain. Parliament. House of Commons,58,1791,1,1,"London : printed by and for W. Woodfall, and sold at the printing-office of The Diary, Salisbury-Square, Fleet-Street, MDCCXCI. [1791].",London,127,unknown,,,False
0922801800_000007,Paper respecting the slave-trade.,,43,1788,1,1,"[London : s.n., 1788].",London,58,unknown,,,False
0614100300_000006,"Candid and impartial considerations on the nature of the sugar trade; the comparative importance of the British and French islands in the West-Indies: with the value and consequence of St. Lucia and Granada, truly stated. Illustrated with copper-plates.",John Campbell,34,1763,1,1,"London : printed for R. Baldwin in Pater-Noster Row, MDCCLXIII. [1763].",London,234,male,1708,1775,False
0256800200_000001,"Considerations on the abolition of slavery and the slave trade, upon grounds of natural, religious, and political duty.",Thomas Burgess,71,1789,1,1,"Oxford : sold by D. Prince and J. Cooke; J. and J. Fletcher: and by Elmsly, White, Payne, Cadell, London, MDCCLXXXIX. [1789].",Oxford,171,male,1756,1837,False
1478900602_000052,"The history of America: containing the geographical, political, and commercial state of that continent; in which is given a succinct account of the trade, customs and policy of the French nation, and the foundation they have laid for obtaining the sole dominion in those colonies. Translated from the French of Mons. Du Bosque, late historographer to the French King. In two volumes.",Malachy Postlethwayt,93,1770,2,2,"London : printed by George Cave and William Jordon, in St. Paul's Church Yard, MDCCLXX. [1770]",London,386,male,1707,1767,False
1476400132_000066,"The Parliamentary register; or, History of the proceedings and debates of the House of Commons; Containing an account of the most interesting speeches and motions; accurate copies of the most remarkable letters and papers; of the most material evidence, petitions, &c. laid before and offered to the House, during the first session of the fifteenth Parliament of Great Britain. Begun to be holden at Westminster on the 31st day of October 1780.",Great Britain. Parliament. House of Lords,41,1781,32,45,"London : Printed for J. Almon and J. Debrett, opposite Burlington-House, in Piccadilly, MDCCLXXXI. [1781].",London,512,unknown,,,False
0151104400_000010,"Substance of the speech of His Royal Highness the Duke of Clarence, in the House of Lords, on the motion for the recommitment of the slave trade limitation bill, on the fifth day of July, 1799. (published at the Request of the West India Merchants and Planters, and the Mercantile Interest of Liverpool.)",Great Britain. Parliament. House of Lords,57,1799,1,1,"London : printed by C. Whittingham, Dean Street, Fetter Lane; and sold by F. and C. Rivington, St. Paul's Church Yard, [1799].",London,70,unknown,,,False
0424400300_000037,"The history civil and commercial, of the British colonies in the West Indies. To which is added, an historical survey of the French colony in the island of St. Domingo. Abridged from The history written by Bryan Edwards. Esq. Illustrated with a map.",Bryan Edwards,46,1799,1,1,"London : printed for Crosby and Letterman , Stationer's Court, near Paternoster Row ; for Mundell and Son, Edinburgh; and J. Mundell, College, Glasgow, 1799.",London,384,male,1743,1800,False
0680300102_000524,"The history and survey of the cities of London and Westminster, Borough of Southwark, and parts adjacent. Containing, I. The Original Foundation, and the Antient and Modern State thereof. II. An exact Description of all the Wards, Parishes, Parish-Churches, Palaces, Halls, Hospitals, Publick Offices, Edifices, and Monuments, of any Account, throughout the said Cities, Borough, &c. III. A particular Account of the Government of the said Cities, &c. Ecclesiastical, Civil and Military; of all the Charters, Liberties, Privileges, and Customs; and of all the Livery and other Companies, with their Coats of Arms. IV. Lists of all Offices and Officers of His Majesty's Revenues and Household, and those of the rest of the Royal Family; together with the Salaries thereunto belonging. V. The Antiquities of Westminster-Abbey, with a Description of the Monuments, Tombs, &c. VI. A View and Description of the Mansion-House, and Westminster-Bridge. In which is introduced Sir William Dugdale's History of St. Paul's Cathedral from its Foundation: Beautified with various Prospects of the Old Fabrick, which was destroyed by the Fire of London, 1666. As also the Figures of the Tombs and Monuments therein, as they stood in September, 1641, with their Epitaphs neatly imitated, which were defaced in the Grand Rebellion; with an Account of the Foundation and Structure of the New Church till finished. To which is prefixed the Effigies of Sir William Dugdale. The whole being an improvement of Mr. Stow's, and other historical writers and surveys. Dedicated to Sir Crisp Gascoyne, Knt. By a gentleman of the Inner-Temple.",John Stow,69,1753,2,2,"London : printed for M. Cooper, at the Globe in Pater-Noster-Row; W. Reeve, Fleet-Street; and C. Sympson, at the Bible in Chancery-Lane, MDCCLIII. [1753].",London,937,male,1525,1605,False
0791600100_000220,"The american geography; or, a view of the present situation of the United States of America: containing astronomical geography; geographical definitions, discovery, and general description Of their Boundaries; Mountains; Lakes; Bays, and Rivers; Natural History; Production; Population; Government; Agriculture; Commerce; Manufactures, and History. - A concise Account of the War, and of the important Events which have succeeded: A Particular Discription Of Kentucky, The Western Territory, The Territory South Of Ohio, And Vermont: Of their Extent; Civil Divisions; Chief Towns; Climates; Soils; Trade; Character; Constitutions; Courts of Justice; Colleges; Academies; Religion; Islands; Indians; Literary and Humane Societies; Springs; Curiosities; Histories; Mines; Minerals; Military Strength, &c. With A View Of The British, Spanish, French, Portuguese, And Dutch Dominions, ON The Continent, And In The West Indies, And Of Europe, Asia, And Africa. By Jedidiah Morse, A.M.",Jedidiah Morse,44,1794,1,1,"London : printed for John Stockdale, Piccadilly, 1794.",London,759,male,1761,1826,False
0432500700_000634,"Report of the Lords of the Committee of Council appointed for the consideration of all matters relating to trade and foreign plantations; submitting to His Majesty's consideration the evidence and information they have collected in consequence of His Majesty's order in council dated the 11th of February 1788, concerning the present state of the trade to Africa, and particularly the trade in slaves; ...",Great Britain. Board of Trade,54,1789,1,1,"[London], 1789.",London,890,unknown,,,False
0474800109_000197,"The Parliamentary register; or, history of the proceedings and debates of the House of Commons; ...",Great Britain. Parliament. House of Lords,57,1797,9,12,"London : printed for J. Debrett, 1797-1802.",London,603,unknown,,,False
1163900102_000034,"The history, civil and commercial, of the British colonies in the West Indies: in two volumes. By Bryan Edwards, ...",Bryan Edwards,51,1793,2,2,"London : printed for John Stockdale, 1793.",London,503,male,1743,1800,False
0151103900_000001,Considerations on the slave trade; and the consumption of West Indian produce.,"Cooper, Thomas",49,1791,1,1,"London : printed and sold by Darton and Harvey, Gracechurch-Street; J. Carter, back of the Royal Exchange, and J. Parsons, Paternoster Row, MDCCXCI. [1791].",London,16,male,1759,1839,False
0800300102_000144,"An impartial report of the debates that occur in the two Houses of Parliament, in the course of the fourth session of the eighteenth Parliament of Great Britain, called to meet at Westminster, on Tuesday the 27th of September, 1796. With some account of the Respective Speakers, and Notes and Illustrations. Including copies of all State Papers, Treaties, Conventions, &c. By William Woodfall, And Assistants. ...",William Woodfall,64,1798,2,3,"London : printed for the reporter, and published by T. Chapman, No. 154, Fleet-Street; T. Woodfall, No. 104, Drury-Lane; T. Bellamy, King-Street, Covent-Garden; J. St. John, West end of Exeterchange; and H. D. Symonds, Paternoster-Row. Of whom may be had, Complete sets of the three former Sessions, and any separate Numbers, 1798-99.",London,821,male,1746,1803,False
0498500202_000037,"Great-Britain's commercial interest explained and improved: in a series of dissertations on the Most Important Branches of her Trade and Landed Interest. With An Essay, shewing the great Advantages which would certainly accrue to England, from an Union with Ireland. Also a clear view of the State of our Plantations in America, Their Constitution, Trade, and Revenues, with A certain Method to encrease their Commerce and Strength. By Malachy Postlethwayt, Esq; In Two Volumes.",Malachy Postlethwayt,77,1759,2,2,"London : printed for W. Owen, at Homer's Head near Temple-Bar, MDCCLIX. [1759].",London,563,male,1707,1767,False
0328002800_000002,"An answer to the Rev. Mr. Clarkson's essay on the slavery and commerce of the human species, particularly the African; in a series of letters, from a gentleman in Jamaica, to his friend in London: wherein many of the mistakes and misrepresentations of Mr. Clarkson are pointed out, Both With Regard To The Manner in which that Commerce is carried on in Africa, And The Treatment of the Slaves in the West Indies. Shewing, At The Same Time, The Antiquity, Universality, and Lawfulness of Slavery, as as ever having been one of the States and Conditions of Mankind. By G. Francklyn, Esq.","Francklyn, Gilbert",46,1789,1,1,"London : printed at the Logographic Press, and sold by J. Walter, No. 169, Opposite Bond Street, Piccadilly; C. Stalker, Stationer's Court, Ludgate Street; and W. Richardson, Under The Royal Exchange, M.DCC.LXXXIX. [1789].",London,274,unknown,,,False
0151104500_000014,"Abridgment of the minutes of the evidence, taken before a committee of the whole House, to whom it was referred to consider of the slave-trade, 1790.",Great Britain. Parliament. House of Commons,56,1790,1,1,"[London, 1790].",London,247,unknown,,,False
0666201500_000035,A treatise upon the trade from Great-Britain to Africa; humbly recommended to the attention of government. By an African merchant.,African merchant,52,1772,1,1,"London : printed for R. Baldwin, No. 47, Pater-Noster Row, MDCCLXXII. [1772].",London,191,unknown,,,False
1236701302_000064,"The history of America containing the geographical, political, and commerical [sic] state of that continent: in which is given a succinct account of the trade, customs and policy of the French nation, and the foundation they have laid for obtaining the sole dominion in those colonies. Translated from the French of Mons. du Bosque late Historographer to the French King. In two volumes. ...",Malachy Postlethwayt,58,1771,2,2,"London : printed by James Lowndes in Paternoster-Row, MDCCLXXI. [1771].",London,391,male,1707,1767,False
1116400117_000632,"Encyclopaedia; or, A dictionary of arts, sciences, and miscellaneous literature ... Compiled from the writings of the best authors, in several languages ... Illustrated with five hundred and forty-two copperplates. ...",,46,1798,17,18,"Philadelphia : Printed by Thomas Dobson, at the stone house, no 41, South Second Street, M.DCC.XCVIII. [1798] (Copy-right secured according to law).",Philadelphia,869,unknown,,,False
0613600101_000061,"Private memoirs relative to the last year of the reign of Lewis the Sixteenth, late King of France. By Ant. Fr. Bertrand de Moleville, Minister of State at that Time. Translated from the original manuscript of the author, which has never been published. With five portraits, from Original Pictures, of the Royal Family of France. In three volumes. ...","Bertrand de Moleville, Antoine François, marquis de",39,1797,1,3,"London : printed for A. Strahan; and T. Cadell jun. and W. Davies (successors to Mr. Cadell) in the Strand, 1797.",London,430,male,1744,1818,False
1408801300_000012,"Observations on slavery, and the consumption of the produce of the West India Islands: Together with an abstract of the evidence given before the committee of privy council and the select committee of the House of Commons, respecting the treatment of slaves in the West Indies.",,51,1792,1,1,"London : Printed for T. Boosey, No. 4, Old Broad-street, near the Royal-Exchange, [1792].",London,65,unknown,,,False
0151104000_000007,Considerations on the emancipation of negroes and on the abolition of the slave-trade. By a West-India planter.,West-India planter,52,1788,1,1,"London : printed for J. Johnson, St. Paul's Church-Yard; and J. Debrett, Piccadilly, M.DCC.LXXXVIII. [1788].",London,42,unknown,,,False
1116100112_000881,"Encyclopaedia; or, A dictionary of arts, sciences, and miscellaneous literature ... Compiled from the writings of the best authors, in several languages ... Illustrated with five hundred and forty-two copperplates. ...",,52,1798,12,18,"Philadelphia : Printed by Thomas Dobson, at the stone house, no 41, South Second Street, M.DCC.XCVIII. [1798] (Copy-right secured according to law).",Philadelphia,836,unknown,,,False
1236701302_000028,"The history of America containing the geographical, political, and commerical [sic] state of that continent: in which is given a succinct account of the trade, customs and policy of the French nation, and the foundation they have laid for obtaining the sole dominion in those colonies. Translated from the French of Mons. du Bosque late Historographer to the French King. In two volumes. ...",Malachy Postlethwayt,54,1771,2,2,"London : printed by James Lowndes in Paternoster-Row, MDCCLXXI. [1771].",London,391,male,1707,1767,False
0052203200_000031,"A looking-Glass for a right honourable mendicant; or, the real character of a certain great orator; with important political observations: in particular the marrow of the slave question, And Of That Respecting The Laws of Debtor and Creditor, &c. &c. By an old Member of Parliament.",Old Member of Parliament,48,1794,1,1,"London : printed for B. Crosby, NO. 4, Stationers-Court, M.DCC.XCIV. [1794].",London,136,unknown,,,False
1597400500_000005,"Substance of a speech intended to have been made on Mr. Wilberforce's motion for the abolition of the slave trade, on Tuesday, April 3, 1792: But the unwillingness of the committee to hear any thing farther on the subject, after Mr. Pitt had spoken, prevented the member from being heard.",,47,1792,1,1,"London : Printed for J. Owen, No. 168, Piccadilly, 1792.",London,58,unknown,,,False
0630000111_000166,"The general magazine of Arts and Sciences, philosophical, philological, mathematical, and mechanical ... By Benjamin Martin.",Benjamin Martin,58,1755,11,14,"London [England] : printed for W. Owen, at Homer's Head, in Fleet-street, M DCC LV. [1755]-[1765].",London,611,male,1704,1782,False
1321800101_001575,"The universal dictionary of trade and commerce: With large additions and imporvements adapting the same to the present state of British affairs in America, since the last Treaty of Peace made in the year 1763. With great variety of new remarks and illustrations incorporated throughout the whole: together with every thing essential that is contained in Savary's dictionary: also, all the materials laws of trade and navigation relating to these kingdoms, and the customs and usages to which all traders are subject. By Malachy Postlethwayt, Esq;.",Jacques Savary des Brûlons,49,1766,1,2,"London : printed for H. Woodfall, A. Millar, J. and R. Tonson, J. Rivington, J. Hinton, R. Baldwin, L. Hawes and W. Clarke and R. Collins, R. Horsfield, W. Johnston, T. Longman, J. Brotherton, J. Dodsley, T. Payne, J. Robson, T. Lowndes, W. Nicoll, and J. Knox, M DCC LXVI. [1766].",London,1115,male,1657,1716,False
1150400400_000006,"Reason urged against precedent, in a letter to the people of Derby. By Henry Yorke.",Henry Redhead Yorke,48,1793,1,1,"[London? : s.n., 1793?].",London,53,male,1772,1813,False
1180700800_000013,"Letter to the treasurer of the Society instituted for the purpose of effecting the abolition of the slave trade. From The Rev. Robert Boucher Nickolls, ...","Nickolls, Robert Boucher",43,1788,1,1,"London : printed by James Phillips, 1788.",London,58,unknown,,,False
0642900405_000038,"The wonders of nature and art; being an account of whatever is most curious and remarkable throughout the world; Whether relating to its Animals, Vegetables, Minerals, Volcanoes, Cataracts, Hot and Cold Springs, and Other Parts of Natural History; or, to the Buildings, Manufactures, Inventions, and Discoveries of its Inhabitants. The whole collected from the writings of the best historians, Travellers, Geographers, and Philosophers, among which are some Original Manuscripts; interspersed with pious Observations and Reflections; illustrated with Notes, and adorned with Copper-Plates. The second edition. ...",,41,1768,5,6,"London : printed for Newberry and Carnan, sons and successors to the late Mr. John Newberry, at the Bible and Sun, No. 65. the North Side of St. Paul's Church-Yard, MDCCLXVIII. [1768].",London,328,unknown,,,False
0586700800_000020,A country gentleman's reasons for voting against Mr. Wilberforce's motion for a bill to prohibit the importation of African negroes into the colonies.,Country Gentleman,67,1792,1,1,"London : printed for J. Debrett, opposite Burlington House, Piccadilly, 1792.",London,79,male,,,False
1230003300_000002,"Remarks on the late decision of the House of Commons respecting the abolition of the slave trade. By Thomas Gisborne, M.A.",Thomas Gisborne,46,1792,1,1,"London : printed for B. White and Sons, Horack's Head, Fleet-Street, 1792.",London,50,male,1758,1846,False
0432500700_000653,"Report of the Lords of the Committee of Council appointed for the consideration of all matters relating to trade and foreign plantations; submitting to His Majesty's consideration the evidence and information they have collected in consequence of His Majesty's order in council dated the 11th of February 1788, concerning the present state of the trade to Africa, and particularly the trade in slaves; ...",Great Britain. Board of Trade,46,1789,1,1,"[London], 1789.",London,890,unknown,,,False
0600600500_000012,"The African trade, the great pillar and support of the British plantation trade in America: ...",Malachy Postlethwayt,63,1745,1,1,"London : printed for J. Robinson, 1745.",London,47,male,1707,1767,False
0791800400_000004,"The royal African: or, memoirs of the young prince of Annamaboe. Comprehending a distinct account of his country and family; his elder brother's voyage to France, and Reception there; the Manner in which himself was confided by his Father to the Captain who sold him; his Condition while a Slave in Barbadoes; the true Cause of his being redeemed; his Voyage from thence; and Reception here in England. Interspers'd throughout With several Historical Remarks on the Commerce of the European Nations, whose Subjects frequent the Coast of Guinea. To which is prefixed A Letter from the Author to a Person of Distinction, in Reference to some natural Curiosities in Africa; as well as explaining the Motives which induced him to compose these Memoirs.",,48,1754,1,1,"London : printed for W. Reeve, at Shakespear's Head, Fleetstreet; G. Woodfall, and J. Barnes, at Charing-Cross; and at the Court of Requests, [1754?].",London,55,unknown,,,False
1180700600_000005,"A letter to the Right Honourable William Pitt, Chancellor of the Exchequer, &c. &c. on the proposed abolition of the African slave trade. By the Rev. F. Randolph, M. A. Late Fellow of King's College, Cambridge; And Chaplain to his Royal Highness the Duke of York.",Francis Randolph,50,1788,1,1,"London : printed for T. Cadell, in the Strand, MDCCLXXXVIII. [1788].",London,57,male,1752,1831,False
0512900200_000009,"A caution and warning to Great-Britain, and her colonies, in a short representation of the calamitous state of the enslaved Negroes in the British dominions. Collected from various authors, and submitted to the serious consideration of all, more especially of those in power. To which is added, an extract of a sermon, preached by the Bishop of Gloucester, before the Society for the Propagation of the Gospel. By Anthony Benezet.",William Warburton,45,1767,1,1,"Philadelphia : Printed by D. Hall, and W. Sellers, at the new printing-office, in Market-Street, MDCCLXVII. [1767].",Philadelphia,53,male,1698,1779,True
0565500301_000200,"The history of Jamaica. Or, general survey of the antient and modern state of that island: with reflections on its situation, settlements, inhabitants, ... In three volumes. Illustrated with copper plates. ...",Edward Long,46,1774,1,3,"London : printed for T. Lowndes, 1774.",London,634,male,1735,1813,False
0090700200_000086,"Essays historical and moral. By G. Gregory, F.A.S.",George Gregory,45,1788,1,1,"London : printed for J. Johnson, ST. Paul's Church-Yard, M.DCC.LXXXVIII. [1788].",London,428,male,1754,1808,False
1009400101_000140,"An impartial report of the debates that occur in the two Houses of Parliament. With some account of the respective speakers, and notes and illustrations. Including copies of all State Papers, Treaties, Conventions, &c. By William Woodfall, And Assistants. ...",William Woodfall,61,1794,1,4,"London : published by T. Chapman, No. 151, Fleet-Street, 1794.",London,469,male,1746,1803,False
1508700600_000002,"A proposal, for the consideration of those, who interest themselves in the abolition or preservation of the slave-trade. With some observations addressed to the members of the Society for the Propagation of the Gospel. By a Clergyman.",Clergyman,48,1788,1,1,"Wolverhampton : Printed for the author, and sold by J. Smart, sold also by Mr. Lowndes, Fleet Street, London; Messrs Pearson and Rollason, and Mr. Swinney, Birmingham; Messrs Eddowes and Son, Shrewsbury; and Mr. Harrop, Manchester, MDCCLXXXVIII. [1788].",Wolverhampton,28,male,,,False
0256800200_000024,"Considerations on the abolition of slavery and the slave trade, upon grounds of natural, religious, and political duty.",Thomas Burgess,72,1789,1,1,"Oxford : sold by D. Prince and J. Cooke; J. and J. Fletcher: and by Elmsly, White, Payne, Cadell, London, MDCCLXXXIX. [1789].",Oxford,171,male,1756,1837,False
1544802600_000008,"An Essay on the slave trade; enumerating its horrors, and shewing the vice of encouraging it by the consumption of West-India productions: And also shewing the certainty of its abolition by the disuse of them.",,33,1792,1,1,"Cork : Printed by Anthony Edwards, bookseller, Castle-Street, 1792.",Cork,60,unknown,,,False
1285800303_000050,"An impartial report of the debates that occur in the two houses of Parliament, In the Course of the Sixth Session of the Seventeenth Parliament of Great Britain, called to meet at Westminster, on Thursday the 29th of October, 1795. With some account of the respective speakers, and Notes and Illustrations. including copies of all state papers, treaties, conventions, &c. By William Woodfall, and assistants. Vol. III.",William Woodfall,43,1796,3,3,"London : published by T. Chapman, No. 151, Fleet-Street, 1796.",London,667,male,1746,1803,False
1150400200_000028,A review of the principal proceedings of the Parliament of 1784.,,47,1792,1,1,"London : printed for R. Edwards, No. 142, New Bond Street, 1792.",London,188,unknown,,,False
0831300103_000158,"Modern history: or, the present state of all nations. Describing their respective situations, persons, habits, and buildings; manners, laws and customs, religion, and policy; Arts and Sciences, Trades, Manufactures and Husbandry; plants, animals, and minerals. By Mr Salmon. Illustrated with cuts and maps, accurately drawn according to the Geographical Part of this Work, by Herman Moll. The third edition. With considerable additions and improvements, interspersed in the body of the work: Also the History and Revolutions of each Country, brought down to the present Time. In three volumes. ...",Thomas Salmon,53,1744,3,3,"London : printed for T. Longman, in Pater-Noster-Row. T. Osborne, in Grays-Inn. J. Shuckburgh, in Fleet-Street. C. Hitch, in Pater-Noster-Row. S. Austen, in Newgate-Street. And J. Rivington, in St Paul's Church-Yard, MDCCXLIV. [1744]-46.",London,651,male,1679,1767,False
0606000402_000016,"The history, civil and commercial, of the British colonies in the West Indies. In two volumes. By Bryan Edwards, ...",Bryan Edwards,54,1793,2,2,"Dublin : Luke White, 1793.",Dublin,493,male,1743,1800,False
0410700500_000006,A letter to the Members of Parliament who have presented petitions to the Honourable House of Commons for the abolition of the slave trade. By a West-India Merchant.,"Innes, William",40,1792,1,1,"London : sold by J. Sewell, Cornhill; J. Murray, Fleet-Street; and J. Debrett, Piccadilly, [1792].",London,89,male,1720,1795,False
1562800101_001271,"The universal dictionary of trade and commerce, translated from the French of the celebrated Mosieur Savary, Inspector-General of the manufactures for the King, at the Custom-House of Paris: with large additions and improvements, incorporated throughout the whole work; which more particularly accomodate the same to the trade and navigation of these kingdoms, and the laws, customs, and usages, to which all traders are subject. By Malachy Postlethwayt, Esq;",Malachy Postlethwayt,81,1757,1,2,"London : printed for John Knapton, in Ludgate-Street, M DCC LVII. [1757].",London,1069,male,1707,1767,False
0151104500_000051,"Abridgment of the minutes of the evidence, taken before a committee of the whole House, to whom it was referred to consider of the slave-trade, 1790.",Great Britain. Parliament. House of Commons,55,1790,1,1,"[London, 1790].",London,247,unknown,,,False
0652501200_000003,"A short and true account of the importance and necessity, of settling the African trade this present session of Parliament; together with a comparative view of the two schemes, Proposed to the Honourable House of Commons, viz. That for a general joynt-stock; and that for an open trade.",,70,1711,1,1,"[London : s.n., 1711?].",London,4,unknown,,,False
0699000500_000007,"Thoughts on trade in general, our West-Indian in particular, our Continental colonies, Canada, Guadaloupe, and the preliminary articles of peace. Addressed to the community.",Ignotus           1763,55,1763,1,1,"London : printed for John Wilkie, at the Bible in St. Paul's Church-Yard, MDCCLXIII. [1763].",London,85,unknown,,,False
0684000104_000041,"A philosophical and political history of the settlements and trade of the Europeans in the East and West Indies. Revised, augmented, and published, in ten volumes, by the abbé Raynal. Newly translated from the French, by J. O. Justamond, F.R.S. With a new set of maps ... In six volumes. ...",Guillaume Thomas François Raynal,36,1798,4,6,"London : printed for A. Strahan; and T. Cadell, Jun. and W. Davies, (successors to Mr. Cadell); and for J. Mundell & Co. Edinburgh, 1798.",London,502,male,1713,1796,True
1163900102_000013,"The history, civil and commercial, of the British colonies in the West Indies: in two volumes. By Bryan Edwards, ...",Bryan Edwards,64,1793,2,2,"London : printed for John Stockdale, 1793.",London,503,male,1743,1800,False
0151300700_000009,"Slave trade. A full account of this species of commerce; with arguments against it, spirited and philosophical: by the Celebrated Philosopher and Historian, Abbé Raynal. Translated from the French. The Law Permitting this Protects only Life.",Guillaume Thomas François Raynal,34,1792,1,1,"Southwark : printed for T. Cox, St. Thomas's-Street, Boro' and may be had of all the booksellers, [1792?].",London_fSouthwark,44,male,1713,1796,True
1476400132_000152,"The Parliamentary register; or, History of the proceedings and debates of the House of Commons; Containing an account of the most interesting speeches and motions; accurate copies of the most remarkable letters and papers; of the most material evidence, petitions, &c. laid before and offered to the House, during the first session of the fifteenth Parliament of Great Britain. Begun to be holden at Westminster on the 31st day of October 1780.",Great Britain. Parliament. House of Lords,62,1781,32,45,"London : Printed for J. Almon and J. Debrett, opposite Burlington-House, in Piccadilly, MDCCLXXXI. [1781].",London,512,unknown,,,False
0978900200_000427,"The proceedings in cases of high treason, under a special commission of oyer and terminer, which was first opened at Hicks's Hall, Oct. 2, 1794, and afterwards continued at the Sessions House, in the Old Bailey. Taken in short hand, by William Ramsey.","Hardy, Thomas",56,1794,1,1,"London : printed for James Ridgway, York-Street, St. James's Square; and H. D. Symonds, Paternoster-Row, 1794.",London,820,male,1752,1832,False
1236701302_000036,"The history of America containing the geographical, political, and commerical [sic] state of that continent: in which is given a succinct account of the trade, customs and policy of the French nation, and the foundation they have laid for obtaining the sole dominion in those colonies. Translated from the French of Mons. du Bosque late Historographer to the French King. In two volumes. ...",Malachy Postlethwayt,69,1771,2,2,"London : printed by James Lowndes in Paternoster-Row, MDCCLXXI. [1771].",London,391,male,1707,1767,False
0155802200_000012,"A letter to Bryan Edwards, Esquire, containing observations on some passages of his History of the West Indies.",William Preston,41,1795,1,1,"London : printed for J. Johnson, No. 72, St. Paul's Church-Yard, 1795.",London,38,male,1753,1807,False
0410700500_000008,A letter to the Members of Parliament who have presented petitions to the Honourable House of Commons for the abolition of the slave trade. By a West-India Merchant.,"Innes, William",49,1792,1,1,"London : sold by J. Sewell, Cornhill; J. Murray, Fleet-Street; and J. Debrett, Piccadilly, [1792].",London,89,male,1720,1795,False
0432500700_000655,"Report of the Lords of the Committee of Council appointed for the consideration of all matters relating to trade and foreign plantations; submitting to His Majesty's consideration the evidence and information they have collected in consequence of His Majesty's order in council dated the 11th of February 1788, concerning the present state of the trade to Africa, and particularly the trade in slaves; ...",Great Britain. Board of Trade,93,1789,1,1,"[London], 1789.",London,890,unknown,,,False
1439300102_000031,"Elements of moral science. By James Beattie, LL.D. professor of moral philosophy and logic in Marischal College, Aberdeen. First[-second] volume.","Folwell, Richard",38,1792,2,2,"Philadelphia : From the press of Mathew Carey, no. 118, Market-Street, Jan. 28, M,DCC,XCII. [1792-1794].",Philadelphia,348,male,1735,1803,False
0464201000_000034,"Remarks on the slave trade, and the Slavery of the Negroes. In a series of letters.",Africanus,53,1788,1,1,"London : printed and sold by J. Phillips, George-Yard, Lombard-Street; and sold also by T. Payne and Sons, Meuse-Gate, Charing-Cross; and Chase and Co. Norwich, MDCCLXXXVIII. [1788].",London,89,unknown,,,False
1237802900_000002,"Reasons in support of the planters proposals for preserving and extending the trade to those parts of Africa called the Gold-Coast and Whydah, against the powerful rivalship of foreign nations.",Royal African Company,79,1749,1,1,"[London?, 1749?].",London,4,unknown,,,False
0410800900_000002,"Remarks on the late decision of the House of Commons respecting the abolition of the slave trade. The second edition. By Thomas Gisborne, M.A.",Thomas Gisborne,48,1792,1,1,"London : printed for B. White and Sons, Horace's Head, Fleet-Street, 1792.",London,47,male,1758,1846,False
0530100600_000004,"A summary of the evidence produced before the committee of the Privy Council, and before a committee of the House of Commons; relating to the slave trade.",,47,1792,1,1,"London : printed for J. Bell, British Library, Strand, MDCCXCII. [1792].",London,15,unknown,,,False
1552700209_000043,"Annals of agriculture, and other useful arts. Collected and published by Arthur Young, Esq. F.R.S. honorary member of the societies of Dublin, Bath, York, Salford and Odiham; the Philosophical and Literary Society of Manchester, the Oconomical Society of Berne; the Physical Society of Zurich; the Palatine Academy of Agriculture at Manheim; the Imperial Oconomical Society established at Petersburgh; and corresponding member of the Royal Society of agriculture at Paris; of the Royal Academy of Agriculture at Florence; and of the Patriotic Society at Milan. Vol. IX.",Arthur Young,51,1788,9,33,"Bury St. Edmund's : Printed for the editor, by J. Rackham, and sold by William Nicoll, No 51, St. Paul's Church Yard, London, MDCCLXXXVIII. [1788].",,673,male,1741,1820,True
0040205500_000003,The trade granted to the South-Sea-Company: considered with relation to Jamaica. In a letter to one of the directors of the South-Sea-Company; by a gentleman who has resided several years in Jamaica.,Gentleman who has resided several years in Jamaica,53,1714,1,1,"London : printed for Samuel Crouch, against the Royal Exchange in Cornhill, 1714.",London,30,unknown,,,False
0151103600_000012,"Substance of a speech intended to have been made on Mr. Wilberforce's motion for the abolition of the slave trade, on Tuesday, April 3, 1792: But the Unwillingness of the Committee to hear any thing farther on the Subject, after Mr. Pitt had spoken, prevented the Member from being heard.",,54,1792,1,1,"London : printed for J. Owen, No. 168, Piccadilly, 1792.",London,82,unknown,,,False
1218700900_000002,"Slave trade. The negro and the free-born Briton compared; or, a vindication of the African slave trade. Proving that it is lawful and right, in a Religious, in a Political, and in a Commercial View. Interspersed with religious and critical digressions. Humbly addressed to the people of England, but more particularly to the legislature and to the Merchants, Planters, and others concerned in the West-India trade.",,52,1789,1,1,"London : printed for the author, and sold by J. Stockdale, Piccadilly; J. Strahan, in the Strand; M. Folingsby, No. 4, Fleet-Street; J. Johnson, St. Paul's Church-Yard; and W. Richardson, Royal Exchange, [1789?].",London,64,unknown,,,False
0586501000_000034,Observations on the commerce of the American States. By John Lord Sheffield.,"John Baker Holroyd, 1st Earl of Sheffield",47,1784,1,1,"London : printed for J. Debrett, opposite Burlington House, Piccadilly, MDCCLXXXIV. [1784].",London,358,male,1735,1821,False
1556200500_000016,"A true state of the present difference between the Royal African Company, and the separate traders: Shewing the irregularities and impositions of the joint-stock managers; the uselesness of their forts; the expence they are at in the maintenance of the same; the charge of supporting them in a condition of defence; the vast sums they have receiv'd by the ten per cent. Duty in order thereunto, and what had been misapply'd to their own private uses; the advantages and reasonableness of an open trade to Aftica; and, lastly, the danger of an exclusive trade, not only to the traders of South and North Britain, but, to our American plantations. Written by a true lover of his country, and humbly submitted to the wise consideration of both Houses of Parliament.",True lover of his country,62,1710,1,1,"London : [s.n.], Printed in the year 1710.",London,42,unknown,,,False
1742700117_000631,"Encyclopædia Britannica; or, a dictionary of arts, sciences, and miscellaneous literature; ... The third edition, in eighteen volumes, greatly improved. Illustrated with five hundred and forty-two copperplates. ...",,44,1797,17,20,"Edinburgh : printed for A. Bell and C. Macfarquhar, 1797.",Edinburgh,830,unknown,,,False
0432500700_000650,"Report of the Lords of the Committee of Council appointed for the consideration of all matters relating to trade and foreign plantations; submitting to His Majesty's consideration the evidence and information they have collected in consequence of His Majesty's order in council dated the 11th of February 1788, concerning the present state of the trade to Africa, and particularly the trade in slaves; ...",Great Britain. Board of Trade,73,1789,1,1,"[London], 1789.",London,890,unknown,,,False
0623400400_000034,"Memoirs of the reign of Bossa Ahádee, King of Dahomy, an inland country of Guiney. To which are added, the author's journey to Abomey, the capital; and a short account of the African slave trade. By Robert Norris. Illustrated with a new map.","Norris, Robert           1791",62,1789,1,1,"London : printed for W. Lowndes, No. 77, Fleet-Street, M.DCC.LXXXIX. [1789].",London,200,unknown,,,False
1614000300_000005,"Remarks on the decision of the House of Commons respecting the abolition of the slave-trade on April 2d, 1792. With an appendix relating to the present state of the question. By Thomas Gisborne, M.A.",Thomas Gisborne,44,1796,1,1,"London : [s.n.], [1796].",London,40,male,1758,1846,False
0600000400_000004,"A very new pamphlet indeed! Being the truth: addressed to the people at large. Containing some strictures on the English Jacobins, and the evidence of Lord M'cartney, and others, before the House of Lords, respecting the slave trade.",,55,1792,1,1,"London : [s.n.], Printed in the Year 1792.",London,13,unknown,,,False
0127400100_000014,"A dissertation on the manners, governments, and spirit, of Africa. To which is added, observations on the present applications to Parliament for abolishing Negroe slavery in the British West Indies. By S. Hollingsworth, Author of the Present State of Nova Scotia and Canada, &c. &c.","Hollingsworth, S.",39,1788,1,1,"Edinburgh : printed for William Creech , Edinburgh ; and J. Stockdale, and J. Murray, London, MDCCLXXXVIII. [1788].",Edinburgh,68,unknown,,,False
0750300102_000054,"Britain's commercial interest explained and improved; in a series of dissertations on several important branches of her trade and police: Containing A Candid Enquiry into the secret Causes of the present Misfortunes of the Nation. With Proposals for their Remedy. Also The great Advantages which would accrue to this Kingdom from an Union with Ireland. By Malachy Postlethwayt, Esq; Author of the Universal Dictionary of Trade and Commerce, &c. ...",Malachy Postlethwayt,96,1757,2,2,"London : printed for D. Browne, without Temple-Bar; A. Millar, in the Strand; J. Whiston and B. White, and W. Sandby, in Fleet-Street, MDCCLVII. [1757].",London,563,male,1707,1767,False
0523501500_000011,"A detection of the proceedings and practices of the directors of the Royal African Company of England, From their first Establishment by Charter in the Year 1672, to the present Year 1748. With Remarks on the Use and Importance of the British Forts and Settlements on the Coast of Guiney, and the Necessity of speedily putting them upon a proper Establishment.",,81,1749,1,1,"London : printed for T. Warner, neat St. Paul's, MDCCXLIX. [1749].",London,57,unknown,,,False
0627103300_000008,Examination of the Rev. Mr. Harris's Scriptural researches on the licitness of the slave-trade. By the Rev. James Ramsay.,James Ramsay,65,1788,1,1,"London : printed by James Phillips, George-Yard, Lombard. Street, M.DCC.LXXXVIII. [1788].",London,30,male,1733,1789,False
0522903300_000011,"An answer to a calumny: with some remarks upon an anonimous pamphlet, address'd to his Grace the Duke of Newcastle, entitled, Some observations on the Assiento trade, as it has been exercised by the South-Sea Company, &c. Whereby The Damage which has, or is likely to accrue thereby to the British Commerce and Plantations, and particularly to Jamaica, is also considered. In two parts. By the Factor to the South-Sea Company, at whom the Calumny was aimed.","Rigby, Richard           1730",72,1728,1,1,"London : printed by W. Wilkins, and sold by J. Roberts in Warwick-Lane, M.DCC.XXVIII. [1728].",London,74,unknown,,,False
1231302500_000013,"Travels in the interior districts of Africa: performed under the direction and patronage of the African Association, in the years 1795, 1796, and 1797. By Mungo Park, Surgeon. With an appendix, containing geographical illustrations of Africa. By Major Rennell.",Mungo Park,44,1799,1,1,"London : printed by W. Bulmer and Co. for the author; and sold by G. and W. Nicol, Booksellers to his Majesty, Pall-Mall, 1799.",London,506,male,1771,1806,False
1017300700_000020,A country gentleman's reasons for voting against Mr. Wilberforce's motion for a bill to prohibit the importation of African negroes into the colonies.,Country Gentleman,68,1792,1,1,"London : printed for J. Debrett, opposite Burlington House, Piccadilly, 1792.",London,79,male,,,False
0241901500_000003,"A letter to Philo Africanus, upon slavery; in answer to his of the 22d of November, in the General Evening Post; together with the opinions of Sir John Strange, and other eminent lawyers upon this subject, with the sentence of Lord Mansfield, in the case of Somerset and Knowles, 1772, With His Lordship's Explanation Of That Opinion In 1786.",Candidus,46,1788,1,1,"London : printed for W. Brown, Bookseller, Corner Of Essex-Street, Strand, MDCCLXXXVIII. [1788].",London,41,unknown,,,False
0175600301_000320,"The history of America, from its discovery by Columbus to the conclusion of the late war. With an appendix, containing an account of the rise and progress of the present unhappy contest between Great Britain and her colonies. By William Russell, Esq. of Gray's-Inn. ...",William Russell,51,1778,1,2,"London : printed for Fielding and Walker, No. 20, Pater-Noster-Row, MDCCLXXVIII. [1778].",London,598,male,1741,1793,False
0681000700_000002,"Some observations, shewing The danger of Losing the Trade of the Sugar Colonies. Humbly Offer'd To the consideration of the parliament. By a Planter.","Cleland, William",53,1714,1,1,"London : [s.n.], Printed in the Year, MDCCXIV. [1714].",London,14,male,1692,1716,False
1215800105_000074,"A philosophical and political history of the settlements and trade of the Europeans in the East and West Indies. Revised, augmented, and published, in ten volumes, by the abbé Raynal. Newly translated from the French, by J. O. Justamond, F.R.S. With a new set of maps Adapted To The Work, an a copious index. In eight volumes. ...",Guillaume Thomas François Raynal,44,1788,5,8,"London : printed for A. Strahan; and T. Cadell, In The Strand, MDCCLXXXVIII. [1788].",London,521,male,1713,1796,True
0452802500_000001,"Observations on the project for abolishing the slave trade, and on the reasonableness of attempting some practicable mode of relieving the negroes.","John Baker Holroyd, 1st Earl of Sheffield",45,1790,1,1,"London : printed for J. Debrett, opposite Burlington House, Piccadilly, M.DCC.XC. [1790].",London,75,male,1735,1821,False
1051200103_000808,"Modern history: or, the present state of all nations. Describing their respective situations, persons, habits, Buildings, Manners, Laws and Customs, Religion and Policy, Arts and Sciences, Trades, Manufactures and Husbandry, Plants, animals and minerals. Being The most complete and correct System of Geography and Modern History extant in any Language. By Mr. Salmon. Illustrated with cuts and maps accurately drawn according to the Geographical Part of this Work, by Herman Moll. ...",Thomas Salmon,48,1739,3,3,"London : printed for Messrs. Bettesworth and Hitch in Pater-Noster-Row ; J. Clarke under the Royal Exchange in Cornhill ; S. Birt in Ave Mary Lane ; Tho. Wotton over against St. Dunstan's Church, and J. Shuckburgh next the Inner Temple Gate, both in Fleetstreet ; and T. Osborne in Gray's-Inn, M.DCC.XXXIX. [1739].",London,878,male,1679,1767,False
0800300102_000135,"An impartial report of the debates that occur in the two Houses of Parliament, in the course of the fourth session of the eighteenth Parliament of Great Britain, called to meet at Westminster, on Tuesday the 27th of September, 1796. With some account of the Respective Speakers, and Notes and Illustrations. Including copies of all State Papers, Treaties, Conventions, &c. By William Woodfall, And Assistants. ...",William Woodfall,46,1798,2,3,"London : printed for the reporter, and published by T. Chapman, No. 154, Fleet-Street; T. Woodfall, No. 104, Drury-Lane; T. Bellamy, King-Street, Covent-Garden; J. St. John, West end of Exeterchange; and H. D. Symonds, Paternoster-Row. Of whom may be had, Complete sets of the three former Sessions, and any separate Numbers, 1798-99.",London,821,male,1746,1803,False
1142802800_000009,"A caution to Great Britain and her colonies, in a short representation of the calamitous state of the enslaved Negroes in the British Dominions. A new edition. By Ant. Benezet.",Anthony Benezet,44,1784,1,1,"London : Philadelphia printed: London reprinted and sold by James Phillips, 1784.",London,46,male,1713,1784,False
0452802300_000001,"The national and private advantages of the African trade considered: being an enquiry, how far it concerns the trading interest of Great Britain, effectually to support and maintain the forts and settlements in Africa; belonging to the Royal African Company of England: Shewing also that Support and Encouragement the Dutch and the French give to their respective African Companies; and that nothing less than 30,000 l. per Annum, granted by Parliament to the present Company, for a Term of Years certain can enable them to support a Competition with our Rivals in that Trade: with a Proposition to render the Interest of private Traders, and that of the Company mutually beneficial to each other. with a new and correct map. of the Coast of Africa, and all the European Settlements. Humbly inscribed to the Rt. Honble. Henry Pelham, Esq; First Lord Commissioner of his Majesty's Treasury, and Chancellor of the Exchequer.",Malachy Postlethwayt,79,1746,1,1,"London : printed for John and Paul Knapton, at the Crown in Ludgate-Street, MDCCXLVI. [1746].",London,131,male,1707,1767,False
0691600400_000041,"The debate on a motion for the abolition of the slave-trade, in the House of Commons, on Monday the second of April, 1792, reported in detail.",Great Britain. Parliament. House of Commons,53,1792,1,1,"[London : s.n., 1792].",London,176,unknown,,,False
1150400200_000027,A review of the principal proceedings of the Parliament of 1784.,,50,1792,1,1,"London : printed for R. Edwards, No. 142, New Bond Street, 1792.",London,188,unknown,,,False
0446500500_000038,"The debate on a motion for the abolition of the slave-trade, in the house of commons, on Monday the second of April, 1792, reported in detail.",Great Britain. Parliament. House of Commons,45,1792,1,1,"London : printed by W. Woodfall, and sold at the printing-office of The Diary Salisbury-Square, Fleet-Street, MDCCXCII. [1792].",London,191,unknown,,,False
0623400400_000035,"Memoirs of the reign of Bossa Ahádee, King of Dahomy, an inland country of Guiney. To which are added, the author's journey to Abomey, the capital; and a short account of the African slave trade. By Robert Norris. Illustrated with a new map.","Norris, Robert           1791",48,1789,1,1,"London : printed for W. Lowndes, No. 77, Fleet-Street, M.DCC.LXXXIX. [1789].",London,200,unknown,,,False
0586500400_000006,"The importance of effectually supporting the Royal African Company of England impartially considered; shewing, That a free and open trade to Africa, and the Support and Preservation of the British colonies and plantations in America, depend upon Maintaining the Forts and Settlements, Rights and Privileges belonging to that corporation, against the Encroachments of the French, and all other Foreign Rivals in that Trade. The second edition. With a New and more Correct Map than any hitherto published, shewing the Situation of the several European Forts and Settlements in that Country. In a letter to a Member of the House of Commons.",Charles Hayes,67,1745,1,1,"London : printed by E. Say; and sold by J. Roberts, in Warwick-Lane, 1745.",London,51,male,1678,1760,False
0151103600_000008,"Substance of a speech intended to have been made on Mr. Wilberforce's motion for the abolition of the slave trade, on Tuesday, April 3, 1792: But the Unwillingness of the Committee to hear any thing farther on the Subject, after Mr. Pitt had spoken, prevented the Member from being heard.",,51,1792,1,1,"London : printed for J. Owen, No. 168, Piccadilly, 1792.",London,82,unknown,,,False
0498500202_000039,"Great-Britain's commercial interest explained and improved: in a series of dissertations on the Most Important Branches of her Trade and Landed Interest. With An Essay, shewing the great Advantages which would certainly accrue to England, from an Union with Ireland. Also a clear view of the State of our Plantations in America, Their Constitution, Trade, and Revenues, with A certain Method to encrease their Commerce and Strength. By Malachy Postlethwayt, Esq; In Two Volumes.",Malachy Postlethwayt,62,1759,2,2,"London : printed for W. Owen, at Homer's Head near Temple-Bar, MDCCLIX. [1759].",London,563,male,1707,1767,False
1372700102_001059,"A new system of geography: or, A general description of the world. Containing a particular and circumstantial account of all the countries, kingdoms, and states of Europe, Asia, Africa, and America. Their situation, climate, mountains, seas, rivers, lakes, &c. The religion, manners, customs, manufactures, trade, and buildings of the inhabitants. With the birds, beasts, reptiles, insects, the various vegetables, and minerals, found in different regions. Embellished with a new and accurate set of maps, by the best geographers; and great variety of copper-plates, containing perspective views of the principal cities, structures, ruins, &c. By D. Fenning, (Author of the Royal English dictionary, the use of the globes, the young algebraist's companion, &c.) J. Collier, (Author of the Letters from Pelicia to Charlotte; and translator of the Messiah, from the German of Mr. Klopstock.) and others.",Joseph Collyer,43,1764,2,2,"London : Printed for S. Crowder, at the Looking-Glass, in Pater-noster-Row; and sold by Mr. Jackson, at Oxford; Mr. Merril, at Cambridge; Mess. Smith, in Dublin; and all other booksellers in Great Britain and Ireland, MDCCLXIV. [1764].",London,833,male,1748,1827,False
0050600102_000031,"Elements of moral science. By James Beattie, LL. D. Professor Of Moral Philosophy And Logick In Marischal College, Aberdeen. ...",James Beattie,36,1793,2,2,"Edinburgh : printed for T. Cadell, London; and William Creech, Edinburgh, MDCCXC. [1790].",Edinburgh,695,male,1735,1803,False
0462600700_000013,"A letter to the Right Reverend the Lord Bishop of London, from An Inhabitant of His Majesty's Leeward-Caribbee-Islands. Containing some Considerations on His Lordship's Two Letters of May 19, 1727. The first To the Masters and Mistresses of Families in the English Plantations abroad; The second To the Missionaries there. In which is Inserted, A Short essay concerning the Conversion of the Negro-Slaves in our Sugar-Colonies: Written in the Month of June, 1727, by the same Inhabitant.",Inhabitant of His Majesty's Leeward-Caribee-Islands,38,1730,1,1,"London : printed for J. Wilford, behind the Chapter-House in St. Paul's Church-Yard, 1730.",London,105,unknown,,,False
1213300400_000002,"Some remarks on a pamphlet, call'd, Reflections, on the constitution and management of the trade to Africa. Demonstrating, The Author's abusive Aspersions therein contained, to be ill Grounded, the Matters of Fact wrong Represented, and the late Management of that Trade set in a True Light. With An Account, of the Needful Charge of the British Settlements in Africa; in what manner they may be best Maintain'd, and the Trade carry'd on to the Benefit of this Nation, and our Plantations in America.",,66,1709,1,1,"[London] : [s.n.], Printed in the Year, MDCCIX. [1709].",London,33,unknown,,,False
1133100200_000004,"Address to the inhabitants of Glasgow, Paisley, and the neighbourhood, concerning the African slave trade, by a society in Glasgow.",,45,1791,1,1,"Glasgow : printed by Alex. Adam, MDCCXCI. [1791].",Glasgow,15,unknown,,,False
0738900300_000001,"Objections to the abolition of the slave trade, with answers. To which are prefixed, strictures on a late publication, intituled, ""considerations on the emancipation of negroes, and the abolition of the slave trade, by a West India planter."" By the Rev James Ramsey, A.M.",James Ramsay,50,1788,1,1,"London : printed and sold by J. Phillips, George Yard, Lombard-Street, MDCCLXXXVIII. [1788].",London,83,male,1733,1789,False
1335400100_000010,"Proceedings of the public meeting, held at Sheffield, in the open air, on the seventh of April, 1794; And also an address to the British Nation, being an exposition of the motives which have determined the people of Sheffield to petition the House of Commons no more on the subject of parliamentary reform.","Society for Constitutional Information (Sheffield, England)",48,1794,1,1,"[Sheffield] : Printed for the Sheffield Constitutional Society, 1794.",Sheffield,44,unknown,,,False
0432500700_000093,"Report of the Lords of the Committee of Council appointed for the consideration of all matters relating to trade and foreign plantations; submitting to His Majesty's consideration the evidence and information they have collected in consequence of His Majesty's order in council dated the 11th of February 1788, concerning the present state of the trade to Africa, and particularly the trade in slaves; ...",Great Britain. Board of Trade,66,1789,1,1,"[London], 1789.",London,890,unknown,,,False
0233701000_000015,"Abstract of the evidence, contained in the report of the Lords of the Committee of Council, relative to the slave-trade, and the treatment of the slaves in the Sugar Islands: also an abridgement of such of the colonial laws, as relate to the treatment of the slaves.",Great Britain. Board of trade,49,1790,1,1,"[London], [s.n.], M.DCC.XC. [1790].",London,91,unknown,,,False
1561800100_000181,"A Complete system of geography. Being a description of all the countries, islands, cities, chief towns, harbours, lakes, and rivers, mountains, mines, &c. of the known world. Shewing the situation, extent, and boundaries of the several empires, kingdoms, republics, principalities, provinces, &c. their climate, soil, and produce; their principal buildings, manufactures, and trade; their government, policy, religion, manners, and customs; and the distance and bearing of all the principal towns from one another. Comprehending the history of the universe, both antient and modern; and the most material revolutions and changes that have happen'd in it, either by conquest or treaties; with whatever is curious and remarkable in the works of nature ... art. To which is prefixed, An introduction to geography, as a science: An explanation of maps: The doctrine of the sphere: The system of the world: And a philosophical treaties of the earth, sea, air, and meteors. The whole illustrated with seventy maps, all new-drawn and engraved by Emanuel Bowen, according to the latest discoveries and surveys; and printed on distinct half-sheets, the full size of the book; making of themselves a complete atlas, for the use of all gentlemen, merchants, mariners, and others, who delight in history and geography. This work, extracted from several hundred books of travels and history, is brought down to the present time; preserving all that is useful in the fourth and last edition of the complete geographer, publish'd under the name of Herman Moll, &c.",,61,1744,1,1,"London : Printed for William Innys, Richard Ware, Aaron Ward, John and Paul Knapton, John Clarke, Thomas Longman, Thomas Osborne, Henry Whitridge, Richard Hett, Charles Hitch, Stephen Austen, Edmund Comyns, James Hodges, Andrew Millar, John and Henry Pemderton, and John Rivington, MDCCXLIV. [1744].",London,330,unknown,,,False
0155802200_000009,"A letter to Bryan Edwards, Esquire, containing observations on some passages of his History of the West Indies.",William Preston,48,1795,1,1,"London : printed for J. Johnson, No. 72, St. Paul's Church-Yard, 1795.",London,38,male,1753,1807,False
0072002600_000026,A review of the principal proceedings of the Parliament of 1784.,,49,1785,1,1,"London : [ printed for J. Stockdale, and ] R. Edwards, No. 142, New Bond Street, [1785?].",London,179,unknown,,,False
1614000300_000002,"Remarks on the decision of the House of Commons respecting the abolition of the slave-trade on April 2d, 1792. With an appendix relating to the present state of the question. By Thomas Gisborne, M.A.",Thomas Gisborne,50,1796,1,1,"London : [s.n.], [1796].",London,40,male,1758,1846,False
0521800500_000064,"The principles of moral philosophy investigated, and briefly applied to the constitution of civil society: Together With Remarks ON The Principle Assumed BY MR. Paley AS The Basis Of All Moral Conclusions, And ON Other Positions Of The Same Author. By Thomas Gisborne, M.A. The third edition, corrected and enlarged. To which is added, a new edition, with an appendix, of Remarks on the late descision of the House of Commons respecting the abolition of the slave trade.",Thomas Gisborne,50,1795,1,1,"London : printed for B. and J. White, Fleet-Street, M,DCC,XCV. [1795].",London,376,male,1758,1846,False
1163900101_000006,"The history, civil and commercial, of the British colonies in the West Indies: in two volumes. By Bryan Edwards, ...",Bryan Edwards,48,1793,1,2,"London : printed for John Stockdale, 1793.",London,540,male,1743,1800,False
0523501500_000008,"A detection of the proceedings and practices of the directors of the Royal African Company of England, From their first Establishment by Charter in the Year 1672, to the present Year 1748. With Remarks on the Use and Importance of the British Forts and Settlements on the Coast of Guiney, and the Necessity of speedily putting them upon a proper Establishment.",,69,1749,1,1,"London : printed for T. Warner, neat St. Paul's, MDCCXLIX. [1749].",London,57,unknown,,,False
1233700900_000012,"Travels in the interior districts of Africa: performed under ... the African Association, in the years 1795, 1796, and 1797. By Mungo Park, ... With an appendix, containing geographical illustrations of Africa. By Major Rennell.",Mungo Park,43,1799,1,1,"London : printed by W. Bulmer and Co., for the author; and sold by G. and W. Nicol, 1799.",London,507,male,1771,1806,False
0375001100_000069,"The principles of moral philosophy investigated, and applied to the constitution of civil society. By Thomas Gisborne, M.A. The fourth edition, corrected and enlarged: to which is added, a new edition, being the fifth, with an appendix, of Remarks on the late decision of the House of Commons respecting the abolition of the slave trade.",Thomas Gisborne,51,1798,1,1,"London : printed for T. Cadell jun. and W. Davies, Strand; and B. and J. White, Fleet-Street, 1798.",London,474,male,1758,1846,False
1476400132_000090,"The Parliamentary register; or, History of the proceedings and debates of the House of Commons; Containing an account of the most interesting speeches and motions; accurate copies of the most remarkable letters and papers; of the most material evidence, petitions, &c. laid before and offered to the House, during the first session of the fifteenth Parliament of Great Britain. Begun to be holden at Westminster on the 31st day of October 1780.",Great Britain. Parliament. House of Lords,49,1781,32,45,"London : Printed for J. Almon and J. Debrett, opposite Burlington-House, in Piccadilly, MDCCLXXXI. [1781].",London,512,unknown,,,False
0026103500_000001,"A memorial on behalf of the Royal-African-Company, relating to their proposal lately given in to the Honourable House of Commons; for the better establishment of that trade: Together With their said proposal Subjoin'd.",Royal African Company,62,1710,1,1,"[London : s.n., 1710].",London,4,unknown,,,False
0299201200_000011,"A letter from a merchant of the city of London, To the R---t H----ble W---- P---- Esq; Upon the Affairs and Commerce of North America, and the West-Indies; Our African Trade; the Destination of Our Squadrons and Convoys; New Taxes, and the Schemes proposed for raising the extraordinary Supplies for the current Year.",Merchant of London,50,1757,1,1,"London : printed for J. Scott, at the Black Swan, in Pater-Noster-Row 1757.",London,97,unknown,,,False
1348000200_000040,"The West-India Atlas: or, A compendious description of the West-Indies: Illustrated with forty correct charts and maps, taken from actual surveys. Together with an historical account of the several countries and Islands which compose that part of the world: their discovery, situation, extent, boundaries, product, trade, inhabitants, strength, government, religion, &c. By the Late Thomas Jefferys, geographer to the king.","Jefferys, Thomas",35,1780,1,1,"London : Printed for Robert Sayer and John Bennett, Fleet-Street, M,DCC,LXXX. [1780].",London,100,male,,,False
0004900300_000051,"The history civil and commercial, of the British colonies in the West Indies. To which is added, an historical survey of the French colony in the island of St. Domingo. Abridged from The history written by Bryan Edwards Esq. Illustrated With A Map.",Bryan Edwards,38,1798,1,1,"London : printed for B. Crosby, Stationer's Court; for Mundell & Son, Edinburgh; and J. Mundell, College, Glasgow, 1798.",London,442,male,1743,1800,False
0191002300_000019,"Heads of the speeches, delivered On the 18th and 19th April, 1791, in a committee of the House of Commons, on a motion made by Mr. Wilberforce, for the Abolition of the Slave-Trade, with Detector's letters, &c.",,56,1791,1,1,"Liverpool : printed in the year, MDCCXCI. [1791].",Liverpool,112,unknown,,,False
0126000101_000155,"The grand gazetteer, or topographic dictionary, both general and special, and antient as well as modern, &c. Being A succinct but comprehensive Geographical Description of the various Countries of the habitable known World, in Europe, Asia, Africa, and America; more especially of Great-Britain and Ireland, and all the British Settlements abroad, or where we have Trade, Commerce, or Correspondence. Shewing The situation, Extent, and Boundaries, of all the Empires, Kingdoms, Republicks, Provinces, Cities, Chief Towns, &c. with their several Climates, Soils, Produces, Animals, Plants, Minerals, &c. the Government, Traffick, Arts, Manufactures, Customs, Manners, and Religion, of the divers Nations; and the vast many admirable (some of them stupendous) Curiosities both Natural and Artificial; the most remarkable Events, Accidents, and Revolutions, in all past Ages; &c. &c. Aptly and requisitely interspers'd with many Thousands of uncommon Passages, strange Occurrences, critical Observations (as well sacred as prophane), and proper Relations; which most agreeably surprize, and delightfully inform. Diligently extracted, and as accurately as possible compiled, from the most esteemed Voyagers, Travellers, Geographers, Historians, Criticks, &c. extant. A Work in its Form entirely New, very necessary for Numbers, and serviceable to all Degrees of Readers. - (not excepting the most Learned, and with Libraries best Furnish'd)-Readers not only of News-Papers, Magazines, &c. &c. &c. but of Histories of former Ages or the present, the Classicks, and even the Sacred Writ itself; the Antique Articles being collected either from Original Authors or the best Translators, and divers Learned Commentators on the Bible, &c. &c. By Andrew Brice, of Exeter.",Andrew Brice,52,1759,1,1,"Exon : printed by and for the Author, at his Printing-House, in North-Gate-Street, Exon, MDCCLIX. [1759].",Exeter,727,male,1690,1773,False
0165800400_000005,"Medical advice to the inhabitants of warm climates, on the domestic treatment of all the diseases incidental therein: with a few useful hints to New Settlers, for the Preservation of Health, and the Prevention of Sickness. By Robert Thomas, (late of the island of Nevis) surgeon. To the work are prefixed, some observations on the proper management of new negroes, and the general condition of slaves in the sugar colonies. Also are annexed, A List of the Medicines recommended in the Treatment of the Diseases, and an explanatory Table of the Weights and Measures used by Apothecaries.","Thomas, Robert",38,1790,1,1,"London : printed for J. Johnson, St. Paul's Church-Yard; J. Strahan, Strand; and W. Richardson, Royal-Exchange, MDCCXC. [1790].",London,372,male,1753,1835,False
1399002300_000003,Observations upon Negro-slavery. [Seven lines of Scripture texts] The author Charles Crawford.,"Crukshank, Joseph",38,1784,1,1,"Philadelphia : Printed and sold by Joseph Crukshank, in Market-Street, between Second and Third-Streets, MDCCLXXXIV. [1784].",Philadelphia,24,male,1746,1836,False
1486100200_000003,"Reflections on the present matters in dispute between Great Britain and Ireland; And on the means of converting these articles into mutual benefits to both Kingdoms. By Josiah Tucker, D.D. dean of Gloucester.",Josiah Tucker,38,1785,1,1,"Dublin : Printed for Messrs. Wilson, White, and Byrne, MDCCLXXXV. [1785].",Dublin,47,male,1712,1799,False
1367200113_000141,"The English review, or An Abstract of English and foreign literature.",Gilbert Stuart,34,1783,13,26,"London [England] : printed for J[ohn]. Murray, no. 32. Fleet-Street, M,DCC,LXXXIII. [1783]-M,DCC,XCV. [1795].",London,495,male,1741,1786,False
1556200500_000014,"A true state of the present difference between the Royal African Company, and the separate traders: Shewing the irregularities and impositions of the joint-stock managers; the uselesness of their forts; the expence they are at in the maintenance of the same; the charge of supporting them in a condition of defence; the vast sums they have receiv'd by the ten per cent. Duty in order thereunto, and what had been misapply'd to their own private uses; the advantages and reasonableness of an open trade to Aftica; and, lastly, the danger of an exclusive trade, not only to the traders of South and North Britain, but, to our American plantations. Written by a true lover of his country, and humbly submitted to the wise consideration of both Houses of Parliament.",True lover of his country,60,1710,1,1,"London : [s.n.], Printed in the year 1710.",London,42,unknown,,,False
1116700700_000029,"The principles of moral philosophy investigated, and briefly applied to the constitution of civil society: together with remarks on the Principle assumed by mr. Paley as the basis of all moral conclusions, and on other positions of the same author. By Thomas Gisborne, M.A.",Thomas Gisborne,51,1790,1,1,"London : printed by T. Bensley, for B. White and Son, Horace's Head, Fleet-Street, M,DCC,XC. [1790].",London,260,male,1758,1846,False
0026202200_000001,The case of the Royal African-Company and of the plantations.,Royal African Company,87,1714,1,1,"[London], [s.n.], 1714.",London,4,unknown,,,False
1593900102_000012,"The history, civil and commercial, of the British colonies in the West Indies: in two volumes. By Bryan Edwards, Esq. of the island of Jamaica; F.R.S. S.A. and member of the American Philosophical Society at Philadelphia.",Bryan Edwards,60,1794,2,2,"London : Printed for John Stockdale, Piccadilly, M.DCC.XCIV. [1794].",London,526,male,1743,1800,False
0523401500_000026,"A detection of the state and situation of the present sugar planters, of Barbadoes and the Leward Islands; With an Answer to this Query, Why does not England, or her Sugar Islands, or both, make and settle more Sugar Colonies in the West-Indies? Written in the month of December 1731, by an inhabitant of one of His Majesty's Leward Caribbee Islands; and humbly Dedicated to the Right Honourable Sir Robert Walpole.","Robertson, Robert           1681 or 2",52,1732,1,1,"London : printed and sold by J. Wilford, behind the Chapter-House in St Paul's Church-Yard, 1732.",London,108,unknown,,,False
0292700300_000017,Alfred's apology.,"Withers, Philip",48,1789,1,1,"London : entered at Stationers-Hall, and sold at No.9, Queen-Street, near Duke-Street, Grosvenor-Square, MDCCLXXXIX. [1789].",London,87,male,,,False
0375001100_000072,"The principles of moral philosophy investigated, and applied to the constitution of civil society. By Thomas Gisborne, M.A. The fourth edition, corrected and enlarged: to which is added, a new edition, being the fifth, with an appendix, of Remarks on the late decision of the House of Commons respecting the abolition of the slave trade.",Thomas Gisborne,46,1798,1,1,"London : printed for T. Cadell jun. and W. Davies, Strand; and B. and J. White, Fleet-Street, 1798.",London,474,male,1758,1846,False
0551801300_000001,"Considerations humbly offer'd to the Honourable House of Commons, by the planters, and others, trading to our British plantations, in relation to the African Company's petition, now before this Honourable House.",,45,1709,1,1,"[London, 1709?].",London,1,unknown,,,False
1173401700_000006,"The speech of Mr John Talbot Campo-Bell, a free Christian-Negro, to his countrymen in the mountains of Jamaica. In two parts. To which is subjoin'd the Speech of Moses Bon Sàam, another Free Negro.","Campo-bell, John Talbot",49,1736,1,1,"London : printed for J. Roberts, near the Oxford-Arms in Warwick-Lane, 1736.",London,90,unknown,,,False
0452802300_000024,"The national and private advantages of the African trade considered: being an enquiry, how far it concerns the trading interest of Great Britain, effectually to support and maintain the forts and settlements in Africa; belonging to the Royal African Company of England: Shewing also that Support and Encouragement the Dutch and the French give to their respective African Companies; and that nothing less than 30,000 l. per Annum, granted by Parliament to the present Company, for a Term of Years certain can enable them to support a Competition with our Rivals in that Trade: with a Proposition to render the Interest of private Traders, and that of the Company mutually beneficial to each other. with a new and correct map. of the Coast of Africa, and all the European Settlements. Humbly inscribed to the Rt. Honble. Henry Pelham, Esq; First Lord Commissioner of his Majesty's Treasury, and Chancellor of the Exchequer.",Malachy Postlethwayt,52,1746,1,1,"London : printed for John and Paul Knapton, at the Crown in Ludgate-Street, MDCCXLVI. [1746].",London,131,male,1707,1767,False
0663700100_000453,"A new dictionary of trade and commerce, compiled from the information of the most eminent merchants, and from the works of the best writers on commercial subjects, in all languages. Containing, among other Things, I. An Account of all the natural Productions, which are conducive to Trade, throughout the World. II. The different Manufactures established in each particular Country. III. Explanations of all the Terms used in Commerce. IV. Explanations of the principal Terms of Geography, Astronomy, and Navigation, so far as they are connected with Trade. V. An exact Account of the Coins, Weights, and Measures in use throughout the World, reduced to the English Standard. VI. A Description of the Established Banks, Trading Companies, and Staple Commodities, of different Countries. Vii. The State of the British Trade, National Debt, Funds, Customs, Excise, and other Taxes. Viii. The Laws relative to Trade and Commerce. For the Use of the Merchants and Tradesmen of Great Britain, as well as of private Gentlemen. By Mr. Rolt, with the assistance of several eminent merchants.",Richard Rolt,47,1756,1,1,"London : printed for T. Osborne and J. Shipton; J. Hodges; J. Newbery; G. Keith; and B. Collins, MDCCLVI. [1756].",London,926,male,1724,1770,False
0410700500_000009,A letter to the Members of Parliament who have presented petitions to the Honourable House of Commons for the abolition of the slave trade. By a West-India Merchant.,"Innes, William",45,1792,1,1,"London : sold by J. Sewell, Cornhill; J. Murray, Fleet-Street; and J. Debrett, Piccadilly, [1792].",London,89,male,1720,1795,False
1597400500_000011,"Substance of a speech intended to have been made on Mr. Wilberforce's motion for the abolition of the slave trade, on Tuesday, April 3, 1792: But the unwillingness of the committee to hear any thing farther on the subject, after Mr. Pitt had spoken, prevented the member from being heard.",,42,1792,1,1,"London : Printed for J. Owen, No. 168, Piccadilly, 1792.",London,58,unknown,,,False
1597400500_000007,"Substance of a speech intended to have been made on Mr. Wilberforce's motion for the abolition of the slave trade, on Tuesday, April 3, 1792: But the unwillingness of the committee to hear any thing farther on the subject, after Mr. Pitt had spoken, prevented the member from being heard.",,55,1792,1,1,"London : Printed for J. Owen, No. 168, Piccadilly, 1792.",London,58,unknown,,,False
0474700108_000090,"The Parliamentary register; or, history of the proceedings and debates of the House of Commons; ...",Great Britain. Parliament. House of Lords,51,1797,8,12,"London : printed for J. Debrett, 1797-1802.",London,707,unknown,,,False
1163900102_000014,"The history, civil and commercial, of the British colonies in the West Indies: in two volumes. By Bryan Edwards, ...",Bryan Edwards,48,1793,2,2,"London : printed for John Stockdale, 1793.",London,503,male,1743,1800,False
0658402500_000041,"Letters on slavery, by William Dickson, formerly private secretary to the late hon. Edward Hay, governor of Barbadoes. To which are added, addresses to the whites, and to the free negroes of Barbadoes; and accounts of some negroes eminent for their virtues and abilities.","Dickson, William",39,1789,1,1,"London : printed and sold by J. Phillips, George-Yard, Lombard-Street, and sold by J. Johnson, St. Paul's Church-Yard, and Elliot and Kay, opposite Somerset place, Strand. - , M.DCC.LXXXIX. [1789].",London,203,male,,,False
1286200900_000006,"An appeal to the candour of both Houses of Parliament, with a recapitulation of facts respecting the abolition of the slave trade. In a letter to William Wilberforce, Esq. M. P. By a member of the House of Commons.",Member of the House of Commons,35,1793,1,1,"London : printed for John Stockdale, Piccadilly, [1793].",London,47,male,,,False
1359400600_000332,"The history of America, from its discovery by Columbus to the conclusion of the late war. With an appendix, containing an account of the rise and progress of the unhappy contest between Great Britain and her colonies. By William Russell, Esq.",William Russell,36,1800,1,1,"London : printed for Walker, Pater-noster-Row, 1800.",London,609,male,1741,1793,False
1236701302_000030,"The history of America containing the geographical, political, and commerical [sic] state of that continent: in which is given a succinct account of the trade, customs and policy of the French nation, and the foundation they have laid for obtaining the sole dominion in those colonies. Translated from the French of Mons. du Bosque late Historographer to the French King. In two volumes. ...",Malachy Postlethwayt,56,1771,2,2,"London : printed by James Lowndes in Paternoster-Row, MDCCLXXI. [1771].",London,391,male,1707,1767,False
0026700200_000003,"The general shop book: or, the tradesman's universal director. Being a most useful and necessary compendium to lie upon the counter of every shopkeeper, whether Wholesale or Retail, in Town or Country. Comprehending and Explaining The Domestic and Foreign Trade of Great Britain and the Plantations, whether carried on by Companies or private Persons; and the several Trades and Professions exercised at home; the various Commodities and Manufactures exported and imported to and from the different Countries of the World; the Course of Exchange, the Ballance of Trade, the Business of the Custom-House and Water-Side, Invoices, Entries, Insurances, Bottomree, Coins, Weights, Measures, &c. Likewise, The Distance of all the Market Towns in England, from London, their Fairs and Markets, the Inns where their Carriers and Coaches put up, and the Days they come in and go out. With a Map of the Roads, a Plan of London, a Chart of the Sea Coast, and many other useful Particulars.",,62,1753,1,1,"London : printed for C. Hitch and L. Hawes, in Paternoster-Row; J. and J. Rivington, in St. Paul's Church-Yard, and R. Dodsley, in Pall-Mall, M,DCC,LIII. [1753].",London,484,unknown,,,False
0432500700_000243,"Report of the Lords of the Committee of Council appointed for the consideration of all matters relating to trade and foreign plantations; submitting to His Majesty's consideration the evidence and information they have collected in consequence of His Majesty's order in council dated the 11th of February 1788, concerning the present state of the trade to Africa, and particularly the trade in slaves; ...",Great Britain. Board of Trade,43,1789,1,1,"[London], 1789.",London,890,unknown,,,False
1253800102_000097,"The Family magazine; or, a Repository of religious instruction, and rational amusement. ... By Mrs. Trimmer.",Sarah Trimmer,49,1788,2,18,"London [England] : printed by and for J[ohn]. Marshall and Co. Aldermary Church Yard, in Bow Lane, [1788-1789].",London,467,female,1741,1810,True
0452802500_000008,"Observations on the project for abolishing the slave trade, and on the reasonableness of attempting some practicable mode of relieving the negroes.","John Baker Holroyd, 1st Earl of Sheffield",45,1790,1,1,"London : printed for J. Debrett, opposite Burlington House, Piccadilly, M.DCC.XC. [1790].",London,75,male,1735,1821,False
0342800500_000115,"Book-Keeping moderniz'd: or, merchant-accounts by double entry, according to the Italian form. Wherein The Theory of the Art is clearly explained, and reduced to Practice, in copious Sets of Books, exhibiting all the varieties that usually occur in Real Business. To which is added, A Large Appendix. Containing, I. Descriptions and specimens of the Subsidiary Books used by merchants. II. Monies and Exchanges, the nature of Bills of Exchange, Promissory Notes, and Bills of Parcels. III. Precedents of Merchants Writings, peculiar to England, Scotland, and common to both. IV. The Commission, Duty, and Power of Factors. V. A short History of the Trading Companies in Great Britain, with an account of her exports and imports. VI. The produce and commerce of the Sugar Colonies; with a specimen of the accounts kept by the factors or storekeepers; and an explication of wharf and plantation accounts. VII. The produce and commerce of the Tobacco Colonies; with a specimen of the accounts usually kept by the storekeepers. VIII. The method of keeping accounts proper for Shopkeepers or Retailers. IX. The method of keeping the accounts of a Land-Estate. X. A Dictionary; explaining abstruse words and terms that occur in merchandise. By John Mair, A.M.","Mair, John",68,1773,1,1,"Edinburgh : printed for A. Kincaid & W. Creech and J. Bell. Sold, in London, by W. Johnston, S. Crowder, R. Baldwin, E. & C. Dilly, T. Cadell, and J. Murray, MDCCLXXIII. [1773].",Edinburgh,630,male,1702,1769,False
0555300103_000453,"The new encyclopædia; or, modern universal dictionary of arts and sciences, on a new and improved plan. ... In three volumes. By William Henry Hall, Esquire. The third edition. Revised, corrected, and enlarged, with considerable additions, improvements and modern discoveries, by Thomas Augustus Lloyd, ... Illustrated with upwards of one hundred and fifty large superb copper-plates, ...","Hall, William Henry",37,1797,3,3,"London : printed for C. Cooke; and sold by the booksellers of Bath, Bristol, Birmingham, Canterbury, Cambridge, Coventry, Chester, Derby, Exeter, Gloucester, Hereford, Hull, Ipswich, Leeds, Liverpool, Leicester, Manchester, Newcastle, Norwich, Nottingham, Northampton, Oxford, Reading, Salisbury, Sherborn, Sheffield, Shrewsbury, Worcester, Winchester, York; and by all other booksellers in England, Scotland, and Ireland, [1797?].",London,715,male,,,False
0099200100_000001,"A general view of the African slave-trade, demonstrating its injustice and impolicy: with hints towards a bill for its abolition.",William Roscoe,54,1788,1,1,"London : printed for R. Faulder, New Bond-Street, MDCCLXXXVIII. [1788].",London,37,male,1753,1831,False
0600600500_000007,"The African trade, the great pillar and support of the British plantation trade in America: ...",Malachy Postlethwayt,66,1745,1,1,"London : printed for J. Robinson, 1745.",London,47,male,1707,1767,False
0235000400_000070,Essays historical and moral. By G. Gregory.,George Gregory,41,1785,1,1,"London : printed for J. Johnson, ST. Paul's Church-Yard, M.DCC.LXXXV. [1785].",London,350,male,1754,1808,False
0151300700_000002,"Slave trade. A full account of this species of commerce; with arguments against it, spirited and philosophical: by the Celebrated Philosopher and Historian, Abbé Raynal. Translated from the French. The Law Permitting this Protects only Life.",Guillaume Thomas François Raynal,47,1792,1,1,"Southwark : printed for T. Cox, St. Thomas's-Street, Boro' and may be had of all the booksellers, [1792?].",London_fSouthwark,44,male,1713,1796,True
0191002300_000020,"Heads of the speeches, delivered On the 18th and 19th April, 1791, in a committee of the House of Commons, on a motion made by Mr. Wilberforce, for the Abolition of the Slave-Trade, with Detector's letters, &c.",,42,1791,1,1,"Liverpool : printed in the year, MDCCXCI. [1791].",Liverpool,112,unknown,,,False
0452802600_000004,"Observations on the project for abolishing the slave trade, and on the reasonableness of attempting some practicable mode of relieving the negroes. By John Lord Sheffield.","John Baker Holroyd, 1st Earl of Sheffield",77,1791,1,1,"London : printed by J. Cooper, Bow Street, Covent Garden, for J. Debrett, opposite Burlington House, Piccadilly, M.DCC.XCI. [1791].",London,75,male,1735,1821,False
0483400200_000198,"History of Great Britain, from the death of Henry Viii. to the accession of James VI. of Scotland to the Crown of England. Being a continuation of Dr. Henry's History of Great Britain, and written on the same plan. By James Pettit Andrews, F. S. A. Vol.I.",James Pettit Andrews,57,1796,1,1,"London : printed for T. Cadell jun. and W. Davies (successors to Mr Cadell) in the Strand, 1796.",London,572,male,1737,1797,False
1163900102_000031,"The history, civil and commercial, of the British colonies in the West Indies: in two volumes. By Bryan Edwards, ...",Bryan Edwards,39,1793,2,2,"London : printed for John Stockdale, 1793.",London,503,male,1743,1800,False
0328002800_000058,"An answer to the Rev. Mr. Clarkson's essay on the slavery and commerce of the human species, particularly the African; in a series of letters, from a gentleman in Jamaica, to his friend in London: wherein many of the mistakes and misrepresentations of Mr. Clarkson are pointed out, Both With Regard To The Manner in which that Commerce is carried on in Africa, And The Treatment of the Slaves in the West Indies. Shewing, At The Same Time, The Antiquity, Universality, and Lawfulness of Slavery, as as ever having been one of the States and Conditions of Mankind. By G. Francklyn, Esq.","Francklyn, Gilbert",48,1789,1,1,"London : printed at the Logographic Press, and sold by J. Walter, No. 169, Opposite Bond Street, Piccadilly; C. Stalker, Stationer's Court, Ludgate Street; and W. Richardson, Under The Royal Exchange, M.DCC.LXXXIX. [1789].",London,274,unknown,,,False
0127400100_000015,"A dissertation on the manners, governments, and spirit, of Africa. To which is added, observations on the present applications to Parliament for abolishing Negroe slavery in the British West Indies. By S. Hollingsworth, Author of the Present State of Nova Scotia and Canada, &c. &c.","Hollingsworth, S.",60,1788,1,1,"Edinburgh : printed for William Creech , Edinburgh ; and J. Stockdale, and J. Murray, London, MDCCLXXXVIII. [1788].",Edinburgh,68,unknown,,,False
0155802200_000003,"A letter to Bryan Edwards, Esquire, containing observations on some passages of his History of the West Indies.",William Preston,45,1795,1,1,"London : printed for J. Johnson, No. 72, St. Paul's Church-Yard, 1795.",London,38,male,1753,1807,False
0586400304_000081,"Collections of the Massachusetts Historical Society, for the year M,DCC,XCV.",Massachusetts Historical Society,44,1795,1,1,"[Boston] : Printed by Samuel Hall, no. 53, Cornhill, Boston, 1795.",Boston,303,unknown,,,False
0606500302_000058,"The British Empire in America, containing the history of the discovery, settlement, progress and present state of all the British colonies, on the continent and islands of America. In two volumes. ... With curious maps of the several places, done from the newest surveys. By Herman Moll, Geographer.",John Oldmixon,48,1708,2,2,"London : printed for John Nicholson, Benjamin Tooke, and Richard Parker and Ralph Smith, 1708.",London,419,male,1673,1742,True
0432500700_000069,"Report of the Lords of the Committee of Council appointed for the consideration of all matters relating to trade and foreign plantations; submitting to His Majesty's consideration the evidence and information they have collected in consequence of His Majesty's order in council dated the 11th of February 1788, concerning the present state of the trade to Africa, and particularly the trade in slaves; ...",Great Britain. Board of Trade,61,1789,1,1,"[London], 1789.",London,890,unknown,,,False
1478900602_000035,"The history of America: containing the geographical, political, and commercial state of that continent; in which is given a succinct account of the trade, customs and policy of the French nation, and the foundation they have laid for obtaining the sole dominion in those colonies. Translated from the French of Mons. Du Bosque, late historographer to the French King. In two volumes.",Malachy Postlethwayt,70,1770,2,2,"London : printed by George Cave and William Jordon, in St. Paul's Church Yard, MDCCLXX. [1770]",London,386,male,1707,1767,False
1408801300_000005,"Observations on slavery, and the consumption of the produce of the West India Islands: Together with an abstract of the evidence given before the committee of privy council and the select committee of the House of Commons, respecting the treatment of slaves in the West Indies.",,55,1792,1,1,"London : Printed for T. Boosey, No. 4, Old Broad-street, near the Royal-Exchange, [1792].",London,65,unknown,,,False
0510200401_000055,"Magazine of natural history. Comprehending the whole science of animals, plants, and minerals; divided into distinct parts, the characters separately described, and systematically arranged. By E. Sibly, ...","Sibly, Ebenezer",50,1794,1,14,"London : printed for the proprietor, and sold by Champante & Whitrow, and at the British Directory-Office, Ave-Maria-Lane, St. Pauls, [1794-1808].",London,483,male,1751,1800,False
0165800400_000006,"Medical advice to the inhabitants of warm climates, on the domestic treatment of all the diseases incidental therein: with a few useful hints to New Settlers, for the Preservation of Health, and the Prevention of Sickness. By Robert Thomas, (late of the island of Nevis) surgeon. To the work are prefixed, some observations on the proper management of new negroes, and the general condition of slaves in the sugar colonies. Also are annexed, A List of the Medicines recommended in the Treatment of the Diseases, and an explanatory Table of the Weights and Measures used by Apothecaries.","Thomas, Robert",39,1790,1,1,"London : printed for J. Johnson, St. Paul's Church-Yard; J. Strahan, Strand; and W. Richardson, Royal-Exchange, MDCCXC. [1790].",London,372,male,1753,1835,False
0474600202_000227,"The Parliamentary register; or, history of the proceedings and debates of the House of Commons; ...",Great Britain. Parliament. House of Lords,58,1797,2,12,"London : printed for J. Debrett, 1797-1802.",London,837,unknown,,,False
0464201000_000020,"Remarks on the slave trade, and the Slavery of the Negroes. In a series of letters.",Africanus,50,1788,1,1,"London : printed and sold by J. Phillips, George-Yard, Lombard-Street; and sold also by T. Payne and Sons, Meuse-Gate, Charing-Cross; and Chase and Co. Norwich, MDCCLXXXVIII. [1788].",London,89,unknown,,,False
0644000300_000105,"The new annual register, or general repository of history, politics, and literature, for the year 1799. To which is prefixed, the history of knowledge, learning, and taste, in Great Britain, during the reign of King Charles II. - Part III.",,33,1800,1,1,"London : printed by S. Hamilton, Falcon-Court, Fleet-Street; for G. G. and J. Robinson, Pater-Noster-Row, MDCCC. [1800].",London,1064,unknown,,,False
1476400132_000068,"The Parliamentary register; or, History of the proceedings and debates of the House of Commons; Containing an account of the most interesting speeches and motions; accurate copies of the most remarkable letters and papers; of the most material evidence, petitions, &c. laid before and offered to the House, during the first session of the fifteenth Parliament of Great Britain. Begun to be holden at Westminster on the 31st day of October 1780.",Great Britain. Parliament. House of Lords,48,1781,32,45,"London : Printed for J. Almon and J. Debrett, opposite Burlington-House, in Piccadilly, MDCCLXXXI. [1781].",London,512,unknown,,,False
1288900800_000034,"The debate on a motion for the abolition of the slave-trade, in the House of Commons on Monday and Tuesday, April 18 and 19, 1791, reported in detail.",Great Britain. Parliament. House of Commons,38,1792,1,1,"London : printed by James Phillips, George Yard Lombard Street, M.DCC.XCII. [1792].",London,138,unknown,,,False
0723000100_000043,"The debate on a motion for the abolition of the slave-trade, in the House of Commons, on Monday and Tuesday, April 18 and 19, 1791, reported in detail.",Great Britain. Parliament. House of Commons,56,1791,1,1,"London : printed by and for W. Woodfall, and sold at the printing-office of The Diary, Salisbury-Square, Fleet-Street, MDCCXCI. [1791].",London,127,unknown,,,False
1613201600_000004,"Hints for a specific plan for an abolition of the slave trade, and for relief of the Negroes in the British West Indies. By the translator of Cicero's orations against verres.","White, James           1799",34,1788,1,1,"London : Printed for J. Debrett, in Piccadilly, M,DCC,LXXXVIII. [1788].",London,33,unknown,,,False
1476400132_000093,"The Parliamentary register; or, History of the proceedings and debates of the House of Commons; Containing an account of the most interesting speeches and motions; accurate copies of the most remarkable letters and papers; of the most material evidence, petitions, &c. laid before and offered to the House, during the first session of the fifteenth Parliament of Great Britain. Begun to be holden at Westminster on the 31st day of October 1780.",Great Britain. Parliament. House of Lords,64,1781,32,45,"London : Printed for J. Almon and J. Debrett, opposite Burlington-House, in Piccadilly, MDCCLXXXI. [1781].",London,512,unknown,,,False
1236701302_000038,"The history of America containing the geographical, political, and commerical [sic] state of that continent: in which is given a succinct account of the trade, customs and policy of the French nation, and the foundation they have laid for obtaining the sole dominion in those colonies. Translated from the French of Mons. du Bosque late Historographer to the French King. In two volumes. ...",Malachy Postlethwayt,68,1771,2,2,"London : printed by James Lowndes in Paternoster-Row, MDCCLXXI. [1771].",London,391,male,1707,1767,False
0551300100_000007,"An account of the campaign in the West Indies, in the year 1794, under the command of their Excellencies Lieutenant General Sir Charles Grey, K.B. and Vice Admiral Sir John Jervis, K. B. Commanders in Chief in the West Indies; with the reduction of the islands of Martinique, St. Lucia, Guadaloupe, Marigalante, Desiada, &c. and the Events that Followed those Unparalleled Successes, and Caused the Loss of Gaudaloupe. By the Rev. Cooper Willyams, A. M. Vicar of Exning, Suffolk, and Late Chaplain of His Majesty's Ship Boyne.",Cooper Willyams,37,1796,1,1,"London : printed by T. Bensley; for G. Nicol, Bookseller to his Majesty, Pall-Mall; B. and J. White, Fleet-Street; and J. Robson, New Bond-Street, 1796.",London,228,male,1762,1816,False
0163100204_000030,"The history of the reign of George the Third, king of Great Britain, &c. from the conclusion of the seventh session of the sixteenth Parliament, in 1790, to the End of the Sixth Session of the Seventeenth Parliament of Great Britain, in 1796. By Robert Macfarlan, Esq. Vol.IV.",Robert Macfarlan,45,1796,4,4,"London : printed for the author, and sold by T. Evans, in Paternoster-Row, MDCCXCVI. [1796].",London,661,male,1734,1804,False
0007700103_000119,"A philosophical and political history of the settlements and trade of the Europeans in the East and West Indies. Translated from the French of the Abbé Raynal, by J. Justamond, M. A. In Five Volumes. ...",Guillaume Thomas François Raynal,33,1776,3,5,"London : printed for T. Cadell, in the Strand, M.DCC.LXXVI. [1776].",London,517,male,1713,1796,True
0540501300_000034,"Abridgment of the minutes of the evidence, taken before a committee of the whole House, to whom it was referred to consider of the slave-trade, 1791.",Great Britain. Parliament. House of Commons,53,1791,1,1,"[London, 1791].",London,168,unknown,,,False
0546603200_000004,"Considerations on the trade to Africa. Together with a proposal for securing the Benefits thereof to this Nation. For Fixing and Ascertaining the Capital Stock of the Royal African Company of England. For Uniting the Creditors and Proprietors thereof in One Joint, or Common Interest. For raising the Sun of Two Hundred Thousand Pounds to be employed in the Trade and Service of that Corporation. And (by Means of a Parliamentary Allowance) for Establishing their Affairs, both at Home and Abroad, upon a solid and lasting Foundation. In a Letter to a Noble Lord: With whom that proposal was left for his Consideration the last Year, but with no Sort of Interntion that it should ever appear in Print. And a postscript: Containing, amongst other Things, The Author's Reasons for Publishing the same at this Time. By Mr. O'Connor.","O'Connor, Mr. (M.)",48,1749,1,1,"London : printed for J. Barnes, at the London-Gazette, Charing-Cross, M.DCC.XLIX. [1749].",London,53,unknown,,,False
0485302501_000051,The negro equalled by few Europeans. Translated from the French. ...,Joseph Lavallée,40,1791,1,2,"Dublin : printed for P. Byrne, A. Grueber, W. Jones, and R. White, M.DCC.XCI. [1791].",Dublin,264,male,1747,1816,False
0523501500_000012,"A detection of the proceedings and practices of the directors of the Royal African Company of England, From their first Establishment by Charter in the Year 1672, to the present Year 1748. With Remarks on the Use and Importance of the British Forts and Settlements on the Coast of Guiney, and the Necessity of speedily putting them upon a proper Establishment.",,65,1749,1,1,"London : printed for T. Warner, neat St. Paul's, MDCCXLIX. [1749].",London,57,unknown,,,False
1478900602_000028,"The history of America: containing the geographical, political, and commercial state of that continent; in which is given a succinct account of the trade, customs and policy of the French nation, and the foundation they have laid for obtaining the sole dominion in those colonies. Translated from the French of Mons. Du Bosque, late historographer to the French King. In two volumes.",Malachy Postlethwayt,46,1770,2,2,"London : printed by George Cave and William Jordon, in St. Paul's Church Yard, MDCCLXX. [1770]",London,386,male,1707,1767,False
0026500100_000034,Observations on the commerce of the American states. By John Lord Sheffield.,"John Baker Holroyd, 1st Earl of Sheffield",54,1784,1,1,"Dublin : printed for Luke White, No. 86, Dame-Street, M,DCC,LXXXIV. [1784].",Dublin,345,male,1735,1821,False
1408801300_000007,"Observations on slavery, and the consumption of the produce of the West India Islands: Together with an abstract of the evidence given before the committee of privy council and the select committee of the House of Commons, respecting the treatment of slaves in the West Indies.",,61,1792,1,1,"London : Printed for T. Boosey, No. 4, Old Broad-street, near the Royal-Exchange, [1792].",London,65,unknown,,,False
0253700106_000210,"A philosophical and political history of the settlements and trade of the Europeans in the East and West Indies. Revised, augmented, and published, in ten volumes, by the Abbé Raynal. Newly translated from the French, by J. O. Justamond, ... with ... engravings ... In six volumes. ...",Guillaume Thomas François Raynal,39,1784,6,6,"Dublin : printed for John Exshaw, and Luke White, 1784.",Dublin,663,male,1713,1796,True
0998600500_000010,"A brief account of the island of Antigua, together with the customs and manners of its inhabitants, as well white as black: ... In letters to a friend. Written in the years 1786, 1787, 1788. By John Luffman.","Luffman, J. (John)",37,1789,1,1,"London : printed for and sold by J. Luffman; and sold also by Darton and Harvey, [1789].",London,183,male,1756,1846,False
0004500403_000083,"The history of England, from the Revolution to the death of George the Second. (designed as a continuation of Mr. Hume's History.) In five volumes. By T. Smollett, M.D. ...",Tobias Smollett,70,1796,3,5,"London : printed for T. Cadell, in the Strand; and R. Baldwin, No. 47, in Pater-Noster-Row, MDCCXCVI. [1796].",London,550,male,1721,1771,True
0432500700_000654,"Report of the Lords of the Committee of Council appointed for the consideration of all matters relating to trade and foreign plantations; submitting to His Majesty's consideration the evidence and information they have collected in consequence of His Majesty's order in council dated the 11th of February 1788, concerning the present state of the trade to Africa, and particularly the trade in slaves; ...",Great Britain. Board of Trade,49,1789,1,1,"[London], 1789.",London,890,unknown,,,False
0684801700_000016,"Considerations on the present peace, As far as it is relative to the colonies, and the African trade.","Roberts, John, governor of Cape Coast Castle",66,1763,1,1,"London : printed for W. Bristow, at the West End of St. Paul's Church-Yard, MDCCLXIII. [1763].",London,79,unknown,,,False
1285800303_000053,"An impartial report of the debates that occur in the two houses of Parliament, In the Course of the Sixth Session of the Seventeenth Parliament of Great Britain, called to meet at Westminster, on Thursday the 29th of October, 1795. With some account of the respective speakers, and Notes and Illustrations. including copies of all state papers, treaties, conventions, &c. By William Woodfall, and assistants. Vol. III.",William Woodfall,50,1796,3,3,"London : published by T. Chapman, No. 151, Fleet-Street, 1796.",London,667,male,1746,1803,False
0018300500_000067,"Continuation of the Complete history of England. By T. Smollett, M.D. Volume the second.",Tobias Smollett,55,1767,1,1,"London : printed for R. Baldwin, in Pater-Noster-Row, MDCCLXVII. [1767].",London,491,male,1721,1771,True
0155904600_000003,"West-India trade and islands. Commercial reasons for the non-abolition of the slave trade, in the West-India Islands, by a planter. And merchant of many years residence in the West-Indies.",Planter,36,1789,1,1,"London : printed for W. Lane, Leadenhall-Street, MDCCLXXXIX. [1789].",London,25,unknown,,,False
0301701000_000014,"The debate on a motion for the abolition of the slave-trade, in the House of Commons, on Monday and Tuesday, April 18 and 19, 1791, reported in detail.",Great Britain. Parliament. House of Commons,58,1791,1,1,"London : printed by and for W. Woodfall, and sold at the printing-office of The Diary, Salisbury-Square, Fleet-Street, MDCCXCI. [1791].",London,125,unknown,,,False
1218701000_000006,"Substance of the argument of the Right Honourable Henry Dundas, on the slave trade, April 23, 1792.","Henry Dundas, 1st Viscount Melville",43,1792,1,1,"[London? : s.n., 1792].",London,40,male,1742,1811,False
0328002800_000024,"An answer to the Rev. Mr. Clarkson's essay on the slavery and commerce of the human species, particularly the African; in a series of letters, from a gentleman in Jamaica, to his friend in London: wherein many of the mistakes and misrepresentations of Mr. Clarkson are pointed out, Both With Regard To The Manner in which that Commerce is carried on in Africa, And The Treatment of the Slaves in the West Indies. Shewing, At The Same Time, The Antiquity, Universality, and Lawfulness of Slavery, as as ever having been one of the States and Conditions of Mankind. By G. Francklyn, Esq.","Francklyn, Gilbert",53,1789,1,1,"London : printed at the Logographic Press, and sold by J. Walter, No. 169, Opposite Bond Street, Piccadilly; C. Stalker, Stationer's Court, Ludgate Street; and W. Richardson, Under The Royal Exchange, M.DCC.LXXXIX. [1789].",London,274,unknown,,,False
0600600500_000008,"The African trade, the great pillar and support of the British plantation trade in America: ...",Malachy Postlethwayt,43,1745,1,1,"London : printed for J. Robinson, 1745.",London,47,male,1707,1767,False
1180700600_000002,"A letter to the Right Honourable William Pitt, Chancellor of the Exchequer, &c. &c. on the proposed abolition of the African slave trade. By the Rev. F. Randolph, M. A. Late Fellow of King's College, Cambridge; And Chaplain to his Royal Highness the Duke of York.",Francis Randolph,38,1788,1,1,"London : printed for T. Cadell, in the Strand, MDCCLXXXVIII. [1788].",London,57,male,1752,1831,False
0521800500_000034,"The principles of moral philosophy investigated, and briefly applied to the constitution of civil society: Together With Remarks ON The Principle Assumed BY MR. Paley AS The Basis Of All Moral Conclusions, And ON Other Positions Of The Same Author. By Thomas Gisborne, M.A. The third edition, corrected and enlarged. To which is added, a new edition, with an appendix, of Remarks on the late descision of the House of Commons respecting the abolition of the slave trade.",Thomas Gisborne,51,1795,1,1,"London : printed for B. and J. White, Fleet-Street, M,DCC,XCV. [1795].",London,376,male,1758,1846,False
0452802600_000001,"Observations on the project for abolishing the slave trade, and on the reasonableness of attempting some practicable mode of relieving the negroes. By John Lord Sheffield.","John Baker Holroyd, 1st Earl of Sheffield",42,1791,1,1,"London : printed by J. Cooper, Bow Street, Covent Garden, for J. Debrett, opposite Burlington House, Piccadilly, M.DCC.XCI. [1791].",London,75,male,1735,1821,False
0410700500_000010,A letter to the Members of Parliament who have presented petitions to the Honourable House of Commons for the abolition of the slave trade. By a West-India Merchant.,"Innes, William",51,1792,1,1,"London : sold by J. Sewell, Cornhill; J. Murray, Fleet-Street; and J. Debrett, Piccadilly, [1792].",London,89,male,1720,1795,False
0600600500_000006,"The African trade, the great pillar and support of the British plantation trade in America: ...",Malachy Postlethwayt,71,1745,1,1,"London : printed for J. Robinson, 1745.",London,47,male,1707,1767,False
0736700105_000095,"The political and commercial works of that celebrated writer Charles D'Avenant, LL.D. Relating to the Trade and Revenue of England, The Plantation Trade, The East-India Trade, And African Trade. Collected and revised by Sir Charles Whitworth, Member of Parliament. To which is annexed a copious Index. In five volumes. Volume I.",Charles Davenant,67,1771,5,5,"London : printed for R. Horsfield in Ludgate Street, T. Becket and P. A. Dehondt, and T. Cadell in the Strand, and T. Evans in King Street, Covent Garden, MDCCLXXI. [1771].",London,501,male,1656,1714,False
0026104100_000002,A memorial touching the nature and state of the trade to Africa.,,64,1709,1,1,"[London : s.n., 1709?].",London,8,unknown,,,False
0540501300_000049,"Abridgment of the minutes of the evidence, taken before a committee of the whole House, to whom it was referred to consider of the slave-trade, 1791.",Great Britain. Parliament. House of Commons,60,1791,1,1,"[London, 1791].",London,168,unknown,,,False
0079500800_000016,New travels in the United States of America. Performed in 1788. By J. P. Brissot de Warville. Translated from the French.,Jacques Pierre Brissot,41,1792,1,1,"Dublin : printed by W. Corbet, for P. Byrne, A. Grueber, W. Mckenzie, J. Moore, W. Jones, R. M'allister, and J. Rice, MDCCXCII. [1792].",Dublin,491,male,1754,1793,False
1145900700_000014,A collection of papers relating to the trade to Africa.,,73,1712,1,1,"[London, 1712?].",London,54,unknown,,,False
0127400100_000020,"A dissertation on the manners, governments, and spirit, of Africa. To which is added, observations on the present applications to Parliament for abolishing Negroe slavery in the British West Indies. By S. Hollingsworth, Author of the Present State of Nova Scotia and Canada, &c. &c.","Hollingsworth, S.",40,1788,1,1,"Edinburgh : printed for William Creech , Edinburgh ; and J. Stockdale, and J. Murray, London, MDCCLXXXVIII. [1788].",Edinburgh,68,unknown,,,False
0586700800_000016,A country gentleman's reasons for voting against Mr. Wilberforce's motion for a bill to prohibit the importation of African negroes into the colonies.,Country Gentleman,52,1792,1,1,"London : printed for J. Debrett, opposite Burlington House, Piccadilly, 1792.",London,79,male,,,False
0623400400_000031,"Memoirs of the reign of Bossa Ahádee, King of Dahomy, an inland country of Guiney. To which are added, the author's journey to Abomey, the capital; and a short account of the African slave trade. By Robert Norris. Illustrated with a new map.","Norris, Robert           1791",43,1789,1,1,"London : printed for W. Lowndes, No. 77, Fleet-Street, M.DCC.LXXXIX. [1789].",London,200,unknown,,,False
1356100800_000001,"Minutes of the evidence taken at the Bar of the House of Lords, Upon the order make for taking into consideration the present state of the trade of Aftica, and particularly the trade in slaves; and also for taking into consideration the nature, extent, and importance of the sugar, coffee, and cotton trade; and the general state and condition of the West India islands, and the means of improving the same; and for the Lords to be summoned; and for the agents of the West India colonies to be heard by their counsel at the bar of the house, in support of their petition against the abolition of the slave trade.",Great Britain. Parliament. House of Lords,67,1792,1,1,"[London? : s.n.], 1792.",London,187,unknown,,,False
0993600201_001527,"Cyclopædia: or, an universal dictionary of arts and sciences. ... By E. Chambers, F.R.S. With the supplement, and modern improvements, incorporated in one alphabet. By Abraham Rees, D.D. In four volumes ...",Abraham Rees,62,1778,1,5,"London : printed for W. Strahan, J. F. and C. Rivington, A. Hamilton, J. Hinton, T. Payne [and 31 others in London], 1778-1788.",London,1082,male,1743,1825,False
1327800300_000029,"Anecdotes of the life, adventures, and vindication, of a medical character, metaphorically defunct. To which are prefixed or subjoined a dedication to certain respectable personages; a curious dramatic dialogue; and an appendix, containing an expostulatory epistle, addressed to Counsellor Absque, on his conduct at a late trial at Winchester, sundry vouchers, and specimens of Latin and English poetry. Published for the benefit of the tin miners of Cornwall, By Benjamin Goosequill and Peter Paragraph.",James Makittrick Adair,42,1790,1,1,"London : Sold by ...teman, No. 21, Devonshire Street, M,DCC,XC. [1790].",London,404,male,1728,1802,False
1010400100_000582,"A new dictionary of trade and commerce, compiled from the information of the most eminent merchants, and from the works of the best writers on commercial subjects, in all languages. Containing, among other Things, I. An Account of all the natural Productions, which are conducive to Trade, throughout the World. II. The different Manufactures established in each particular Country. III. Explanations of all the Terms used in Commerce. IV. Explanations of the principal Terms of Geography, Astronomy, and Navigation, so far as they are connected with Trade. V. An exact Account of the Coins, Weights, and Measures in use throughout the World, reduced to the English Standard. VI. A Description of the Established Banks, Trading Companies, and Staple Commodities, of different Countries. Vii. The State of the British Trade, National Debt, Funds, Customs, Excise, and other Taxes. Viii. The Laws relative to Trade and Commerce. For the Use of the Merchants and Tradesmen of Great Britain, as well as of private Gentlemen. By Mr. Rolt, with the assistance of several eminent merchants. The second edition, with the addition of a new and accurate set of maps of the world, Europe, Asia, Africa, and North and South America, by Mr. Bowen.",Richard Rolt,61,1761,1,1,"London : printed for G. Keith, at the Bible and Crown, in Grace-Church-Street; S. Crowder, at the Looking-Glass, and H. Woodgate and S. Brooks, at the Golden Ball, in Pater-Noster-Row, MDCCLXI. [1761].",London,926,male,1724,1770,False
1114100700_000003,"Report, resolutions, and remonstrance, of the Honourable the Council and Assembly of Jamaica, at a joint committee, on the subject of the slave-trade, in a session which began the 20th of October 1789. Published, and presented to the Members of both Houses of Parliament, in pursuance of an Order of the Assembly, by Stephen Fuller, Esq. agent for Jamaica.",Jamaica. Assembly. Joint Committee on the subject of the Slave-trade,49,1790,1,1,"London : printed for B. White and Son, Fleet-Street; J. Sewell, Cornhill; R. Faulder, New Bond-Street; and J. Debrett and J. Stockdale, Piccadilly, M.DCC.XC. [1790].",London,19,unknown,,,False
1269500101_000097,Selections from the most celebrated foreign literary journals and other periodical publications. ...,William Tooke,43,1798,1,2,"London : printed for J. Debrett, opposite Burlington House, Piccadilly, 1798.",London,533,male,1744,1820,False
0150200900_000012,"Travels in the interior districts of Africa: performed under the Direction and Patronage of the African Association, in the years 1795, 1796, and 1797. By Mungo Park, Surgeon. With an appendix, containing geographical illustrations of Africa. By Major Rennell.",Mungo Park,43,1799,1,1,"London : printed by W. Bulmer and Co. for the author; and sold by G. and W. Nicol, Booksellers to his majesty, Pall-Mall, 1799.",London,521,male,1771,1806,False
0301100100_000110,"A complete history of the present war, from its commencement in 1756, to the end of the campaign, 1760. In which, all the battles, sieges, and sea-engagements; with every other transaction worthy of public attention, are faithfully recorded; with political and military observations.",,47,1761,1,1,"London : printed for W. Owen , at Temple-Bar ; L. Davis and C. Reymers , in Holborn ; and J. Scott, in Pater-Noster Row, MDCCLXI. [1761].",London,550,unknown,,,False
1180700800_000006,"Letter to the treasurer of the Society instituted for the purpose of effecting the abolition of the slave trade. From The Rev. Robert Boucher Nickolls, ...","Nickolls, Robert Boucher",37,1788,1,1,"London : printed by James Phillips, 1788.",London,58,unknown,,,False
1613201100_000003,"A short essay on the subject of Negro slavery, with a particular reference to the island of Barbadoes. By the Reverend H.E. Holder, of that place.",Henry Evans Holder,46,1788,1,1,"London : Printed by Couchman and Fry, for Charles Dilly, in the Poultry, MDCCLXXXVIII. [1788].",London,46,male,1758,1801,False
1359400600_000331,"The history of America, from its discovery by Columbus to the conclusion of the late war. With an appendix, containing an account of the rise and progress of the unhappy contest between Great Britain and her colonies. By William Russell, Esq.",William Russell,31,1800,1,1,"London : printed for Walker, Pater-noster-Row, 1800.",London,609,male,1741,1793,False
0256800200_000027,"Considerations on the abolition of slavery and the slave trade, upon grounds of natural, religious, and political duty.",Thomas Burgess,46,1789,1,1,"Oxford : sold by D. Prince and J. Cooke; J. and J. Fletcher: and by Elmsly, White, Payne, Cadell, London, MDCCLXXXIX. [1789].",Oxford,171,male,1756,1837,False
0151104000_000009,Considerations on the emancipation of negroes and on the abolition of the slave-trade. By a West-India planter.,West-India planter,47,1788,1,1,"London : printed for J. Johnson, St. Paul's Church-Yard; and J. Debrett, Piccadilly, M.DCC.LXXXVIII. [1788].",London,42,unknown,,,False
1080600500_000011,"A letter from a merchant of the city of London, To the R---t H----ble W---- P---- Esq; Upon the Affairs and Commerce of North America, and the West-Indies; Our African Trade; the Destination of Our Squadrons and Convoys; New Taxes, and the Schemes proposed for raising the extraordinary Supplies for the current Year.",Merchant of London,48,1757,1,1,"London : printed for J. Scott, the Black Swan, in Pater-Noster-Row, 1757.",London,97,unknown,,,False
0663100500_000052,New travels in the United States of America. Performed in 1788. By J.P. Brissot de Warville. Translated from the French.,Jacques Pierre Brissot,45,1792,1,1,"London : printed for J.S. Jordan, No. 166, Fleet-Street, MDCCXCII. [1792].",London,489,male,1754,1793,False
0540501300_000046,"Abridgment of the minutes of the evidence, taken before a committee of the whole House, to whom it was referred to consider of the slave-trade, 1791.",Great Britain. Parliament. House of Commons,51,1791,1,1,"[London, 1791].",London,168,unknown,,,False
0464201000_000035,"Remarks on the slave trade, and the Slavery of the Negroes. In a series of letters.",Africanus,39,1788,1,1,"London : printed and sold by J. Phillips, George-Yard, Lombard-Street; and sold also by T. Payne and Sons, Meuse-Gate, Charing-Cross; and Chase and Co. Norwich, MDCCLXXXVIII. [1788].",London,89,unknown,,,False
1478900602_000063,"The history of America: containing the geographical, political, and commercial state of that continent; in which is given a succinct account of the trade, customs and policy of the French nation, and the foundation they have laid for obtaining the sole dominion in those colonies. Translated from the French of Mons. Du Bosque, late historographer to the French King. In two volumes.",Malachy Postlethwayt,54,1770,2,2,"London : printed by George Cave and William Jordon, in St. Paul's Church Yard, MDCCLXX. [1770]",London,386,male,1707,1767,False
1019802300_000015,"The assiento contract consider'd. As also, the advantages and decay of the trade of Jamaica and the plantations, with the causes and consequences thereof. In several letters to a member of Parliament.","Wood, William, of Jamaica",70,1714,1,1,"London : printed: and sold by Ferd. Burleigh in Amen-Corner, [1714].",London,60,unknown,,,False
1146100700_000024,"The national and private advantages of the African trade considered. With a correct map of Africa, and all the European Settlements. By the late Malachy Postlethwayte, Author of the Dictionary of Trade and Commerce.",Malachy Postlethwayt,44,1772,1,1,"London : printed for William Otridge, Bookseller, behind the New Church in the Strand, M.DCCLXXII. [1772].",London,136,male,1707,1767,False
0452802600_000002,"Observations on the project for abolishing the slave trade, and on the reasonableness of attempting some practicable mode of relieving the negroes. By John Lord Sheffield.","John Baker Holroyd, 1st Earl of Sheffield",57,1791,1,1,"London : printed by J. Cooper, Bow Street, Covent Garden, for J. Debrett, opposite Burlington House, Piccadilly, M.DCC.XCI. [1791].",London,75,male,1735,1821,False
1173401700_000003,"The speech of Mr John Talbot Campo-Bell, a free Christian-Negro, to his countrymen in the mountains of Jamaica. In two parts. To which is subjoin'd the Speech of Moses Bon Sàam, another Free Negro.","Campo-bell, John Talbot",66,1736,1,1,"London : printed for J. Roberts, near the Oxford-Arms in Warwick-Lane, 1736.",London,90,unknown,,,False
0623400400_000036,"Memoirs of the reign of Bossa Ahádee, King of Dahomy, an inland country of Guiney. To which are added, the author's journey to Abomey, the capital; and a short account of the African slave trade. By Robert Norris. Illustrated with a new map.","Norris, Robert           1791",41,1789,1,1,"London : printed for W. Lowndes, No. 77, Fleet-Street, M.DCC.LXXXIX. [1789].",London,200,unknown,,,False
0064601700_000001,"The true state of the question, addressed to the petitioners for the abolition of the slave trade. By a plain man, who signed the petition at Derby.",Plain man,35,1792,1,1,"London : [s.n.], MDCCXCII. [1792].",London,13,male,,,False
0684000104_000036,"A philosophical and political history of the settlements and trade of the Europeans in the East and West Indies. Revised, augmented, and published, in ten volumes, by the abbé Raynal. Newly translated from the French, by J. O. Justamond, F.R.S. With a new set of maps ... In six volumes. ...",Guillaume Thomas François Raynal,41,1798,4,6,"London : printed for A. Strahan; and T. Cadell, Jun. and W. Davies, (successors to Mr. Cadell); and for J. Mundell & Co. Edinburgh, 1798.",London,502,male,1713,1796,True
1286200800_000027,"A reply to the personal invectives and objections contained in two answers, published by certain anonymous persons, to an essay on the treatment and conversion of African slaves, in the British colonies, by James Ramsay, M. A. Vicar of Teston.",James Ramsay,51,1785,1,1,"London : printed and sold by James Phillips, in George-Yard, Lombard-Street, M CD Clxxxv [1785].",London,143,male,1733,1789,False
0663700100_000560,"A new dictionary of trade and commerce, compiled from the information of the most eminent merchants, and from the works of the best writers on commercial subjects, in all languages. Containing, among other Things, I. An Account of all the natural Productions, which are conducive to Trade, throughout the World. II. The different Manufactures established in each particular Country. III. Explanations of all the Terms used in Commerce. IV. Explanations of the principal Terms of Geography, Astronomy, and Navigation, so far as they are connected with Trade. V. An exact Account of the Coins, Weights, and Measures in use throughout the World, reduced to the English Standard. VI. A Description of the Established Banks, Trading Companies, and Staple Commodities, of different Countries. Vii. The State of the British Trade, National Debt, Funds, Customs, Excise, and other Taxes. Viii. The Laws relative to Trade and Commerce. For the Use of the Merchants and Tradesmen of Great Britain, as well as of private Gentlemen. By Mr. Rolt, with the assistance of several eminent merchants.",Richard Rolt,61,1756,1,1,"London : printed for T. Osborne and J. Shipton; J. Hodges; J. Newbery; G. Keith; and B. Collins, MDCCLVI. [1756].",London,926,male,1724,1770,False
1321800101_001346,"The universal dictionary of trade and commerce: With large additions and imporvements adapting the same to the present state of British affairs in America, since the last Treaty of Peace made in the year 1763. With great variety of new remarks and illustrations incorporated throughout the whole: together with every thing essential that is contained in Savary's dictionary: also, all the materials laws of trade and navigation relating to these kingdoms, and the customs and usages to which all traders are subject. By Malachy Postlethwayt, Esq;.",Jacques Savary des Brûlons,75,1766,1,2,"London : printed for H. Woodfall, A. Millar, J. and R. Tonson, J. Rivington, J. Hinton, R. Baldwin, L. Hawes and W. Clarke and R. Collins, R. Horsfield, W. Johnston, T. Longman, J. Brotherton, J. Dodsley, T. Payne, J. Robson, T. Lowndes, W. Nicoll, and J. Knox, M DCC LXVI. [1766].",London,1115,male,1657,1716,False
0432500700_000629,"Report of the Lords of the Committee of Council appointed for the consideration of all matters relating to trade and foreign plantations; submitting to His Majesty's consideration the evidence and information they have collected in consequence of His Majesty's order in council dated the 11th of February 1788, concerning the present state of the trade to Africa, and particularly the trade in slaves; ...",Great Britain. Board of Trade,50,1789,1,1,"[London], 1789.",London,890,unknown,,,False
0432500700_000666,"Report of the Lords of the Committee of Council appointed for the consideration of all matters relating to trade and foreign plantations; submitting to His Majesty's consideration the evidence and information they have collected in consequence of His Majesty's order in council dated the 11th of February 1788, concerning the present state of the trade to Africa, and particularly the trade in slaves; ...",Great Britain. Board of Trade,65,1789,1,1,"[London], 1789.",London,890,unknown,,,False
0301701000_000029,"The debate on a motion for the abolition of the slave-trade, in the House of Commons, on Monday and Tuesday, April 18 and 19, 1791, reported in detail.",Great Britain. Parliament. House of Commons,39,1791,1,1,"London : printed by and for W. Woodfall, and sold at the printing-office of The Diary, Salisbury-Square, Fleet-Street, MDCCXCI. [1791].",London,125,unknown,,,False
1742700117_000626,"Encyclopædia Britannica; or, a dictionary of arts, sciences, and miscellaneous literature; ... The third edition, in eighteen volumes, greatly improved. Illustrated with five hundred and forty-two copperplates. ...",,39,1797,17,20,"Edinburgh : printed for A. Bell and C. Macfarquhar, 1797.",Edinburgh,830,unknown,,,False
1476400132_000099,"The Parliamentary register; or, History of the proceedings and debates of the House of Commons; Containing an account of the most interesting speeches and motions; accurate copies of the most remarkable letters and papers; of the most material evidence, petitions, &c. laid before and offered to the House, during the first session of the fifteenth Parliament of Great Britain. Begun to be holden at Westminster on the 31st day of October 1780.",Great Britain. Parliament. House of Lords,40,1781,32,45,"London : Printed for J. Almon and J. Debrett, opposite Burlington-House, in Piccadilly, MDCCLXXXI. [1781].",London,512,unknown,,,False
0498500202_000065,"Great-Britain's commercial interest explained and improved: in a series of dissertations on the Most Important Branches of her Trade and Landed Interest. With An Essay, shewing the great Advantages which would certainly accrue to England, from an Union with Ireland. Also a clear view of the State of our Plantations in America, Their Constitution, Trade, and Revenues, with A certain Method to encrease their Commerce and Strength. By Malachy Postlethwayt, Esq; In Two Volumes.",Malachy Postlethwayt,57,1759,2,2,"London : printed for W. Owen, at Homer's Head near Temple-Bar, MDCCLIX. [1759].",London,563,male,1707,1767,False
0452802500_000002,"Observations on the project for abolishing the slave trade, and on the reasonableness of attempting some practicable mode of relieving the negroes.","John Baker Holroyd, 1st Earl of Sheffield",51,1790,1,1,"London : printed for J. Debrett, opposite Burlington House, Piccadilly, M.DCC.XC. [1790].",London,75,male,1735,1821,False
0498500202_000054,"Great-Britain's commercial interest explained and improved: in a series of dissertations on the Most Important Branches of her Trade and Landed Interest. With An Essay, shewing the great Advantages which would certainly accrue to England, from an Union with Ireland. Also a clear view of the State of our Plantations in America, Their Constitution, Trade, and Revenues, with A certain Method to encrease their Commerce and Strength. By Malachy Postlethwayt, Esq; In Two Volumes.",Malachy Postlethwayt,94,1759,2,2,"London : printed for W. Owen, at Homer's Head near Temple-Bar, MDCCLIX. [1759].",London,563,male,1707,1767,False
1659100200_000010,"Commerce in the human species, and the enslaving of innocent persons, inimical to the laws of moses and the Gospel of Christ. A sermon, preached in Little Prescot Street, Goodman's Fields, January 29, 1792. By Abraham Booth.",Abraham Booth,29,1792,1,1,"London : Printed by L. Wayland; and sold by C. Dilly, Poultry; and T. Knott, Lombard-street, M,DCC,XCII. [1792].",London,24,male,1734,1806,False
1230003300_000005,"Remarks on the late decision of the House of Commons respecting the abolition of the slave trade. By Thomas Gisborne, M.A.",Thomas Gisborne,43,1792,1,1,"London : printed for B. White and Sons, Horack's Head, Fleet-Street, 1792.",London,50,male,1758,1846,False
1233700800_000010,"A brief account of the island of Antigua, together with the customs and manners of its inhabitants, as well white as black: as also an accurate statement of the food, cloathing, labor, and punishment, of slaves. In letters to a friend. Written in the years 1786, 1787, 1788. By John Luffman.","Luffman, J. (John)",30,1789,1,1,"London : printed for T. Cadell, in the Strand, 1789.",London,183,male,1756,1846,False
0767401100_000010,"Commerce in the human species, and the enslaving of innocent persons, inimical to the laws of Moses and the gospel of Christ. A sermon, preached in Little Prescot Street, Goodman's Fields, January 29, 1792. By Abraham Booth.",Abraham Booth,41,1792,1,1,"London : printed by L. Wayland; and sold by C. Dilly, Poultry; and T. Knott, Lombard Street, M,DCC,XCII. [1792].",London,30,male,1734,1806,False
0014800304_000013,"A philosophical and political history of the settlements and trade of the Europeans in the East and West Indies. By the Abbé Raynal. To which is added, The revolution of America. By the same author. A new translation. With notes, Large Additions and Improvements, and a Copious Index. ...",Guillaume Thomas François Raynal,53,1782,4,6,"Edinburgh : printed for W. Gordon, W. Gray, J. Bell, J. Dickson, & P. Anderson, Edinburgh; W. Anderson, Stirling; J. Duncan, & Dunlop & Wilson, Glasgow; Angus & Son, Aberdeen; & E. Wilson, Dumfries, M,DCC,LXXXII. [1782].",Edinburgh,312,male,1713,1796,True
0133401800_000142,"Evidence of our transactions in the East Indies, with an enquiry into the general conduct of Great Britain to other countries, from the Peace of Paris, in 1763. By Mr. Parker, of Lincoln's-Inn.","Parker, Thomas, of Lincoln's Inn",39,1782,1,1,"London : printed for Charles Dilly, In The Poultry, M,DCC,LXXXII. [1782].",London,350,unknown,,,False
1321800101_001347,"The universal dictionary of trade and commerce: With large additions and imporvements adapting the same to the present state of British affairs in America, since the last Treaty of Peace made in the year 1763. With great variety of new remarks and illustrations incorporated throughout the whole: together with every thing essential that is contained in Savary's dictionary: also, all the materials laws of trade and navigation relating to these kingdoms, and the customs and usages to which all traders are subject. By Malachy Postlethwayt, Esq;.",Jacques Savary des Brûlons,62,1766,1,2,"London : printed for H. Woodfall, A. Millar, J. and R. Tonson, J. Rivington, J. Hinton, R. Baldwin, L. Hawes and W. Clarke and R. Collins, R. Horsfield, W. Johnston, T. Longman, J. Brotherton, J. Dodsley, T. Payne, J. Robson, T. Lowndes, W. Nicoll, and J. Knox, M DCC LXVI. [1766].",London,1115,male,1657,1716,False
1251403000_000015,"The substance of the evidence on the petition presented by the West-India planters and merchants, to the Hon. House of Commons, as it was introduced at the bar, and summ'd up by Mr. Glover, on Thursday the 16th of March, 1775.",Great Britain. Parliament. House of Commons,47,1775,1,1,"[New York] : London, printed: New-York, re-printed by H. Gaine, in Hanover-Square, M,DCC,LXXV. [1775].",New York,74,unknown,,,False
0427002000_000002,"An account of the slave trade on the coast of Africa, by Alexander Falconbridge, Late Surgeon in the African Trade.","Falconbridge, Alexander           1792",52,1788,1,1,"London : printed and sold by James Phillips, George-Yard, Lombard-Street, 1788.",London,71,unknown,,,False
0026101200_000002,"The state of the trade to Africa, between 1680 and 1707, as well under the management of an exclusive company, as under that of separate traders, impartially considered, with regard to matter of fact and demonstration; ...",,65,1708,1,1,"[London : s.n., 1708?].",London,5,unknown,,,False
0432500700_000651,"Report of the Lords of the Committee of Council appointed for the consideration of all matters relating to trade and foreign plantations; submitting to His Majesty's consideration the evidence and information they have collected in consequence of His Majesty's order in council dated the 11th of February 1788, concerning the present state of the trade to Africa, and particularly the trade in slaves; ...",Great Britain. Board of Trade,62,1789,1,1,"[London], 1789.",London,890,unknown,,,False
0151104500_000067,"Abridgment of the minutes of the evidence, taken before a committee of the whole House, to whom it was referred to consider of the slave-trade, 1790.",Great Britain. Parliament. House of Commons,54,1790,1,1,"[London, 1790].",London,247,unknown,,,False
0474800109_000225,"The Parliamentary register; or, history of the proceedings and debates of the House of Commons; ...",Great Britain. Parliament. House of Lords,52,1797,9,12,"London : printed for J. Debrett, 1797-1802.",London,603,unknown,,,False
0079500800_000052,New travels in the United States of America. Performed in 1788. By J. P. Brissot de Warville. Translated from the French.,Jacques Pierre Brissot,54,1792,1,1,"Dublin : printed by W. Corbet, for P. Byrne, A. Grueber, W. Mckenzie, J. Moore, W. Jones, R. M'allister, and J. Rice, MDCCXCII. [1792].",Dublin,491,male,1754,1793,False
0191002300_000005,"Heads of the speeches, delivered On the 18th and 19th April, 1791, in a committee of the House of Commons, on a motion made by Mr. Wilberforce, for the Abolition of the Slave-Trade, with Detector's letters, &c.",,46,1791,1,1,"Liverpool : printed in the year, MDCCXCI. [1791].",Liverpool,112,unknown,,,False
0379900200_000028,"A historical & philosophical sketch of the discoveries & settlements of the Europeans in northern & western Africa, at the close of the eighteenth century.",John Leyden,40,1799,1,1,"Edinburgh : printed by J. Moir, Paterson's Court, for T. Brown, No. 1. North Bridge-Street, and J. Symington, Parliament-Square, and Vernor & Hood, London, 1799.",Edinburgh,425,male,1775,1811,False
0551801200_000031,"Reflections upon the constitution and management of the trade to Africa, through The whole Course and Progress thereof, from the Beginning of the last Century, to this Time. Wherein the nature and uncommon circumstances of that trade, are particularly consider'd; and all the Arguments urg'd alternately, by the Two contending Parties here, touching the different Methods now proposed by them, for carrying on the same, to a National Advantage, impartially stated and discussed. By all which, A clear View is given of such a Constitution, as (if establish'd by Act of Parliament) would, in all Probability, render the African Trade a permanent, creditable and advantageous Trade to Britain. Part III.",Charles Davenant,68,1709,1,1,"London : printed, and sold by John Morphew near Stationers-Hall, [1709].",London,59,male,1656,1714,False
1211401800_000008,Supplement to Mr Cooper's Letters on the slave trade.,"Cooper, Thomas",40,1788,1,1,"Warrington : printed by W. Eyres., MDCCLXXXVIII. [1788].",Warrington,49,male,1759,1839,False
0026501800_000025,"A political essay upon commerce. Written in French by Monsieur M*** Translated, with some annotations, and remarks. By David Bindon, Esq;",Jean-François Melon,65,1738,1,1,"Dublin : printed for Philip Crampton, Bookseller, at Addison's-Head, over-against the Horse-Guard, in Dame's-Street, MDCCXXXVIII. [1738].",Dublin,405,male,1675,1738,False
1476300129_000144,"The Parliamentary register; or, History of the proceedings and debates of the House of Commons; Containing an account of the most interesting speeches and motions; accurate copies of the most remarkable letters and papers; of the most material evidence, petitions, &c. laid before and offered to the House, during the first session of the fifteenth Parliament of Great Britain. Begun to be holden at Westminster on the 31st day of October 1780.",Great Britain. Parliament. House of Lords,53,1781,29,45,"London : Printed for J. Almon and J. Debrett, opposite Burlington-House, in Piccadilly, MDCCLXXXI. [1781].",London,698,unknown,,,False
1218700900_000001,"Slave trade. The negro and the free-born Briton compared; or, a vindication of the African slave trade. Proving that it is lawful and right, in a Religious, in a Political, and in a Commercial View. Interspersed with religious and critical digressions. Humbly addressed to the people of England, but more particularly to the legislature and to the Merchants, Planters, and others concerned in the West-India trade.",,67,1789,1,1,"London : printed for the author, and sold by J. Stockdale, Piccadilly; J. Strahan, in the Strand; M. Folingsby, No. 4, Fleet-Street; J. Johnson, St. Paul's Church-Yard; and W. Richardson, Royal Exchange, [1789?].",London,64,unknown,,,False
0446500200_000002,"An inquiry into the effects of putting a stop to the African slave trade, And of Granting Liberty to the Slaves in the British Sugar Colonies. By the Author of The Essay on the Treatment and Conversion of African Slaves in the British Sugar Colonies.",James Ramsay,50,1784,1,1,"London : printed and sold by James Phillips, in George-Yard, Lombard-Street, 1784.",London,43,male,1733,1789,False
0328002800_000040,"An answer to the Rev. Mr. Clarkson's essay on the slavery and commerce of the human species, particularly the African; in a series of letters, from a gentleman in Jamaica, to his friend in London: wherein many of the mistakes and misrepresentations of Mr. Clarkson are pointed out, Both With Regard To The Manner in which that Commerce is carried on in Africa, And The Treatment of the Slaves in the West Indies. Shewing, At The Same Time, The Antiquity, Universality, and Lawfulness of Slavery, as as ever having been one of the States and Conditions of Mankind. By G. Francklyn, Esq.","Francklyn, Gilbert",44,1789,1,1,"London : printed at the Logographic Press, and sold by J. Walter, No. 169, Opposite Bond Street, Piccadilly; C. Stalker, Stationer's Court, Ludgate Street; and W. Richardson, Under The Royal Exchange, M.DCC.LXXXIX. [1789].",London,274,unknown,,,False
1562800101_001486,"The universal dictionary of trade and commerce, translated from the French of the celebrated Mosieur Savary, Inspector-General of the manufactures for the King, at the Custom-House of Paris: with large additions and improvements, incorporated throughout the whole work; which more particularly accomodate the same to the trade and navigation of these kingdoms, and the laws, customs, and usages, to which all traders are subject. By Malachy Postlethwayt, Esq;",Malachy Postlethwayt,53,1757,1,2,"London : printed for John Knapton, in Ludgate-Street, M DCC LVII. [1757].",London,1069,male,1707,1767,False
0464001400_000007,"A letter from Capt. J. S. Smith to the Revd Mr Hill on the state of the Negroe slaves. To which are added An Introduction, and Remarks on Free Negroes, &c. By the Editor.","Smith, John Samuel",45,1786,1,1,"London : printed and sold by J. Phillips, in George-Yard, Lombard-Street, 1786.",London,54,male,,,False
1163900102_000030,"The history, civil and commercial, of the British colonies in the West Indies: in two volumes. By Bryan Edwards, ...",Bryan Edwards,43,1793,2,2,"London : printed for John Stockdale, 1793.",London,503,male,1743,1800,False
1232601200_000008,"A sermon on the subject of the slave trade; delivered to a society of Protestant dissenters, at the new meeting, in Birmingham; and published at their request. By Joseph Priestley, LL. D. F.R.S.",Joseph Priestley,45,1788,1,1,"Birmingham : printed for the author, by Pearson and Rollason; and sold by J. Johnson, No. 72, St. Paul's Church-Yard, London, MDCCLXXXVIII. [1788].",Birmingham,53,male,1733,1804,True
1476700144_000155,"The Parliamentary register; or, History of the proceedings and debates of the House of Commons; Containing an account of the most interesting speeches and motions; accurate copies of the most remarkable letters and papers; of the most material evidence, petitions, &c. laid before and offered to the House, during the first session of the fifteenth Parliament of Great Britain. Begun to be holden at Westminster on the 31st day of October 1780.",Great Britain. Parliament. House of Lords,44,1781,44,45,"London : Printed for J. Almon and J. Debrett, opposite Burlington-House, in Piccadilly, MDCCLXXXI. [1781].",London,849,unknown,,,False
1683800104_000080,"The new theological repository; consisting of original essays, ... extracts from valuable writings, ... sacred criticism, and notes upon ... scripture, ... reviews and new religious publications, with characters of celebrated persons: ...",[Coddington and Co.],33,1800,4,6,"Liverpool [England] : printed by Coddington and Ferguson; for W. JOnes, bookseller, Castle-Street. sold by West and Hughes, and R. Ogle, London; J. Guthrie, and J. Ogle, Edinburgh; and J. and A. Duncan, and M. Ogle, Glasgow, [1800-",Liverpool,349,unknown,,,False
0334600103_000149,"History of Great Britain, from the revolution to the session of parliament ending A.D. 1793. By W. Belsham. In four volumes. ...",William Belsham,42,1798,3,4,"London : printed for G. G. and J. Robinson, Paternoster-Row, MDCCXCVIII. [1798].",London,610,male,1752,1827,False
1289800300_000277,"The annual register, or a view of the history, politics, and literature, for the year 1776.",,31,1788,1,1,"London : printed for J. Dodsley, in Pall-Mall, 1788.",London,628,unknown,,,False
0452802600_000003,"Observations on the project for abolishing the slave trade, and on the reasonableness of attempting some practicable mode of relieving the negroes. By John Lord Sheffield.","John Baker Holroyd, 1st Earl of Sheffield",72,1791,1,1,"London : printed by J. Cooper, Bow Street, Covent Garden, for J. Debrett, opposite Burlington House, Piccadilly, M.DCC.XCI. [1791].",London,75,male,1735,1821,False
0452802500_000009,"Observations on the project for abolishing the slave trade, and on the reasonableness of attempting some practicable mode of relieving the negroes.","John Baker Holroyd, 1st Earl of Sheffield",64,1790,1,1,"London : printed for J. Debrett, opposite Burlington House, Piccadilly, M.DCC.XC. [1790].",London,75,male,1735,1821,False
1017500102_000095,"An impartial report of the debates in the two Houses of Parliament, in the year 1795. including copies of all State papers, treaties conventions &c. By William Woodfall. ...",William Woodfall,42,1795,2,4,"London : published by T. Chapman, No. 151, Fleet Street, 1795.",London,688,male,1746,1803,False
0906001101_000136,"The Yorkshire magazine: or, Universal repository of arts, sciences, and various other branches of polite literature, for the year ...",,42,1786,1,2,"York [England] : printed for T. Wilson, R. Spence, and Crask & Lund, [1786].",London|York.,395,unknown,,,False
1321800101_001880,"The universal dictionary of trade and commerce: With large additions and imporvements adapting the same to the present state of British affairs in America, since the last Treaty of Peace made in the year 1763. With great variety of new remarks and illustrations incorporated throughout the whole: together with every thing essential that is contained in Savary's dictionary: also, all the materials laws of trade and navigation relating to these kingdoms, and the customs and usages to which all traders are subject. By Malachy Postlethwayt, Esq;.",Jacques Savary des Brûlons,55,1766,1,2,"London : printed for H. Woodfall, A. Millar, J. and R. Tonson, J. Rivington, J. Hinton, R. Baldwin, L. Hawes and W. Clarke and R. Collins, R. Horsfield, W. Johnston, T. Longman, J. Brotherton, J. Dodsley, T. Payne, J. Robson, T. Lowndes, W. Nicoll, and J. Knox, M DCC LXVI. [1766].",London,1115,male,1657,1716,False
0233701000_000016,"Abstract of the evidence, contained in the report of the Lords of the Committee of Council, relative to the slave-trade, and the treatment of the slaves in the Sugar Islands: also an abridgement of such of the colonial laws, as relate to the treatment of the slaves.",Great Britain. Board of trade,62,1790,1,1,"[London], [s.n.], M.DCC.XC. [1790].",London,91,unknown,,,False
0586400304_000083,"Collections of the Massachusetts Historical Society, for the year M,DCC,XCV.",Massachusetts Historical Society,48,1795,1,1,"[Boston] : Printed by Samuel Hall, no. 53, Cornhill, Boston, 1795.",Boston,303,unknown,,,False
0530100600_000003,"A summary of the evidence produced before the committee of the Privy Council, and before a committee of the House of Commons; relating to the slave trade.",,48,1792,1,1,"London : printed for J. Bell, British Library, Strand, MDCCXCII. [1792].",London,15,unknown,,,False
0079500700_000008,"The north-American and the West-Indian gazetteer. Containing An Authentic Description of the colonies and islands in that part of the globe, shewing their situation, climate, soil, produce, and trade, With their Former and Present Condition. Also An exact Account of the Cities, Towns, Harbours, Ports, Bays, Rivers, Lakes, Mountains, Number of Inhabitants, &c. Illustrated with maps.",,54,1776,1,1,"London : printed for G. Robinson, Pater-Noster-Row, MDCCLXXVI. [1776].",London,246,unknown,,,False
0446500500_000041,"The debate on a motion for the abolition of the slave-trade, in the house of commons, on Monday the second of April, 1792, reported in detail.",Great Britain. Parliament. House of Commons,57,1792,1,1,"London : printed by W. Woodfall, and sold at the printing-office of The Diary Salisbury-Square, Fleet-Street, MDCCXCII. [1792].",London,191,unknown,,,False
0426600200_000002,"An essay on the slavery and commerce of the human species, particularly the African. Translated from a Latin dissertation, which was honoured with the first prize in the University of Cambridge, for the year 1785, with additions.",Thomas Clarkson,35,1786,1,1,"Dublin : printed by P. Byrne, No. 108, Grafton-Street, and W. Porter, No. 12, Skinner-Row, M,DCC,LXXXVI. [1786].",Dublin,286,male,1760,1846,False
0975101800_000003,"Remarks on a pamphlet, intituled, A Short View of a Dispute between the Merchants of London, Bristol, and Liverpool, and the Advocates of a Joint-Stock Company, concerning the regulation of the African trade. In a letter to a member of Parliament.","Boyse, Joseph",63,1750,1,1,"London : [s.n.], Printed in the Year MDCCL. [1750].",London,15,male,1660,1728,False
1180700600_000010,"A letter to the Right Honourable William Pitt, Chancellor of the Exchequer, &c. &c. on the proposed abolition of the African slave trade. By the Rev. F. Randolph, M. A. Late Fellow of King's College, Cambridge; And Chaplain to his Royal Highness the Duke of York.",Francis Randolph,38,1788,1,1,"London : printed for T. Cadell, in the Strand, MDCCLXXXVIII. [1788].",London,57,male,1752,1831,False
0750300102_000038,"Britain's commercial interest explained and improved; in a series of dissertations on several important branches of her trade and police: Containing A Candid Enquiry into the secret Causes of the present Misfortunes of the Nation. With Proposals for their Remedy. Also The great Advantages which would accrue to this Kingdom from an Union with Ireland. By Malachy Postlethwayt, Esq; Author of the Universal Dictionary of Trade and Commerce, &c. ...",Malachy Postlethwayt,81,1757,2,2,"London : printed for D. Browne, without Temple-Bar; A. Millar, in the Strand; J. Whiston and B. White, and W. Sandby, in Fleet-Street, MDCCLVII. [1757].",London,563,male,1707,1767,False
1017600103_000045,"An impartial report of the debates that occur in the two Houses of Parliament, in the course of the first of the eighteenth Parliament of Great Britain, called to meet at Westminster, on Tuesday the 27th of September, 1796. ... Including copies of all state papers, treaties, conventions, &c. By William Woodfall, and assistants. ...",William Woodfall,53,1796,3,4,"London : published by T. Chapman, 1796.",London,639,male,1746,1803,False
1499400400_000007,"A cool address to the people of England, on the slave trade. ""To see the sufferings of my fellow creatures, and own myself a man."" By Thomas Maxwell Adams, Esq.","Adams, Thomas Maxwell",44,1788,1,1,"London : Printed for R. Faulder, New Bond-Street; and J. Stockdale, Piccadilly, M.DCC.LXXXVIII. [1788].",London,43,unknown,,,False
0151104300_000008,"The detector detected: or, state of affairs on the Gold Coast, and conduct of the present managers consider'd. With a Comparison of the Trade in the late Company's Time-And Benefits since received by the open Plan for extending the same. Wrote on the Coast. By J.S.G. last commandant of Commenda, under the Royal African Company.","J. S. G., last Commandant of Commenda",41,1753,1,1,"London : printed for the author; and sold by W. Owen, at Homer's-Head near Temple-Bar, and by the Booksellers at the Royal-Exchange, [1753].",London,62,unknown,,,False
0666101100_000002,An essay on the trade of the northern colonies of Great Britain in North America. Printed at Philadelphia.,Stephen Hopkins,54,1764,1,1,"London : reprinted for T. Becket and P. A. de Hondt, near Surry-Street in the Strand, MDCCLXIV. [1764].",London,40,male,1707,1785,False
0155801700_000015,"An address to the inhabitants of the British settlements, on the slavery of the Negroes in America. To which is added, A vindication of the address, in answer to a pamphlet entitled, ""Slavery not forbidden in Scripture; or, A defence of the West India planters."" By a Pennsylvanian. [Fifteen lines of verse, signed Proteus].",Benjamin Rush,44,1773,1,1,"Philadelphia : Printed and sold by John Dunlap, M,DCC,LXXIII. [1773].",Philadelphia,85,male,1745,1813,False
1366400104_000156,"A new and complete system of universal geography; describing Asia, Africa, Europe and America; with their subdivisions of republics, states, empires, and kingdoms: the extent, boundaries, and remarkable appearances of each country; cities, towns, and curiosities of natur and art, also giving a general account of the fossil and vegetable productions of the earth. The history of man, in all climates, regions, and conditions; customs, manners, laws, governments, and religions: the state of arts, sciences, commerce, manufactures, and knowledge. Sketches of the ancient and modern history of each nation and people, to the present time. To which is added, a view of astromony, as connected with geography; of the planetary system to which the earth belongs: and of the universe in general. With a copious index annexed to each volume. Being a large and comprehensive abridgement of Universal geography. By John Payne. With additions, corrections and improvements from the latest and best authors. By James Hardie, A.M. author of The principles of Latin grammar, The American remembrancer, and universal tablet of memory &c. In four volumes. ...","Payne, John           fl. 1800",58,1798,4,4,"New-York : Printed for, and sold by John Low, book-seller, at the Shakespeares Head, no. 332 Water-Street, 1798[-1800].",New York,646,unknown,,,False
1188200102_000063,"The British empire in America, containing the history of the discovery, settlement, progress and state of the British colonies on the continent and islands of America. ... . Being an Account of the Country, Soil, Climate, Product and Trade of Newfoundland, New-England, New-Scotland, New-York, New-Jersey, Pensylvania, Maryland, Virginia, Carolina, Georgia, Hudson's-Bay. Second edition, corrected and amended. With the continuation of the history, and the Variation in the State and Trade of those Colonies, from the Year 1710 to the present Time. Including Occasional Remarks, and the most feasible and useful Methods for their Improvement and Security.",John Oldmixon,38,1741,2,2,"London : printed for J. Brotherton, J. Clarke in Duck-Lane, A. Ward, J. Clarke at the Royal-Exchange, C. Hitch, J. Osbourn, E. Wicksteed, C. Bathurst, Timothy Saunders, and T. Harris, MDCCXLI. [1741].",London,493,male,1673,1742,True
0151104500_000025,"Abridgment of the minutes of the evidence, taken before a committee of the whole House, to whom it was referred to consider of the slave-trade, 1790.",Great Britain. Parliament. House of Commons,61,1790,1,1,"[London, 1790].",London,247,unknown,,,False
0464201000_000033,"Remarks on the slave trade, and the Slavery of the Negroes. In a series of letters.",Africanus,47,1788,1,1,"London : printed and sold by J. Phillips, George-Yard, Lombard-Street; and sold also by T. Payne and Sons, Meuse-Gate, Charing-Cross; and Chase and Co. Norwich, MDCCLXXXVIII. [1788].",London,89,unknown,,,False
0155903200_000003,"Reasons against giving a territorial grant to a company of merchants, to colonize and cultivate the peninsula of Sierra Leona [sic], on the coast of Africa.",,59,1791,1,1,"London : printed in the year, 1791.",London,16,unknown,,,False
1285800303_000049,"An impartial report of the debates that occur in the two houses of Parliament, In the Course of the Sixth Session of the Seventeenth Parliament of Great Britain, called to meet at Westminster, on Thursday the 29th of October, 1795. With some account of the respective speakers, and Notes and Illustrations. including copies of all state papers, treaties, conventions, &c. By William Woodfall, and assistants. Vol. III.",William Woodfall,51,1796,3,3,"London : published by T. Chapman, No. 151, Fleet-Street, 1796.",London,667,male,1746,1803,False
0611601300_000015,"A discourse on trade, and other matters relative to it. Viz. Of Trade in general: Of the Trade of England: Of Husbandry, Feeding, Tillage, Corn, Fruit, Fish, Minerals, Trees, Manufactures, Sheep-Wool, Cotton-Wool. Hemp and Flax: Glass, Earthen-Ware, Silk, Distilling: The great Advantages of a universal National Bank demonstrated: Sugar-Baking, Tobacco, Tanning, Clock-Work, Paper - Mills, Powder - Mills: Method to improve our Manufactures, by imploying the Poor: Of Courts of Merchants, Silver Coin: An effectual Method to prevent the Running of Wool: Of our Trade to the East and West-Indies, Africa, the Plantations, Iceland, the Canaries, Spain, Portugal, Turkey, Italy, Holland, Hamburgh, Poland, Russia, Sweden, Denmark, and Norway, France, South-Sea, &c. What foreign Trades are profitable, and what not. An Essay on National Credit, and the Irish Linnen Manufacture, &c. &c. &c. Wrote at the request of several Members of Parliament. And now Published for universal Benefit. By John Cary, Esq; Merchant of Bristol.","Cary, John",60,1745,1,1,"London : printed for T. Osborne in Gray's-Inn, MDCCXLV. [1745].",London,231,male,,,False
0625400500_000076,The musical tour of Mr. Dibdin; in which --- previous to his embarkation for India --- he finished his career as a public character.,Charles Isaac Mungo Dibdin,34,1788,1,1,"Sheffield : printed for the author by J. Gales, and sold by all the booksellers throughout the Kingdom, M,DCC,LXXXVIII. [1788].",Sheffield,476,male,1768,1814,True
0375001100_000037,"The principles of moral philosophy investigated, and applied to the constitution of civil society. By Thomas Gisborne, M.A. The fourth edition, corrected and enlarged: to which is added, a new edition, being the fifth, with an appendix, of Remarks on the late decision of the House of Commons respecting the abolition of the slave trade.",Thomas Gisborne,47,1798,1,1,"London : printed for T. Cadell jun. and W. Davies, Strand; and B. and J. White, Fleet-Street, 1798.",London,474,male,1758,1846,False
0427002000_000009,"An account of the slave trade on the coast of Africa, by Alexander Falconbridge, Late Surgeon in the African Trade.","Falconbridge, Alexander           1792",43,1788,1,1,"London : printed and sold by James Phillips, George-Yard, Lombard-Street, 1788.",London,71,unknown,,,False
0026104900_000010,"Papers laid before the Honourable House of Commons by the Commissioners for Trade and Plantations, Pursuant to An Address of the House of Lords to His Majesty, the 8th of June 1749. For the better Securing, Improving, and Extending, the trade to Africa.",Great Britain. Board of Trade,70,1750,1,1,"London : [s.n.], Printed in the Year M.DCC.L. [1750].",London,53,unknown,,,False
1520300400_000034,"Observations on the commerce of the American States. By John Lord Sheffield. A new edition, much enlarged. With an appendix, containing tables of the imports and exports of Great Britain to and from all parts, from 1700 to 1782. Also, the exports of America, &c. With remarks on those tables, on British navigation, and on the late proclamations, &c.","John Baker Holroyd, 1st Earl of Sheffield",58,1784,1,1,"Dublin : Printed for P. Byrne, No. 35, College Green, M,DCC,LXXXIV. [1784].",Dublin,364,male,1735,1821,False
0069900300_000003,Decisions of the Court of Session. From January 1778 to December 1781. Collected by appointment of the Faculty of Advocates.,Great Britain. Court of Session,56,1791,1,1,"Edinburgh : printed for Bell & Bradfute, & E. Balfour, M,DCC,XCI. [1791].",Edinburgh,401,unknown,,,False
0147304100_000061,Observations on the evidence given before the committees of the Privy Council and House of Commons in support of the bill for abolishing the slave trade.,John Ranby,45,1791,1,1,"London : printed for John Stockdale, opposite Burlington House, Piccadilly, M.DCC.XCI. [1791].",London,324,male,1743,1820,False
1476400132_000142,"The Parliamentary register; or, History of the proceedings and debates of the House of Commons; Containing an account of the most interesting speeches and motions; accurate copies of the most remarkable letters and papers; of the most material evidence, petitions, &c. laid before and offered to the House, during the first session of the fifteenth Parliament of Great Britain. Begun to be holden at Westminster on the 31st day of October 1780.",Great Britain. Parliament. House of Lords,41,1781,32,45,"London : Printed for J. Almon and J. Debrett, opposite Burlington-House, in Piccadilly, MDCCLXXXI. [1781].",London,512,unknown,,,False
0424400300_000034,"The history civil and commercial, of the British colonies in the West Indies. To which is added, an historical survey of the French colony in the island of St. Domingo. Abridged from The history written by Bryan Edwards. Esq. Illustrated with a map.",Bryan Edwards,45,1799,1,1,"London : printed for Crosby and Letterman , Stationer's Court, near Paternoster Row ; for Mundell and Son, Edinburgh; and J. Mundell, College, Glasgow, 1799.",London,384,male,1743,1800,False
0474600202_000127,"The Parliamentary register; or, history of the proceedings and debates of the House of Commons; ...",Great Britain. Parliament. House of Lords,45,1797,2,12,"London : printed for J. Debrett, 1797-1802.",London,837,unknown,,,False
0486700102_000161,"A new general collection of voyages and travels: consisting of the most esteemed relations, which have been hitherto published in any language: Comprehending every Thing remarkable in its Kind, in Europe, Asia, Africa, and America, With respect to the Several Empires, Kingdoms, and Provinces; their Situation, Extent, Bounds and Division, Climate, Soil and Produce; their Lakes, Rivers, Mountains, Cities, principal Towns, Harbours, Buildings, &c. and the gradual Alterations that from Time to Time have happened in each: also the Manners and Customs of the Several Inhabitants; their Religion and Government, Arts and Sciences, Trades and Manufactures: So as to form A Compleat system of Modern Geography and History, exhibiting the Present State of all Nations; Illustrated not only with charts of the several Divisions of the Ocean, and maps of each Country, entirely new Composed, as well as new Engraved, by the best Hands, from the latest Surveys, Discoveries, and Astronomical Observations: But likewise with Variety of Plans, and Prospects of Coasts, Harbours, and Cities; besides cuts representing Antiquities, Animals, Vegetables, the Persons and Habits of the People, and other Curiosities: Selected from the most Authentic Travellers, Foreign as well as English. Published by His Majesty's Authority. ...",,72,1745,2,4,"London : printed for Thomas Astley, M.DCC.XLV. [1745]-47 [1743-47].",London,832,unknown,,,False
1212601000_000007,"Slavery no oppression; or, some new arguments and opinions against the idea of African liberty. Dedicated To the committee of the company that trade to Africa.",,36,1788,1,1,"London : printed for Lowndes and Christie, No. 66, Drury-Lane, [1788?].",London,37,unknown,,,False
0151300700_000005,"Slave trade. A full account of this species of commerce; with arguments against it, spirited and philosophical: by the Celebrated Philosopher and Historian, Abbé Raynal. Translated from the French. The Law Permitting this Protects only Life.",Guillaume Thomas François Raynal,37,1792,1,1,"Southwark : printed for T. Cox, St. Thomas's-Street, Boro' and may be had of all the booksellers, [1792?].",London_fSouthwark,44,male,1713,1796,True
0432500700_000644,"Report of the Lords of the Committee of Council appointed for the consideration of all matters relating to trade and foreign plantations; submitting to His Majesty's consideration the evidence and information they have collected in consequence of His Majesty's order in council dated the 11th of February 1788, concerning the present state of the trade to Africa, and particularly the trade in slaves; ...",Great Britain. Board of Trade,63,1789,1,1,"[London], 1789.",London,890,unknown,,,False
0750300102_000065,"Britain's commercial interest explained and improved; in a series of dissertations on several important branches of her trade and police: Containing A Candid Enquiry into the secret Causes of the present Misfortunes of the Nation. With Proposals for their Remedy. Also The great Advantages which would accrue to this Kingdom from an Union with Ireland. By Malachy Postlethwayt, Esq; Author of the Universal Dictionary of Trade and Commerce, &c. ...",Malachy Postlethwayt,76,1757,2,2,"London : printed for D. Browne, without Temple-Bar; A. Millar, in the Strand; J. Whiston and B. White, and W. Sandby, in Fleet-Street, MDCCLVII. [1757].",London,563,male,1707,1767,False
0155801800_000009,"A caution to Great Britain and her colonies, in a short representation of the calamitous state of the enslaved Negroes in the British dominions. By Ant. Benezet.",Anthony Benezet,41,1767,1,1,"[London] : Philadelphia printed: London reprinted, 1767.",London,45,male,1713,1784,False
0410800900_000005,"Remarks on the late decision of the House of Commons respecting the abolition of the slave trade. The second edition. By Thomas Gisborne, M.A.",Thomas Gisborne,41,1792,1,1,"London : printed for B. White and Sons, Horace's Head, Fleet-Street, 1792.",London,47,male,1758,1846,False
0474700108_000072,"The Parliamentary register; or, history of the proceedings and debates of the House of Commons; ...",Great Britain. Parliament. House of Lords,41,1797,8,12,"London : printed for J. Debrett, 1797-1802.",London,707,unknown,,,False
0474700105_000221,"The Parliamentary register; or, history of the proceedings and debates of the House of Commons; ...",Great Britain. Parliament. House of Lords,34,1797,5,12,"London : printed for J. Debrett, 1797-1802.",London,645,unknown,,,False
1213402600_000001,The case of the separate traders to Africa.,,61,1709,1,1,"[London?, 1709].",London,6,unknown,,,False
1476400132_000092,"The Parliamentary register; or, History of the proceedings and debates of the House of Commons; Containing an account of the most interesting speeches and motions; accurate copies of the most remarkable letters and papers; of the most material evidence, petitions, &c. laid before and offered to the House, during the first session of the fifteenth Parliament of Great Britain. Begun to be holden at Westminster on the 31st day of October 1780.",Great Britain. Parliament. House of Lords,52,1781,32,45,"London : Printed for J. Almon and J. Debrett, opposite Burlington-House, in Piccadilly, MDCCLXXXI. [1781].",London,512,unknown,,,False
1163900102_000148,"The history, civil and commercial, of the British colonies in the West Indies: in two volumes. By Bryan Edwards, ...",Bryan Edwards,34,1793,2,2,"London : printed for John Stockdale, 1793.",London,503,male,1743,1800,False
1017600103_000205,"An impartial report of the debates that occur in the two Houses of Parliament, in the course of the first of the eighteenth Parliament of Great Britain, called to meet at Westminster, on Tuesday the 27th of September, 1796. ... Including copies of all state papers, treaties, conventions, &c. By William Woodfall, and assistants. ...",William Woodfall,44,1796,3,4,"London : published by T. Chapman, 1796.",London,639,male,1746,1803,False
1321800101_000068,"The universal dictionary of trade and commerce: With large additions and imporvements adapting the same to the present state of British affairs in America, since the last Treaty of Peace made in the year 1763. With great variety of new remarks and illustrations incorporated throughout the whole: together with every thing essential that is contained in Savary's dictionary: also, all the materials laws of trade and navigation relating to these kingdoms, and the customs and usages to which all traders are subject. By Malachy Postlethwayt, Esq;.",Jacques Savary des Brûlons,37,1766,1,2,"London : printed for H. Woodfall, A. Millar, J. and R. Tonson, J. Rivington, J. Hinton, R. Baldwin, L. Hawes and W. Clarke and R. Collins, R. Horsfield, W. Johnston, T. Longman, J. Brotherton, J. Dodsley, T. Payne, J. Robson, T. Lowndes, W. Nicoll, and J. Knox, M DCC LXVI. [1766].",London,1115,male,1657,1716,False
0151700700_000055,"Historical and critical memoirs of the general revolution in France, in the year 1789: from the opening of the States General, on the 25th April; 'till the framing the constitution, on the 6th August following. By John Talbot Dillon, Esq. B. S. R. E. Member of the Royal Academy of Sciences in Dublin; and Honorary Member of the Literary and Philosophical Society of Manchester. Deduced from authentic papers, communicated by Monsieur Hugou de Bassville, Member of several Academies, and of the Committee of the District Des Filles St. Thomas.","Sir John Talbot Dillon, 1st Baronet",42,1790,1,1,"London : printed at the Logographic Press; and sold by Messrs. Robinsons, Paternoster-Row; P. Elmsly, Strand; W. Richardson, under the Royal Exchange; J. Edwards, Pall-Mall; and J. Walter, No. 169, Piccadilly, M.DCC.XC. [1790].",London,528,male,1739,1805,False
0151104000_000003,Considerations on the emancipation of negroes and on the abolition of the slave-trade. By a West-India planter.,West-India planter,44,1788,1,1,"London : printed for J. Johnson, St. Paul's Church-Yard; and J. Debrett, Piccadilly, M.DCC.LXXXVIII. [1788].",London,42,unknown,,,False
1489300100_000053,"New travels in the United States of America. Performed in 1788. Containing the latest and most accurate observations on the character, genius, and present state of the people and government of that country-their agriculture, commerce, manufactures, and finances-quality and price of and the missisippe-political and moral character of the quakers, and a vindication of that excellent sect, from the misrepresentations of other travellers-state of the blacks-progress of the laws for their emancipation, and for the final destruction of slavery on that continent-accurate accounts of the climate, longevity-comparative tables of the probabilities of life between America and Europe, &c. &c. By J. P. Brissot De Warville. Translated from the French.",Jacques Pierre Brissot,54,1792,1,1,"London : Printed for J. S. Jordan, No. 166, Fleet-Street, MDCCXCII. [1792].",London,491,male,1754,1793,False
1478900602_000037,"The history of America: containing the geographical, political, and commercial state of that continent; in which is given a succinct account of the trade, customs and policy of the French nation, and the foundation they have laid for obtaining the sole dominion in those colonies. Translated from the French of Mons. Du Bosque, late historographer to the French King. In two volumes.",Malachy Postlethwayt,67,1770,2,2,"London : printed by George Cave and William Jordon, in St. Paul's Church Yard, MDCCLXX. [1770]",London,386,male,1707,1767,False
0026104900_000017,"Papers laid before the Honourable House of Commons by the Commissioners for Trade and Plantations, Pursuant to An Address of the House of Lords to His Majesty, the 8th of June 1749. For the better Securing, Improving, and Extending, the trade to Africa.",Great Britain. Board of Trade,81,1750,1,1,"London : [s.n.], Printed in the Year M.DCC.L. [1750].",London,53,unknown,,,False
0452802600_000009,"Observations on the project for abolishing the slave trade, and on the reasonableness of attempting some practicable mode of relieving the negroes. By John Lord Sheffield.","John Baker Holroyd, 1st Earl of Sheffield",44,1791,1,1,"London : printed by J. Cooper, Bow Street, Covent Garden, for J. Debrett, opposite Burlington House, Piccadilly, M.DCC.XCI. [1791].",London,75,male,1735,1821,False
0116500108_000052,"The present state of all nations. Containing a geographical, natural, commercial, and political history of all the countries in the known world. ... . By T. Smollett, M.D.",Tobias Smollett,40,1768,8,8,"London : printed for R. Baldwin, No. 47, Paternoster-Row; W. Johnston, No. 16, Ludgate-Street; S. Crowder, No. 12; and Robinson and Roberts, No. 25, Paternoster-Row, MDCCLXVIII. [1768]-69.",London,527,male,1721,1771,True
1741800108_000218,"Encyclopædia Britannica; or, a dictionary of arts, sciences, and miscellaneous literature; ... The third edition, in eighteen volumes, greatly improved. Illustrated with five hundred and forty-two copperplates. ...",,44,1797,8,20,"Edinburgh : printed for A. Bell and C. Macfarquhar, 1797.",Edinburgh,795,unknown,,,False
0940000300_000016,"Abridgment of the minutes of the evidence, taken before a committee of the whole House, to whom it was referred to consider of the slave-trade, 1789.",Great Britain. Parliament. House of Commons,48,1789,1,1,"[London, 1789].",London,83,unknown,,,False
0155904700_000003,"The speeches of Mr. Wilberforce, Lord Penrhyn, Mr. Burke, Sir W. Young, Alderman Newnham, Mr. Dempster, Mr. Martin, Mr. Pitt, Mr. Grenville, Mr. Fox, Mr. Gascoigne, Alderman Sawbridge, Mr. Smith, &c. &c. on a motion for the abolition of the slave trade, in the House of Commons, May the 12th, 1789. To which are added, Mr. Wilberforce's twelve propositions.",Great Britain. Parliament. House of Commons,50,1789,1,1,"London : printed for John Stockdale, Opposite Burlington House, Piccadilly, M.DCC.LXXXIX. [1789].",London,30,unknown,,,False
0452802600_000005,"Observations on the project for abolishing the slave trade, and on the reasonableness of attempting some practicable mode of relieving the negroes. By John Lord Sheffield.","John Baker Holroyd, 1st Earl of Sheffield",57,1791,1,1,"London : printed by J. Cooper, Bow Street, Covent Garden, for J. Debrett, opposite Burlington House, Piccadilly, M.DCC.XCI. [1791].",London,75,male,1735,1821,False
0432500700_000086,"Report of the Lords of the Committee of Council appointed for the consideration of all matters relating to trade and foreign plantations; submitting to His Majesty's consideration the evidence and information they have collected in consequence of His Majesty's order in council dated the 11th of February 1788, concerning the present state of the trade to Africa, and particularly the trade in slaves; ...",Great Britain. Board of Trade,64,1789,1,1,"[London], 1789.",London,890,unknown,,,False
0652201900_000011,"The trade and navigation of Great-Britain considered. Shewing that the surest way for a nation to increase in riches, is to prevent the importation of such foreign commodities as may be raised at home: That this kingdom is capable of raising within itself, and its colonies, materials for employing all our poor in those manufactures, which we now import from such of our neighbours who refuse the admission of ours. An account of the commodities each country we trade with takes from us, and what we take from them; with observations on the balance. By Joshua Gee.","Gee, Joshua, merchant",60,1767,1,1,"London : printed for J. Almon, opposite Burlington House in Piccadilly; and S. Bladon, in Pater-Noster Row, M.DCC.LXVII. [1767].",London,287,male,,,False
1476700144_000034,"The Parliamentary register; or, History of the proceedings and debates of the House of Commons; Containing an account of the most interesting speeches and motions; accurate copies of the most remarkable letters and papers; of the most material evidence, petitions, &c. laid before and offered to the House, during the first session of the fifteenth Parliament of Great Britain. Begun to be holden at Westminster on the 31st day of October 1780.",Great Britain. Parliament. House of Lords,42,1781,44,45,"London : Printed for J. Almon and J. Debrett, opposite Burlington-House, in Piccadilly, MDCCLXXXI. [1781].",London,849,unknown,,,False
1145900700_000015,A collection of papers relating to the trade to Africa.,,79,1712,1,1,"[London, 1712?].",London,54,unknown,,,False
0463901900_000003,"The slave-Trade indispensable: in answer to the speech of William Wilberforce, Esq. on the 13th of May, 1789. By a West-India-Merchant.","Innes, William",50,1790,1,1,"London : sold by W. Richardson , Royal Exchange ; J. Murray , Fleet-Street ; and J. Debrett, Piccadilly, M.DCC.XC. [1790].",London,79,male,1720,1795,False
1555000110_000125,"The modern part of an universal history, from the earliest account of time. Complied from original writers. By the authors of the antient part.",,48,1759,10,44,"London : printed for S. Richardson, T. Osborne, C. Hitch, A. Millar, John Rivington, S. Crowder, P. Davey and B. Law, T. Longman, and C. Ware, M.DCC.LIX. [1759].",London,588,unknown,,,False
1163900102_000015,"The history, civil and commercial, of the British colonies in the West Indies: in two volumes. By Bryan Edwards, ...",Bryan Edwards,46,1793,2,2,"London : printed for John Stockdale, 1793.",London,503,male,1743,1800,False
1146100700_000001,"The national and private advantages of the African trade considered. With a correct map of Africa, and all the European Settlements. By the late Malachy Postlethwayte, Author of the Dictionary of Trade and Commerce.",Malachy Postlethwayt,73,1772,1,1,"London : printed for William Otridge, Bookseller, behind the New Church in the Strand, M.DCCLXXII. [1772].",London,136,male,1707,1767,False
0738900300_000008,"Objections to the abolition of the slave trade, with answers. To which are prefixed, strictures on a late publication, intituled, ""considerations on the emancipation of negroes, and the abolition of the slave trade, by a West India planter."" By the Rev James Ramsey, A.M.",James Ramsay,48,1788,1,1,"London : printed and sold by J. Phillips, George Yard, Lombard-Street, MDCCLXXXVIII. [1788].",London,83,male,1733,1789,False
0427002000_000003,"An account of the slave trade on the coast of Africa, by Alexander Falconbridge, Late Surgeon in the African Trade.","Falconbridge, Alexander           1792",49,1788,1,1,"London : printed and sold by James Phillips, George-Yard, Lombard-Street, 1788.",London,71,unknown,,,False
0926001600_000006,"A short sketch of the evidence for the abolition of the slave trade, delivered before a Committee of the House of Commons. To which is added, recommendations of the subject to the serious attention of people in general.","Crafton, William Bell",39,1792,1,1,"Glasgow : printed in the year, 1792.",Glasgow,23,unknown,,,False
0666201500_000003,A treatise upon the trade from Great-Britain to Africa; humbly recommended to the attention of government. By an African merchant.,African merchant,53,1772,1,1,"London : printed for R. Baldwin, No. 47, Pater-Noster Row, MDCCLXXII. [1772].",London,191,unknown,,,False
0064301400_000001,"In honour to the administration. The importance of the African expedition considered: with copies of the memorials, ... The whole as planned and designed, by Malachy Postlethwayt, ... To which are added, observations, illustrating the said memorials, ...",Malachy Postlethwayt,47,1758,1,1,"London : printed by C. Say; and sold by M. Cooper, 1758.",London,125,male,1707,1767,False
0007700103_000112,"A philosophical and political history of the settlements and trade of the Europeans in the East and West Indies. Translated from the French of the Abbé Raynal, by J. Justamond, M. A. In Five Volumes. ...",Guillaume Thomas François Raynal,53,1776,3,5,"London : printed for T. Cadell, in the Strand, M.DCC.LXXVI. [1776].",London,517,male,1713,1796,True
0151300500_000009,"Instructions for the treatment of negroes, &c. &c. &c.","Sir Philip Gibbes, 1st Baronet",50,1797,1,1,"London : printed for Shepperson and Reynolds' Oxford-Street. First printed in 1786, and reprinted, with additions in 1797, [1797].",London,146,male,1731,1815,False
1203401000_000003,"The opening of the case in support of the petitions of the merchants of London and Liverpool, against the bill ""to prohibit the trading for slaves on the coast of Africa within certain limits."" By Edward Law, Esq. At The Bar Of The House Of Lords, on Tuesday, May 28, 1799.","Edward Law, 1st Baron Ellenborough",44,1799,1,1,"[London, s.n., 1799].",London,21,male,1750,1818,False
1075400500_000038,"A voyage to Guinea, Brasil, and the West-Indies; in His Majesty's Ships the Swallow and Weymouth. Giving a Genuine Account of the several Islands and Settlements of Madeira, the Canaries, Cape de Vard. Sierraleon, Sesthos, Cape Apollonia, Cabo Corso, and others on the Guinea Shore; Likewise Barbardoes, Jamaica, &c. in the West-Indies. Describing the Colour, Diet, Languages Habits, Manners, Customs, and Religions of the respective Natives and Inhabitants. With Remarks on the Gold, Ivory, and Slave-Trade: and on the Winds, Tides and Currents of the several Coasts. By John Atkins, Gent. Of Plaistow, in Essex.","Atkins, John",40,1737,1,1,"London : printed for Ward and Chandler, at the Ship, just without Temple Bar; and at their shops in Coney-Street, York, and the Corner of the Long-Room-Street, Scarborough, [1737].",London,282,male,1685,1757,False
1188200102_000076,"The British empire in America, containing the history of the discovery, settlement, progress and state of the British colonies on the continent and islands of America. ... . Being an Account of the Country, Soil, Climate, Product and Trade of Newfoundland, New-England, New-Scotland, New-York, New-Jersey, Pensylvania, Maryland, Virginia, Carolina, Georgia, Hudson's-Bay. Second edition, corrected and amended. With the continuation of the history, and the Variation in the State and Trade of those Colonies, from the Year 1710 to the present Time. Including Occasional Remarks, and the most feasible and useful Methods for their Improvement and Security.",John Oldmixon,40,1741,2,2,"London : printed for J. Brotherton, J. Clarke in Duck-Lane, A. Ward, J. Clarke at the Royal-Exchange, C. Hitch, J. Osbourn, E. Wicksteed, C. Bathurst, Timothy Saunders, and T. Harris, MDCCXLI. [1741].",London,493,male,1673,1742,True
0464201000_000004,"Remarks on the slave trade, and the Slavery of the Negroes. In a series of letters.",Africanus,46,1788,1,1,"London : printed and sold by J. Phillips, George-Yard, Lombard-Street; and sold also by T. Payne and Sons, Meuse-Gate, Charing-Cross; and Chase and Co. Norwich, MDCCLXXXVIII. [1788].",London,89,unknown,,,False
0204400100_000035,"A concise natural history of East and West Florida; containing an account of the natural produce of all the southern part of British America, in the three kingdoms of nature, particularly the animal and vegetable. Likewise, the artificial produce now raised, or possible to be raised, and manufactured there, with some commercial and political observations in that part of the world; and a chorographical account of the same. To which is added, by way of appendix, plain and easy directions to navigators over the bank of Bahama, the coast of the two Floridas, the nort of Cuba, and the dangerous Gulph Passage. Noting also, the hitherto unknown watering places in that part of America, intended principally for the use of such vessels as may be so unfortunate as to be distressed by weather in that difficult part of the world. By Captain Bernard Romans. Illustrated with twelve copper plates, and two whole sheet maps. Vol. I.","Brown, William",36,1775,1,1,"New-York : Printed for the author, M,DCC,LXXV. [1775].",New York,453,male,,,False
0464001400_000008,"A letter from Capt. J. S. Smith to the Revd Mr Hill on the state of the Negroe slaves. To which are added An Introduction, and Remarks on Free Negroes, &c. By the Editor.","Smith, John Samuel",33,1786,1,1,"London : printed and sold by J. Phillips, in George-Yard, Lombard-Street, 1786.",London,54,male,,,False
0241901700_000005,"Speech of the Right Hon. Henry Dundas, delivered in the House of Commons, the 15th of March, 1796, on the farther consideration of the report of the committee, upon the bill for the abolition of the slave-trade: with a copy of the bill, and notes illustrative of some passages in the speech.",Great Britain. Parliament. House of Commons,50,1796,1,1,"London : [s.n.], Printed In The Year 1796.",London,72,unknown,,,False
0881000102_000294,"An impartial report of the debates in the two houses of parliament, in the year 1797 including copies of all state papers, treaties, conventions &c. By William Woodfall. ...",William Woodfall,65,1797,2,3,"London : published by T. Chapman, No. 151, Fleet Street, 1797.",London,781,male,1746,1803,False
1285600102_000098,"An impartial report of the debates that occur in the two houses of Parliament, ... on Tuesday the 30th of December 1794. With some account of the respective speakers, and including copies of all state papers, treaties, conventions, &c. By William Woodfall, and assistants. ...",William Woodfall,38,1795,2,4,"London : published by T. Chapman, No. 151 Fleet street. 1795.",London,716,male,1746,1803,False
1233700800_000015,"A brief account of the island of Antigua, together with the customs and manners of its inhabitants, as well white as black: as also an accurate statement of the food, cloathing, labor, and punishment, of slaves. In letters to a friend. Written in the years 1786, 1787, 1788. By John Luffman.","Luffman, J. (John)",32,1789,1,1,"London : printed for T. Cadell, in the Strand, 1789.",London,183,male,1756,1846,False
1520900202_000037,"Britain's commercial interest explained and improved; In a series of dissertations on several important branches of her trade and police: containing a candid enquiry into the secret causes of the present misfortunes of the nation. With a proposals for their remedy. Also the great advantages which would accrue to this kingdom from an union with Ireland. By Malachy Postlethwayt, Esq; author of The universal dictionary of trade and commerce, &c.",Malachy Postlethwayt,62,1758,2,2,"Dublin : Printed for L. Flin, at the Bible in Castle-Street, M,DCC,LVIII. [1758].",Dublin,392,male,1707,1767,False
1137400100_000130,"The annual register, or a view of the history, politics, and literature for the year 1798.",,51,1800,1,1,"London : printed by T. Burton, No. 31, Little Queen-Street, for the proprietors of Dodsley's Annual Register, W. Otridge and Son; R. Faulder; J. Cuthell; Ogilvy and Son; R. Lea; J. Nunn; J. Walker; Lackington, Allen, and Co. E. Jeffery; and Vernor and Hood, 1800.",London,769,unknown,,,False
0736802500_000001,"The speech of Mr. Beaufoy, Tuesday, the 18th June, 1788, in a committee of the whole House, on a bill for regulating the conveyance of negroes from Africa to the West-Indies. To which are added observations on the evidence adduced against the bill.","Beaufoy, Henry           1795",42,1789,1,1,"London : printed by J. Phillips, George-Yard, Lombard-Street, M,DCC,LXXXIX. [1789].",London,37,unknown,,,False
0151104500_000029,"Abridgment of the minutes of the evidence, taken before a committee of the whole House, to whom it was referred to consider of the slave-trade, 1790.",Great Britain. Parliament. House of Commons,52,1790,1,1,"[London, 1790].",London,247,unknown,,,False
1014700103_000104,"The wonders of nature and art; being an account of whatever is most curious and remarkable throughout the world; Whether relating to its Animals, Vegetables, Minerals, Volcano's, Cataracts, Hot and Cold Springs, And other Parts of Natural History; Or to the Buildings, Manufactures, Inventions, and Discoveries of its Inhabitants. The whole collected from the writings of the best historians, travellers, geographers, and philosophers, among which are some Original Manuscripts; interspersed with pious Observations and Reflections; illustrated with Notes, and adorn'd with Copper-Plates. ...",,41,1750,3,4,"Reading : printed, and sold by C. Corbett, at Addison's Head opposite St. Dunstan's Church in Fleetstreet, London; and C. Micklewright and Comp. in Reading; and by most booksellers and country printers in Great Britain, MDCCL. [1750].",Reading,482,unknown,,,False
0940000300_000008,"Abridgment of the minutes of the evidence, taken before a committee of the whole House, to whom it was referred to consider of the slave-trade, 1789.",Great Britain. Parliament. House of Commons,61,1789,1,1,"[London, 1789].",London,83,unknown,,,False
0729800600_000010,"Observations on the treatment of the negroes, in the island of Jamaica, including some account of their temper and character, with remarks on the importation of slaves from the coast of Africa. In a letter to a physician in England, from Hector Mcneill.",Hector Macneill,51,1788,1,1,"London : printed for G. G. J. and J. Robinson, No. 25, Pater-Noster-Row, and J. Gore, Liverpool, [1788].",London,51,male,1746,1818,False
0881000102_000293,"An impartial report of the debates in the two houses of parliament, in the year 1797 including copies of all state papers, treaties, conventions &c. By William Woodfall. ...",William Woodfall,59,1797,2,3,"London : published by T. Chapman, No. 151, Fleet Street, 1797.",London,781,male,1746,1803,False
0133401800_000141,"Evidence of our transactions in the East Indies, with an enquiry into the general conduct of Great Britain to other countries, from the Peace of Paris, in 1763. By Mr. Parker, of Lincoln's-Inn.","Parker, Thomas, of Lincoln's Inn",37,1782,1,1,"London : printed for Charles Dilly, In The Poultry, M,DCC,LXXXII. [1782].",London,350,unknown,,,False
1266000102_000389,"A political survey of Britain: being a series of reflections on the situation, lands, inhabitants, revenues, colonies, and commerce of this island. Intended to Shew That we have not as yet approached near the Summit of Improvement, but that it will afford Employment to many Generations before they push to their utmost Extent the natural Advantages of Great Britain. In two volumes. By John Campbell, L. . D. ...",John Campbell,42,1774,2,2,"London : printed for the author; and sold by Richardson and Urquhart, at the Royal Exchange; J. Wilkie, in St. Paul's Church-Yard; T. Cadell, P. Elmsley, and T. Becket, in the Strand; J. Walter, and T. Durham, at Charing-Cross; J. Dodsley, Pall-Mall; and L. Davis, Holborn, MDCCLXXIV. [1774].",London,791,male,1708,1775,False
1476400132_000154,"The Parliamentary register; or, History of the proceedings and debates of the House of Commons; Containing an account of the most interesting speeches and motions; accurate copies of the most remarkable letters and papers; of the most material evidence, petitions, &c. laid before and offered to the House, during the first session of the fifteenth Parliament of Great Britain. Begun to be holden at Westminster on the 31st day of October 1780.",Great Britain. Parliament. House of Lords,36,1781,32,45,"London : Printed for J. Almon and J. Debrett, opposite Burlington-House, in Piccadilly, MDCCLXXXI. [1781].",London,512,unknown,,,False
0236200800_000041,"Memoirs and anecdotes of Philip Thicknesse, late Lieutenant Governor of Land Guard Fort, and unfortunately father to George Touchet, Baron Audley.",Philip Thicknesse,43,1790,1,1,"Dublin : printed by Graisberry and Campbell: for William Jones, NO. 86, Dame-Street, M,DCC,XC. [1790].",Dublin,440,male,1719,1792,False
0508200600_000080,"Sermons on several subjects. By the Right Reverend Beilby Porteus, D. D. Bishop of Chester.",Beilby Porteus,38,1784,1,1,"London : printed for T. Payne and Son, at the Mews Gate, and T. Cadell, in the Strand, MDCCLXXXIV. [1784].",London,432,male,1731,1809,False
0390500200_000611,"A new geographical, historical, and commercial grammar; and present state of the several Kingdoms of the world. Containing I. The figures, motions, and distances of the planets, according to the Newtonian System, and the latest Observations. II. A general View of the Earth, considered as a Planet; with several useful Geographical Definitions and Problems. III. The grand Divisions of the Globe into Land and Water, Continents and Islands. IV. The Situation and Extent of Empires, Kingdoms, States, Provinces, and Colonies. V. Their Climate, Air, Soil, Vegetable Productions, Metals, Minerals, Natural Curiosities, Seas, Rivers, Bays, Capes, Promontories, and Lakes. VI. The Birds and Beasts peculiar to each Country. Vii. Observations on the Changes that have been any-where observed upon the Face of Nature, since the most early Periods of History. Viii. The History and Origin of Nations, their Forms of Government, Religion, Laws, Revenues, Taxes, Naval and Military Strength, Orders of Knighthood, &c. IX. The Genius, Manners, Customs, and Habits of the People. X. Their Language, Learning, Arts, Sciences, Manufactures, and Commerce. XI. The chief Cities, Structures, Ruins, and artificial Curiosities. XII. The longitude, latitude, bearings, and distances of principal places from London. To which are added, I. A geographical index, with the Names of Places alphabetically arranged. II. A Table of the Coins of all Nations, and their Value in English Money. III. A chronological table of remarkable Events, from the Creation to the present Time. By William Guthrie, Esq. The astronomical part by James Ferguson, F. R. S. To Which Have Been Added The Late Discoveries Of DR. Herschel, And Other Eminent Astronomers. Illustrated with A Correct Set Of maps, Engraved From The Most Recent Observations And Draughts Of Geographical Travellers. The eighteenth edition, corrected and considerably enlarged.",William Guthrie,29,1800,1,1,"London : printed for G.G. and J. Robinson, In Pater-Noster-Row; and J. Mawman (successor to Mr. Dilly) In The Poultry : by S. Hamilton, Falcon-Court, Fleet-Street, 1800.",London,1098,male,1708,1770,False
0427001800_000042,"The debate on a motion for the abolition of the slave-trade, in the House of Commons, on Monday and Tuesday, April 18 and 19, 1791, reported in detail.",Great Britain. Parliament. House of Commons,50,1791,1,1,"London : printed by and for W. Woodfall, and sold at the printing-office of The Diary, Salisbury-Square, Fleet-Street, MDCCXCI. [1791].",London,128,unknown,,,False
0052203200_000033,"A looking-Glass for a right honourable mendicant; or, the real character of a certain great orator; with important political observations: in particular the marrow of the slave question, And Of That Respecting The Laws of Debtor and Creditor, &c. &c. By an old Member of Parliament.",Old Member of Parliament,51,1794,1,1,"London : printed for B. Crosby, NO. 4, Stationers-Court, M.DCC.XCIV. [1794].",London,136,unknown,,,False
1613600900_000003,"Considerations addressed to professors of Christianity of every denomination, on the impropriety of consuming West-India sugar and rum, as produced by the oppressive labour of slaves.",,36,1792,1,1,"London : Printed by Ritchie and Sammells. Sold by M. Gurney, No. 128, Holborn-Hill, MDCCXCII. [1792].",London,10,unknown,,,False
1520900202_000055,"Britain's commercial interest explained and improved; In a series of dissertations on several important branches of her trade and police: containing a candid enquiry into the secret causes of the present misfortunes of the nation. With a proposals for their remedy. Also the great advantages which would accrue to this kingdom from an union with Ireland. By Malachy Postlethwayt, Esq; author of The universal dictionary of trade and commerce, &c.",Malachy Postlethwayt,76,1758,2,2,"Dublin : Printed for L. Flin, at the Bible in Castle-Street, M,DCC,LVIII. [1758].",Dublin,392,male,1707,1767,False
0341101000_000029,Thoughts on modern politics.,Niel Douglas,31,1793,1,1,"London : sold by Button, Newington Causeway, MDCCXCIII. [1793].",London,247,male,1750,1823,False
1279500100_000087,"Book-Keeping methodiz'd; or, a methodical treatise of merchant-accompts, according to the Italian form. Wherein the theory of the art is fully explained, and reduced to Practice, by variety of suitable Examples in all the branches of trade. To which is added, a large appendix. Containing 1. Descriptions and specimens of the Subsidiary Books used by merchants. II. Monies and Exchanges, the nature of Bills of Exchange, Promissory Notes, and Bills of Parcels. III. Precedents of Merchants Writings, peculiar to England, Scotland, and common to both. IV. The Commission, Duty, and Power of Factors. V. A short History of the Trading Companies in Great Britain, with an account of her exports and imports. VI. The produce and Commerce of the Sugar Colonies; with a specimen of the accompts kept by the factors or store-keepers; and an explication of wharf and plantation accompts. Vii. The produce and commerce of the Tobacco Colonies; with a specimen of the accompts usually kept by the storekeepers. Viii. The method of keeping accompts proper for Shopkeepers or Retailers. IX. A dictionary, explaining abstruse words and terms that occur in merchandise. By John Mair, A.M.","Mair, John",51,1765,1,1,"Edinburgh : printed by W. Sands, A. Murray, and J. Cochran, for W. Sands, A. Kincaid & J. Bell, and A. Donaldson, 1765.",Edinburgh,430,male,1702,1769,False
0301601800_000012,"The speech of Sir William Young, Bart., delivered in Parliament on the subject of the slave-trade, April 19, 1791.","Sir William Young, 2nd Baronet",41,1791,1,1,"London : printed for John Stockdale, Piccadilly, 1791.",London,63,male,1749,1815,False
0151104500_000028,"Abridgment of the minutes of the evidence, taken before a committee of the whole House, to whom it was referred to consider of the slave-trade, 1790.",Great Britain. Parliament. House of Commons,54,1790,1,1,"[London, 1790].",London,247,unknown,,,False
1613300900_000013,"Liberty or Death. A tract. By which is vindicated the obvious practicability of trading to the coasts of Guinea, for its natural products, in lieu of the slave-trade, much more to the interest to the merchants in particular, and the kingdoms of England, Scotland, and Ireland in general. By John Lowe, Jun. of Manchester: author of the treatise on the solar creation, explanation of theaurora ... &c.","Lowe, John, Jun",33,1789,1,1,"Manchester : Printed by J. Harrot, MDCCLXXXIX. [1789].",Manchester,53,unknown,,,False
0298000100_000003,"Considerations addressed to professors of Christianity of every denomination, on the impropriety of consuming West-India sugar & rum, as produced by the oppressive labour of slaves.",,32,1792,1,1,"[London?] : [s.n.], Printed in the year, 1792.",London,8,unknown,,,False
1290801000_000010,"Letters on the slave trade: first published in Wheeler's Manchester Chronicle; and since re-printed with additions and alterations. By Thomas Cooper, Esq.","Cooper, Thomas",36,1787,1,1,"Manchester : printed by C. Wheeler, 1787.",Manchester,34,male,1759,1839,False
0793200100_000539,"Lex mercatoria rediviva: or, the merchant's directory. Being a complete guide to all men in business, Whether AS Traders, Remitters, Owners, Freighters, Captains, Insurers, Brokers, Factors, Supercargoes, Agents. Containing an account of our trading companies and colonies, with their Establishments, and an Abstract of their Charters; the duty of consuls, and the Laws subsisting about Aliens, Naturalization and Denization. To Which IS Added a state of the present general traffick of the whole world; describing the Manufactures and Products of each particular Nation: And Tables of the Correspondence and Agreement of the European Coins, Weights, and Measures, with the Addition of all others that are known. Extracted fro the works of the best writers both at Home and Abroad; more especially from those justly celebrated ones of Messieurs Savary; improved and corrected by the author's own observations, during his long Continuance in Trade. The whole calculated for the Use and Service of the Merchant, Lawyer, Senator, and Gentleman. The second edition, with large additions. By Wyndham Beawes, Esq; His Britannick Majesty's Consul at Seville and St. Lucar.",Wyndham Beawes,45,1761,1,1,"London : printed for R. Baldwin at the Rose, and S. Crowder and Co. at the Looking-Glass, in Pater-Noster-Row, M.DCC.LXI. [1761].",London,943,male,,,False
0432500700_000341,"Report of the Lords of the Committee of Council appointed for the consideration of all matters relating to trade and foreign plantations; submitting to His Majesty's consideration the evidence and information they have collected in consequence of His Majesty's order in council dated the 11th of February 1788, concerning the present state of the trade to Africa, and particularly the trade in slaves; ...",Great Britain. Board of Trade,47,1789,1,1,"[London], 1789.",London,890,unknown,,,False
0181400501_000009,An historical account of the rise and progress of the colonies of South Carolina and Georgia. In two volumes. ...,Alexander Hewat,42,1779,1,2,"[London] : Printed for Alexander Donaldson, London, 1779.",London,356,male,1739,1824,False
1180700600_000009,"A letter to the Right Honourable William Pitt, Chancellor of the Exchequer, &c. &c. on the proposed abolition of the African slave trade. By the Rev. F. Randolph, M. A. Late Fellow of King's College, Cambridge; And Chaplain to his Royal Highness the Duke of York.",Francis Randolph,42,1788,1,1,"London : printed for T. Cadell, in the Strand, MDCCLXXXVIII. [1788].",London,57,male,1752,1831,False
0256800200_000033,"Considerations on the abolition of slavery and the slave trade, upon grounds of natural, religious, and political duty.",Thomas Burgess,53,1789,1,1,"Oxford : sold by D. Prince and J. Cooke; J. and J. Fletcher: and by Elmsly, White, Payne, Cadell, London, MDCCLXXXIX. [1789].",Oxford,171,male,1756,1837,False
1037400200_000001,"House of Commons! Extract of a letter, dated Thursday the 26th of April, 1792, from George Gordon, in Newgate, to Henry Addington, the Speaker of the House of Commons, on the subject under consideration.",Lord George Gordon,56,1792,1,1,"[London, 1792].",London,1,male,1751,1793,False
1250700700_000015,"A short address originally written to the people of Scotland, on the subject of the slave trade. With a summary view of the evidence delivered before a committee of the House of Commons, on the part of the petitioners, for its abolition.",Thomas Clarkson,37,1792,1,1,"Shrewsbury : printed by T. Wood; at the expence of the Society instituted for the abolition of the African slave trade, MDCCXCII. [1792].",Shrewsbury,44,male,1760,1846,False
1180700800_000012,"Letter to the treasurer of the Society instituted for the purpose of effecting the abolition of the slave trade. From The Rev. Robert Boucher Nickolls, ...","Nickolls, Robert Boucher",47,1788,1,1,"London : printed by James Phillips, 1788.",London,58,unknown,,,False
0464201000_000011,"Remarks on the slave trade, and the Slavery of the Negroes. In a series of letters.",Africanus,44,1788,1,1,"London : printed and sold by J. Phillips, George-Yard, Lombard-Street; and sold also by T. Payne and Sons, Meuse-Gate, Charing-Cross; and Chase and Co. Norwich, MDCCLXXXVIII. [1788].",London,89,unknown,,,False
0663100500_000016,New travels in the United States of America. Performed in 1788. By J.P. Brissot de Warville. Translated from the French.,Jacques Pierre Brissot,42,1792,1,1,"London : printed for J.S. Jordan, No. 166, Fleet-Street, MDCCXCII. [1792].",London,489,male,1754,1793,False
0684801700_000013,"Considerations on the present peace, As far as it is relative to the colonies, and the African trade.","Roberts, John, governor of Cape Coast Castle",46,1763,1,1,"London : printed for W. Bristow, at the West End of St. Paul's Church-Yard, MDCCLXIII. [1763].",London,79,unknown,,,False
0464201000_000026,"Remarks on the slave trade, and the Slavery of the Negroes. In a series of letters.",Africanus,53,1788,1,1,"London : printed and sold by J. Phillips, George-Yard, Lombard-Street; and sold also by T. Payne and Sons, Meuse-Gate, Charing-Cross; and Chase and Co. Norwich, MDCCLXXXVIII. [1788].",London,89,unknown,,,False
1614301600_000002,"Subtance of the speech of the the Right Honorable the Earl of Westmoreland, in the House of Lords, On the motion for the recommitment of the slave trade limitation bill, on the fifth day of July, 1799. (Published at the request of the West India merchants and planters.)",Great Britain. Parliament. House of Lords,52,1799,1,1,"London : Printed by C. Whittingham, Dean street, [Le]tter Lane; and sold by F. and C. Rivington, St. Paul's Church Yard, [1799].",London,32,unknown,,,False
1145900700_000011,A collection of papers relating to the trade to Africa.,,87,1712,1,1,"[London, 1712?].",London,54,unknown,,,False
1010400100_000113,"A new dictionary of trade and commerce, compiled from the information of the most eminent merchants, and from the works of the best writers on commercial subjects, in all languages. Containing, among other Things, I. An Account of all the natural Productions, which are conducive to Trade, throughout the World. II. The different Manufactures established in each particular Country. III. Explanations of all the Terms used in Commerce. IV. Explanations of the principal Terms of Geography, Astronomy, and Navigation, so far as they are connected with Trade. V. An exact Account of the Coins, Weights, and Measures in use throughout the World, reduced to the English Standard. VI. A Description of the Established Banks, Trading Companies, and Staple Commodities, of different Countries. Vii. The State of the British Trade, National Debt, Funds, Customs, Excise, and other Taxes. Viii. The Laws relative to Trade and Commerce. For the Use of the Merchants and Tradesmen of Great Britain, as well as of private Gentlemen. By Mr. Rolt, with the assistance of several eminent merchants. The second edition, with the addition of a new and accurate set of maps of the world, Europe, Asia, Africa, and North and South America, by Mr. Bowen.",Richard Rolt,58,1761,1,1,"London : printed for G. Keith, at the Bible and Crown, in Grace-Church-Street; S. Crowder, at the Looking-Glass, and H. Woodgate and S. Brooks, at the Golden Ball, in Pater-Noster-Row, MDCCLXI. [1761].",London,926,male,1724,1770,False
0736802100_000023,"A caveat to the treaters; or, the Modern Schemes of partition examin'd, With relation to the Safety of Europe in general, and of Great-Britain and Ireland in particular. Including an answer to several late Pamphlets on that Subject; with a more particular Account of the Conferences at Gertruydenberg than has yet been publish'd.",Francis Hare,46,1711,1,1,"London : printed for S. Popping at the Raven in Pater-Noster-Row, 1711.",London,93,male,1671,1740,False
1614301700_000006,"Substance of the speech of His Royal Highness the Duke of Clarence in the House of Lords, On the motion for the recommitment of the slave trade limitation bill, on the fifth day of July, 1799. Fourth edition, (Published at the request of the West India merchants and planters, and the mercantile interest of Liverpool.)",Great Britain. Parliament. House of Lords,35,1799,1,1,"London : Printed by C. Whitingham, Dean street, Fetter Lane; and sold by F. and C. Rivington, St. Paul's Church Yard, [1799].",London,72,unknown,,,False
1648300100_000125,"Book-keeping modernized: or, Merchant-accounts by double entry, according to the Italian form. Wherein the theory of the art is clearly explained, and reduced to practice, in copious sets of books, exhibiting all the varieties that usually occur in real business. To which is added, a large appendix. Containing, I. Descriptions and specimens of the subsidiary books used by merchants. II. Monies and exchanges, the nature of bills of exchange, promissory notes, and bills of parcels. III. Precedents of merchants writings, peculiar to England, Scotland, and common to both. IV. The commission, duty, and power of factors. V. A short history of the trading companies in Great Britain, with an account of her exports and imports. VI. The produce and commerce of the sugar colonies; with a specimen of the accounts kept by the factors or storekeepers; and an explication of wharf and plantation accounts. VII. The produce and commerce of the tobacco colonies; with a specimen of the accounts usually kept by the storekeepers. VIII. The method of keeping accounts proper for shop-keepers of retailers. IX. The method of keeping the accounts of a land-estate. X. A dictionary, explaining abstruse words and terms that occur in merchandise. By John Mair, A.M.","Mair, John",64,1800,1,1,"Edinburgh : Printed by Murray & Cochrane, Craig's Close, for Bell & Bradfute, and William Creech. Sold by Longman & Rees, G.G. & J. Robinson, T. Cadell & W. Davies, and J. Mawman, London, MDCCC. [1800].",Edinburgh,631,male,1702,1769,False
0646102000_000004,"Several arguments proving, that our trade to Africa, cannot be preserved and carried on effectually by any other method, than that of a considerable joint-stock, with exclusive privileges.",Charles Davenant,57,1709,1,1,"[London, s.n., 1709?].",London,4,male,1656,1714,False
1218700900_000004,"Slave trade. The negro and the free-born Briton compared; or, a vindication of the African slave trade. Proving that it is lawful and right, in a Religious, in a Political, and in a Commercial View. Interspersed with religious and critical digressions. Humbly addressed to the people of England, but more particularly to the legislature and to the Merchants, Planters, and others concerned in the West-India trade.",,43,1789,1,1,"London : printed for the author, and sold by J. Stockdale, Piccadilly; J. Strahan, in the Strand; M. Folingsby, No. 4, Fleet-Street; J. Johnson, St. Paul's Church-Yard; and W. Richardson, Royal Exchange, [1789?].",London,64,unknown,,,False
0155801700_000017,"An address to the inhabitants of the British settlements, on the slavery of the Negroes in America. To which is added, A vindication of the address, in answer to a pamphlet entitled, ""Slavery not forbidden in Scripture; or, A defence of the West India planters."" By a Pennsylvanian. [Fifteen lines of verse, signed Proteus].",Benjamin Rush,41,1773,1,1,"Philadelphia : Printed and sold by John Dunlap, M,DCC,LXXIII. [1773].",Philadelphia,85,male,1745,1813,False
0729800600_000005,"Observations on the treatment of the negroes, in the island of Jamaica, including some account of their temper and character, with remarks on the importation of slaves from the coast of Africa. In a letter to a physician in England, from Hector Mcneill.",Hector Macneill,39,1788,1,1,"London : printed for G. G. J. and J. Robinson, No. 25, Pater-Noster-Row, and J. Gore, Liverpool, [1788].",London,51,male,1746,1818,False
0630703000_000007,"The injustice and impolicy of the slave trade, and of the slavery of the Africans: illustrated in a sermon preached before the Connecticut Society for the Promotion of Freedom, and for the Relief of Persons Unlawfully Holden in Bondage, at their annual meeting in New-Haven, September 15, 1791. By Jonathan Edwards, D.D. Pastor of a church in New-Haven.","Connecticut Society for the Promotion of Freedom, and the Relief of Persons Unlawfully Holden in Bondage",45,1791,1,1,"[New Haven] : Printed by Thomas and Samuel Green, M,DCC,XCI. [1791].",New Haven,39,unknown,,,False
0551801700_000008,The case of the Royal African Company of England.,Royal African Company,57,1730,1,1,"London : printed by Sam. Aris, in Creed-Lane, M.DCC.XXX. [1730].",London,34,unknown,,,False
1097200402_000054,"History of Great Britain, from the death of Henry Viii. to the accession of James VI. of Scotland to the crown of England. Being a continuation of Dr. Henry's History of Great Britain, and written on the same plan. By James Pettit Andrews, F. S. A. ...",James Pettit Andrews,46,1796,2,2,"London : printed for T. Cadell jun. and W. Davies (successors to Mr. Cadell) in the Strand, 1796.",London,374,male,1737,1797,False
0041500900_000009,"A letter from a West-India merchant to a gentleman at Tunbridg, concerning that part of the French proposals, which relates to North-America, and particularly Newfoundland. With Some Thoughts on their Offers about our Trade to Spain and the West-Indies: And an abstract of the assiento.",West India merchant,37,1712,1,1,"London : [s.n.], Printed in the Year 1712.",London,35,unknown,,,False
0432500700_000639,"Report of the Lords of the Committee of Council appointed for the consideration of all matters relating to trade and foreign plantations; submitting to His Majesty's consideration the evidence and information they have collected in consequence of His Majesty's order in council dated the 11th of February 1788, concerning the present state of the trade to Africa, and particularly the trade in slaves; ...",Great Britain. Board of Trade,56,1789,1,1,"[London], 1789.",London,890,unknown,,,False
0018300600_000007,"Continuation of the Complete history of England. By T. Smollett, M.D. Volume the first.",Tobias Smollett,69,1771,1,1,"London : printed for R. Baldwin, at the Rose in Paternoster-Row, MDCCLXXI. [1771].",London,495,male,1721,1771,True
1211401600_000018,"Considerations on the present crisis of affairs, as it respects the West-India colonies, and the probable effects of the French decree for emancipating the Negroes, pointing out A Remedy for preventing the calamitous consequences in the British Islands.",,35,1795,1,1,"London : printed by T. Gillet, Bartholomew-Close, and sold by J. Johnson, St. Paul's Church-Yard, 1795.",London,79,unknown,,,False
1041400300_000079,"Book-Keeping methodiz'd: or, a methodical treatise of merchant-accompts, according to the Italian form. Wherein, The theory of the Art is fully Explained, and reduced to practice, by Variety of suitable Examples in all the Branches of Trade. To which is added, A Large Appendix, containing, I. Descriptions and Specimens of the Subsidiary Books used by Merchants. II. Monies and Exchanges, the Nature of Bills of Exchange, Promisory Notes, and Bills of Parcels. III. Precedents of Merchants Writings, peculiar to England, Scotland, and common to both. IV. The Commission, Duty, and Power of Factors. V. A short History of the Trading Companies in Great-Britain, with an Account of her Exports and Imports. VI. A Dictionary, explaining the abstruse Words and Terms that occur in Merchandize. By John Mair, A.M.","Mair, John",60,1741,1,1,"Edinburgh : printed for, and sold by W. Sands in the Parliament-Close; and by Mess. Midwinter, Innys, Rivington, Knapton, Longman, Manby, Hitch, Astley, Oswald, Hodges, and Davidson, at London, MDCCXLI. [1741].",Edinburgh,260,male,1702,1769,False
0041400700_000043,"The french constitution; with remarks on some of its principal articles; in which their importance in a political, moral and religious point of view, is illustrated; and the Necessity of A Reformation in Church and State in Great Britain, Enforced. By Benjamin Flower.",Benjamin Flower,40,1792,1,1,"London : printed for G. G. J. and J. Robinson, Pater-Noster-Row, MDCCXCII. [1792].",London,458,male,1755,1829,False
1476700144_000038,"The Parliamentary register; or, History of the proceedings and debates of the House of Commons; Containing an account of the most interesting speeches and motions; accurate copies of the most remarkable letters and papers; of the most material evidence, petitions, &c. laid before and offered to the House, during the first session of the fifteenth Parliament of Great Britain. Begun to be holden at Westminster on the 31st day of October 1780.",Great Britain. Parliament. House of Lords,48,1781,44,45,"London : Printed for J. Almon and J. Debrett, opposite Burlington-House, in Piccadilly, MDCCLXXXI. [1781].",London,849,unknown,,,False
1688300100_000135,"Elements of geography, and of natural and civil history. Containing, I. The order of the Spheres. II. The economy of the sublunary works of creation, inanimate and living. III. Picturesque and general sketches of the different parts of the Earth; and the varied appearances and manners of it's inhabitants. IV. The rise, revolution, and fall, of the principal empires of the world. V. Changes through different ages in the manners of mankind. VI. VII. VIII. IX. Description of the different quarters of the world: Europe, Asia, Africa, and America. Their divisions into countries, provinces, &c. Their climates, soils, animals, plants, minerals, mountains, rivers, lakes, canals, commerce, manufactures, curiosities, schools, learning, literati, religious professions, language, government, history, &c. By John Walker.","Walker, John",35,1795,1,1,"London : Printed and sold by Darton and Harvey, Gracechurch-Street; sold also by H.D. Symonds, Paternoster-Row; Vernor and Hood, Birchin-Lane; and C.D. Piguenit, Aldgate, 1795.",London,694,male,1759,1830,False
0139200900_000059,A treatise on the solar creation and universal deluge of the earth; by which is illustrated many of the most curious points in natural philosophy. By a native of Manchester.,"Lowe, John, Jun",54,1790,1,1,"London : printed for the author, [1790?].",London,378,unknown,,,False
0486700102_000548,"A new general collection of voyages and travels: consisting of the most esteemed relations, which have been hitherto published in any language: Comprehending every Thing remarkable in its Kind, in Europe, Asia, Africa, and America, With respect to the Several Empires, Kingdoms, and Provinces; their Situation, Extent, Bounds and Division, Climate, Soil and Produce; their Lakes, Rivers, Mountains, Cities, principal Towns, Harbours, Buildings, &c. and the gradual Alterations that from Time to Time have happened in each: also the Manners and Customs of the Several Inhabitants; their Religion and Government, Arts and Sciences, Trades and Manufactures: So as to form A Compleat system of Modern Geography and History, exhibiting the Present State of all Nations; Illustrated not only with charts of the several Divisions of the Ocean, and maps of each Country, entirely new Composed, as well as new Engraved, by the best Hands, from the latest Surveys, Discoveries, and Astronomical Observations: But likewise with Variety of Plans, and Prospects of Coasts, Harbours, and Cities; besides cuts representing Antiquities, Animals, Vegetables, the Persons and Habits of the People, and other Curiosities: Selected from the most Authentic Travellers, Foreign as well as English. Published by His Majesty's Authority. ...",,44,1745,2,4,"London : printed for Thomas Astley, M.DCC.XLV. [1745]-47 [1743-47].",London,832,unknown,,,False
1433800100_000003,"An appeal to the candour and justice of the people of England, in behalf of the West India merchants and planters, founded on plain facts and incontrovertible arguments.","Macarty, Captain",34,1792,1,1,"London : Printed for and published by J. Debrett, Piccadilly, and may be had of all the booksellers, 1792.",London,134,unknown,,,False
0026104900_000004,"Papers laid before the Honourable House of Commons by the Commissioners for Trade and Plantations, Pursuant to An Address of the House of Lords to His Majesty, the 8th of June 1749. For the better Securing, Improving, and Extending, the trade to Africa.",Great Britain. Board of Trade,57,1750,1,1,"London : [s.n.], Printed in the Year M.DCC.L. [1750].",London,53,unknown,,,False
1233500800_000001,Considerations on the slave trade; and the consumption of West India produce.,"Cooper, Thomas",46,1791,1,1,"London, Printed and sold by Darton and Harvey, Gracechurch-Street; J. Carter, back of the Royal Exchange, and J. Parsons, Paternoster Row, MDCCXCI. [1791].",London,16,male,1759,1839,False
0233701000_000002,"Abstract of the evidence, contained in the report of the Lords of the Committee of Council, relative to the slave-trade, and the treatment of the slaves in the Sugar Islands: also an abridgement of such of the colonial laws, as relate to the treatment of the slaves.",Great Britain. Board of trade,60,1790,1,1,"[London], [s.n.], M.DCC.XC. [1790].",London,91,unknown,,,False
0026101900_000002,"The falsities of private traders to Africa discover'd, and the Mischiefs they Occasion demonstrated: And an Account of the Settlements on that Coast purchased, built, and now possest, by the Company.",Royal African Company,70,1708,1,1,"[London : s.n., 1708].",London,5,unknown,,,False
0474700105_000228,"The Parliamentary register; or, history of the proceedings and debates of the House of Commons; ...",Great Britain. Parliament. House of Lords,54,1797,5,12,"London : printed for J. Debrett, 1797-1802.",London,645,unknown,,,False
1478900602_000027,"The history of America: containing the geographical, political, and commercial state of that continent; in which is given a succinct account of the trade, customs and policy of the French nation, and the foundation they have laid for obtaining the sole dominion in those colonies. Translated from the French of Mons. Du Bosque, late historographer to the French King. In two volumes.",Malachy Postlethwayt,46,1770,2,2,"London : printed by George Cave and William Jordon, in St. Paul's Church Yard, MDCCLXX. [1770]",London,386,male,1707,1767,False
0348100100_000572,"Lex mercatoria rediviva: or, a complete code of commercial law. Being a general guide to all men in business, whether as Traders, Remitters, Owners, Freighters, Captains, Insurers, Brokers, Factors, Supercargoes, or Agents. With an account of our mercantile companies; of our colonies and factories abroad; of our Commercial Treaties with Foreign Powers; of the duty of consuls, and of the Laws concerning Aliens, Naturalization, and Denization. To which is added, a sketch of the present state of the commerce o f the whole world; describing the Manufacturers and Products of each particular Nation; with Tables of the Correspondence and Agreement of their respective Coins, Weights, and Measures. Compiled from the works of the most celebrated British and Foreign Commercial writers. The whole equally calculated for the Information and Service of the Merchant, Lawyer, Member of Parliament, and private Gentleman. By the late Wyndham Beawes, Esq; His Britannick Majesty's Consul at Seville and St. Lucar. The fifth edition, considerably enlarged, and improved, by Thomas Mortimer, Esq; Formerly his Majesty's Vice Consul at Ostend.",Wyndham Beawes,45,1792,1,1,"London : printed for R. Baldwin; T. Longman; B. Law; S. Crowder; T. Cadell; G. Robinson, and Co. F. and C. Rivington; J. Sewel; D. Steel; T. and J. Brooke; W. Otridge; Whieldon and Butterworth; W. Lowndes; and W. Evans, MDCCXCII. [1792].",London,1039,male,,,False
0922801800_000003,Paper respecting the slave-trade.,,35,1788,1,1,"[London : s.n., 1788].",London,58,unknown,,,False
0151104000_000001,Considerations on the emancipation of negroes and on the abolition of the slave-trade. By a West-India planter.,West-India planter,47,1788,1,1,"London : printed for J. Johnson, St. Paul's Church-Yard; and J. Debrett, Piccadilly, M.DCC.LXXXVIII. [1788].",London,42,unknown,,,False
0004900300_000052,"The history civil and commercial, of the British colonies in the West Indies. To which is added, an historical survey of the French colony in the island of St. Domingo. Abridged from The history written by Bryan Edwards Esq. Illustrated With A Map.",Bryan Edwards,32,1798,1,1,"London : printed for B. Crosby, Stationer's Court; for Mundell & Son, Edinburgh; and J. Mundell, College, Glasgow, 1798.",London,442,male,1743,1800,False
0028201500_000004,"A plain man's thoughts on the present price of sugar, &c.",,38,1792,1,1,"London : printed for J. Debrett, Opposite Burlington House, Piccadilly, M,DCC,XCII. [1792].",London,25,unknown,,,False
0185601200_000028,"A voyage to the river Sierra-Leone, on the coast of Africa; containing an account of the trade and productions of the country, and of the civil and religious customs and manners of the people; in a series of letters to a friend in England. By John Matthews, Lieutenant in the Royal Navy; during his residence in that country in the years 1785, 1786, and 1787. With an additional letter on the subject of the African slave trade. Also, a chart of part of the coast of Africa, from Cape St. Ann, to the River Rionoonas; with a view of the Island Bananas.","Matthews, John, lieutenant in the Royal Navy",58,1788,1,1,"London : printed for B. White and Son, at Horace's Head Fleet-Street; and J. Sewell, Cornhill, 1788.",London,190,unknown,,,False
0168300200_000033,"Observations on the commerce of the American States. By John Lord Sheffield. With an appendix, Containing Tables of the Imports and Exports of Great Britain to and from all Parts. Also, the Exports of America, &c. With Remarks on those Tables, and on the late Proclamations, &c.","John Baker Holroyd, 1st Earl of Sheffield",49,1784,1,1,"London : printed for J. Debrett, opposite Burlington House, Piccadilly, MDCCLXXXIV. [1784].",London,345,male,1735,1821,False
0551801400_000001,"Some considerations on the late Act of Parliament, for setling the trade to Africa.",,77,1709,1,1,"[London? : s.n., 1709?].",London,1,unknown,,,False
1010400100_000577,"A new dictionary of trade and commerce, compiled from the information of the most eminent merchants, and from the works of the best writers on commercial subjects, in all languages. Containing, among other Things, I. An Account of all the natural Productions, which are conducive to Trade, throughout the World. II. The different Manufactures established in each particular Country. III. Explanations of all the Terms used in Commerce. IV. Explanations of the principal Terms of Geography, Astronomy, and Navigation, so far as they are connected with Trade. V. An exact Account of the Coins, Weights, and Measures in use throughout the World, reduced to the English Standard. VI. A Description of the Established Banks, Trading Companies, and Staple Commodities, of different Countries. Vii. The State of the British Trade, National Debt, Funds, Customs, Excise, and other Taxes. Viii. The Laws relative to Trade and Commerce. For the Use of the Merchants and Tradesmen of Great Britain, as well as of private Gentlemen. By Mr. Rolt, with the assistance of several eminent merchants. The second edition, with the addition of a new and accurate set of maps of the world, Europe, Asia, Africa, and North and South America, by Mr. Bowen.",Richard Rolt,49,1761,1,1,"London : printed for G. Keith, at the Bible and Crown, in Grace-Church-Street; S. Crowder, at the Looking-Glass, and H. Woodgate and S. Brooks, at the Golden Ball, in Pater-Noster-Row, MDCCLXI. [1761].",London,926,male,1724,1770,False
0151300800_000001,"Memorials presented to the Congress of the United States of America, by the different societies instituted for promoting the abolition of slavery, &c. &c. in the states of Rhode-Island, Connecticut, New-York, Pennsylvania, Mary-land, and Virginia. Published by order of ""Th Pennsylvania Society for Promoting the Abolition of Slavery, and the Relief of Free Negroes Unlawfully Held in Bondage, and for Improving the Condition of the African Race.""",Pennsylvania Society for Promoting the Abolition of Slavery,53,1792,1,1,"Philadelphia : Printed by Francis Bailey, no. 116, High-Street, MDCCXCII. [1792].",Philadelphia|Philadelphia.,29,unknown,,,False
0691600400_000065,"The debate on a motion for the abolition of the slave-trade, in the House of Commons, on Monday the second of April, 1792, reported in detail.",Great Britain. Parliament. House of Commons,50,1792,1,1,"[London : s.n., 1792].",London,176,unknown,,,False
1017600103_000046,"An impartial report of the debates that occur in the two Houses of Parliament, in the course of the first of the eighteenth Parliament of Great Britain, called to meet at Westminster, on Tuesday the 27th of September, 1796. ... Including copies of all state papers, treaties, conventions, &c. By William Woodfall, and assistants. ...",William Woodfall,40,1796,3,4,"London : published by T. Chapman, 1796.",London,639,male,1746,1803,False
0113305600_000018,"Speeches in Parliament, respecting the abolition of the African slave trade.",,65,1789,1,1,"Edinburgh : printed by D. Willison, for the Society instituted at Edinburgh, for the purpose for effecting the abolition of the slave trade, M,DCC,LXXXIX. [1789].",Edinburgh,116,unknown,,,False
1193300303_000059,"Spectacle de la nature: or, nature display'd. Being discourses on such particulars of natural history as were thought most proper to excite the curiosity and form the minds of youth. Illustrated with copper plates. Vol. III. Translated from the original French.",Noël-Antoine Pluche,37,1739,3,3,"London : printed for J. and J. Pemberton, in Fleet-Street; R. Francklin, in Covent-Garden; and C. Davis, in Pater-Noster-Row, MDCCXXXIX. [1739].",London,421,male,1688,1761,False
0960700800_000003,"Letter to the treasurer of the Society instituted for the purpose of effecting the abolition of the slave trade. From the Rev. Robert Boucher Nickolls, Dean of Middleham. The Fourth Edition with Considerable Additions.","Nickolls, Robert Boucher",39,1788,1,1,"London : printed and sold by James Phillips, George-Yard, Lombard-Street, 1788.",London,62,unknown,,,False
1476100124_000053,"The Parliamentary register; or, History of the proceedings and debates of the House of Commons; Containing an account of the most interesting speeches and motions; accurate copies of the most remarkable letters and papers; of the most material evidence, petitions, &c. laid before and offered to the House, during the first session of the fifteenth Parliament of Great Britain. Begun to be holden at Westminster on the 31st day of October 1780.",Great Britain. Parliament. House of Lords,41,1781,24,45,"London : Printed for J. Almon and J. Debrett, opposite Burlington-House, in Piccadilly, MDCCLXXXI. [1781].",London,400,unknown,,,False
0151300800_000004,"Memorials presented to the Congress of the United States of America, by the different societies instituted for promoting the abolition of slavery, &c. &c. in the states of Rhode-Island, Connecticut, New-York, Pennsylvania, Mary-land, and Virginia. Published by order of ""Th Pennsylvania Society for Promoting the Abolition of Slavery, and the Relief of Free Negroes Unlawfully Held in Bondage, and for Improving the Condition of the African Race.""",Pennsylvania Society for Promoting the Abolition of Slavery,39,1792,1,1,"Philadelphia : Printed by Francis Bailey, no. 116, High-Street, MDCCXCII. [1792].",Philadelphia|Philadelphia.,29,unknown,,,False
0091200401_000053,"New travels in the United States of America, performed in M.DCC.LXXXVIII. Containing the latest and most accurate observations ... By J. P. Brissot de Warville.",Jacques Pierre Brissot,53,1794,1,2,"London : printed for J. S. Jordan, 1794.",London,433,male,1754,1793,False
1476700144_000036,"The Parliamentary register; or, History of the proceedings and debates of the House of Commons; Containing an account of the most interesting speeches and motions; accurate copies of the most remarkable letters and papers; of the most material evidence, petitions, &c. laid before and offered to the House, during the first session of the fifteenth Parliament of Great Britain. Begun to be holden at Westminster on the 31st day of October 1780.",Great Britain. Parliament. House of Lords,35,1781,44,45,"London : Printed for J. Almon and J. Debrett, opposite Burlington-House, in Piccadilly, MDCCLXXXI. [1781].",London,849,unknown,,,False
1475101400_000009,"The injustice and impolicy of the slave-trade, and of the slavery of the Africans: illustrated in a sermon preached before the Connecticut Society for the Promotion of Freedom, and for the Relief of Persons Unlawfully Holden in Bondage, at their annual meeting in New-Haven, September 15, 1791. By Jonathan Edwards, D.D. Pastor of a church in New-Haven. To which is added, A short sketch of the evidence for the abolition of the slave-trade, delivered before a committee of the British House of Commons.","Connecticut Society for the Promotion of Freedom, and the Relief of Persons Unlawfully Holden in Bondage",44,1792,1,1,"Providence : Printed by John Carter, M,DCC,XCII. [1792].",Providence,60,unknown,,,False
0151103600_000016,"Substance of a speech intended to have been made on Mr. Wilberforce's motion for the abolition of the slave trade, on Tuesday, April 3, 1792: But the Unwillingness of the Committee to hear any thing farther on the Subject, after Mr. Pitt had spoken, prevented the Member from being heard.",,50,1792,1,1,"London : printed for J. Owen, No. 168, Piccadilly, 1792.",London,82,unknown,,,False
0175700102_000012,"The history of America, from its discovery by Columbus to the conclusion of the late war. With an appendix, containing an account of the rise and progress of the present unhappy contest between Great Britain and her colonies. By William Russell, Esq. of Gray's-Inn. ...",William Russell,44,1778,2,2,"London : printed for Fielding and Walker, No. 20, Pater-Noster-Row, MDCCLXXVIII. [1778].",London,627,male,1741,1793,False
0486700102_000488,"A new general collection of voyages and travels: consisting of the most esteemed relations, which have been hitherto published in any language: Comprehending every Thing remarkable in its Kind, in Europe, Asia, Africa, and America, With respect to the Several Empires, Kingdoms, and Provinces; their Situation, Extent, Bounds and Division, Climate, Soil and Produce; their Lakes, Rivers, Mountains, Cities, principal Towns, Harbours, Buildings, &c. and the gradual Alterations that from Time to Time have happened in each: also the Manners and Customs of the Several Inhabitants; their Religion and Government, Arts and Sciences, Trades and Manufactures: So as to form A Compleat system of Modern Geography and History, exhibiting the Present State of all Nations; Illustrated not only with charts of the several Divisions of the Ocean, and maps of each Country, entirely new Composed, as well as new Engraved, by the best Hands, from the latest Surveys, Discoveries, and Astronomical Observations: But likewise with Variety of Plans, and Prospects of Coasts, Harbours, and Cities; besides cuts representing Antiquities, Animals, Vegetables, the Persons and Habits of the People, and other Curiosities: Selected from the most Authentic Travellers, Foreign as well as English. Published by His Majesty's Authority. ...",,59,1745,2,4,"London : printed for Thomas Astley, M.DCC.XLV. [1745]-47 [1743-47].",London,832,unknown,,,False
0026101200_000001,"The state of the trade to Africa, between 1680 and 1707, as well under the management of an exclusive company, as under that of separate traders, impartially considered, with regard to matter of fact and demonstration; ...",,94,1708,1,1,"[London : s.n., 1708?].",London,5,unknown,,,False
0646101900_000002,"Reflections upon the constitution and management of the trade to Africa, ... Wherein the nature and uncommon circumstances of that trade are particularly consider'd; ... Part II.",Charles Davenant,77,1709,1,1,"London : printed, and sold by John Morphew, 1709.",London,47,male,1656,1714,False
1145900700_000010,A collection of papers relating to the trade to Africa.,,67,1712,1,1,"[London, 1712?].",London,54,unknown,,,False
0505600103_000054,"A philosophical and political history of the settlements and trade of the Europeans in the East and West Indies. Translated from the French of the Abbé Raynal, by J. Justamond, M.A. ...",Guillaume Thomas François Raynal,29,1779,3,4,"Dublin : printed for John Exshaw, No. 86, and William Halhead, No. 63, Dame-Street, M,DCC,LXXIX. [1779].",Dublin,577,male,1713,1796,True
0432500700_000099,"Report of the Lords of the Committee of Council appointed for the consideration of all matters relating to trade and foreign plantations; submitting to His Majesty's consideration the evidence and information they have collected in consequence of His Majesty's order in council dated the 11th of February 1788, concerning the present state of the trade to Africa, and particularly the trade in slaves; ...",Great Britain. Board of Trade,52,1789,1,1,"[London], 1789.",London,890,unknown,,,False
0432500700_000071,"Report of the Lords of the Committee of Council appointed for the consideration of all matters relating to trade and foreign plantations; submitting to His Majesty's consideration the evidence and information they have collected in consequence of His Majesty's order in council dated the 11th of February 1788, concerning the present state of the trade to Africa, and particularly the trade in slaves; ...",Great Britain. Board of Trade,47,1789,1,1,"[London], 1789.",London,890,unknown,,,False
0793200100_000538,"Lex mercatoria rediviva: or, the merchant's directory. Being a complete guide to all men in business, Whether AS Traders, Remitters, Owners, Freighters, Captains, Insurers, Brokers, Factors, Supercargoes, Agents. Containing an account of our trading companies and colonies, with their Establishments, and an Abstract of their Charters; the duty of consuls, and the Laws subsisting about Aliens, Naturalization and Denization. To Which IS Added a state of the present general traffick of the whole world; describing the Manufactures and Products of each particular Nation: And Tables of the Correspondence and Agreement of the European Coins, Weights, and Measures, with the Addition of all others that are known. Extracted fro the works of the best writers both at Home and Abroad; more especially from those justly celebrated ones of Messieurs Savary; improved and corrected by the author's own observations, during his long Continuance in Trade. The whole calculated for the Use and Service of the Merchant, Lawyer, Senator, and Gentleman. The second edition, with large additions. By Wyndham Beawes, Esq; His Britannick Majesty's Consul at Seville and St. Lucar.",Wyndham Beawes,46,1761,1,1,"London : printed for R. Baldwin at the Rose, and S. Crowder and Co. at the Looking-Glass, in Pater-Noster-Row, M.DCC.LXI. [1761].",London,943,male,,,False
1613201300_000013,"A scriptural refutation of a pamphlet, lately published by the Rev. Raymund Harris, intitled, ""Scriptural researches on the licitness of the slave trade."" In four letters from the author to a friend.",William Roscoe,36,1788,1,1,"London : Printed and sold by J. Phillips, George-Yard, Lombard-Street, MDCCLXXXVIII. [1788].",London,49,male,1753,1831,False
0175600301_000319,"The history of America, from its discovery by Columbus to the conclusion of the late war. With an appendix, containing an account of the rise and progress of the present unhappy contest between Great Britain and her colonies. By William Russell, Esq. of Gray's-Inn. ...",William Russell,42,1778,1,2,"London : printed for Fielding and Walker, No. 20, Pater-Noster-Row, MDCCLXXVIII. [1778].",London,598,male,1741,1793,False
0606000402_000043,"The history, civil and commercial, of the British colonies in the West Indies. In two volumes. By Bryan Edwards, ...",Bryan Edwards,39,1793,2,2,"Dublin : Luke White, 1793.",Dublin,493,male,1743,1800,False
0151104000_000006,Considerations on the emancipation of negroes and on the abolition of the slave-trade. By a West-India planter.,West-India planter,46,1788,1,1,"London : printed for J. Johnson, St. Paul's Church-Yard; and J. Debrett, Piccadilly, M.DCC.LXXXVIII. [1788].",London,42,unknown,,,False
0163000201_000007,"Continuation of the Complete history of England. By T. Smollett, M.D. ...",Tobias Smollett,66,1762,1,5,"London : printed for Richard Baldwin, at the Rose in Paternoster-Row, MDCCLXIII. [1763] 1762-65.",London,496,male,1721,1771,True
1508700600_000004,"A proposal, for the consideration of those, who interest themselves in the abolition or preservation of the slave-trade. With some observations addressed to the members of the Society for the Propagation of the Gospel. By a Clergyman.",Clergyman,43,1788,1,1,"Wolverhampton : Printed for the author, and sold by J. Smart, sold also by Mr. Lowndes, Fleet Street, London; Messrs Pearson and Rollason, and Mr. Swinney, Birmingham; Messrs Eddowes and Son, Shrewsbury; and Mr. Harrop, Manchester, MDCCLXXXVIII. [1788].",Wolverhampton,28,male,,,False
1285800404_000111,"An impartial report of the debates that occur in the two houses of Parliament, In the Course of the Sixth Session of the Seventeenth Parliament of Great Britain, called to meet at Westminster, on Thursday the 29th of October, 1795. With some account of the respective speakers, and Notes and Illustrations. including copies of all state papers, treaties, conventions, &c. By William Woodfall, and assistants. Vol. IV. Being the third session of debates written and published by the reporter.",William Woodfall,52,1796,4,4,"London : published by T. Chapman, No. 151, Fleet-Street, 1796.",London,657,male,1746,1803,False
0606000402_000018,"The history, civil and commercial, of the British colonies in the West Indies. In two volumes. By Bryan Edwards, ...",Bryan Edwards,36,1793,2,2,"Dublin : Luke White, 1793.",Dublin,493,male,1743,1800,False
0746800300_000015,"A short history of the British empire, from May 1792 to the close of the year 1793. By Francis Plowden, LL.D. author of The native rights of British subjects, Jura Anglorum, etc. [One line in Latin from Cicero].",Francis Plowden,48,1794,1,1,"Philadelphia : Printed for Mathew Carey, no. 118, Market-Street, August 4, 1794.",Philadelphia,257,male,1749,1829,False
0401300700_000015,"A brief account of the island of Antigua, together with the customs and manners of its inhabitants, as well white as black: Also, AN Accurate Statement Of The Food, Cloathing, Labor, And Punishment, Of Slaves. In letters to a friend. Written in the years 1786, 1787, 1788. By John Luffman.","Luffman, J. (John)",30,1789,1,1,"London : printed for and sold by J. Luffman, Alfred's Buildings, Windmill-Street, Finsbury-Square; and sold also by James Ridgeway, York Street, St. James's, [1789?].",London,182,male,1756,1846,False
1476400132_000076,"The Parliamentary register; or, History of the proceedings and debates of the House of Commons; Containing an account of the most interesting speeches and motions; accurate copies of the most remarkable letters and papers; of the most material evidence, petitions, &c. laid before and offered to the House, during the first session of the fifteenth Parliament of Great Britain. Begun to be holden at Westminster on the 31st day of October 1780.",Great Britain. Parliament. House of Lords,45,1781,32,45,"London : Printed for J. Almon and J. Debrett, opposite Burlington-House, in Piccadilly, MDCCLXXXI. [1781].",London,512,unknown,,,False
1612102300_000001,"A Short view of the dispute between the merchants of London, Bristol, and Leverpool, and the advocates of a new joint-stock company, concerning the regulation of the African trade.",,68,1750,1,1,"London : [s.n.], Printed in the year MDCCL. [1750].",London,21,unknown,,,False
0652501200_000001,"A short and true account of the importance and necessity, of settling the African trade this present session of Parliament; together with a comparative view of the two schemes, Proposed to the Honourable House of Commons, viz. That for a general joynt-stock; and that for an open trade.",,68,1711,1,1,"[London : s.n., 1711?].",London,4,unknown,,,False
1009400102_000137,"An impartial report of the debates that occur in the two Houses of Parliament. With some account of the respective speakers, and notes and illustrations. Including copies of all State Papers, Treaties, Conventions, &c. By William Woodfall, And Assistants. ...",William Woodfall,40,1794,2,4,"London : published by T. Chapman, No. 151, Fleet-Street, 1794.",London,592,male,1746,1803,False
0272000115_000113,"Modern history: or, the present state of all nations. Describing their respective situations, persons, habits, Buildings, Manners, Laws and Customs, Religion and Policy, Arts and Sciences, Trades, Manufactures and Husbandry, Plants, animals and minerals. By Mr. Salmon. Vol.XV. Contains, I. An Account of the Government, Magistracy, and Courts of Judicature in the City of London; Of the several Inns of Court and Chancery, and of the Hospitals and other Charitable Foundations there. II. A Description of the City of Westminster, the Antiquities of the Abby, the Royal Palaces, and other magnificent Buildings in that City; with an Account of the Government and Magistracy thereof. III. Shews how plentifully the Town is supply'd with Water, and all manner of Provisions: Treats of the several Classes, or Degrees of People in it; their Numbers, Way of Life, and Diversions, particularly of the Entertainments of the Stage, and the Arguments for and against them: And contains, IV. Remarks on the several Great Trading Companies in London, particularly that of the South-Sea; and on the Foreign Trade of this City to all Parts of the World. Illustrated with cuts.",Thomas Salmon,65,1732,15,26,"London : printed for Tho. Wotton, at the Three Daggers and Queen's Head against St. Dunstan's Church; J. Shuckburgh, near the Inner-Temple-Gate; both in Fleet-Street: and T. Osborne, in Grays-Inn, MDCCXXXII. [1732].",London,487,male,1679,1767,False
1398700103_000150,"Miscellaneous correspondence, containing ... By Benjamin Martin.","Owen, W. (William)",60,1756,3,4,"London [England] : printed and sold by W.Owen, Temple-Bar, and by the author, at his house in Fleet-Street, MDCCLVI-MDCCLXIV [1756-1764].",London,603,unknown,,,False
0132100500_000005,"Books sold by James Phillips, bookseller, stationer, and printer, in George-Yard, Lombard-Street. of Whom May Also He had Bibles, Testaments, Dictionaries, School Books, Books in Various Languages, Account Books, and Stationary in General. Printing Neatly and Expeditiously Executed.","Phillips, James, Bookseller",34,1791,1,1,"London : [s.n.], M.DCC.XCI. [1791].",London,23,unknown,,,False
1285800303_000046,"An impartial report of the debates that occur in the two houses of Parliament, In the Course of the Sixth Session of the Seventeenth Parliament of Great Britain, called to meet at Westminster, on Thursday the 29th of October, 1795. With some account of the respective speakers, and Notes and Illustrations. including copies of all state papers, treaties, conventions, &c. By William Woodfall, and assistants. Vol. III.",William Woodfall,33,1796,3,3,"London : published by T. Chapman, No. 151, Fleet-Street, 1796.",London,667,male,1746,1803,False
1562800101_001487,"The universal dictionary of trade and commerce, translated from the French of the celebrated Mosieur Savary, Inspector-General of the manufactures for the King, at the Custom-House of Paris: with large additions and improvements, incorporated throughout the whole work; which more particularly accomodate the same to the trade and navigation of these kingdoms, and the laws, customs, and usages, to which all traders are subject. By Malachy Postlethwayt, Esq;",Malachy Postlethwayt,44,1757,1,2,"London : printed for John Knapton, in Ludgate-Street, M DCC LVII. [1757].",London,1069,male,1707,1767,False
0474700108_000067,"The Parliamentary register; or, history of the proceedings and debates of the House of Commons; ...",Great Britain. Parliament. House of Lords,45,1797,8,12,"London : printed for J. Debrett, 1797-1802.",London,707,unknown,,,False
0684800600_000069,"An essay on the slavery and commerce of the human species, particulary the African; translated from a Latin dissertation, which was honoured with the first prize in the University of Cambridge, for the year 1785.",Thomas Clarkson,40,1788,1,1,"London : printed and sold by J. Phillips, George-Yard, Lombard-Street, MDCCLXXXVIII. [1788].",London,187,male,1760,1846,False
1149901000_000005,"A letter to the treasurer of the Society instituted for the purpose of effecting the abolition of the slave trade. From the Rev. Robert Boucher Nickolls, Dean of Middleham.","Nickolls, Robert Boucher",35,1788,1,1,"London : printed by James Phillips, George-Yard, Lombard-Street, MDCCLXXXVIII. [1788].",London,34,unknown,,,False
1688300100_000281,"Elements of geography, and of natural and civil history. Containing, I. The order of the Spheres. II. The economy of the sublunary works of creation, inanimate and living. III. Picturesque and general sketches of the different parts of the Earth; and the varied appearances and manners of it's inhabitants. IV. The rise, revolution, and fall, of the principal empires of the world. V. Changes through different ages in the manners of mankind. VI. VII. VIII. IX. Description of the different quarters of the world: Europe, Asia, Africa, and America. Their divisions into countries, provinces, &c. Their climates, soils, animals, plants, minerals, mountains, rivers, lakes, canals, commerce, manufactures, curiosities, schools, learning, literati, religious professions, language, government, history, &c. By John Walker.","Walker, John",47,1795,1,1,"London : Printed and sold by Darton and Harvey, Gracechurch-Street; sold also by H.D. Symonds, Paternoster-Row; Vernor and Hood, Birchin-Lane; and C.D. Piguenit, Aldgate, 1795.",London,694,male,1759,1830,False
0684801700_000010,"Considerations on the present peace, As far as it is relative to the colonies, and the African trade.","Roberts, John, governor of Cape Coast Castle",68,1763,1,1,"London : printed for W. Bristow, at the West End of St. Paul's Church-Yard, MDCCLXIII. [1763].",London,79,unknown,,,False
0401300700_000010,"A brief account of the island of Antigua, together with the customs and manners of its inhabitants, as well white as black: Also, AN Accurate Statement Of The Food, Cloathing, Labor, And Punishment, Of Slaves. In letters to a friend. Written in the years 1786, 1787, 1788. By John Luffman.","Luffman, J. (John)",29,1789,1,1,"London : printed for and sold by J. Luffman, Alfred's Buildings, Windmill-Street, Finsbury-Square; and sold also by James Ridgeway, York Street, St. James's, [1789?].",London,182,male,1756,1846,False
0007700103_000111,"A philosophical and political history of the settlements and trade of the Europeans in the East and West Indies. Translated from the French of the Abbé Raynal, by J. Justamond, M. A. In Five Volumes. ...",Guillaume Thomas François Raynal,47,1776,3,5,"London : printed for T. Cadell, in the Strand, M.DCC.LXXVI. [1776].",London,517,male,1713,1796,True
0004900300_000053,"The history civil and commercial, of the British colonies in the West Indies. To which is added, an historical survey of the French colony in the island of St. Domingo. Abridged from The history written by Bryan Edwards Esq. Illustrated With A Map.",Bryan Edwards,39,1798,1,1,"London : printed for B. Crosby, Stationer's Court; for Mundell & Son, Edinburgh; and J. Mundell, College, Glasgow, 1798.",London,442,male,1743,1800,False
1544300100_000158,"A new geographical, historical, and commercial grammer; and present state of the several kingdoms of the world. Containing I. The figures, motions, and distances of the planets, according to the Newtonian system, and the latest observations. II. A general view of the Earth, considered as a planet; with several useful geographical definitions and problems. III. The grand divisions of the globe into land and water, continents and islands. IV. The situation and extent of empires, kingdoms, states, provinces, and colonies. V. Their climate, air, soil, vegetable productions, metals, minerals, natural curiosities, seas, rivers, bays, capes, promontories, and lakes. VI. The birds and beasts peculiar to each country. VII. Observations on the changes that have been any where observed upon the face of nature, since the most early periods of history. VIII. The history and origin of nations: their forms of government, religion; laws, revenues, taxes, naval and military strength; orders of knighthood; &c. IX. The genius, manners, customs, and habits of the people. X. Their language, learning; arts, sciences, manufactures, and commerce. XI. The chief cities, structures, ruins, and artificial curiosities. XII. The longitude, latitude, bearings, and distances of principal places from London. To which are added, I. A geographical index, with the names of places alphabetically arranged. II. A table of the coins of all nations, and their value in English money. III. A chronological table of remarkable events from the creation to the present time. By William Guthrie, Esq. the astronomical part by James Ferguson, F.R.S. To which have been added; the late discoveries of Dr. Herschell, and other eminent astronomers. Illustrated with a correct set of maps, engraved from the most recent observations and draughts of geographical travellers.",William Guthrie,44,1796,1,1,"London : Printed for Charles Dilly, in the Poultry; and G.G. and J. Robinson, in Pater-Noster Row, M.DCC.XCVI. [1796].",London,1037,male,1708,1770,False
0144200100_000009,"The royal African: or, memoirs of the young prince of Annamaboe. Comprehending a distinct account of his country and family; his elder brother's voyage to France, and Reception there; the Manner in which himself was confided by his Father to the Captain who sold him; his Condition while a Slave in Barbadoes; the true Cause of his being redeemed; his Voyage from thence; and Reception here in England. Interspers'd throughout With several Historical Remarks on the Commerce of the European Nations, whose Subjects frequent the Coast of Guinea. To which is prefixed A Letter from the Author to a Person of Distinction, in Reference to some natural Curiosities in Africa; as well as explaining the Motives which induced him to compose these Memoirs.",,41,1749,1,1,"London : printed for W. Reeve, at Shakespear's Head, Fleetstreet; G. Woodfall, and J. Barnes, at Charing-Cross; and at the Court of Requests, [1749].",London,54,unknown,,,False
0700000300_000083,"Book-Keeping methodiz'd: or, a methodical treatise of merchant-accompts, according to the Italian form. Wherein, The theory of the Art is fully Explained, and reduced to practice, by Variety of suitable Examples in all the Branches of Trade. To which is added, A Large Appendix, containing, I. Descriptions and Specimens of the Subsidiary Books used by Merchants. II. Monies and Exchanges, the Nature of Bills of Exchange, Promissory Notes, and Bills of Parcels. III. Precedents of Merchants Writings, peculiar to England, Scotland, and common to both. IV. The Commission, Duty, and Power of Factors. V. A short History of the Trading Companies in Great Britain, with an Account of her Exports and Imports. VI. A Dictionary, explaining the abstruse Words and Terms that occur in Merchandize. By John Mair, A.M.","Mair, John",84,1741,1,1,"Edinburgh : printed by Sands, Brymer, Murray and Cochran. Sold by W. Sands in the Parliament-Close, and other booksellers in town and country, MDCCXLI. [1741].",Edinburgh,270,male,1702,1769,False
1009400101_000143,"An impartial report of the debates that occur in the two Houses of Parliament. With some account of the respective speakers, and notes and illustrations. Including copies of all State Papers, Treaties, Conventions, &c. By William Woodfall, And Assistants. ...",William Woodfall,39,1794,1,4,"London : published by T. Chapman, No. 151, Fleet-Street, 1794.",London,469,male,1746,1803,False
1683000900_000020,"Seasonable remarks on trade. With some reflections on the advantages that might accrue to Great Britain, by a proper regulation of the trade of Ireland. Wrote in London, but now first publish'd in Dublin, as a preface to other essays on the trade and manufactures of Ireland.",Arthur Dobbs,53,1729,1,1,"[Dublin : s.n.], Printed in the year, M,DCC,XXIX. [1729].",Dublin,140,male,1689,1765,False
1492401400_000011,"An address to the inhabitants of the British settlements in America, upon slave-keeping. To which are added, observations on a pamphlet, entitled, ""Slavery not forbidden by Scripture; or, A defence of the West-India planters."" By a Pennsylvanian. [Fifteen lines of verse, signed Proteus].",John Dunlap,41,1773,1,1,"Philadelphia : Printed and sold by John Dunlap, M,DCC,LXXIII. [1773].",Philadelphia,85,male,1747,1812,False
0505600103_000050,"A philosophical and political history of the settlements and trade of the Europeans in the East and West Indies. Translated from the French of the Abbé Raynal, by J. Justamond, M.A. ...",Guillaume Thomas François Raynal,38,1779,3,4,"Dublin : printed for John Exshaw, No. 86, and William Halhead, No. 63, Dame-Street, M,DCC,LXXIX. [1779].",Dublin,577,male,1713,1796,True
0151301500_000005,"A short account of the African slave trade, collected from local knowledge, from the evidence given at the bar of both Houses of Parliament, and, from tracts written upon that subject, by Robert Norris.","Norris, Robert           1791",40,1788,1,1,"Liverpool : printed at Ann Smith's navigation shop, Pool-Lane, M,DCC,LXXXVIII. [1788].",Liverpool,22,unknown,,,False
1321800101_001578,"The universal dictionary of trade and commerce: With large additions and imporvements adapting the same to the present state of British affairs in America, since the last Treaty of Peace made in the year 1763. With great variety of new remarks and illustrations incorporated throughout the whole: together with every thing essential that is contained in Savary's dictionary: also, all the materials laws of trade and navigation relating to these kingdoms, and the customs and usages to which all traders are subject. By Malachy Postlethwayt, Esq;.",Jacques Savary des Brûlons,52,1766,1,2,"London : printed for H. Woodfall, A. Millar, J. and R. Tonson, J. Rivington, J. Hinton, R. Baldwin, L. Hawes and W. Clarke and R. Collins, R. Horsfield, W. Johnston, T. Longman, J. Brotherton, J. Dodsley, T. Payne, J. Robson, T. Lowndes, W. Nicoll, and J. Knox, M DCC LXVI. [1766].",London,1115,male,1657,1716,False
0372900300_000017,Alfred's apology.,"Withers, Philip",45,1789,1,1,"London : entered at Stationers-Hall, and sold at No.9, Queen-Street, near Duke-Street, Grosvenor-Square, MDCCLXXXIX. [1789].",London,87,male,,,False
1133100200_000003,"Address to the inhabitants of Glasgow, Paisley, and the neighbourhood, concerning the African slave trade, by a society in Glasgow.",,32,1791,1,1,"Glasgow : printed by Alex. Adam, MDCCXCI. [1791].",Glasgow,15,unknown,,,False
0630703000_000009,"The injustice and impolicy of the slave trade, and of the slavery of the Africans: illustrated in a sermon preached before the Connecticut Society for the Promotion of Freedom, and for the Relief of Persons Unlawfully Holden in Bondage, at their annual meeting in New-Haven, September 15, 1791. By Jonathan Edwards, D.D. Pastor of a church in New-Haven.","Connecticut Society for the Promotion of Freedom, and the Relief of Persons Unlawfully Holden in Bondage",44,1791,1,1,"[New Haven] : Printed by Thomas and Samuel Green, M,DCC,XCI. [1791].",New Haven,39,unknown,,,False
0307600500_000094,"Practical observations on the operation and effects of certain medicines, in the prevention and cure of diseases to which Europeans are subject in hot climates, And in these Kingdoms; Particularly those of the Liver, Flux, and Yellow Fever: applicable also to the prevention and cure of the scurvy. Written in a familiar Style. Recommended to the Perusal of Every Person going to Sea, and Residing Abroad. To which are Added, Plain Directions for private Use in the Absence of a Physician; And Observations on the Diseases and Diet of Negroes. With a copious explanatory index. By R. Shannon, M.D.","Shannon, R., chemist",32,1794,1,1,"London : printed for the author; and sold by Vernor and Hood, Birchin Lane, Cornhill, 1794.",London,614,unknown,,,False
1273500300_000033,"Hints and observations on the improvement of agriculture. By James M'phail, Gardener To The Right Hon. Lord Hawkesbury.",James Macphail,54,1795,1,1,"London : printed for T. Cadell, Junior, and W. Davies, (successors to Mr. Cadell) In The Strand ; and Bell and Bradfute, at Edinburgh, 1795.",London,364,male,,1805,False
0940000300_000024,"Abridgment of the minutes of the evidence, taken before a committee of the whole House, to whom it was referred to consider of the slave-trade, 1789.",Great Britain. Parliament. House of Commons,63,1789,1,1,"[London, 1789].",London,83,unknown,,,False
1659100200_000006,"Commerce in the human species, and the enslaving of innocent persons, inimical to the laws of moses and the Gospel of Christ. A sermon, preached in Little Prescot Street, Goodman's Fields, January 29, 1792. By Abraham Booth.",Abraham Booth,36,1792,1,1,"London : Printed by L. Wayland; and sold by C. Dilly, Poultry; and T. Knott, Lombard-street, M,DCC,XCII. [1792].",London,24,male,1734,1806,False
0062200502_000102,"An inquiry into the nature and causes of the wealth of nations. By Adam Smith, LL. D. and F. R. S. of London and Edinburgh: One of the Commissioners of his Majesty's Customs in Scotland; and Formerly Professor of Moral Philosophy in the University of Glasgow. In three volumes. ...",Adam Smith,57,1799,2,3,"London : printed for A. Strahan; and T. Cadell jun. and W. Davies in the Strand, MDCCXCIX. [1799].",London,531,male,1723,1790,True
0505600103_000047,"A philosophical and political history of the settlements and trade of the Europeans in the East and West Indies. Translated from the French of the Abbé Raynal, by J. Justamond, M.A. ...",Guillaume Thomas François Raynal,43,1779,3,4,"Dublin : printed for John Exshaw, No. 86, and William Halhead, No. 63, Dame-Street, M,DCC,LXXIX. [1779].",Dublin,577,male,1713,1796,True
0302000200_000004,A short account of the African slave-trade. By Robert Norris.,"Norris, Robert           1791",51,1789,1,1,"London : printed for W. Lowndes, No. 77, Fleet-Street, M.DCC.LXXXIX. [1789].",London,44,unknown,,,False
0736901300_000001,"Two reports (one presented the 16th of October, the other on the 12th of November, 1788) from the committee of the Honourable House of Assembly of Jamaica, appointed to examine into, and report to the House, the Allegations and Charges contained in the several Petitions which have been presented to the British House of Commons, on the Subject of the slave-trade, and the Treatment of the Negroes, &c. &c. &c. Published, by order of the House of Assembly, by Stephen Fuller, Esq; agent for Jamaica.",Jamaica. Assembly. Committee on the subject of the Slave-trade,56,1789,1,1,"London : printed for B. White and Son, Fleet-Street; J. Sewell, Cornhill; R. Faulder, New Bond-Street; and J. Debrett, and J. Stockdale, Piccadilly, M.DCC.LXXXIX. [1789].",London,37,unknown,,,False
0802300402_000301,"The geographical magazine; or, a new, copious, compleat, and universal system of geography. ... By William Frederick Martyn, Esq. ...",William Fordyce Mavor,36,1782,2,2,"London : printed for Harrison and Co., 1782-83.",London,650,male,1758,1837,False
1665100108_000221,"Encyclopaedia Britannica; or, a dictionary of arts, sciences, and miscellaneous literature on a plan entirely new. ...",,45,1790,8,20,"Dublin : printed by James Moore, 1790-98.",Dublin,843,unknown,,,False
0026103800_000003,"A clear demonstration, from points of fact, that the recovery, preservation and improvement of Britain's share of the trade to Africa, is wholly owing to the industry, care and application of the Royal African Company.",Charles Davenant,53,1709,1,1,"[London, 1709?].",London,5,male,1656,1714,False
0776900500_000085,"Book-Keeping methodiz'd: or, a methodical treatise of merchant-accompts, according to the Italian form. Wherein the theory of the art is fully explained, and reduced to Practice, by variety of suitable Examples in all the branches of trade. To which is added, A Large Appendix, Containing I. Descriptions and specimens of the Subsidiary Books used by merchants. II. Monies and Exchanges, the nature of Bills of Exchange, Promissory Notes, and Bills of Parcels. III. Precedents of Merchants Writings, peculiar to England, Scotland, and common to both. IV. The Commission, Duty, and Power of Factors. V. A short History of the Trading Companies in Great Britain, with an account of her exports and imports. VI. The produce and commerce of the Sugar Colonies; with a specimen of the accompts kept by the factors of store-keepers; and an explication of wharf and plantation accompts. Vii. The produce and commerce of the Tobacco Colonies; with a specimen of the accompts usually kept by the store-keepers. Viii. The method of keeping accompts proper for Shopkeepers or Retailers. IX. A dictionary, explaining abstruse words and terms that occur in merchandise. By John Mair, A.M.","Mair, John",65,1763,1,1,"Edinburgh : printed by W. Sands, A. Murray, and J. Cochran, for W. Sands, A. Kincaid & J. Bell, and A. Donaldson, MDCCLXIII. [1763].",Edinburgh,436,male,1702,1769,False
0191002300_000024,"Heads of the speeches, delivered On the 18th and 19th April, 1791, in a committee of the House of Commons, on a motion made by Mr. Wilberforce, for the Abolition of the Slave-Trade, with Detector's letters, &c.",,52,1791,1,1,"Liverpool : printed in the year, MDCCXCI. [1791].",Liverpool,112,unknown,,,False
0505600103_000046,"A philosophical and political history of the settlements and trade of the Europeans in the East and West Indies. Translated from the French of the Abbé Raynal, by J. Justamond, M.A. ...",Guillaume Thomas François Raynal,45,1779,3,4,"Dublin : printed for John Exshaw, No. 86, and William Halhead, No. 63, Dame-Street, M,DCC,LXXIX. [1779].",Dublin,577,male,1713,1796,True
0680300102_000522,"The history and survey of the cities of London and Westminster, Borough of Southwark, and parts adjacent. Containing, I. The Original Foundation, and the Antient and Modern State thereof. II. An exact Description of all the Wards, Parishes, Parish-Churches, Palaces, Halls, Hospitals, Publick Offices, Edifices, and Monuments, of any Account, throughout the said Cities, Borough, &c. III. A particular Account of the Government of the said Cities, &c. Ecclesiastical, Civil and Military; of all the Charters, Liberties, Privileges, and Customs; and of all the Livery and other Companies, with their Coats of Arms. IV. Lists of all Offices and Officers of His Majesty's Revenues and Household, and those of the rest of the Royal Family; together with the Salaries thereunto belonging. V. The Antiquities of Westminster-Abbey, with a Description of the Monuments, Tombs, &c. VI. A View and Description of the Mansion-House, and Westminster-Bridge. In which is introduced Sir William Dugdale's History of St. Paul's Cathedral from its Foundation: Beautified with various Prospects of the Old Fabrick, which was destroyed by the Fire of London, 1666. As also the Figures of the Tombs and Monuments therein, as they stood in September, 1641, with their Epitaphs neatly imitated, which were defaced in the Grand Rebellion; with an Account of the Foundation and Structure of the New Church till finished. To which is prefixed the Effigies of Sir William Dugdale. The whole being an improvement of Mr. Stow's, and other historical writers and surveys. Dedicated to Sir Crisp Gascoyne, Knt. By a gentleman of the Inner-Temple.",John Stow,57,1753,2,2,"London : printed for M. Cooper, at the Globe in Pater-Noster-Row; W. Reeve, Fleet-Street; and C. Sympson, at the Bible in Chancery-Lane, MDCCLIII. [1753].",London,937,male,1525,1605,False
0191002300_000007,"Heads of the speeches, delivered On the 18th and 19th April, 1791, in a committee of the House of Commons, on a motion made by Mr. Wilberforce, for the Abolition of the Slave-Trade, with Detector's letters, &c.",,42,1791,1,1,"Liverpool : printed in the year, MDCCXCI. [1791].",Liverpool,112,unknown,,,False
1665600117_000609,"Encyclopaedia Britannica; or, a dictionary of arts, sciences, and miscellaneous literature on a plan entirely new. ...",,43,1790,17,20,"Dublin : printed by James Moore, 1790-98.",Dublin,868,unknown,,,False
0474700108_000075,"The Parliamentary register; or, history of the proceedings and debates of the House of Commons; ...",Great Britain. Parliament. House of Lords,35,1797,8,12,"London : printed for J. Debrett, 1797-1802.",London,707,unknown,,,False
0375001100_000070,"The principles of moral philosophy investigated, and applied to the constitution of civil society. By Thomas Gisborne, M.A. The fourth edition, corrected and enlarged: to which is added, a new edition, being the fifth, with an appendix, of Remarks on the late decision of the House of Commons respecting the abolition of the slave trade.",Thomas Gisborne,39,1798,1,1,"London : printed for T. Cadell jun. and W. Davies, Strand; and B. and J. White, Fleet-Street, 1798.",London,474,male,1758,1846,False
0446500200_000004,"An inquiry into the effects of putting a stop to the African slave trade, And of Granting Liberty to the Slaves in the British Sugar Colonies. By the Author of The Essay on the Treatment and Conversion of African Slaves in the British Sugar Colonies.",James Ramsay,54,1784,1,1,"London : printed and sold by James Phillips, in George-Yard, Lombard-Street, 1784.",London,43,male,1733,1789,False
0495200202_000053,"A descriptive account of the island of Jamaica: with remarks upon the cultivation of the sugar-cane, ... also observations and reflections upon what would probably be the consequences of an abolition of the slave-trade, and of the emancipation of the slaves. By William Beckford, Esq. ... In two volumes. ...","Beckford, William",36,1790,2,2,"London : printed for T. and J. Egerton, 1790.",London,413,unknown,,,False
1017600103_000043,"An impartial report of the debates that occur in the two Houses of Parliament, in the course of the first of the eighteenth Parliament of Great Britain, called to meet at Westminster, on Tuesday the 27th of September, 1796. ... Including copies of all state papers, treaties, conventions, &c. By William Woodfall, and assistants. ...",William Woodfall,37,1796,3,4,"London : published by T. Chapman, 1796.",London,639,male,1746,1803,False
0637000100_000120,"The new annual register, or general repository of history, politics, and literature, for the year 1791. To which is prefixed, a continuation of the history of knowledge, learning, and taste, in Great Britain, during the reign of Queen Elizabeth.",,45,1792,1,1,"London : printed for G. G. J. and J. Robinson, Pater-Noster-Row, MDCCXCII. [1792].",London,706,unknown,,,False
1592900100_000487,"Atlas maritimus & commercialis; or, A general view of the world, so far as relates to trade and navigation: Describing all the coasts, ports, harbours, and noted rivers, according to the latest discoveries and most exact observations. Together with a large account of the commerce carried on by sea between the several countries of the world, as likewise of all inland trade by means of navigable rivers; the rise, progress, and decay thereof, in its various branches; with methods for farther improvements. To which are added sailing directions for all the known coasts and islands on the globe; with a sett of sea-charts, some laid down after Mercator, but the greater part according to a new globular projection, adapted for measuring distances (as near as possible) by scale and compass, and authorized by letters patent under the great seal of Great-Britain. The use of the projection justified by Dr. Halley. To which are subjoin'd two large hemispheres on the plane of the equinoctial; containing all the stars in the Britannic catalogue: of great use to sailors for finding the latitude in the night.","Wilson, Henry",60,1728,1,1,"London : Printed for James and John Knapton, William and John Innys in St. Paul's Church-Yard; John Darby in Bartholomew-Close; Arthur Battesworth, John Osborn and Thomas Longman in Pater-noster-Row; John Senex in Fleet-Street; Edward Symon in Cornhil; Andrew Johnston in Peter's Court in St. Martin's Lane; and the executors of William Taylor deceas'd, M.DCC.XXVIII. [1728].",London,631,male,1673,1741,False
0301701000_000033,"The debate on a motion for the abolition of the slave-trade, in the House of Commons, on Monday and Tuesday, April 18 and 19, 1791, reported in detail.",Great Britain. Parliament. House of Commons,35,1791,1,1,"London : printed by and for W. Woodfall, and sold at the printing-office of The Diary, Salisbury-Square, Fleet-Street, MDCCXCI. [1791].",London,125,unknown,,,False
1321800101_001583,"The universal dictionary of trade and commerce: With large additions and imporvements adapting the same to the present state of British affairs in America, since the last Treaty of Peace made in the year 1763. With great variety of new remarks and illustrations incorporated throughout the whole: together with every thing essential that is contained in Savary's dictionary: also, all the materials laws of trade and navigation relating to these kingdoms, and the customs and usages to which all traders are subject. By Malachy Postlethwayt, Esq;.",Jacques Savary des Brûlons,60,1766,1,2,"London : printed for H. Woodfall, A. Millar, J. and R. Tonson, J. Rivington, J. Hinton, R. Baldwin, L. Hawes and W. Clarke and R. Collins, R. Horsfield, W. Johnston, T. Longman, J. Brotherton, J. Dodsley, T. Payne, J. Robson, T. Lowndes, W. Nicoll, and J. Knox, M DCC LXVI. [1766].",London,1115,male,1657,1716,False
0064800300_000004,"Considerations on the advantages of yielding up to Spain the un-expired term of the Assiento contract for an equivalent. Shewing That at all Times, the Execution of it had been injurious to the general Trade of England, but particularly to that with Spain and our Colonies; and more especially to the Stock-Proprietors of the South-Sea Company, that had fatally experienced the vesting their Directors with any Power over their Property. In a Letter to his Grace the Duke of Bedford, one of His Majesty's Principal Secretaries of State for the Southern Province. By a Proprietor of the Trading Stock.",Proprietor (of the trading stock),53,1748,1,1,"London : printed for M. Cooper, in Paternoster-Row; and G. Woodfall at Charing-Cross, [1748].",London,43,unknown,,,False
1390901400_000004,"Thoughts on civilization, and the gradual abolition of slavery in Africa and the West Indies.",Friend to Commerce and Humanity,50,1790,1,1,"[London] : Printed for J. Sewell, No. 32, Cornhill; and J. Johnson, St. Paul's Church-yard, [1790?].",London,12,unknown,,,False
0175600301_000322,"The history of America, from its discovery by Columbus to the conclusion of the late war. With an appendix, containing an account of the rise and progress of the present unhappy contest between Great Britain and her colonies. By William Russell, Esq. of Gray's-Inn. ...",William Russell,49,1778,1,2,"London : printed for Fielding and Walker, No. 20, Pater-Noster-Row, MDCCLXXVIII. [1778].",London,598,male,1741,1793,False
0432500700_000098,"Report of the Lords of the Committee of Council appointed for the consideration of all matters relating to trade and foreign plantations; submitting to His Majesty's consideration the evidence and information they have collected in consequence of His Majesty's order in council dated the 11th of February 1788, concerning the present state of the trade to Africa, and particularly the trade in slaves; ...",Great Britain. Board of Trade,47,1789,1,1,"[London], 1789.",London,890,unknown,,,False
0083301400_000004,"Observations on the present war, the projected invasion, and a decree of the national convention, for the emancipation of the slaves in the French Colonies.",John Hampson,43,1793,1,1,"Sunderland : printed for, and sold by R. Baldwin, Pater-Noster-Row, London, - J.Graham, Sunderland, - W. Charnley, Newcastle, - L. Pennington, Durham, - W. Kelly, Northshields - and R Christopher, Stockton, [1793].",Sunderland,61,male,1760,1817,False
1471300101_000200,"Continuation of the complete history of England. By T. Smollett, M.D.",Tobias Smollett,49,1766,1,2,"London : printed for Richard Baldwin, at the Rose in Pater-noster-Row, MDCCLXVI. [1766].",London,514,male,1721,1771,True
0026103200_000001,"A letter from a merchant in Bristol, touching the trade to Africa, as it relates to the out-ports of Great Britain.",Merchant in Bristol,71,1711,1,1,"[London : s.n., 1711].",London,3,unknown,,,False
1173401002_000025,"Caribbeana. Containing letters and dissertations, together with poetical essays, on various subjects and occasions; chiefly wrote by several hands in the West-Indies, And some of them to Gentlemen residing there. Now collected together in two volumes. Wherein are also comprised, divers Papers relating to Trade, Government, and Laws in general; but more especially, to those of the British Sugar-Colonies, and of Barbados in particular: As likewise the Characters of the most eminent Men that have died, of late Years, in that Island. To which are added in an appendix, Some Pieces never before Published. ...",,69,1741,2,2,"London : printed for T. Osborne, in Gray's-Inn; J. Clarke, at the Royal Exchange; S. Austin, in St. Paul's Church-Yard; G. Hawkins, at Temple-Bar; R. Dodsley, in Pall-Mall, and W. Lewis, in Covent-Garden, M.DCC.XLI. [1741].",London,386,unknown,,,False
0328002800_000060,"An answer to the Rev. Mr. Clarkson's essay on the slavery and commerce of the human species, particularly the African; in a series of letters, from a gentleman in Jamaica, to his friend in London: wherein many of the mistakes and misrepresentations of Mr. Clarkson are pointed out, Both With Regard To The Manner in which that Commerce is carried on in Africa, And The Treatment of the Slaves in the West Indies. Shewing, At The Same Time, The Antiquity, Universality, and Lawfulness of Slavery, as as ever having been one of the States and Conditions of Mankind. By G. Francklyn, Esq.","Francklyn, Gilbert",36,1789,1,1,"London : printed at the Logographic Press, and sold by J. Walter, No. 169, Opposite Bond Street, Piccadilly; C. Stalker, Stationer's Court, Ludgate Street; and W. Richardson, Under The Royal Exchange, M.DCC.LXXXIX. [1789].",London,274,unknown,,,False
0738900300_000012,"Objections to the abolition of the slave trade, with answers. To which are prefixed, strictures on a late publication, intituled, ""considerations on the emancipation of negroes, and the abolition of the slave trade, by a West India planter."" By the Rev James Ramsey, A.M.",James Ramsay,47,1788,1,1,"London : printed and sold by J. Phillips, George Yard, Lombard-Street, MDCCLXXXVIII. [1788].",London,83,male,1733,1789,False
0339700300_000116,"Book-Keeping modernised: or, merchant-accounts by double entry, according to the Italian form. Wherein The Theory of the Art is clearly explained, and reduced to Practice, in copious Sets of Books, exhibiting all the varieties that usually occur in Real Business. To which is added, a large appendix. Containing, I. Descriptions and specimens of the Subsidiary Books used by Merchants. II. Monies and Exchanges, the nature of Bills of Exchange, Promissory Notes, and Bills of Parcels. III. Precedents of Merchants Writings, peculiar to England, Scotland, and common to both. IV. The Commission, Duty, and Power of Factors. V. A short History of the Trading Companies in Great Britain, with an account of her exports and imports. VI. The produce and commerce of the Sugar Colonies; with a specimen of the accounts kept by the factors of storekeepers; and an explication o wharf and plantation accounts. Vii. The produce and commerce of the Tobacco Colonies; with a specimen of the accounts usually kept by the storekeepers. storekeepers. Viii. The method of keeping accounts proper for Shop-Keepers or Retailers. IX. The method of keeping the accounts of a Land-Estate. X. A Dictionary, explaining abstruse words and terms that occur in merchandise. By John Mair, A.M.","Mair, John",77,1786,1,1,"Edinburgh : printed for John Bell, and William Creech; and sold by T. Longman, G. G. J. & J. Robinson, T. Cadell, C. Dilly, and Richardson & Urquhart, London, MDCCLXXXVI. [1786].",Edinburgh,635,male,1702,1769,False
1213100200_000006,"Some observations on the assiento trade, as it has been exercised by the South-Sea Company; proving the damage, which will accrue thereby to the British commerce and plantations in America, and particularly to Jamaica. To which is annexed, A Sketch of the Advantages of that Island to Great Britain, by its annual Produce, and by its Situation for Trade or War. Addressed to His Grace the Duke of Newcastle, One of his Majesty's Principal Secretaries of State. By a person who resided several years at Jamaica.",Person who resided several years at Jamaica,61,1728,1,1,"London : printed for H. Whitridge, at the Corner of Castle-Alley in Cornhill, MDCCXXVIII. [1728].",London,43,unknown,,,False
0316501100_000090,"The african slave trade: or a short view of the evidence, relative to that subject, produced before the House of Commons, Interspersed with such Remarks as naturally flowed from it. All meant to evince the sound policy and moral obligation of its immediate and entire abolition: As Also, Of adopting such measures as may ascertain Liberty to the present Slaves in due time.",Niel Douglas,45,1792,1,1,"Edinburgh : published by J. Guthrie, No 2. Nicolson-Street; and sold by the principal Booksellers in Town and Country, M.DCC.XCII. [1792].",Edinburgh,209,male,1750,1823,False
1215800105_000079,"A philosophical and political history of the settlements and trade of the Europeans in the East and West Indies. Revised, augmented, and published, in ten volumes, by the abbé Raynal. Newly translated from the French, by J. O. Justamond, F.R.S. With a new set of maps Adapted To The Work, an a copious index. In eight volumes. ...",Guillaume Thomas François Raynal,30,1788,5,8,"London : printed for A. Strahan; and T. Cadell, In The Strand, MDCCLXXXVIII. [1788].",London,521,male,1713,1796,True
0052203200_000037,"A looking-Glass for a right honourable mendicant; or, the real character of a certain great orator; with important political observations: in particular the marrow of the slave question, And Of That Respecting The Laws of Debtor and Creditor, &c. &c. By an old Member of Parliament.",Old Member of Parliament,45,1794,1,1,"London : printed for B. Crosby, NO. 4, Stationers-Court, M.DCC.XCIV. [1794].",London,136,unknown,,,False
1562800101_000013,"The universal dictionary of trade and commerce, translated from the French of the celebrated Mosieur Savary, Inspector-General of the manufactures for the King, at the Custom-House of Paris: with large additions and improvements, incorporated throughout the whole work; which more particularly accomodate the same to the trade and navigation of these kingdoms, and the laws, customs, and usages, to which all traders are subject. By Malachy Postlethwayt, Esq;",Malachy Postlethwayt,80,1757,1,2,"London : printed for John Knapton, in Ludgate-Street, M DCC LVII. [1757].",London,1069,male,1707,1767,False
0091200401_000017,"New travels in the United States of America, performed in M.DCC.LXXXVIII. Containing the latest and most accurate observations ... By J. P. Brissot de Warville.",Jacques Pierre Brissot,41,1794,1,2,"London : printed for J. S. Jordan, 1794.",London,433,male,1754,1793,False
0606000402_000148,"The history, civil and commercial, of the British colonies in the West Indies. In two volumes. By Bryan Edwards, ...",Bryan Edwards,36,1793,2,2,"Dublin : Luke White, 1793.",Dublin,493,male,1743,1800,False
0646002000_000009,Two dialogues on the man-trade.,,50,1760,1,1,"London : printed for J. Waugh in Lombard-Street, W. Fenner in Pater-Noster-Row, G. Woodfall at Charing-Cross, W. Owen at Temple-Bar, and Mrs. Kingham at the Royal Exchange, 1760.",London,67,unknown,,,False
1584000119_000164,"The Weekly entertainer; or Agreeable and instructive repository. Containing a collection of select pieces, both in prose and verse; curious anecdotes, instructive tales, and ingenious essays on different subjects.",,41,1783,19,59,"Sherborne [Dorset, England] : printed by R. Goadby and Co., M.DCC.LXXXIII. [1783]-1819.",Sherborne,634,unknown,,,False
1667100107_000073,"The Modern part of the universal history. Compiled from original writers. By the authors of the antient. Which will perfect the work, and render it a complete body of history, from the earliest account of time, to the present. Vol. XIV.",,46,1763,7,16,"London : Printed for T. Osborne, C. Hitch and L. Hawes, A. Millar, J. Rivington, S. Crowder, B. Law and Co. T. Longman, C. Ware, and S. Bladon, M.DCC.LXIII. [1763].",London,717,unknown,,,False
0606500302_000046,"The British Empire in America, containing the history of the discovery, settlement, progress and present state of all the British colonies, on the continent and islands of America. In two volumes. ... With curious maps of the several places, done from the newest surveys. By Herman Moll, Geographer.",John Oldmixon,39,1708,2,2,"London : printed for John Nicholson, Benjamin Tooke, and Richard Parker and Ralph Smith, 1708.",London,419,male,1673,1742,True
1356100800_000064,"Minutes of the evidence taken at the Bar of the House of Lords, Upon the order make for taking into consideration the present state of the trade of Aftica, and particularly the trade in slaves; and also for taking into consideration the nature, extent, and importance of the sugar, coffee, and cotton trade; and the general state and condition of the West India islands, and the means of improving the same; and for the Lords to be summoned; and for the agents of the West India colonies to be heard by their counsel at the bar of the house, in support of their petition against the abolition of the slave trade.",Great Britain. Parliament. House of Lords,65,1792,1,1,"[London? : s.n.], 1792.",London,187,unknown,,,False
0151301500_000006,"A short account of the African slave trade, collected from local knowledge, from the evidence given at the bar of both Houses of Parliament, and, from tracts written upon that subject, by Robert Norris.","Norris, Robert           1791",35,1788,1,1,"Liverpool : printed at Ann Smith's navigation shop, Pool-Lane, M,DCC,LXXXVIII. [1788].",Liverpool,22,unknown,,,False
0738900300_000018,"Objections to the abolition of the slave trade, with answers. To which are prefixed, strictures on a late publication, intituled, ""considerations on the emancipation of negroes, and the abolition of the slave trade, by a West India planter."" By the Rev James Ramsey, A.M.",James Ramsay,43,1788,1,1,"London : printed and sold by J. Phillips, George Yard, Lombard-Street, MDCCLXXXVIII. [1788].",London,83,male,1733,1789,False
0424400300_000050,"The history civil and commercial, of the British colonies in the West Indies. To which is added, an historical survey of the French colony in the island of St. Domingo. Abridged from The history written by Bryan Edwards. Esq. Illustrated with a map.",Bryan Edwards,39,1799,1,1,"London : printed for Crosby and Letterman , Stationer's Court, near Paternoster Row ; for Mundell and Son, Edinburgh; and J. Mundell, College, Glasgow, 1799.",London,384,male,1743,1800,False
0227800700_000022,Doubts on the abolition of the slave trade; by an old member of Parliament.,John Ranby,63,1790,1,1,"London : printed for John Stockdale, Opposite Burlington-House, Piccadilly, M,DCC,XC. [1790].",London,131,male,1743,1820,False
0301701000_000037,"The debate on a motion for the abolition of the slave-trade, in the House of Commons, on Monday and Tuesday, April 18 and 19, 1791, reported in detail.",Great Britain. Parliament. House of Commons,43,1791,1,1,"London : printed by and for W. Woodfall, and sold at the printing-office of The Diary, Salisbury-Square, Fleet-Street, MDCCXCI. [1791].",London,125,unknown,,,False
0738900300_000022,"Objections to the abolition of the slave trade, with answers. To which are prefixed, strictures on a late publication, intituled, ""considerations on the emancipation of negroes, and the abolition of the slave trade, by a West India planter."" By the Rev James Ramsey, A.M.",James Ramsay,40,1788,1,1,"London : printed and sold by J. Phillips, George Yard, Lombard-Street, MDCCLXXXVIII. [1788].",London,83,male,1733,1789,False
0498701201_000150,"The Parliamentary register; or, history of the proceedings and debates of the House of Commons; ... and a list of the acts ...",Great Britain. Parliament. House of Lords,56,1775,1,17,"London : printed for J. Almon, 1775-80.",London,498,unknown,,,False
0256800200_000031,"Considerations on the abolition of slavery and the slave trade, upon grounds of natural, religious, and political duty.",Thomas Burgess,48,1789,1,1,"Oxford : sold by D. Prince and J. Cooke; J. and J. Fletcher: and by Elmsly, White, Payne, Cadell, London, MDCCLXXXIX. [1789].",Oxford,171,male,1756,1837,False
0452802600_000012,"Observations on the project for abolishing the slave trade, and on the reasonableness of attempting some practicable mode of relieving the negroes. By John Lord Sheffield.","John Baker Holroyd, 1st Earl of Sheffield",34,1791,1,1,"London : printed by J. Cooper, Bow Street, Covent Garden, for J. Debrett, opposite Burlington House, Piccadilly, M.DCC.XCI. [1791].",London,75,male,1735,1821,False
0113305600_000001,"Speeches in Parliament, respecting the abolition of the African slave trade.",,50,1789,1,1,"Edinburgh : printed by D. Willison, for the Society instituted at Edinburgh, for the purpose for effecting the abolition of the slave trade, M,DCC,LXXXIX. [1789].",Edinburgh,116,unknown,,,False
1288900800_000015,"The debate on a motion for the abolition of the slave-trade, in the House of Commons on Monday and Tuesday, April 18 and 19, 1791, reported in detail.",Great Britain. Parliament. House of Commons,45,1792,1,1,"London : printed by James Phillips, George Yard Lombard Street, M.DCC.XCII. [1792].",London,138,unknown,,,False
1356100800_000006,"Minutes of the evidence taken at the Bar of the House of Lords, Upon the order make for taking into consideration the present state of the trade of Aftica, and particularly the trade in slaves; and also for taking into consideration the nature, extent, and importance of the sugar, coffee, and cotton trade; and the general state and condition of the West India islands, and the means of improving the same; and for the Lords to be summoned; and for the agents of the West India colonies to be heard by their counsel at the bar of the house, in support of their petition against the abolition of the slave trade.",Great Britain. Parliament. House of Lords,45,1792,1,1,"[London? : s.n.], 1792.",London,187,unknown,,,False
0738900300_000009,"Objections to the abolition of the slave trade, with answers. To which are prefixed, strictures on a late publication, intituled, ""considerations on the emancipation of negroes, and the abolition of the slave trade, by a West India planter."" By the Rev James Ramsey, A.M.",James Ramsay,45,1788,1,1,"London : printed and sold by J. Phillips, George Yard, Lombard-Street, MDCCLXXXVIII. [1788].",London,83,male,1733,1789,False
0007700103_000115,"A philosophical and political history of the settlements and trade of the Europeans in the East and West Indies. Translated from the French of the Abbé Raynal, by J. Justamond, M. A. In Five Volumes. ...",Guillaume Thomas François Raynal,36,1776,3,5,"London : printed for T. Cadell, in the Strand, M.DCC.LXXVI. [1776].",London,517,male,1713,1796,True
0446300300_000001,"That the number of slaves annually carried from the Coast of Africa, ...",Great Britain. Parliament. House of Commons,66,1789,1,1,"[London, 1789].",London,5,unknown,,,False
0381800100_000009,"Commerce in the human species, and the enslaving of innocent persons, inimical to the laws of Moses and the gospel of Christ. A sermon, preached in Little Prescot Street, Goodman's Fields, January 29, 1792. By Abraham Booth.",Abraham Booth,35,1792,1,1,"London : printed by L. Wayland; and sold by C. Dilly, Poultry; and T. Knott, Lombard Street, M,DCC,XCII. [1792].",London,30,male,1734,1806,False
0241901700_000006,"Speech of the Right Hon. Henry Dundas, delivered in the House of Commons, the 15th of March, 1796, on the farther consideration of the report of the committee, upon the bill for the abolition of the slave-trade: with a copy of the bill, and notes illustrative of some passages in the speech.",Great Britain. Parliament. House of Commons,38,1796,1,1,"London : [s.n.], Printed In The Year 1796.",London,72,unknown,,,False
1106000100_000054,"The annual register, or a view of the history, politics and literature, for the year 1791.",,50,1795,1,1,"London : printed for F. and C. Rivington, No 62, St. Paul's Church-Yard; sold also by J. Dodsley, Pall-Mall, 1795.",London,680,unknown,,,False
1359400600_000326,"The history of America, from its discovery by Columbus to the conclusion of the late war. With an appendix, containing an account of the rise and progress of the unhappy contest between Great Britain and her colonies. By William Russell, Esq.",William Russell,43,1800,1,1,"London : printed for Walker, Pater-noster-Row, 1800.",London,609,male,1741,1793,False
1226000400_000007,"A sermon preached before the Incorporated Society for the Propagation of the Gospel in Foreign Parts; at their anniversary meeting in the parish church of St. Mary-le-Bow, on Friday February 21, 1783. By the Right Reverend Father in God, Beilby Lord Bishop of Chester.",Beilby Porteus,40,1783,1,1,"London : printed by T. Harrison and S. Brooke, in Warwick-Lane, MDCCLXXXIII. [1783].",London,92,male,1731,1809,False
0203400800_000003,"Considerations on the negroe cause commonly so called, addressed to the Right Honourable Lord Mansfield, Lord Chief Justice of the Court of King's Bench, &c. By a West Indian.",Samuel Estwick,53,1772,1,1,"London : printed for J. Dodsley, in Pall-Mall, MDCCLXXII. [1772].",London,48,male,1736,1795,False
0519600105_000077,"A philosophical and political history of the settlements and trade of the Europeans in the East and West Indies. Revised, augmented, and published, in ten volumes, by the Abbé Raynal. Newly translated from the French, by J. O. Justamond, F.R.S. With a new set of maps Adapted to the Work, an a copious index. In Eight Volumes. ...",Guillaume Thomas François Raynal,28,1783,5,8,"London : printed for W. Strahan; and T. Cadell, in the Strand, MDCCLXXXIII. [1783].",London,506,male,1713,1796,True
0680300102_000523,"The history and survey of the cities of London and Westminster, Borough of Southwark, and parts adjacent. Containing, I. The Original Foundation, and the Antient and Modern State thereof. II. An exact Description of all the Wards, Parishes, Parish-Churches, Palaces, Halls, Hospitals, Publick Offices, Edifices, and Monuments, of any Account, throughout the said Cities, Borough, &c. III. A particular Account of the Government of the said Cities, &c. Ecclesiastical, Civil and Military; of all the Charters, Liberties, Privileges, and Customs; and of all the Livery and other Companies, with their Coats of Arms. IV. Lists of all Offices and Officers of His Majesty's Revenues and Household, and those of the rest of the Royal Family; together with the Salaries thereunto belonging. V. The Antiquities of Westminster-Abbey, with a Description of the Monuments, Tombs, &c. VI. A View and Description of the Mansion-House, and Westminster-Bridge. In which is introduced Sir William Dugdale's History of St. Paul's Cathedral from its Foundation: Beautified with various Prospects of the Old Fabrick, which was destroyed by the Fire of London, 1666. As also the Figures of the Tombs and Monuments therein, as they stood in September, 1641, with their Epitaphs neatly imitated, which were defaced in the Grand Rebellion; with an Account of the Foundation and Structure of the New Church till finished. To which is prefixed the Effigies of Sir William Dugdale. The whole being an improvement of Mr. Stow's, and other historical writers and surveys. Dedicated to Sir Crisp Gascoyne, Knt. By a gentleman of the Inner-Temple.",John Stow,56,1753,2,2,"London : printed for M. Cooper, at the Globe in Pater-Noster-Row; W. Reeve, Fleet-Street; and C. Sympson, at the Bible in Chancery-Lane, MDCCLIII. [1753].",London,937,male,1525,1605,False
1468500300_000004,"An account of the slave trade on the coast of Africa. By Alexander Falconbridge, late surgeon in the African trade.","Falconbridge, Alexander           1792",52,1788,1,1,"London : Printed by J. Phillips, George Yard, Lombard-Street, MDCCLXXXVIII. [1788].",London,56,unknown,,,False
0628200800_000004,"No abolition; or, an attempt to prove to the conviction of every rational British subject, that the abolition of the British trade with Africa for Negroes, would be a measure as unjust as impolitic, fatal to the interests of this nation, ruinous to its Sugar Colonies, and more or less pernicious in its consequences to every description of the people. In the course of which are inserted important extracts from the report of the right Honourable Committee of Privy Council.",,55,1789,1,1,"London : printed for J. Debrett, opposite Burlington-House, Piccadilly, MDCCLXXXIX. [1789].",London,54,unknown,,,False
1741800108_000212,"Encyclopædia Britannica; or, a dictionary of arts, sciences, and miscellaneous literature; ... The third edition, in eighteen volumes, greatly improved. Illustrated with five hundred and forty-two copperplates. ...",,46,1797,8,20,"Edinburgh : printed for A. Bell and C. Macfarquhar, 1797.",Edinburgh,795,unknown,,,False
0691600400_000042,"The debate on a motion for the abolition of the slave-trade, in the House of Commons, on Monday the second of April, 1792, reported in detail.",Great Britain. Parliament. House of Commons,61,1792,1,1,"[London : s.n., 1792].",London,176,unknown,,,False
0241901700_000013,"Speech of the Right Hon. Henry Dundas, delivered in the House of Commons, the 15th of March, 1796, on the farther consideration of the report of the committee, upon the bill for the abolition of the slave-trade: with a copy of the bill, and notes illustrative of some passages in the speech.",Great Britain. Parliament. House of Commons,45,1796,1,1,"London : [s.n.], Printed In The Year 1796.",London,72,unknown,,,False
0026102000_000002,"The improvement of the African trade farther demonstrated by separate traders, in answer to a scurrilous paper, called, The falsities of private traders discovered.",,59,1708,1,1,"[London : s.n., 1708].",London,5,unknown,,,False
0052203200_000036,"A looking-Glass for a right honourable mendicant; or, the real character of a certain great orator; with important political observations: in particular the marrow of the slave question, And Of That Respecting The Laws of Debtor and Creditor, &c. &c. By an old Member of Parliament.",Old Member of Parliament,45,1794,1,1,"London : printed for B. Crosby, NO. 4, Stationers-Court, M.DCC.XCIV. [1794].",London,136,unknown,,,False
1742700117_000632,"Encyclopædia Britannica; or, a dictionary of arts, sciences, and miscellaneous literature; ... The third edition, in eighteen volumes, greatly improved. Illustrated with five hundred and forty-two copperplates. ...",,48,1797,17,20,"Edinburgh : printed for A. Bell and C. Macfarquhar, 1797.",Edinburgh,830,unknown,,,False
0256800200_000025,"Considerations on the abolition of slavery and the slave trade, upon grounds of natural, religious, and political duty.",Thomas Burgess,50,1789,1,1,"Oxford : sold by D. Prince and J. Cooke; J. and J. Fletcher: and by Elmsly, White, Payne, Cadell, London, MDCCLXXXIX. [1789].",Oxford,171,male,1756,1837,False
1285800303_000171,"An impartial report of the debates that occur in the two houses of Parliament, In the Course of the Sixth Session of the Seventeenth Parliament of Great Britain, called to meet at Westminster, on Thursday the 29th of October, 1795. With some account of the respective speakers, and Notes and Illustrations. including copies of all state papers, treaties, conventions, &c. By William Woodfall, and assistants. Vol. III.",William Woodfall,39,1796,3,3,"London : published by T. Chapman, No. 151, Fleet-Street, 1796.",London,667,male,1746,1803,False
0637000200_000047,"The new annual register, or general repository of history, politics, and literature, for the year 1792. To which is prefixed, the conclusion of the history of knowledge, learning, and taste, in Great Britain, during the reign of Queen Elizabeth.",,37,1793,1,1,"London : printed for G.G.J. and J. Robinson, Pater-Noster-Row, MDCCXCIII. [1793].",London,730,unknown,,,False
1384100100_000467,"The new, complete, authentic, and universal system of geography: Being a complete modern history and description of the whole world. Containing a particular, full, accurate, circumstantial, and entertaining account, (including the antient and present state,) of all the various countries of Europe, Asia, Africa, and America. As divided into empires, kingdoms, states, republics, and colonies, and as subdivided into continents, islands, provinces, peninsulas, isthmuses, seas, oceans, gulphs, straits, rivers, harbours, deserts, lakes, promontories, capes, bays, districts, governments, principalities, &c. &c. &c. Together with the particulars of their situations, extent, boundaries, limits, climate, soil, natural and artificial curiosities and productions; laws, religions, revolutions, conquests and treaties, antiquities, revenues, naval and military force, &c. Likewise geographical descriptions of all the cities, capital towns, villages, their distance and bearing, universities, fortifications, castles, forts, seaports, mountains volcanos, metals, aqueducts, docks, arsenals, minerals, fossils, ruins, palaces, temples, churches, structures, edifices, public and private buildings, roads, &c. contained in each part of the universe. Also useful and entertaining historical and descriptive relations of all their customs, manners, genius, trade, commerce, agriculture, learning, policy, arts, sciences, manufactures, tempers, dispositions, amusements, habits, stature, shape, colours, virtues, vices, riches or poverty, entertainments, language, and singular ceremonies at births, marriages, and funerals, titles of distinction, &c. of the different inhabitants: and a genuine history of all sorts of birds, beasts, fishes, reptiles, insects, vegetable productions, flowers, herbs, fruits, plants, gums, &c. found in the various regions. Including all the valuable discoveries made in the most remarkable voyages and travels to different parts of the world from the earliest period to the present time. Particularly all the modern discoveries in the southern and northern hemispheres. Comprising every interesting circumstance, and entertaining narrative, contained in Captain Cook's voyages round the world. Together with all other modern discoveries of other circumnavigators, viz. Lord Mulgrave, Wallis, Carteret, Byron, Anson, Forrest, Clerke, Bougainville, Wilson, King, Gore, Solander, &c. Including those of the Pelew Islands. Also the last accounts of New Holland, and the English Colony of Botany Bay; and a particular description of Port Jackson, Norfolk Island, &c. where the convicts are now settled, &c. &c. &c. Likewise the substance (systematically arranged) of Bruce's travels into Abyssinia to discover the source of the river Nile in Egypt. The whole being brought down to the present time, and forming the most extensive and original production on the subject ever published, wherein a great variety of improvements are included, not to be found in any other work of the kind. To which will be added a new, complete, and easy introduction to geography and astronomy; giving an useful and entertaining explanation of the principles and terms of both sciences, the figure, motion, &c. of the earth, planets, &c. latitude, longitude, use of the globes, maps, the compass, the nature of winds, of earthquakes, comets, thunder, lightning, air, and other important and authentic particulars, &c. By George Henry Millar, Esq. author of a New system of natural history, now publishing with universal applause. Assisted by several gentlemen, celebrated for their knowledge in the science of geography, particularly William Langford, Esq. who accompanied Captain Cook in making the new discoveries. Calculated to convey useful and entertaining knowledge to all ranks and degrees of people, for as a celebrated author justly observes, ""There is not a son or a daughter of Adam but has some concern in geography."" The whole embellished with near two hundred capital engravings, being the most elegant set of copper-plates ever published in a work of this kind, and consisting of beautiful views, land and water prospects, dresses of the various inhabitants of different countries, their singular ceremonies, amusements, customs, &c. Also necessary maps, charts, draughts and plans, &c. finely engraved by the most eminent artists.","Millar, George Henry",39,1785,1,1,"London : Printed for Alex. Hogg, at the King's Arms, No. 16, Paternoster-Row. And sold by all other booksellers and newsmen in Great Britain, Ireland, &c., [1785?].",London,941,unknown,,,False
1115800108_000210,"Encyclopaedia; or, A dictionary of arts, sciences, and miscellaneous literature ... Compiled from the writings of the best authors, in several languages ... Illustrated with five hundred and forty-two copperplates. ...",,47,1798,8,18,"Philadelphia : Printed by Thomas Dobson, at the stone house, no 41, South Second Street, M.DCC.XCVIII. [1798] (Copy-right secured according to law).",Philadelphia,811,unknown,,,False
0899400201_000129,"The aberdeen magazine, literary chronicle, and review; for The Year MDCCLXXXVIII. ...",,39,1788,1,3,"Aberdeen : printed by J. Chalmers and Co., 1788-1790.",Aberdeen,845,unknown,,,False
0151103600_000015,"Substance of a speech intended to have been made on Mr. Wilberforce's motion for the abolition of the slave trade, on Tuesday, April 3, 1792: But the Unwillingness of the Committee to hear any thing farther on the Subject, after Mr. Pitt had spoken, prevented the Member from being heard.",,39,1792,1,1,"London : printed for J. Owen, No. 168, Piccadilly, 1792.",London,82,unknown,,,False
1492401400_000014,"An address to the inhabitants of the British settlements in America, upon slave-keeping. To which are added, observations on a pamphlet, entitled, ""Slavery not forbidden by Scripture; or, A defence of the West-India planters."" By a Pennsylvanian. [Fifteen lines of verse, signed Proteus].",John Dunlap,49,1773,1,1,"Philadelphia : Printed and sold by John Dunlap, M,DCC,LXXIII. [1773].",Philadelphia,85,male,1747,1812,False
0658402500_000062,"Letters on slavery, by William Dickson, formerly private secretary to the late hon. Edward Hay, governor of Barbadoes. To which are added, addresses to the whites, and to the free negroes of Barbadoes; and accounts of some negroes eminent for their virtues and abilities.","Dickson, William",43,1789,1,1,"London : printed and sold by J. Phillips, George-Yard, Lombard-Street, and sold by J. Johnson, St. Paul's Church-Yard, and Elliot and Kay, opposite Somerset place, Strand. - , M.DCC.LXXXIX. [1789].",London,203,male,,,False
0113305600_000002,"Speeches in Parliament, respecting the abolition of the African slave trade.",,39,1789,1,1,"Edinburgh : printed by D. Willison, for the Society instituted at Edinburgh, for the purpose for effecting the abolition of the slave trade, M,DCC,LXXXIX. [1789].",Edinburgh,116,unknown,,,False
0184800900_000080,"Sermons on several subjects. By the Right Reverend Beilby Porteus, D. D. Bishop of Chester.",Beilby Porteus,35,1783,1,1,"London : printed for T. Payne and Son at the Mews Gate, and T. Cadell, in the Strand, MDCCLXXXIII. [1783].",London,433,male,1731,1809,False
0050600102_000032,"Elements of moral science. By James Beattie, LL. D. Professor Of Moral Philosophy And Logick In Marischal College, Aberdeen. ...",James Beattie,32,1793,2,2,"Edinburgh : printed for T. Cadell, London; and William Creech, Edinburgh, MDCCXC. [1790].",Edinburgh,695,male,1735,1803,False
1562800101_001625,"The universal dictionary of trade and commerce, translated from the French of the celebrated Mosieur Savary, Inspector-General of the manufactures for the King, at the Custom-House of Paris: with large additions and improvements, incorporated throughout the whole work; which more particularly accomodate the same to the trade and navigation of these kingdoms, and the laws, customs, and usages, to which all traders are subject. By Malachy Postlethwayt, Esq;",Malachy Postlethwayt,62,1757,1,2,"London : printed for John Knapton, in Ludgate-Street, M DCC LVII. [1757].",London,1069,male,1707,1767,False
1057800103_001166,"Rapin's impartial history of England: written originally in French; first translated into English by John Kelly ... This edition is an improvement on Kelly's, Morgan's, Lediard's, and Tindal's: with the continuation to the year 1786. To which are added, explanatory notes; and a general index ... In two volumes. ...","Tindal, Nicolas",39,1784,3,5,"London : printed by and for John Harrison, 1784-89.",London,669,male,1687,1774,False
1469500400_000031,"Julia de Roubigné, a tale. In a series of letters. Published by the author of The man of feeling and The man of the world. In two volumes. Vol. I[-II].","Redwood Library and Athenaeum, MWA",29,1793,1,1,"Boston : Printed by Joseph Bumstead, for Ebenezer Larkin, Jun. bookseller and stationer, no 50, Cornhill, 1793.",Boston,259,unknown,,,False
0253600204_000040,"A philosophical and political history of the settlements and trade of the Europeans in the East and West Indies. Revised, augmented, and published, in ten volumes, by the Abbé Raynal. Newly translated from the French, by J. O. Justamond, ... with ... engravings ... In six volumes. ...",Guillaume Thomas François Raynal,29,1784,4,6,"Dublin : printed for John Exshaw, and Luke White, 1784.",Dublin,554,male,1713,1796,True
0026102000_000001,"The improvement of the African trade farther demonstrated by separate traders, in answer to a scurrilous paper, called, The falsities of private traders discovered.",,70,1708,1,1,"[London : s.n., 1708].",London,5,unknown,,,False
1116400117_000630,"Encyclopaedia; or, A dictionary of arts, sciences, and miscellaneous literature ... Compiled from the writings of the best authors, in several languages ... Illustrated with five hundred and forty-two copperplates. ...",,39,1798,17,18,"Philadelphia : Printed by Thomas Dobson, at the stone house, no 41, South Second Street, M.DCC.XCVIII. [1798] (Copy-right secured according to law).",Philadelphia,869,unknown,,,False
1115800108_000215,"Encyclopaedia; or, A dictionary of arts, sciences, and miscellaneous literature ... Compiled from the writings of the best authors, in several languages ... Illustrated with five hundred and forty-two copperplates. ...",,45,1798,8,18,"Philadelphia : Printed by Thomas Dobson, at the stone house, no 41, South Second Street, M.DCC.XCVIII. [1798] (Copy-right secured according to law).",Philadelphia,811,unknown,,,False
0427001800_000044,"The debate on a motion for the abolition of the slave-trade, in the House of Commons, on Monday and Tuesday, April 18 and 19, 1791, reported in detail.",Great Britain. Parliament. House of Commons,53,1791,1,1,"London : printed by and for W. Woodfall, and sold at the printing-office of The Diary, Salisbury-Square, Fleet-Street, MDCCXCI. [1791].",London,128,unknown,,,False
0782000102_000523,"A survey of the cities of London and Westminster, borough of Southwark, and parts adjacent. Containing, I. The original foundation, and the Antient and Modern State thereof. II. An exact Description of all Wards and Parishes; Parish - Churches, Palaces, Halls, Hospitals, Publick Offices, Edifices, and Monuments, of any Account, throughout the said Cities, Borough, &c. III. A particular Account of the Government of London, Ecclesiastical, Civil, and Military; of all Charters, Liberties, Privileges and Customs; and of all Livery and other Companies, with their Coats of Arms. IV. Lists of all the officers of His Majesty's revenues, and houshold; and those of the rest of the Royal Family; together with the Salaries thereunto belonging. By Robert Seymour, Esq; The whole being an improvement of Mr Stow's, and other surveys, by adding whatever Alterations have happened in the said Cities, &c. to the present Year; and retrenching many Superfluities, and correcting many Errors in the former Writers. Illustrated with several copper plates. ...",John Stow,61,1733,2,2,"London : printed for J. Read in White-Fryars, Fleet-Street, M,DCC,XXX,IV. [1733]-35.",London,906,male,1525,1605,False
0464201000_000001,"Remarks on the slave trade, and the Slavery of the Negroes. In a series of letters.",Africanus,49,1788,1,1,"London : printed and sold by J. Phillips, George-Yard, Lombard-Street; and sold also by T. Payne and Sons, Meuse-Gate, Charing-Cross; and Chase and Co. Norwich, MDCCLXXXVIII. [1788].",London,89,unknown,,,False
0432500700_000083,"Report of the Lords of the Committee of Council appointed for the consideration of all matters relating to trade and foreign plantations; submitting to His Majesty's consideration the evidence and information they have collected in consequence of His Majesty's order in council dated the 11th of February 1788, concerning the present state of the trade to Africa, and particularly the trade in slaves; ...",Great Britain. Board of Trade,61,1789,1,1,"[London], 1789.",London,890,unknown,,,False
1267500103_000035,"An inquiry into the nature and causes of the wealth of nations. By Adam Smith, L L. D. And F. R. S. Of London And Edinburgh: One Of The Commissioners Of His Majesty's Customs In Scotland; And Formerly Professor Of Moral Philosophy In The University Of Glasgow. ...",Adam Smith,63,1791,3,4,"Basil : printed [by J. J. Tourneisen] for J. J. Tourneisen; and J. L. Legrand, MDCCXCI. [1791].",Basel,368,male,1723,1790,True
1613201600_000001,"Hints for a specific plan for an abolition of the slave trade, and for relief of the Negroes in the British West Indies. By the translator of Cicero's orations against verres.","White, James           1799",32,1788,1,1,"London : Printed for J. Debrett, in Piccadilly, M,DCC,LXXXVIII. [1788].",London,33,unknown,,,False
1614301700_000010,"Substance of the speech of His Royal Highness the Duke of Clarence in the House of Lords, On the motion for the recommitment of the slave trade limitation bill, on the fifth day of July, 1799. Fourth edition, (Published at the request of the West India merchants and planters, and the mercantile interest of Liverpool.)",Great Britain. Parliament. House of Lords,49,1799,1,1,"London : Printed by C. Whitingham, Dean street, Fetter Lane; and sold by F. and C. Rivington, St. Paul's Church Yard, [1799].",London,72,unknown,,,False
0474600202_000128,"The Parliamentary register; or, history of the proceedings and debates of the House of Commons; ...",Great Britain. Parliament. House of Lords,30,1797,2,12,"London : printed for J. Debrett, 1797-1802.",London,837,unknown,,,False
0750300102_000037,"Britain's commercial interest explained and improved; in a series of dissertations on several important branches of her trade and police: Containing A Candid Enquiry into the secret Causes of the present Misfortunes of the Nation. With Proposals for their Remedy. Also The great Advantages which would accrue to this Kingdom from an Union with Ireland. By Malachy Postlethwayt, Esq; Author of the Universal Dictionary of Trade and Commerce, &c. ...",Malachy Postlethwayt,75,1757,2,2,"London : printed for D. Browne, without Temple-Bar; A. Millar, in the Strand; J. Whiston and B. White, and W. Sandby, in Fleet-Street, MDCCLVII. [1757].",London,563,male,1707,1767,False
1699002700_000004,"Observations on the advantages which would arise to this country from opening a trade with the coast of Africa; With a plan for the same, by which the slave trade may be ultimately abolished.",,32,1795,1,1,"Dublin : Printed by J. Chambers, No. 5, Abbey-Street, 1795.",Dublin,31,unknown,,,False
0586500400_000013,"The importance of effectually supporting the Royal African Company of England impartially considered; shewing, That a free and open trade to Africa, and the Support and Preservation of the British colonies and plantations in America, depend upon Maintaining the Forts and Settlements, Rights and Privileges belonging to that corporation, against the Encroachments of the French, and all other Foreign Rivals in that Trade. The second edition. With a New and more Correct Map than any hitherto published, shewing the Situation of the several European Forts and Settlements in that Country. In a letter to a Member of the House of Commons.",Charles Hayes,70,1745,1,1,"London : printed by E. Say; and sold by J. Roberts, in Warwick-Lane, 1745.",London,51,male,1678,1760,False
0535601100_000010,"The trade and navigation of Great-Britain considered: shewing that the surest way for a nation to increase in riches, is to prevent the importation of such foreign commodities as may be rais'd at home. That this Kingdom is capable of raising within itself, and its Colonies, Materials for employing all our Poor in those Manufactures, which we now import from such of our Neighbours who refuse the Admission of ours. Some Account of the Commodities each Country we trade with take from us, and what we take from them; with Observations on the Balance.","Gee, Joshua, merchant",50,1729,1,1,"London : printed by Sam. Buckley, in Amen-Corner, MDCCXXIX. [1729].",London,166,male,,,False
0432500700_000258,"Report of the Lords of the Committee of Council appointed for the consideration of all matters relating to trade and foreign plantations; submitting to His Majesty's consideration the evidence and information they have collected in consequence of His Majesty's order in council dated the 11th of February 1788, concerning the present state of the trade to Africa, and particularly the trade in slaves; ...",Great Britain. Board of Trade,39,1789,1,1,"[London], 1789.",London,890,unknown,,,False
1272501200_000007,"Observations on the slave trade, and a description Of some Part of the coast of Guinea, during a voyage, Made in 1787, and 1788, in Company with Doctor A. Sparrman and Captain Arrehenius, by C. B. Wadstrom, Chief Director of the Royal Assay and Refining Office; Member of the Royal Chamber of Commerce, and of the Royal Patriotic Society, for Improving Agriculture, Manufactures, and Commerce in Sweden.",Carl Bernhard Wadström,33,1789,1,1,"London : printed and sold by James Phillips, George-Yard, Lombard-Street, 1789.",London,80,male,1746,1799,False
0663700100_000555,"A new dictionary of trade and commerce, compiled from the information of the most eminent merchants, and from the works of the best writers on commercial subjects, in all languages. Containing, among other Things, I. An Account of all the natural Productions, which are conducive to Trade, throughout the World. II. The different Manufactures established in each particular Country. III. Explanations of all the Terms used in Commerce. IV. Explanations of the principal Terms of Geography, Astronomy, and Navigation, so far as they are connected with Trade. V. An exact Account of the Coins, Weights, and Measures in use throughout the World, reduced to the English Standard. VI. A Description of the Established Banks, Trading Companies, and Staple Commodities, of different Countries. Vii. The State of the British Trade, National Debt, Funds, Customs, Excise, and other Taxes. Viii. The Laws relative to Trade and Commerce. For the Use of the Merchants and Tradesmen of Great Britain, as well as of private Gentlemen. By Mr. Rolt, with the assistance of several eminent merchants.",Richard Rolt,41,1756,1,1,"London : printed for T. Osborne and J. Shipton; J. Hodges; J. Newbery; G. Keith; and B. Collins, MDCCLVI. [1756].",London,926,male,1724,1770,False
1211401800_000009,Supplement to Mr Cooper's Letters on the slave trade.,"Cooper, Thomas",37,1788,1,1,"Warrington : printed by W. Eyres., MDCCLXXXVIII. [1788].",Warrington,49,male,1759,1839,False
0387301300_000023,"A defence of the observations on the Assiento trade, as it hath been exercised by the South-Sea Company, &c. In two parts. I. In Relation to the Controversy. II. In Relation to the Queries which were published in the Craftsman, and other Aspersions on the Author of the Observations on the Assiento Trade, as well as on the Island of Jamaica. By the author of the Observations on the Assiento trade.",Author of Some observations on the Assiento Trade,50,1728,1,1,"London : printed for H. Whitridge, at the Corner of Castle-Alley in Cornhill, [1728].",London,71,unknown,,,False
1163900102_000042,"The history, civil and commercial, of the British colonies in the West Indies: in two volumes. By Bryan Edwards, ...",Bryan Edwards,36,1793,2,2,"London : printed for John Stockdale, 1793.",London,503,male,1743,1800,False
0432500700_000244,"Report of the Lords of the Committee of Council appointed for the consideration of all matters relating to trade and foreign plantations; submitting to His Majesty's consideration the evidence and information they have collected in consequence of His Majesty's order in council dated the 11th of February 1788, concerning the present state of the trade to Africa, and particularly the trade in slaves; ...",Great Britain. Board of Trade,50,1789,1,1,"[London], 1789.",London,890,unknown,,,False
0464201000_000008,"Remarks on the slave trade, and the Slavery of the Negroes. In a series of letters.",Africanus,45,1788,1,1,"London : printed and sold by J. Phillips, George-Yard, Lombard-Street; and sold also by T. Payne and Sons, Meuse-Gate, Charing-Cross; and Chase and Co. Norwich, MDCCLXXXVIII. [1788].",London,89,unknown,,,False
0586700800_000001,A country gentleman's reasons for voting against Mr. Wilberforce's motion for a bill to prohibit the importation of African negroes into the colonies.,Country Gentleman,43,1792,1,1,"London : printed for J. Debrett, opposite Burlington House, Piccadilly, 1792.",London,79,male,,,False
1211401800_000010,Supplement to Mr Cooper's Letters on the slave trade.,"Cooper, Thomas",31,1788,1,1,"Warrington : printed by W. Eyres., MDCCLXXXVIII. [1788].",Warrington,49,male,1759,1839,False
0090700200_000089,"Essays historical and moral. By G. Gregory, F.A.S.",George Gregory,42,1788,1,1,"London : printed for J. Johnson, ST. Paul's Church-Yard, M.DCC.LXXXVIII. [1788].",London,428,male,1754,1808,False
0515700104_000089,"A philosophical and political history of the settlements and trade of the Europeans in the East and West Indies. Translated from the French of the Abbé Raynal, by J. Justamond, M. A. In Five Volumes. ...",Guillaume Thomas François Raynal,32,1777,4,5,"London : printed for T. Cadell, in the Strand, MDCCLXXVII. [1777].",London,530,male,1713,1796,True
0803400100_000003,An apology for negro slavery: or the West-India planters vindicated from the charge of inhumanity. By the author of Letters to a young planter.,Gordon Turnbull,32,1786,1,1,"London : printed by J. Stevenson, Martlet-Court, for J. Strachan, Strand; R. Faulder, new Bond-Street; and W. Richardson, Royal Exchange, 1786.",London,66,male,,,False
0151301400_000006,"A short account of the African slave trade, collected from local knowledge, from the evidence given at the bar of both House of Parliament, and, from tracts written upon that subject.","Norris, Robert           1791",34,1788,1,1,"Liverpool : printed at Ann Smith's navigation shop, Pool-Lane, M,DCC,LXXXVIII. [1788].",Liverpool,21,unknown,,,False
0691600400_000073,"The debate on a motion for the abolition of the slave-trade, in the House of Commons, on Monday the second of April, 1792, reported in detail.",Great Britain. Parliament. House of Commons,29,1792,1,1,"[London : s.n., 1792].",London,176,unknown,,,False
0052203200_000032,"A looking-Glass for a right honourable mendicant; or, the real character of a certain great orator; with important political observations: in particular the marrow of the slave question, And Of That Respecting The Laws of Debtor and Creditor, &c. &c. By an old Member of Parliament.",Old Member of Parliament,49,1794,1,1,"London : printed for B. Crosby, NO. 4, Stationers-Court, M.DCC.XCIV. [1794].",London,136,unknown,,,False
1508700600_000001,"A proposal, for the consideration of those, who interest themselves in the abolition or preservation of the slave-trade. With some observations addressed to the members of the Society for the Propagation of the Gospel. By a Clergyman.",Clergyman,46,1788,1,1,"Wolverhampton : Printed for the author, and sold by J. Smart, sold also by Mr. Lowndes, Fleet Street, London; Messrs Pearson and Rollason, and Mr. Swinney, Birmingham; Messrs Eddowes and Son, Shrewsbury; and Mr. Harrop, Manchester, MDCCLXXXVIII. [1788].",Wolverhampton,28,male,,,False
1520900202_000066,"Britain's commercial interest explained and improved; In a series of dissertations on several important branches of her trade and police: containing a candid enquiry into the secret causes of the present misfortunes of the nation. With a proposals for their remedy. Also the great advantages which would accrue to this kingdom from an union with Ireland. By Malachy Postlethwayt, Esq; author of The universal dictionary of trade and commerce, &c.",Malachy Postlethwayt,63,1758,2,2,"Dublin : Printed for L. Flin, at the Bible in Castle-Street, M,DCC,LVIII. [1758].",Dublin,392,male,1707,1767,False
0154900700_000120,"The history of the reign of George the Third, king of Great Britain, &c. from the conclusion of the sixth session of the fourteenth Parliament, in 1780, to the End of the Seventh Session of the Sixteenth Parliament or Great Britain, in 1790. Vol.III.",Robert Macfarlan,36,1794,1,1,"London : printed for the author, and sold by T. Evans, in Paternoster-Row, MDCCXCIV. [1794].",London,487,male,1734,1804,False
1450500600_000003,"Considerations; addressed to professors of Christianity, of every denomination, on the impropriety of consuming West-India sugar & rum, as produced by the oppressive labour of slaves.",,30,1792,1,1,"Manchester : Printed by C. Wheeler, M.DCC.XCII. [1792].",Manchester,8,unknown,,,False
0637000200_000046,"The new annual register, or general repository of history, politics, and literature, for the year 1792. To which is prefixed, the conclusion of the history of knowledge, learning, and taste, in Great Britain, during the reign of Queen Elizabeth.",,30,1793,1,1,"London : printed for G.G.J. and J. Robinson, Pater-Noster-Row, MDCCXCIII. [1793].",London,730,unknown,,,False
0498500202_000038,"Great-Britain's commercial interest explained and improved: in a series of dissertations on the Most Important Branches of her Trade and Landed Interest. With An Essay, shewing the great Advantages which would certainly accrue to England, from an Union with Ireland. Also a clear view of the State of our Plantations in America, Their Constitution, Trade, and Revenues, with A certain Method to encrease their Commerce and Strength. By Malachy Postlethwayt, Esq; In Two Volumes.",Malachy Postlethwayt,80,1759,2,2,"London : printed for W. Owen, at Homer's Head near Temple-Bar, MDCCLIX. [1759].",London,563,male,1707,1767,False
1476400132_000067,"The Parliamentary register; or, History of the proceedings and debates of the House of Commons; Containing an account of the most interesting speeches and motions; accurate copies of the most remarkable letters and papers; of the most material evidence, petitions, &c. laid before and offered to the House, during the first session of the fifteenth Parliament of Great Britain. Begun to be holden at Westminster on the 31st day of October 1780.",Great Britain. Parliament. House of Lords,40,1781,32,45,"London : Printed for J. Almon and J. Debrett, opposite Burlington-House, in Piccadilly, MDCCLXXXI. [1781].",London,512,unknown,,,False
1683000200_000008,"Considerations on the Negroe cause commonly so called, addressed to the Right Honourable Lord Mansfield, Lord Chief Justice of the Court of King's Bench, &c. By Samuel Estwick, A.M. LL.D. member of Parliament for the Borough of Westbury.",Samuel Estwick,55,1788,1,1,"London : Printed for J. Dodsley, in Pall-Mall, M.DCC.LXXXVIII. [1788].",London,95,male,1736,1795,False
1285800303_000052,"An impartial report of the debates that occur in the two houses of Parliament, In the Course of the Sixth Session of the Seventeenth Parliament of Great Britain, called to meet at Westminster, on Thursday the 29th of October, 1795. With some account of the respective speakers, and Notes and Illustrations. including copies of all state papers, treaties, conventions, &c. By William Woodfall, and assistants. Vol. III.",William Woodfall,44,1796,3,3,"London : published by T. Chapman, No. 151, Fleet-Street, 1796.",London,667,male,1746,1803,False
0800701100_000018,"Observations, occasioned by the attempts made in England to effect the abolition of the slave trade; shewing, the manner in which negroes are treated in the British Colonies In The West-Indies: and also, some particular remarks on a letter Addressed To The Treasurer Of The Society For Effecting Such Abolition, from the Rev. Robert Boucher Nicholls, Dean Of Middleham, By G. Francklyn, Esq.","Francklyn, Gilbert",35,1789,1,1,"[London] : Kingston, Jamaica, printed. London: reprinted at the Logographic Press, and sold by J. Walter, No. 169, Opposite Bond Street, Piccadilly; C. Stalker, Stationer's Court, Ludgate Street; and W. Richardson, under the Royal Exchange, M.DCC.LXXXIX. [1789].",London,106,unknown,,,False
0129900300_000012,Plans of education; with remarks on the systems of other writers. In a series of letters between Mrs. Darnford and her friends. By Clara Reeve.,Clara Reeve,30,1792,1,1,"London : printed for T. Hookham, and J. Carpenter, New and Old Bond-Street, 1792.",London,250,female,1729,1807,True
1010400100_000578,"A new dictionary of trade and commerce, compiled from the information of the most eminent merchants, and from the works of the best writers on commercial subjects, in all languages. Containing, among other Things, I. An Account of all the natural Productions, which are conducive to Trade, throughout the World. II. The different Manufactures established in each particular Country. III. Explanations of all the Terms used in Commerce. IV. Explanations of the principal Terms of Geography, Astronomy, and Navigation, so far as they are connected with Trade. V. An exact Account of the Coins, Weights, and Measures in use throughout the World, reduced to the English Standard. VI. A Description of the Established Banks, Trading Companies, and Staple Commodities, of different Countries. Vii. The State of the British Trade, National Debt, Funds, Customs, Excise, and other Taxes. Viii. The Laws relative to Trade and Commerce. For the Use of the Merchants and Tradesmen of Great Britain, as well as of private Gentlemen. By Mr. Rolt, with the assistance of several eminent merchants. The second edition, with the addition of a new and accurate set of maps of the world, Europe, Asia, Africa, and North and South America, by Mr. Bowen.",Richard Rolt,41,1761,1,1,"London : printed for G. Keith, at the Bible and Crown, in Grace-Church-Street; S. Crowder, at the Looking-Glass, and H. Woodgate and S. Brooks, at the Golden Ball, in Pater-Noster-Row, MDCCLXI. [1761].",London,926,male,1724,1770,False
1556200500_000015,"A true state of the present difference between the Royal African Company, and the separate traders: Shewing the irregularities and impositions of the joint-stock managers; the uselesness of their forts; the expence they are at in the maintenance of the same; the charge of supporting them in a condition of defence; the vast sums they have receiv'd by the ten per cent. Duty in order thereunto, and what had been misapply'd to their own private uses; the advantages and reasonableness of an open trade to Aftica; and, lastly, the danger of an exclusive trade, not only to the traders of South and North Britain, but, to our American plantations. Written by a true lover of his country, and humbly submitted to the wise consideration of both Houses of Parliament.",True lover of his country,64,1710,1,1,"London : [s.n.], Printed in the year 1710.",London,42,unknown,,,False
1613201600_000003,"Hints for a specific plan for an abolition of the slave trade, and for relief of the Negroes in the British West Indies. By the translator of Cicero's orations against verres.","White, James           1799",31,1788,1,1,"London : Printed for J. Debrett, in Piccadilly, M,DCC,LXXXVIII. [1788].",London,33,unknown,,,False
0519600105_000072,"A philosophical and political history of the settlements and trade of the Europeans in the East and West Indies. Revised, augmented, and published, in ten volumes, by the Abbé Raynal. Newly translated from the French, by J. O. Justamond, F.R.S. With a new set of maps Adapted to the Work, an a copious index. In Eight Volumes. ...",Guillaume Thomas François Raynal,32,1783,5,8,"London : printed for W. Strahan; and T. Cadell, in the Strand, MDCCLXXXIII. [1783].",London,506,male,1713,1796,True
0666201500_000031,A treatise upon the trade from Great-Britain to Africa; humbly recommended to the attention of government. By an African merchant.,African merchant,48,1772,1,1,"London : printed for R. Baldwin, No. 47, Pater-Noster Row, MDCCLXXII. [1772].",London,191,unknown,,,False
0426801400_000003,A country gentleman's reasons for voting against Mr. Wilberforce's motion for a bill to prohibit the importation of African Negroes into the colonies.,Country gentleman,49,1791,1,1,"London : printed for J. Debrett, opposite Burlington House, Piccadilly, 1791.",London,29,unknown,,,False
0064301400_000023,"In honour to the administration. The importance of the African expedition considered: with copies of the memorials, ... The whole as planned and designed, by Malachy Postlethwayt, ... To which are added, observations, illustrating the said memorials, ...",Malachy Postlethwayt,51,1758,1,1,"London : printed by C. Say; and sold by M. Cooper, 1758.",London,125,male,1707,1767,False
1212206100_000001,"A proposal for settling the trade to Africa, wherein the Ends professed to be aimed at, both by the Separate Traders, and the Company; and also by the North Britains, Out Ports and Plantations, and likewise by the Manufacturers, are effectually provided for.",,55,1714,1,1,"[London : s.n., 1714].",London,2,unknown,,,False
1742700117_000624,"Encyclopædia Britannica; or, a dictionary of arts, sciences, and miscellaneous literature; ... The third edition, in eighteen volumes, greatly improved. Illustrated with five hundred and forty-two copperplates. ...",,41,1797,17,20,"Edinburgh : printed for A. Bell and C. Macfarquhar, 1797.",Edinburgh,830,unknown,,,False
0525100400_000014,"Candid reflections upon the judgement lately awarded by the Court of King's Bench, in Westminster-Hall, on what is commonly called the negroe-cause, by a planter.",Edward Long,37,1772,1,1,"London : printed for T. Lowndes, No 77, Fleet-stree[t], MDCCLXXII. [1772].",London,79,male,1735,1813,False
1562800101_001494,"The universal dictionary of trade and commerce, translated from the French of the celebrated Mosieur Savary, Inspector-General of the manufactures for the King, at the Custom-House of Paris: with large additions and improvements, incorporated throughout the whole work; which more particularly accomodate the same to the trade and navigation of these kingdoms, and the laws, customs, and usages, to which all traders are subject. By Malachy Postlethwayt, Esq;",Malachy Postlethwayt,64,1757,1,2,"London : printed for John Knapton, in Ludgate-Street, M DCC LVII. [1757].",London,1069,male,1707,1767,False
0658402500_000043,"Letters on slavery, by William Dickson, formerly private secretary to the late hon. Edward Hay, governor of Barbadoes. To which are added, addresses to the whites, and to the free negroes of Barbadoes; and accounts of some negroes eminent for their virtues and abilities.","Dickson, William",38,1789,1,1,"London : printed and sold by J. Phillips, George-Yard, Lombard-Street, and sold by J. Johnson, St. Paul's Church-Yard, and Elliot and Kay, opposite Somerset place, Strand. - , M.DCC.LXXXIX. [1789].",London,203,male,,,False
0147400300_000016,"Occasional papers on the Assiento, and the affairs of Jamaica.","Wood, William, of Jamaica",75,1716,1,1,"London : printed by W. Wilkins, at the Dolphin in Little-Britain, MDCCXVI. [1716].",London,187,unknown,,,False
0627301100_000008,"Objections to the abolition of the slave trade, with answers. To which are prefixed, strictures on a late publication, intitled, ""considerations on the emancipation of negroes, and the abolition of the slave trade, by a West India planter."" By the Rev. James Ramsay, A.M.",James Ramsay,46,1788,1,1,"London : printed and sold by James Phillips, George-Yard, Lombard-Street, M.DCC.LXXXVIII. [1788].",London,60,male,1733,1789,False
0623400400_000033,"Memoirs of the reign of Bossa Ahádee, King of Dahomy, an inland country of Guiney. To which are added, the author's journey to Abomey, the capital; and a short account of the African slave trade. By Robert Norris. Illustrated with a new map.","Norris, Robert           1791",37,1789,1,1,"London : printed for W. Lowndes, No. 77, Fleet-Street, M.DCC.LXXXIX. [1789].",London,200,unknown,,,False
0960700800_000006,"Letter to the treasurer of the Society instituted for the purpose of effecting the abolition of the slave trade. From the Rev. Robert Boucher Nickolls, Dean of Middleham. The Fourth Edition with Considerable Additions.","Nickolls, Robert Boucher",30,1788,1,1,"London : printed and sold by James Phillips, George-Yard, Lombard-Street, 1788.",London,62,unknown,,,False
1149901000_000006,"A letter to the treasurer of the Society instituted for the purpose of effecting the abolition of the slave trade. From the Rev. Robert Boucher Nickolls, Dean of Middleham.","Nickolls, Robert Boucher",33,1788,1,1,"London : printed by James Phillips, George-Yard, Lombard-Street, MDCCLXXXVIII. [1788].",London,34,unknown,,,False
0699000500_000004,"Thoughts on trade in general, our West-Indian in particular, our Continental colonies, Canada, Guadaloupe, and the preliminary articles of peace. Addressed to the community.",Ignotus           1763,65,1763,1,1,"London : printed for John Wilkie, at the Bible in St. Paul's Church-Yard, MDCCLXIII. [1763].",London,85,unknown,,,False
0147304100_000042,Observations on the evidence given before the committees of the Privy Council and House of Commons in support of the bill for abolishing the slave trade.,John Ranby,57,1791,1,1,"London : printed for John Stockdale, opposite Burlington House, Piccadilly, M.DCC.XCI. [1791].",London,324,male,1743,1820,False
1260501700_000002,"A discourse in favour of the abolition of slavery in the British West Indies. Preached on the first Sunday in Lent, in the parish church of Ware, Herts. By the Rev. W. Hughes, M.A. Published by the Desire of the Audience.","Hughes, William           1798",35,1788,1,1,"London : printed for T. Cadell, in the Strand, MDCCLXXXVIII. [1788].",London,17,unknown,,,False
1613700100_000006,"Proceedings of the Hon. House of Assembly of Jamaica, on the sugar and slave-trade, in a session which began the 23d of October, 1792.",Jamaica. Assembly,32,1793,1,1,"London : Printed and published, by order of the House, by Stephen Fuller, Esq. agent for Jamaica, 1793.",London,52,unknown,,,False
1245700103_000059,"Spectacle de la nature: or, nature display'd. Being discourses on such particulars of natural history as were thought most proper to excite the curiosity, and form the minds of youth. Illustrated with copper-plates. Vol. II. Translated from the original French, by Mr. Humphreys.",Noël-Antoine Pluche,36,1740,3,3,"London : printed for R. Francklin, in Covent-Garden; C. Davis, in Pater-Noster-Row; and J. Pemberton, in Fleet-Street, M.DCC.XL. [1740].",London,517,male,1688,1761,False
1390901400_000005,"Thoughts on civilization, and the gradual abolition of slavery in Africa and the West Indies.",Friend to Commerce and Humanity,33,1790,1,1,"[London] : Printed for J. Sewell, No. 32, Cornhill; and J. Johnson, St. Paul's Church-yard, [1790?].",London,12,unknown,,,False
1613201600_000007,"Hints for a specific plan for an abolition of the slave trade, and for relief of the Negroes in the British West Indies. By the translator of Cicero's orations against verres.","White, James           1799",43,1788,1,1,"London : Printed for J. Debrett, in Piccadilly, M,DCC,LXXXVIII. [1788].",London,33,unknown,,,False
0646101800_000005,"Reflections upon the constitution and management of the trade to Africa, ... Wherein the nature and uncommon circumstances of that trade are particularly consider'd; ...",Charles Davenant,60,1709,1,1,"London : printed, and sold by John Morphew, 1709.",London,47,male,1656,1714,False
1017500102_000106,"An impartial report of the debates in the two Houses of Parliament, in the year 1795. including copies of all State papers, treaties conventions &c. By William Woodfall. ...",William Woodfall,41,1795,2,4,"London : published by T. Chapman, No. 151, Fleet Street, 1795.",London,688,male,1746,1803,False
0230900600_000080,"Sermons on several subjects. By the Right Reverend Beilby Porteus, D. D. Bishop of Chester.",Beilby Porteus,37,1783,1,1,"London : printed for T. Payne and Son, at the Mews Gate, and T. Cadell, in the Strand, MDCCLXXXIII. [1783].",London,433,male,1731,1809,False
1114100700_000001,"Report, resolutions, and remonstrance, of the Honourable the Council and Assembly of Jamaica, at a joint committee, on the subject of the slave-trade, in a session which began the 20th of October 1789. Published, and presented to the Members of both Houses of Parliament, in pursuance of an Order of the Assembly, by Stephen Fuller, Esq. agent for Jamaica.",Jamaica. Assembly. Joint Committee on the subject of the Slave-trade,43,1790,1,1,"London : printed for B. White and Son, Fleet-Street; J. Sewell, Cornhill; R. Faulder, New Bond-Street; and J. Debrett and J. Stockdale, Piccadilly, M.DCC.XC. [1790].",London,19,unknown,,,False
0810600300_000023,"Unanswerable arguments against the abolition of the slave trade. With a defence of the proprietors of the British sugar colonies, Against certain malignant Charges contained in Letters published by a Sailor, and by Luffman, Newton, &c. Remarks on the Dispositions and Characters of the African Slaves; And Means suggested for the Distribution of their Labour; The Regulation of their Habitations, Foods, Cloathing, and Religious Instruction; The Accommodation of the Sick, and Cure of their Diseases; Which may be most conducive to render them Faithful, Obedient, and Happy. Published for the Benefit of the starving Tin-Miners in Cornwall. By James M. Adair, formerly M. D. Member of the Royal Medical Society, And Fellow of the Royal College of Physicians, Edinburgh. One of the Judges of the Courts of King's Bench and Common Pleas in the Island of Antigua; and Physician to the Commander in Chief, and the Colonial Troops of the said Island.",James Makittrick Adair,45,1790,1,1,"London : sold by J.P. Bateman, No. 21, Devonshire-Street, [1790?].",London,379,male,1728,1802,False
1559500900_000004,"Liberty described and recommended; in a sermon, preached to the Corporation of Freemen in Farmington, at their meeting on Tuesday, September 20, 1774, and published at their desire. By Levi Hart, A.M. Pastor of a church in Preston. [Three lines from Isaiah].","Corporation of Freemen (Farmington, Conn.)",38,1775,1,1,"Hartford : Printed by Eben. Watson, near the great bridge, M,DCC,LXXV. [1775].",Hartford,21,unknown,,,False
1613300800_000017,"Reflections on the present state of the slaves in the British plantations, and the slave trade from Africa.",,49,1789,1,1,"York : Printed by G. Peacock; sold by J. Todd, bookseller, York, and R. Baldwin, Pater-Noster-Row, London, MDCCLXXXIX. [1789].",York,62,unknown,,,False
1233601000_000006,"Travels in the interior of Africa, in the years 1795, 1796, & 1797, by Mungo Park. Abridged from the original work.",Mungo Park,35,1799,1,1,"London : printed by J. W. Myers, Paternoster-Row; for Crosby and Letterman, No. 4, Stationer's Court, near Paternoster-Row, 1799.",London,232,male,1771,1806,False
0652501500_000001,"Reasons humbly offered, for confirming the Royal-African-Company's charter by Parliament, to such persons who are willing to become adventurers in that trade.",Royal African Company,65,1711,1,1,"[London : s.n., 1711?].",London,2,unknown,,,False
1067201601_000144,"The proceedings, at large, on the trial of John Horne Tooke, for high treason, at the Sessions House in the Old Bailey, from Monday the 17th, to Saturday the 22d of November, 1794. ... Taken in short-hand by J. H. Blanchard. ...",John Horne Tooke,41,1795,1,2,"London : printed for J. S. Jordan, 1795.",London,436,male,1736,1812,False
1408801300_000009,"Observations on slavery, and the consumption of the produce of the West India Islands: Together with an abstract of the evidence given before the committee of privy council and the select committee of the House of Commons, respecting the treatment of slaves in the West Indies.",,43,1792,1,1,"London : Printed for T. Boosey, No. 4, Old Broad-street, near the Royal-Exchange, [1792].",London,65,unknown,,,False
1321800101_001582,"The universal dictionary of trade and commerce: With large additions and imporvements adapting the same to the present state of British affairs in America, since the last Treaty of Peace made in the year 1763. With great variety of new remarks and illustrations incorporated throughout the whole: together with every thing essential that is contained in Savary's dictionary: also, all the materials laws of trade and navigation relating to these kingdoms, and the customs and usages to which all traders are subject. By Malachy Postlethwayt, Esq;.",Jacques Savary des Brûlons,52,1766,1,2,"London : printed for H. Woodfall, A. Millar, J. and R. Tonson, J. Rivington, J. Hinton, R. Baldwin, L. Hawes and W. Clarke and R. Collins, R. Horsfield, W. Johnston, T. Longman, J. Brotherton, J. Dodsley, T. Payne, J. Robson, T. Lowndes, W. Nicoll, and J. Knox, M DCC LXVI. [1766].",London,1115,male,1657,1716,False
0052203200_000039,"A looking-Glass for a right honourable mendicant; or, the real character of a certain great orator; with important political observations: in particular the marrow of the slave question, And Of That Respecting The Laws of Debtor and Creditor, &c. &c. By an old Member of Parliament.",Old Member of Parliament,36,1794,1,1,"London : printed for B. Crosby, NO. 4, Stationers-Court, M.DCC.XCIV. [1794].",London,136,unknown,,,False
0091200401_000054,"New travels in the United States of America, performed in M.DCC.LXXXVIII. Containing the latest and most accurate observations ... By J. P. Brissot de Warville.",Jacques Pierre Brissot,42,1794,1,2,"London : printed for J. S. Jordan, 1794.",London,433,male,1754,1793,False
0151104500_000056,"Abridgment of the minutes of the evidence, taken before a committee of the whole House, to whom it was referred to consider of the slave-trade, 1790.",Great Britain. Parliament. House of Commons,80,1790,1,1,"[London, 1790].",London,247,unknown,,,False
0052203200_000035,"A looking-Glass for a right honourable mendicant; or, the real character of a certain great orator; with important political observations: in particular the marrow of the slave question, And Of That Respecting The Laws of Debtor and Creditor, &c. &c. By an old Member of Parliament.",Old Member of Parliament,45,1794,1,1,"London : printed for B. Crosby, NO. 4, Stationers-Court, M.DCC.XCIV. [1794].",London,136,unknown,,,False
0026102600_000001,"At a General Court of the Adventurers of the Royal African Company of England, held at their house in Leadenhall-Street, London, the 18th of February 1713/14. Where were present a great number of the adventurers, this following scheme for an additional stock was twice read, debated, and unanimously agreed to. viz.",Royal African Company,69,1714,1,1,"[London : s.n., 1714].",London,4,unknown,,,False
0885000102_000109,An introduction to merchandize. Containing a compleat system of arithmetic. A system of algebra. ... In two volumes. ...,"Hamilton, Robert",49,1777,2,2,"Edinburgh : printed for the author; sold by T. Cadell, London, and John Balfour, Edinburgh, 1777-79.",Edinburgh,378,male,1743,1829,False
1504700115_000775,"Encyclopædia perthensis; or Universal dictionary of knowledge, collected from every source; and intended to supersede the use of all other English books of reference. Illustrated with plates and maps. In twenty three volumes.",,42,1796,15,23,"Perth : printed for C. Mitchel and Co. and sold for them by Mr Thomas Ostell, Ave Maria Lane, London. Sold also by Mess. Vernor, Hood, and Sharpe, London; and all respectable booksellers. R. Morison, printer, [1796-1806].",Perth,743,unknown,,,False
1426801000_000003,"Old truths and established facts, being an answer to a very new pamphlet indeed!",Vindex,44,1792,1,1,"[London : s.n., 1792?].",London,15,unknown,,,False
1726200201_000037,"A view of England towards the close of the eighteenth century. By Fred. Aug. Wendeborn, LL. D. Translated from the original German, by the author himself. In two volumes.",Gebhard Friedrich August Wendeborn,50,1791,1,2,"Dublin : Printed by William Sleater, for P. Wogan, P. Byrne, J. Moore, J. Jones, A. Grueber, W. Jones, R. White, and J. Rice, M.DCC.XCI. [1791].",Dublin,328,male,1742,1811,False
1116100112_000880,"Encyclopaedia; or, A dictionary of arts, sciences, and miscellaneous literature ... Compiled from the writings of the best authors, in several languages ... Illustrated with five hundred and forty-two copperplates. ...",,44,1798,12,18,"Philadelphia : Printed by Thomas Dobson, at the stone house, no 41, South Second Street, M.DCC.XCVIII. [1798] (Copy-right secured according to law).",Philadelphia,836,unknown,,,False
1010400100_000787,"A new dictionary of trade and commerce, compiled from the information of the most eminent merchants, and from the works of the best writers on commercial subjects, in all languages. Containing, among other Things, I. An Account of all the natural Productions, which are conducive to Trade, throughout the World. II. The different Manufactures established in each particular Country. III. Explanations of all the Terms used in Commerce. IV. Explanations of the principal Terms of Geography, Astronomy, and Navigation, so far as they are connected with Trade. V. An exact Account of the Coins, Weights, and Measures in use throughout the World, reduced to the English Standard. VI. A Description of the Established Banks, Trading Companies, and Staple Commodities, of different Countries. Vii. The State of the British Trade, National Debt, Funds, Customs, Excise, and other Taxes. Viii. The Laws relative to Trade and Commerce. For the Use of the Merchants and Tradesmen of Great Britain, as well as of private Gentlemen. By Mr. Rolt, with the assistance of several eminent merchants. The second edition, with the addition of a new and accurate set of maps of the world, Europe, Asia, Africa, and North and South America, by Mr. Bowen.",Richard Rolt,44,1761,1,1,"London : printed for G. Keith, at the Bible and Crown, in Grace-Church-Street; S. Crowder, at the Looking-Glass, and H. Woodgate and S. Brooks, at the Golden Ball, in Pater-Noster-Row, MDCCLXI. [1761].",London,926,male,1724,1770,False
1214301700_000002,An address to the publick on the proposed bill for the abolition of the slave trade. By the Rev. James Ramsay.,James Ramsay,54,1789,1,1,"London : printed and sold by J. Phillips, George-Yard, Lombard-Street, M,DCC,LXXXIX. [1789].",London,41,male,1733,1789,False
0540501300_000053,"Abridgment of the minutes of the evidence, taken before a committee of the whole House, to whom it was referred to consider of the slave-trade, 1791.",Great Britain. Parliament. House of Commons,62,1791,1,1,"[London, 1791].",London,168,unknown,,,False
0432500700_000231,"Report of the Lords of the Committee of Council appointed for the consideration of all matters relating to trade and foreign plantations; submitting to His Majesty's consideration the evidence and information they have collected in consequence of His Majesty's order in council dated the 11th of February 1788, concerning the present state of the trade to Africa, and particularly the trade in slaves; ...",Great Britain. Board of Trade,40,1789,1,1,"[London], 1789.",London,890,unknown,,,False
1321800101_001574,"The universal dictionary of trade and commerce: With large additions and imporvements adapting the same to the present state of British affairs in America, since the last Treaty of Peace made in the year 1763. With great variety of new remarks and illustrations incorporated throughout the whole: together with every thing essential that is contained in Savary's dictionary: also, all the materials laws of trade and navigation relating to these kingdoms, and the customs and usages to which all traders are subject. By Malachy Postlethwayt, Esq;.",Jacques Savary des Brûlons,54,1766,1,2,"London : printed for H. Woodfall, A. Millar, J. and R. Tonson, J. Rivington, J. Hinton, R. Baldwin, L. Hawes and W. Clarke and R. Collins, R. Horsfield, W. Johnston, T. Longman, J. Brotherton, J. Dodsley, T. Payne, J. Robson, T. Lowndes, W. Nicoll, and J. Knox, M DCC LXVI. [1766].",London,1115,male,1657,1716,False
1662900200_000081,"Sermons on several subjects. By the Right Reverend Beilby Porteus, D.D. bishop of Chester.",Beilby Porteus,37,1784,1,1,"Dublin : Printed by John Exshaw, No. 98, Grafton-Street, MDCCLXXXIV. [1784].",Dublin,304,male,1731,1809,False
1272900500_000009,"A letter to the Right Honourable William Pitt, on the additional tax of two shillings and sixpence on every hundred weight of sugar; with some observations on the slave trade.",Protoplastos,51,1797,1,1,"London : printed for the author; and sold by T. Egerton, Military Library, near Whitehall, 1797.",London,58,unknown,,,False
0426801400_000001,A country gentleman's reasons for voting against Mr. Wilberforce's motion for a bill to prohibit the importation of African Negroes into the colonies.,Country gentleman,42,1791,1,1,"London : printed for J. Debrett, opposite Burlington House, Piccadilly, 1791.",London,29,unknown,,,False
0881000103_000066,"An impartial report of the debates in the two houses of parliament, in the year 1797 including copies of all state papers, treaties, conventions &c. By William Woodfall. ...",William Woodfall,44,1797,3,3,"London : published by T. Chapman, No. 151, Fleet Street, 1797.",London,708,male,1746,1803,False
0127400100_000016,"A dissertation on the manners, governments, and spirit, of Africa. To which is added, observations on the present applications to Parliament for abolishing Negroe slavery in the British West Indies. By S. Hollingsworth, Author of the Present State of Nova Scotia and Canada, &c. &c.","Hollingsworth, S.",44,1788,1,1,"Edinburgh : printed for William Creech , Edinburgh ; and J. Stockdale, and J. Murray, London, MDCCLXXXVIII. [1788].",Edinburgh,68,unknown,,,False
1236701302_000040,"The history of America containing the geographical, political, and commerical [sic] state of that continent: in which is given a succinct account of the trade, customs and policy of the French nation, and the foundation they have laid for obtaining the sole dominion in those colonies. Translated from the French of Mons. du Bosque late Historographer to the French King. In two volumes. ...",Malachy Postlethwayt,58,1771,2,2,"London : printed by James Lowndes in Paternoster-Row, MDCCLXXI. [1771].",London,391,male,1707,1767,False
1478900602_000029,"The history of America: containing the geographical, political, and commercial state of that continent; in which is given a succinct account of the trade, customs and policy of the French nation, and the foundation they have laid for obtaining the sole dominion in those colonies. Translated from the French of Mons. Du Bosque, late historographer to the French King. In two volumes.",Malachy Postlethwayt,53,1770,2,2,"London : printed by George Cave and William Jordon, in St. Paul's Church Yard, MDCCLXX. [1770]",London,386,male,1707,1767,False
0241901700_000002,"Speech of the Right Hon. Henry Dundas, delivered in the House of Commons, the 15th of March, 1796, on the farther consideration of the report of the committee, upon the bill for the abolition of the slave-trade: with a copy of the bill, and notes illustrative of some passages in the speech.",Great Britain. Parliament. House of Commons,54,1796,1,1,"London : [s.n.], Printed In The Year 1796.",London,72,unknown,,,False
0147304100_000028,Observations on the evidence given before the committees of the Privy Council and House of Commons in support of the bill for abolishing the slave trade.,John Ranby,46,1791,1,1,"London : printed for John Stockdale, opposite Burlington House, Piccadilly, M.DCC.XCI. [1791].",London,324,male,1743,1820,False
0155904600_000001,"West-India trade and islands. Commercial reasons for the non-abolition of the slave trade, in the West-India Islands, by a planter. And merchant of many years residence in the West-Indies.",Planter,55,1789,1,1,"London : printed for W. Lane, Leadenhall-Street, MDCCLXXXIX. [1789].",London,25,unknown,,,False
0155801700_000014,"An address to the inhabitants of the British settlements, on the slavery of the Negroes in America. To which is added, A vindication of the address, in answer to a pamphlet entitled, ""Slavery not forbidden in Scripture; or, A defence of the West India planters."" By a Pennsylvanian. [Fifteen lines of verse, signed Proteus].",Benjamin Rush,49,1773,1,1,"Philadelphia : Printed and sold by John Dunlap, M,DCC,LXXIII. [1773].",Philadelphia,85,male,1745,1813,False
1180700600_000007,"A letter to the Right Honourable William Pitt, Chancellor of the Exchequer, &c. &c. on the proposed abolition of the African slave trade. By the Rev. F. Randolph, M. A. Late Fellow of King's College, Cambridge; And Chaplain to his Royal Highness the Duke of York.",Francis Randolph,37,1788,1,1,"London : printed for T. Cadell, in the Strand, MDCCLXXXVIII. [1788].",London,57,male,1752,1831,False
0432500700_000051,"Report of the Lords of the Committee of Council appointed for the consideration of all matters relating to trade and foreign plantations; submitting to His Majesty's consideration the evidence and information they have collected in consequence of His Majesty's order in council dated the 11th of February 1788, concerning the present state of the trade to Africa, and particularly the trade in slaves; ...",Great Britain. Board of Trade,53,1789,1,1,"[London], 1789.",London,890,unknown,,,False
0521800500_000062,"The principles of moral philosophy investigated, and briefly applied to the constitution of civil society: Together With Remarks ON The Principle Assumed BY MR. Paley AS The Basis Of All Moral Conclusions, And ON Other Positions Of The Same Author. By Thomas Gisborne, M.A. The third edition, corrected and enlarged. To which is added, a new edition, with an appendix, of Remarks on the late descision of the House of Commons respecting the abolition of the slave trade.",Thomas Gisborne,41,1795,1,1,"London : printed for B. and J. White, Fleet-Street, M,DCC,XCV. [1795].",London,376,male,1758,1846,False
0452802500_000007,"Observations on the project for abolishing the slave trade, and on the reasonableness of attempting some practicable mode of relieving the negroes.","John Baker Holroyd, 1st Earl of Sheffield",42,1790,1,1,"London : printed for J. Debrett, opposite Burlington House, Piccadilly, M.DCC.XC. [1790].",London,75,male,1735,1821,False
0925801200_000002,"A summary view of the slave trade, and of the probable consequences of its abolition.",Thomas Clarkson,35,1787,1,1,"London : printed by J. Phillips, George Yard, Lombard-Street, M.DCC.LXXXVII. [1787].",London,16,male,1760,1846,False
0540501300_000044,"Abridgment of the minutes of the evidence, taken before a committee of the whole House, to whom it was referred to consider of the slave-trade, 1791.",Great Britain. Parliament. House of Commons,41,1791,1,1,"[London, 1791].",London,168,unknown,,,False
0551801200_000003,"Reflections upon the constitution and management of the trade to Africa, through The whole Course and Progress thereof, from the Beginning of the last Century, to this Time. Wherein the nature and uncommon circumstances of that trade, are particularly consider'd; and all the Arguments urg'd alternately, by the Two contending Parties here, touching the different Methods now proposed by them, for carrying on the same, to a National Advantage, impartially stated and discussed. By all which, A clear View is given of such a Constitution, as (if establish'd by Act of Parliament) would, in all Probability, render the African Trade a permanent, creditable and advantageous Trade to Britain. Part III.",Charles Davenant,70,1709,1,1,"London : printed, and sold by John Morphew near Stationers-Hall, [1709].",London,59,male,1656,1714,False
1290801000_000003,"Letters on the slave trade: first published in Wheeler's Manchester Chronicle; and since re-printed with additions and alterations. By Thomas Cooper, Esq.","Cooper, Thomas",38,1787,1,1,"Manchester : printed by C. Wheeler, 1787.",Manchester,34,male,1759,1839,False
0521800500_000061,"The principles of moral philosophy investigated, and briefly applied to the constitution of civil society: Together With Remarks ON The Principle Assumed BY MR. Paley AS The Basis Of All Moral Conclusions, And ON Other Positions Of The Same Author. By Thomas Gisborne, M.A. The third edition, corrected and enlarged. To which is added, a new edition, with an appendix, of Remarks on the late descision of the House of Commons respecting the abolition of the slave trade.",Thomas Gisborne,45,1795,1,1,"London : printed for B. and J. White, Fleet-Street, M,DCC,XCV. [1795].",London,376,male,1758,1846,False
0026101400_000001,"The unavoidable consequences of a trade to Africa, in a regulated company, as proposed by the separate traders, demonstrated.",,58,1712,1,1,"[London, 1712?].",London,3,unknown,,,False
0991800200_000007,"The injustice and impolicy of the slave trade, and of the slavery of the Africans: illustrated in a sermon preached before the Connecticut Society for the Promotion of Freedom, and for the Relief of Persons Unlawfully Holden in Bondage, at their annual meeting in New-Haven, September 15, 1791. By Jonathan Edwards, D.D. Pastor of a church in New-Haven.","Connecticut Society for the Promotion of Freedom, and the Relief of Persons Unlawfully Holden in Bondage",39,1791,1,1,"[New Haven] : Printed by Thomas and Samuel Green, M,DCC,XCI. [1791].",New Haven,39,unknown,,,False
1290801000_000014,"Letters on the slave trade: first published in Wheeler's Manchester Chronicle; and since re-printed with additions and alterations. By Thomas Cooper, Esq.","Cooper, Thomas",55,1787,1,1,"Manchester : printed by C. Wheeler, 1787.",Manchester,34,male,1759,1839,False
0116400302_000074,"The present state of all nations. Containing a geographical, natural, commercial, and political history of all the countries in the known world. ... . By T. Smollett, M.D.",Tobias Smollett,60,1768,2,8,"London : printed for R. Baldwin, No. 47, Paternoster-Row; W. Johnston, No. 16, Ludgate-Street; S. Crowder, No. 12; and Robinson and Roberts, No. 25, Paternoster-Row, MDCCLXVIII. [1768]-69.",London,492,male,1721,1771,True
0515700103_000111,"A philosophical and political history of the settlements and trade of the Europeans in the East and West Indies. Translated from the French of the Abbé Raynal, by J. Justamond, M. A. In Five Volumes. ...",Guillaume Thomas François Raynal,40,1777,3,5,"London : printed for T. Cadell, in the Strand, MDCCLXXVII. [1777].",London,508,male,1713,1796,True
1592900100_000208,"Atlas maritimus & commercialis; or, A general view of the world, so far as relates to trade and navigation: Describing all the coasts, ports, harbours, and noted rivers, according to the latest discoveries and most exact observations. Together with a large account of the commerce carried on by sea between the several countries of the world, as likewise of all inland trade by means of navigable rivers; the rise, progress, and decay thereof, in its various branches; with methods for farther improvements. To which are added sailing directions for all the known coasts and islands on the globe; with a sett of sea-charts, some laid down after Mercator, but the greater part according to a new globular projection, adapted for measuring distances (as near as possible) by scale and compass, and authorized by letters patent under the great seal of Great-Britain. The use of the projection justified by Dr. Halley. To which are subjoin'd two large hemispheres on the plane of the equinoctial; containing all the stars in the Britannic catalogue: of great use to sailors for finding the latitude in the night.","Wilson, Henry",45,1728,1,1,"London : Printed for James and John Knapton, William and John Innys in St. Paul's Church-Yard; John Darby in Bartholomew-Close; Arthur Battesworth, John Osborn and Thomas Longman in Pater-noster-Row; John Senex in Fleet-Street; Edward Symon in Cornhil; Andrew Johnston in Peter's Court in St. Martin's Lane; and the executors of William Taylor deceas'd, M.DCC.XXVIII. [1728].",London,631,male,1673,1741,False
1408801300_000013,"Observations on slavery, and the consumption of the produce of the West India Islands: Together with an abstract of the evidence given before the committee of privy council and the select committee of the House of Commons, respecting the treatment of slaves in the West Indies.",,52,1792,1,1,"London : Printed for T. Boosey, No. 4, Old Broad-street, near the Royal-Exchange, [1792].",London,65,unknown,,,False
0637000200_000375,"The new annual register, or general repository of history, politics, and literature, for the year 1792. To which is prefixed, the conclusion of the history of knowledge, learning, and taste, in Great Britain, during the reign of Queen Elizabeth.",,39,1793,1,1,"London : printed for G.G.J. and J. Robinson, Pater-Noster-Row, MDCCXCIII. [1793].",London,730,unknown,,,False
1212305600_000001,A view of the state of the trade to Africa.,,79,1710,1,1,"[London, 1710?].",London,3,unknown,,,False
1593900102_000014,"The history, civil and commercial, of the British colonies in the West Indies: in two volumes. By Bryan Edwards, Esq. of the island of Jamaica; F.R.S. S.A. and member of the American Philosophical Society at Philadelphia.",Bryan Edwards,42,1794,2,2,"London : Printed for John Stockdale, Piccadilly, M.DCC.XCIV. [1794].",London,526,male,1743,1800,False
0723000100_000037,"The debate on a motion for the abolition of the slave-trade, in the House of Commons, on Monday and Tuesday, April 18 and 19, 1791, reported in detail.",Great Britain. Parliament. House of Commons,43,1791,1,1,"London : printed by and for W. Woodfall, and sold at the printing-office of The Diary, Salisbury-Square, Fleet-Street, MDCCXCI. [1791].",London,127,unknown,,,False
0007700103_000104,"A philosophical and political history of the settlements and trade of the Europeans in the East and West Indies. Translated from the French of the Abbé Raynal, by J. Justamond, M. A. In Five Volumes. ...",Guillaume Thomas François Raynal,39,1776,3,5,"London : printed for T. Cadell, in the Strand, M.DCC.LXXVI. [1776].",London,517,male,1713,1796,True
0151104200_000009,"A letter to Wm. Wilberforce, Esq. By Philo-Africanus.",Philo-Africanus,39,1790,1,1,"London : printed for J. Debrett, opposite Burlington House, Piccadilly, M.DCC.XC. [1790].",London,66,unknown,,,False
1156000300_000005,"Slavery inconsistent with the spirit of Christianity. A sermon preached at Cambridge, On Sunday, Feb. 10, 1788, By Robert Robinson.",Robert Robinson,42,1788,1,1,"Cambridge : printed by J. Archdeacon Printer to the University; and sold by Bowtell, and Cowper, Cambridge; and by Dilly, London, MDCCLXXXVIII. [1788].",Cambridge,38,male,1735,1790,False
0463901900_000005,"The slave-Trade indispensable: in answer to the speech of William Wilberforce, Esq. on the 13th of May, 1789. By a West-India-Merchant.","Innes, William",47,1790,1,1,"London : sold by W. Richardson , Royal Exchange ; J. Murray , Fleet-Street ; and J. Debrett, Piccadilly, M.DCC.XC. [1790].",London,79,male,1720,1795,False
0810600300_000034,"Unanswerable arguments against the abolition of the slave trade. With a defence of the proprietors of the British sugar colonies, Against certain malignant Charges contained in Letters published by a Sailor, and by Luffman, Newton, &c. Remarks on the Dispositions and Characters of the African Slaves; And Means suggested for the Distribution of their Labour; The Regulation of their Habitations, Foods, Cloathing, and Religious Instruction; The Accommodation of the Sick, and Cure of their Diseases; Which may be most conducive to render them Faithful, Obedient, and Happy. Published for the Benefit of the starving Tin-Miners in Cornwall. By James M. Adair, formerly M. D. Member of the Royal Medical Society, And Fellow of the Royal College of Physicians, Edinburgh. One of the Judges of the Courts of King's Bench and Common Pleas in the Island of Antigua; and Physician to the Commander in Chief, and the Colonial Troops of the said Island.",James Makittrick Adair,42,1790,1,1,"London : sold by J.P. Bateman, No. 21, Devonshire-Street, [1790?].",London,379,male,1728,1802,False
1116400117_000631,"Encyclopaedia; or, A dictionary of arts, sciences, and miscellaneous literature ... Compiled from the writings of the best authors, in several languages ... Illustrated with five hundred and forty-two copperplates. ...",,42,1798,17,18,"Philadelphia : Printed by Thomas Dobson, at the stone house, no 41, South Second Street, M.DCC.XCVIII. [1798] (Copy-right secured according to law).",Philadelphia,869,unknown,,,False
1408801300_000014,"Observations on slavery, and the consumption of the produce of the West India Islands: Together with an abstract of the evidence given before the committee of privy council and the select committee of the House of Commons, respecting the treatment of slaves in the West Indies.",,52,1792,1,1,"London : Printed for T. Boosey, No. 4, Old Broad-street, near the Royal-Exchange, [1792].",London,65,unknown,,,False
1242301103_000059,"Spectacle de la nature: or, nature display'd. Being discourses on such particulars of natural history as were thought most proper to excite the curiosity, and form the minds of youth. Illustrated with copper plates. Vol. III. Translated from the original French.",Noël-Antoine Pluche,35,1736,3,3,"London : printed for J. and J. Pemberton, in Fleetstreet; R. Francklin, in Covent-Garden; and C. Davis, in Pater-Noster-Row, MDCCXXXVI. [1736].",London,521,male,1688,1761,False
0339700300_000118,"Book-Keeping modernised: or, merchant-accounts by double entry, according to the Italian form. Wherein The Theory of the Art is clearly explained, and reduced to Practice, in copious Sets of Books, exhibiting all the varieties that usually occur in Real Business. To which is added, a large appendix. Containing, I. Descriptions and specimens of the Subsidiary Books used by Merchants. II. Monies and Exchanges, the nature of Bills of Exchange, Promissory Notes, and Bills of Parcels. III. Precedents of Merchants Writings, peculiar to England, Scotland, and common to both. IV. The Commission, Duty, and Power of Factors. V. A short History of the Trading Companies in Great Britain, with an account of her exports and imports. VI. The produce and commerce of the Sugar Colonies; with a specimen of the accounts kept by the factors of storekeepers; and an explication o wharf and plantation accounts. Vii. The produce and commerce of the Tobacco Colonies; with a specimen of the accounts usually kept by the storekeepers. storekeepers. Viii. The method of keeping accounts proper for Shop-Keepers or Retailers. IX. The method of keeping the accounts of a Land-Estate. X. A Dictionary, explaining abstruse words and terms that occur in merchandise. By John Mair, A.M.","Mair, John",56,1786,1,1,"Edinburgh : printed for John Bell, and William Creech; and sold by T. Longman, G. G. J. & J. Robinson, T. Cadell, C. Dilly, and Richardson & Urquhart, London, MDCCLXXXVI. [1786].",Edinburgh,635,male,1702,1769,False
0495200202_000056,"A descriptive account of the island of Jamaica: with remarks upon the cultivation of the sugar-cane, ... also observations and reflections upon what would probably be the consequences of an abolition of the slave-trade, and of the emancipation of the slaves. By William Beckford, Esq. ... In two volumes. ...","Beckford, William",28,1790,2,2,"London : printed for T. and J. Egerton, 1790.",London,413,unknown,,,False
0555300103_000452,"The new encyclopædia; or, modern universal dictionary of arts and sciences, on a new and improved plan. ... In three volumes. By William Henry Hall, Esquire. The third edition. Revised, corrected, and enlarged, with considerable additions, improvements and modern discoveries, by Thomas Augustus Lloyd, ... Illustrated with upwards of one hundred and fifty large superb copper-plates, ...","Hall, William Henry",35,1797,3,3,"London : printed for C. Cooke; and sold by the booksellers of Bath, Bristol, Birmingham, Canterbury, Cambridge, Coventry, Chester, Derby, Exeter, Gloucester, Hereford, Hull, Ipswich, Leeds, Liverpool, Leicester, Manchester, Newcastle, Norwich, Nottingham, Northampton, Oxford, Reading, Salisbury, Sherborn, Sheffield, Shrewsbury, Worcester, Winchester, York; and by all other booksellers in England, Scotland, and Ireland, [1797?].",London,715,male,,,False
1476700144_000200,"The Parliamentary register; or, History of the proceedings and debates of the House of Commons; Containing an account of the most interesting speeches and motions; accurate copies of the most remarkable letters and papers; of the most material evidence, petitions, &c. laid before and offered to the House, during the first session of the fifteenth Parliament of Great Britain. Begun to be holden at Westminster on the 31st day of October 1780.",Great Britain. Parliament. House of Lords,35,1781,44,45,"London : Printed for J. Almon and J. Debrett, opposite Burlington-House, in Piccadilly, MDCCLXXXI. [1781].",London,849,unknown,,,False
1476100124_000055,"The Parliamentary register; or, History of the proceedings and debates of the House of Commons; Containing an account of the most interesting speeches and motions; accurate copies of the most remarkable letters and papers; of the most material evidence, petitions, &c. laid before and offered to the House, during the first session of the fifteenth Parliament of Great Britain. Begun to be holden at Westminster on the 31st day of October 1780.",Great Britain. Parliament. House of Lords,51,1781,24,45,"London : Printed for J. Almon and J. Debrett, opposite Burlington-House, in Piccadilly, MDCCLXXXI. [1781].",London,400,unknown,,,False
0523701200_000014,"An essay, towards regulating the trade, and employing the poor, of this kingdom. By John Cary.","Cary, John",53,1717,1,1,"London : printed by Susanna Collins in the Old Baily, and sold by Tim. Goodwin at the Queen's Head against St. Dunstan's Church in Fleet-Street; and Edward Symon at the Corner of Popes-Head Alley in Cornhill, 1717.",London,170,male,,,False
0432500700_000076,"Report of the Lords of the Committee of Council appointed for the consideration of all matters relating to trade and foreign plantations; submitting to His Majesty's consideration the evidence and information they have collected in consequence of His Majesty's order in council dated the 11th of February 1788, concerning the present state of the trade to Africa, and particularly the trade in slaves; ...",Great Britain. Board of Trade,67,1789,1,1,"[London], 1789.",London,890,unknown,,,False
0691600400_000025,"The debate on a motion for the abolition of the slave-trade, in the House of Commons, on Monday the second of April, 1792, reported in detail.",Great Britain. Parliament. House of Commons,35,1792,1,1,"[London : s.n., 1792].",London,176,unknown,,,False
1408801300_000003,"Observations on slavery, and the consumption of the produce of the West India Islands: Together with an abstract of the evidence given before the committee of privy council and the select committee of the House of Commons, respecting the treatment of slaves in the West Indies.",,45,1792,1,1,"London : Printed for T. Boosey, No. 4, Old Broad-street, near the Royal-Exchange, [1792].",London,65,unknown,,,False
0831300103_000286,"Modern history: or, the present state of all nations. Describing their respective situations, persons, habits, and buildings; manners, laws and customs, religion, and policy; Arts and Sciences, Trades, Manufactures and Husbandry; plants, animals, and minerals. By Mr Salmon. Illustrated with cuts and maps, accurately drawn according to the Geographical Part of this Work, by Herman Moll. The third edition. With considerable additions and improvements, interspersed in the body of the work: Also the History and Revolutions of each Country, brought down to the present Time. In three volumes. ...",Thomas Salmon,46,1744,3,3,"London : printed for T. Longman, in Pater-Noster-Row. T. Osborne, in Grays-Inn. J. Shuckburgh, in Fleet-Street. C. Hitch, in Pater-Noster-Row. S. Austen, in Newgate-Street. And J. Rivington, in St Paul's Church-Yard, MDCCXLIV. [1744]-46.",London,651,male,1679,1767,False
1285800303_000213,"An impartial report of the debates that occur in the two houses of Parliament, In the Course of the Sixth Session of the Seventeenth Parliament of Great Britain, called to meet at Westminster, on Thursday the 29th of October, 1795. With some account of the respective speakers, and Notes and Illustrations. including copies of all state papers, treaties, conventions, &c. By William Woodfall, and assistants. Vol. III.",William Woodfall,45,1796,3,3,"London : published by T. Chapman, No. 151, Fleet-Street, 1796.",London,667,male,1746,1803,False
0684801700_000005,"Considerations on the present peace, As far as it is relative to the colonies, and the African trade.","Roberts, John, governor of Cape Coast Castle",45,1763,1,1,"London : printed for W. Bristow, at the West End of St. Paul's Church-Yard, MDCCLXIII. [1763].",London,79,unknown,,,False
0064601700_000003,"The true state of the question, addressed to the petitioners for the abolition of the slave trade. By a plain man, who signed the petition at Derby.",Plain man,28,1792,1,1,"London : [s.n.], MDCCXCII. [1792].",London,13,male,,,False
0301702400_000079,"The substance of the evidence of sundry persons on the slave-trade, collected in the course of a tour made in the autumn of the year 1788.",Thomas Clarkson,43,1789,1,1,"London : printed by James Phillips, George-Yard, Lombard-Street, M.DCC.LXXXIX. [1789].",London,144,male,1760,1846,False
0519600106_000081,"A philosophical and political history of the settlements and trade of the Europeans in the East and West Indies. Revised, augmented, and published, in ten volumes, by the Abbé Raynal. Newly translated from the French, by J. O. Justamond, F.R.S. With a new set of maps Adapted to the Work, an a copious index. In Eight Volumes. ...",Guillaume Thomas François Raynal,32,1783,6,8,"London : printed for W. Strahan; and T. Cadell, in the Strand, MDCCLXXXIII. [1783].",London,527,male,1713,1796,True
0810600300_000024,"Unanswerable arguments against the abolition of the slave trade. With a defence of the proprietors of the British sugar colonies, Against certain malignant Charges contained in Letters published by a Sailor, and by Luffman, Newton, &c. Remarks on the Dispositions and Characters of the African Slaves; And Means suggested for the Distribution of their Labour; The Regulation of their Habitations, Foods, Cloathing, and Religious Instruction; The Accommodation of the Sick, and Cure of their Diseases; Which may be most conducive to render them Faithful, Obedient, and Happy. Published for the Benefit of the starving Tin-Miners in Cornwall. By James M. Adair, formerly M. D. Member of the Royal Medical Society, And Fellow of the Royal College of Physicians, Edinburgh. One of the Judges of the Courts of King's Bench and Common Pleas in the Island of Antigua; and Physician to the Commander in Chief, and the Colonial Troops of the said Island.",James Makittrick Adair,38,1790,1,1,"London : sold by J.P. Bateman, No. 21, Devonshire-Street, [1790?].",London,379,male,1728,1802,False
0793200100_000515,"Lex mercatoria rediviva: or, the merchant's directory. Being a complete guide to all men in business, Whether AS Traders, Remitters, Owners, Freighters, Captains, Insurers, Brokers, Factors, Supercargoes, Agents. Containing an account of our trading companies and colonies, with their Establishments, and an Abstract of their Charters; the duty of consuls, and the Laws subsisting about Aliens, Naturalization and Denization. To Which IS Added a state of the present general traffick of the whole world; describing the Manufactures and Products of each particular Nation: And Tables of the Correspondence and Agreement of the European Coins, Weights, and Measures, with the Addition of all others that are known. Extracted fro the works of the best writers both at Home and Abroad; more especially from those justly celebrated ones of Messieurs Savary; improved and corrected by the author's own observations, during his long Continuance in Trade. The whole calculated for the Use and Service of the Merchant, Lawyer, Senator, and Gentleman. The second edition, with large additions. By Wyndham Beawes, Esq; His Britannick Majesty's Consul at Seville and St. Lucar.",Wyndham Beawes,49,1761,1,1,"London : printed for R. Baldwin at the Rose, and S. Crowder and Co. at the Looking-Glass, in Pater-Noster-Row, M.DCC.LXI. [1761].",London,943,male,,,False
0082701200_000016,"A state of the British sugar-colony trade; shewing, that an additional duty of twelve shillings per 112 pounds weight may be laid upon brown or muscovado sugar (and proportionably higher Duties upon Sugar refined before imported) without making sugar dearer in this kingdom than it hath been of late Years, and without Distressing the British Sugar-Planters; for their Profits will then be Twice as much Money per Acre of Land, as the Landholders of England receive for their Estates. All which Matters are plainly made appear, and the vast Losses which this Kingdom hath suffered by the Sugar-Colony Trade, within Thirty Years last past, are particularly pointed out. Most humbly submitted to the consideration of the honourabl House of Commons. By J. Massie.",Joseph Massie,54,1759,1,1,"London : printed for T. Payne, in Castle-Street, Charing-Cross; sold by W. Shropshire, in New Bond-Street; W. Owen, at Temple-Bar; C. Henderson, at the Royal-Exchange, MDCCLIX. [1759].",London,54,male,,1784,False
0256800200_000035,"Considerations on the abolition of slavery and the slave trade, upon grounds of natural, religious, and political duty.",Thomas Burgess,56,1789,1,1,"Oxford : sold by D. Prince and J. Cooke; J. and J. Fletcher: and by Elmsly, White, Payne, Cadell, London, MDCCLXXXIX. [1789].",Oxford,171,male,1756,1837,False
1163900101_000078,"The history, civil and commercial, of the British colonies in the West Indies: in two volumes. By Bryan Edwards, ...",Bryan Edwards,45,1793,1,2,"London : printed for John Stockdale, 1793.",London,540,male,1743,1800,False
0663700100_000018,"A new dictionary of trade and commerce, compiled from the information of the most eminent merchants, and from the works of the best writers on commercial subjects, in all languages. Containing, among other Things, I. An Account of all the natural Productions, which are conducive to Trade, throughout the World. II. The different Manufactures established in each particular Country. III. Explanations of all the Terms used in Commerce. IV. Explanations of the principal Terms of Geography, Astronomy, and Navigation, so far as they are connected with Trade. V. An exact Account of the Coins, Weights, and Measures in use throughout the World, reduced to the English Standard. VI. A Description of the Established Banks, Trading Companies, and Staple Commodities, of different Countries. Vii. The State of the British Trade, National Debt, Funds, Customs, Excise, and other Taxes. Viii. The Laws relative to Trade and Commerce. For the Use of the Merchants and Tradesmen of Great Britain, as well as of private Gentlemen. By Mr. Rolt, with the assistance of several eminent merchants.",Richard Rolt,49,1756,1,1,"London : printed for T. Osborne and J. Shipton; J. Hodges; J. Newbery; G. Keith; and B. Collins, MDCCLVI. [1756].",London,926,male,1724,1770,False
0151104000_000004,Considerations on the emancipation of negroes and on the abolition of the slave-trade. By a West-India planter.,West-India planter,42,1788,1,1,"London : printed for J. Johnson, St. Paul's Church-Yard; and J. Debrett, Piccadilly, M.DCC.LXXXVIII. [1788].",London,42,unknown,,,False
0301701000_000039,"The debate on a motion for the abolition of the slave-trade, in the House of Commons, on Monday and Tuesday, April 18 and 19, 1791, reported in detail.",Great Britain. Parliament. House of Commons,43,1791,1,1,"London : printed by and for W. Woodfall, and sold at the printing-office of The Diary, Salisbury-Square, Fleet-Street, MDCCXCI. [1791].",London,125,unknown,,,False
1499400400_000004,"A cool address to the people of England, on the slave trade. ""To see the sufferings of my fellow creatures, and own myself a man."" By Thomas Maxwell Adams, Esq.","Adams, Thomas Maxwell",47,1788,1,1,"London : Printed for R. Faulder, New Bond-Street; and J. Stockdale, Piccadilly, M.DCC.LXXXVIII. [1788].",London,43,unknown,,,False
0191002300_000006,"Heads of the speeches, delivered On the 18th and 19th April, 1791, in a committee of the House of Commons, on a motion made by Mr. Wilberforce, for the Abolition of the Slave-Trade, with Detector's letters, &c.",,42,1791,1,1,"Liverpool : printed in the year, MDCCXCI. [1791].",Liverpool,112,unknown,,,False
1321800101_001345,"The universal dictionary of trade and commerce: With large additions and imporvements adapting the same to the present state of British affairs in America, since the last Treaty of Peace made in the year 1763. With great variety of new remarks and illustrations incorporated throughout the whole: together with every thing essential that is contained in Savary's dictionary: also, all the materials laws of trade and navigation relating to these kingdoms, and the customs and usages to which all traders are subject. By Malachy Postlethwayt, Esq;.",Jacques Savary des Brûlons,47,1766,1,2,"London : printed for H. Woodfall, A. Millar, J. and R. Tonson, J. Rivington, J. Hinton, R. Baldwin, L. Hawes and W. Clarke and R. Collins, R. Horsfield, W. Johnston, T. Longman, J. Brotherton, J. Dodsley, T. Payne, J. Robson, T. Lowndes, W. Nicoll, and J. Knox, M DCC LXVI. [1766].",London,1115,male,1657,1716,False
1476400132_000163,"The Parliamentary register; or, History of the proceedings and debates of the House of Commons; Containing an account of the most interesting speeches and motions; accurate copies of the most remarkable letters and papers; of the most material evidence, petitions, &c. laid before and offered to the House, during the first session of the fifteenth Parliament of Great Britain. Begun to be holden at Westminster on the 31st day of October 1780.",Great Britain. Parliament. House of Lords,38,1781,32,45,"London : Printed for J. Almon and J. Debrett, opposite Burlington-House, in Piccadilly, MDCCLXXXI. [1781].",London,512,unknown,,,False
0151104400_000003,"Substance of the speech of His Royal Highness the Duke of Clarence, in the House of Lords, on the motion for the recommitment of the slave trade limitation bill, on the fifth day of July, 1799. (published at the Request of the West India Merchants and Planters, and the Mercantile Interest of Liverpool.)",Great Britain. Parliament. House of Lords,40,1799,1,1,"London : printed by C. Whittingham, Dean Street, Fetter Lane; and sold by F. and C. Rivington, St. Paul's Church Yard, [1799].",London,70,unknown,,,False
1509800100_000542,"Chambers's edition. An improved system of modern Geography: or, A geographical, historical, and commercial grammar; containing the ancient and present state of all the empires, kingdoms, states, and republics in the known world. With I. The figures, motions, and distances of the planets, according to the Newtonian system and the latest observations. II. A general view of the Earth considered as a planet; with several useful geographical definitions and problems. III. The grand divisions of the globe into land and water, continents and islands. IV. The situation and extent of empires, kingdoms, states, provinces, and colonies. V. Their climates, air, soil, vegetable productions, metals, minerals, natural curiosities, seas, rivers, bays, capes, promontories, and lakes. VI. The birds and beasts peculiar to each country. VII. Observations on the changes that have been observed upon the face of nature since the earliest periods of history. VIII. The history and origin of nations; their forms of government, religion, laws, revenues, taxes, naval and military strength. IX. The genius, manners, customs, and habits of the people. X. Their language, learning, arts, sciences, manufactures and commerce. XI. The chief cities, structures, ruins, and artificial curiosities. XII. The longitude, latitude, bearings, and distances of principal places from London. To which are added, I. A geographical index, with the names and places alphabetically arranged. II. A table of the coins of all nations, and their value in English money. III. A chronological table of remarkable events from the creation to the present time. Originally compiled By William Guthrie, Esq.",William Guthrie,35,1789,1,1,"Dublin : Printed by John Chambers, No. 5, Abbey-Street, M.DCC.LXXXIX. [1789].",Dublin,1032,male,1708,1770,False
0534401100_000001,"The sorrows of slavery, a poem. Containing a faithful statement of facts respecting the African slave trade. By the Rev. J. Jamieson, A. M. F. A. S. S.",John Jamieson,29,1789,1,1,"London : printed for J. Murray, NO. 32, Fleet-Street, 1789.",London,78,male,1759,1838,False
0064301400_000024,"In honour to the administration. The importance of the African expedition considered: with copies of the memorials, ... The whole as planned and designed, by Malachy Postlethwayt, ... To which are added, observations, illustrating the said memorials, ...",Malachy Postlethwayt,56,1758,1,1,"London : printed by C. Say; and sold by M. Cooper, 1758.",London,125,male,1707,1767,False
0628200800_000005,"No abolition; or, an attempt to prove to the conviction of every rational British subject, that the abolition of the British trade with Africa for Negroes, would be a measure as unjust as impolitic, fatal to the interests of this nation, ruinous to its Sugar Colonies, and more or less pernicious in its consequences to every description of the people. In the course of which are inserted important extracts from the report of the right Honourable Committee of Privy Council.",,74,1789,1,1,"London : printed for J. Debrett, opposite Burlington-House, Piccadilly, MDCCLXXXIX. [1789].",London,54,unknown,,,False
0959000200_000044,"A topographical description of the western territory of North America: containing a succinct account of its soil, climate, natural history, population, agriculture, manners, and customs. With an ample Description of the several Divisions into which that Country is partitioned; To which are added, the discovery, settlement, and present state of Kentucky. And An essay towards the Topography, and Natural History of that important Country. By John Filson. To which is added, I. The Adventures of Col. Daniel Boon, one of the First Settlers, comprehending every important Occurrence in the Political History of that Province. II. The Minutes of the Piankashaw Council, held at Post St. Vincent's, April 15, 1784. III. An Account of the Indian Nations inhabiting within the Limits of the Thirteen United States; their Manners and Customs; and Reflections on their Origin. By George Imlay, A Captain in the American Army during the War, and Commissioner for laying out Lands in the Back Settlements. Illustrated with correct Maps of the Western Territory of North America; of the State of Kentucky, as divided into Counties, from the latent Surveys; and a Plan of the Rapids of the Ohio.",John Filson,40,1793,1,1,"London : printed for J. Debrett, opposite Burlington-House, Piccadilly, MDCCXCIII. [1793].",London,476,male,1753,1788,False
0014800304_000017,"A philosophical and political history of the settlements and trade of the Europeans in the East and West Indies. By the Abbé Raynal. To which is added, The revolution of America. By the same author. A new translation. With notes, Large Additions and Improvements, and a Copious Index. ...",Guillaume Thomas François Raynal,32,1782,4,6,"Edinburgh : printed for W. Gordon, W. Gray, J. Bell, J. Dickson, & P. Anderson, Edinburgh; W. Anderson, Stirling; J. Duncan, & Dunlop & Wilson, Glasgow; Angus & Son, Aberdeen; & E. Wilson, Dumfries, M,DCC,LXXXII. [1782].",Edinburgh,312,male,1713,1796,True
0600600500_000004,"The African trade, the great pillar and support of the British plantation trade in America: ...",Malachy Postlethwayt,68,1745,1,1,"London : printed for J. Robinson, 1745.",London,47,male,1707,1767,False
0553800400_000386,"The american geography; or, a view of the present situation of the United States of America. Containing astronomical geography; geographical definitions, discovery, and general description Of their Boundaries; Mountains; Lakes; Bays, and Rivers; Natural History; Production; Population; Government; Agriculture; Commerce; Manufactures; and History. - A concise account of the War, and of the important Events which have succeeded: A Particular Description of Kentucky, the Western Territory, the Territory South of Ohio, and Vermong: Of their Extent; Civil Divisions; Chief Towns; Climates; Soils; Trade; Character; Constitutions; Courts of Justice; Colleges; Academies; Religion; Islands; Indians; Literary and Humane Societies; Springs; Curiosities; Histories; Mines; Minerals; Military Strength, &c. With a view of the British, Spanish, French, Portuguese, and Dutch Dominions, on the Continent, and in the West Indies. By Jedidiah Morse, A.M.",Jedidiah Morse,39,1794,1,1,"London : printed for John Stockdale, Piccadilly, 1794.",London,656,male,1761,1826,False
1517700500_000011,"The trade and navigation of Great-Britain considered. Shewing, that the surest way for a nation to increase in riches, is to prevent the importation of such foreign commodities as may be raised at home. That this kingdom is capable of raising within itself, and its colonies, materials for employing all our poor in those manfactures, which we now import from such of our neighbours who refuse the admission of ours. An account of the commodities each country we trade with takes from us, and what we take from them; with observations on the balance. By Joshua Gee. A new edition, with many interesting notes, and additions. By a merchant.","Gee, Joshua, merchant",60,1767,1,1,"Glasgow : Printed for Robert Urie, MDCCLXVII. [1767].",Glasgow,274,male,,,False
0345300101_000237,"A description of the maritime parts of France, containing a particular account of all the fortified towns, forts, harbours, bays, and rivers, with their Tides, Currents, Soundings, Shoals, &c. Also of all Manufactures, and Articles of Commerce, and of the most remarkable Invasions, Sieges, and Sea-Fights, which have happened on or near that Coast. Illustrated with charts of the Sea-Coast, and Plans of all the Fortified Places on it. Collected from the best Authorities. Engraved by Tho. Jefferys, Geographer to his Majesty. To which are prefixed, A Glossary, and Plans of the several Parts of Fortification, on two Plates, to explain the Terms made Use of in the Work.","Jefferys, Thomas",57,1761,1,2,"London : printed for Thomas Jefferys, at Charing-Cross, MDCCLXI. [1761].",London,525,male,,,False
0782000102_000525,"A survey of the cities of London and Westminster, borough of Southwark, and parts adjacent. Containing, I. The original foundation, and the Antient and Modern State thereof. II. An exact Description of all Wards and Parishes; Parish - Churches, Palaces, Halls, Hospitals, Publick Offices, Edifices, and Monuments, of any Account, throughout the said Cities, Borough, &c. III. A particular Account of the Government of London, Ecclesiastical, Civil, and Military; of all Charters, Liberties, Privileges and Customs; and of all Livery and other Companies, with their Coats of Arms. IV. Lists of all the officers of His Majesty's revenues, and houshold; and those of the rest of the Royal Family; together with the Salaries thereunto belonging. By Robert Seymour, Esq; The whole being an improvement of Mr Stow's, and other surveys, by adding whatever Alterations have happened in the said Cities, &c. to the present Year; and retrenching many Superfluities, and correcting many Errors in the former Writers. Illustrated with several copper plates. ...",John Stow,62,1733,2,2,"London : printed for J. Read in White-Fryars, Fleet-Street, M,DCC,XXX,IV. [1733]-35.",London,906,male,1525,1605,False
0115100101_000238,"The American universal geography, or, A view of the present state of all the empires, kingdoms, states, and republics in the known world, and of the United States in particular. In two parts. ... The whole comprehending a complete and improved system of modern geography. Calculated for Americans. Illustrated with twenty-eight maps and charts. By Jedidiah Morse, D.D. Minister of the congregation in Charlestown. Published according to act of Congress. Part I[-II].",Jedidiah Morse,43,1796,1,2,"Printed at Boston : by Isaiah Thomas and Ebenezer T. Andrews. Sold at their bookstore, Faust's Statue, no. 45, Newbury Street; by said Thomas, in Worcester; by S. Campbell, in New York; by M. Carey, in Philadelphia; by Thomas, Andrews and Butler, in Baltimore; and by other booksellers in different parts of the United States, June, 1796.",Boston|New York.|Worcester.,833,male,1761,1826,False
0253600204_000032,"A philosophical and political history of the settlements and trade of the Europeans in the East and West Indies. Revised, augmented, and published, in ten volumes, by the Abbé Raynal. Newly translated from the French, by J. O. Justamond, ... with ... engravings ... In six volumes. ...",Guillaume Thomas François Raynal,47,1784,4,6,"Dublin : printed for John Exshaw, and Luke White, 1784.",Dublin,554,male,1713,1796,True
0339601000_000056,"Some information respecting America, collected by Thomas Cooper, Late Of Manchester.","Cooper, Thomas",48,1794,1,1,"London : printed for J. Johnson, In ST. Paul's Church Yard, MDCCXCIV. [1794].",London,248,male,1759,1839,False
0151103900_000004,Considerations on the slave trade; and the consumption of West Indian produce.,"Cooper, Thomas",41,1791,1,1,"London : printed and sold by Darton and Harvey, Gracechurch-Street; J. Carter, back of the Royal Exchange, and J. Parsons, Paternoster Row, MDCCXCI. [1791].",London,16,male,1759,1839,False
1150201600_000041,"Select dissertations on colonies and plantations. By those celebrated authors, Sir Josiah Child, Charles D'Avenant, LL. D. and Mr. William Wood. Wherein the nature of plantations, and their Consequences to Great Britain, are seriously considered. And a plan proposed, which may settle the unhappy differences between Great Britain and America.","Wood, William",76,1775,1,1,"London : printed and sold by W. Hay, at the Artists Academy, near Exeter Exchange, Strand, MDCCLXXV. [1775].",London,115,male,1679,1765,False
0157001500_000010,The present state of the British and French trade to Africa and America consider'd and compar'd; with some propositions in favour of the trade of Great Britain.,,80,1745,1,1,"London : printed for E. Comyns, at the Royal-Exchange, MDCCXLV. [1745].",London,56,unknown,,,False
0752300103_000059,"Spectacle de la nature: or, nature display'd. Being discourses on such particulars of natural history, as were thought most proper to excite the curiosity, and form the minds of youth. Illustrated with copper plates. Translated from the original French, by Mr. Humphreys.",Noël-Antoine Pluche,34,1743,3,4,"London : printed for R. Francklin, in Covent-Garden; C. Davis, against Grays-Inn, Holborn; and J. and H. Pemberton, in Fleet-Street, MDCCXLIV. 1743-[44].",London,421,male,1688,1761,False
1408801300_000008,"Observations on slavery, and the consumption of the produce of the West India Islands: Together with an abstract of the evidence given before the committee of privy council and the select committee of the House of Commons, respecting the treatment of slaves in the West Indies.",,37,1792,1,1,"London : Printed for T. Boosey, No. 4, Old Broad-street, near the Royal-Exchange, [1792].",London,65,unknown,,,False
0776000800_000003,"Liberty: a pindaric ode. By Charles Crawford, Esq.","Crawford, Charles",36,1789,1,1,"Tunbridge-Wells : printed and sold by Jasper Sprange; likewise may be had of Simmons and Kirkby, Canterbury; Mr. Blake, Maidstone; and of Messrs. Rivingtons, Booksellers, St. Paul's-Church-Yard, London, [1789].",Tunbridge Wells,17,male,,,False
0113305600_000004,"Speeches in Parliament, respecting the abolition of the African slave trade.",,51,1789,1,1,"Edinburgh : printed by D. Willison, for the Society instituted at Edinburgh, for the purpose for effecting the abolition of the slave trade, M,DCC,LXXXIX. [1789].",Edinburgh,116,unknown,,,False
0014800304_000014,"A philosophical and political history of the settlements and trade of the Europeans in the East and West Indies. By the Abbé Raynal. To which is added, The revolution of America. By the same author. A new translation. With notes, Large Additions and Improvements, and a Copious Index. ...",Guillaume Thomas François Raynal,40,1782,4,6,"Edinburgh : printed for W. Gordon, W. Gray, J. Bell, J. Dickson, & P. Anderson, Edinburgh; W. Anderson, Stirling; J. Duncan, & Dunlop & Wilson, Glasgow; Angus & Son, Aberdeen; & E. Wilson, Dumfries, M,DCC,LXXXII. [1782].",Edinburgh,312,male,1713,1796,True
0155801700_000010,"An address to the inhabitants of the British settlements, on the slavery of the Negroes in America. To which is added, A vindication of the address, in answer to a pamphlet entitled, ""Slavery not forbidden in Scripture; or, A defence of the West India planters."" By a Pennsylvanian. [Fifteen lines of verse, signed Proteus].",Benjamin Rush,41,1773,1,1,"Philadelphia : Printed and sold by John Dunlap, M,DCC,LXXIII. [1773].",Philadelphia,85,male,1745,1813,False
0922801800_000004,Paper respecting the slave-trade.,,42,1788,1,1,"[London : s.n., 1788].",London,58,unknown,,,False
1145900700_000018,A collection of papers relating to the trade to Africa.,,73,1712,1,1,"[London, 1712?].",London,54,unknown,,,False
1472203600_000056,"Some information respecting America, collected by Thomas Cooper late of Manchester.","Cooper, Thomas",47,1794,1,1,"Dublin : Printed by William Porter, for P. Wogan, P. Byrne, W. Porter, W. Jones, J. Rice, and N. Kelly, 1794.",Dublin,244,male,1759,1839,False
0151104500_000026,"Abridgment of the minutes of the evidence, taken before a committee of the whole House, to whom it was referred to consider of the slave-trade, 1790.",Great Britain. Parliament. House of Commons,42,1790,1,1,"[London, 1790].",London,247,unknown,,,False
1408200300_000018,"A Short account of the slave-trade, &c.",,29,1780,1,1,"[London? : s.n., 1780?].",London,78,unknown,,,False
1321800101_001336,"The universal dictionary of trade and commerce: With large additions and imporvements adapting the same to the present state of British affairs in America, since the last Treaty of Peace made in the year 1763. With great variety of new remarks and illustrations incorporated throughout the whole: together with every thing essential that is contained in Savary's dictionary: also, all the materials laws of trade and navigation relating to these kingdoms, and the customs and usages to which all traders are subject. By Malachy Postlethwayt, Esq;.",Jacques Savary des Brûlons,60,1766,1,2,"London : printed for H. Woodfall, A. Millar, J. and R. Tonson, J. Rivington, J. Hinton, R. Baldwin, L. Hawes and W. Clarke and R. Collins, R. Horsfield, W. Johnston, T. Longman, J. Brotherton, J. Dodsley, T. Payne, J. Robson, T. Lowndes, W. Nicoll, and J. Knox, M DCC LXVI. [1766].",London,1115,male,1657,1716,False
0381800100_000010,"Commerce in the human species, and the enslaving of innocent persons, inimical to the laws of Moses and the gospel of Christ. A sermon, preached in Little Prescot Street, Goodman's Fields, January 29, 1792. By Abraham Booth.",Abraham Booth,27,1792,1,1,"London : printed by L. Wayland; and sold by C. Dilly, Poultry; and T. Knott, Lombard Street, M,DCC,XCII. [1792].",London,30,male,1734,1806,False
0151104500_000059,"Abridgment of the minutes of the evidence, taken before a committee of the whole House, to whom it was referred to consider of the slave-trade, 1790.",Great Britain. Parliament. House of Commons,49,1790,1,1,"[London, 1790].",London,247,unknown,,,False
0348100100_000550,"Lex mercatoria rediviva: or, a complete code of commercial law. Being a general guide to all men in business, whether as Traders, Remitters, Owners, Freighters, Captains, Insurers, Brokers, Factors, Supercargoes, or Agents. With an account of our mercantile companies; of our colonies and factories abroad; of our Commercial Treaties with Foreign Powers; of the duty of consuls, and of the Laws concerning Aliens, Naturalization, and Denization. To which is added, a sketch of the present state of the commerce o f the whole world; describing the Manufacturers and Products of each particular Nation; with Tables of the Correspondence and Agreement of their respective Coins, Weights, and Measures. Compiled from the works of the most celebrated British and Foreign Commercial writers. The whole equally calculated for the Information and Service of the Merchant, Lawyer, Member of Parliament, and private Gentleman. By the late Wyndham Beawes, Esq; His Britannick Majesty's Consul at Seville and St. Lucar. The fifth edition, considerably enlarged, and improved, by Thomas Mortimer, Esq; Formerly his Majesty's Vice Consul at Ostend.",Wyndham Beawes,46,1792,1,1,"London : printed for R. Baldwin; T. Longman; B. Law; S. Crowder; T. Cadell; G. Robinson, and Co. F. and C. Rivington; J. Sewel; D. Steel; T. and J. Brooke; W. Otridge; Whieldon and Butterworth; W. Lowndes; and W. Evans, MDCCXCII. [1792].",London,1039,male,,,False
0236201000_000070,"Elements of geography, with the principles of natural philosophy, and sketches of general history. Containing I. The figure of the earth, and the Elements of Mechanics and Astronomy. II. The Oeconomy of the Sublunary Works of Creation, Living and Inanimate. Cohesion, Gravity, Magnetism, Electricity, Optics, Phonics, Pneumatics, Meteors, Hydrostatics, &c. the Structure of Fossils, Anatomy of Plants and Animals. III. Picturesque and General Sketches of the different Parts of the Earth, and the varied Appearances and Manners of its Inhabitants, both Man and Brute. With an Account of J. Cook's last Voyage, which, in accounting for the peopling of the remote Parts of the World, may serve the most incredulous as a Cord to bind together all the Nations of the Earth in one great Family, descended from one common Stock. Also, The History of Slavery, ancient and modern. IV. The Rise, Revolutions and Fall of the Principal Empires of the World. In which the Jewish History is, as the most important, most fully entered into; with a particular Account of the Siege and final Destruction of Jerusalem. V. Changes through different Ages in the Manners of Mankind. In which the Idolatry of the Ancients, the Testimonies of the Primitive Christians, and the Gothic and Feudal Manners, with the gradual Refinement of Europe therefrom, are particularly described. VI. Vii. Viii. IX. Descriptions of the different quarters of the world, Europe, Asia, Africa, and America. Their Divisions into Countries, Provinces, &c. their Climates, Soils, Animals, Plants, Minerals, Mountains, Rivers, Lakes, Canals, Commerce, Manufactures, Curiosities, Schools, Learning, Literati, Religious Profession, Language, Government, History, &c. Illustrated With Ten Copperplates. BY John Walker, Teacher of the Classics and Mathematics, Usher's Island, Dublin. Being principally the substance of a course of lectures addressed to his pupils.","Walker, John",33,1788,1,1,"Dublin : printed for the author, and sold by Robert Jackson, Meath-Street. also, by James Phillips, George-Yard, Lombard-Street, London, and Joseph Crukshank, Philadelphia, M,DCC,LXXXVIII. [1788].",Dublin,411,male,1759,1830,False
0215200300_000018,"Historical sketches of the slave trade, and of its effects in Africa. Addressed to the people of Great-Britain. By the Right Hon. Lord Muncaster.","John Pennington, 1st Baron Muncaster",55,1792,1,1,"London : printed for John Stockdale, opposite Burlington House, Piccadilly, M.DCC.XCII. [1792].",London,101,male,1737,1813,False
0151104500_000054,"Abridgment of the minutes of the evidence, taken before a committee of the whole House, to whom it was referred to consider of the slave-trade, 1790.",Great Britain. Parliament. House of Commons,51,1790,1,1,"[London, 1790].",London,247,unknown,,,False
0736700105_000084,"The political and commercial works of that celebrated writer Charles D'Avenant, LL.D. Relating to the Trade and Revenue of England, The Plantation Trade, The East-India Trade, And African Trade. Collected and revised by Sir Charles Whitworth, Member of Parliament. To which is annexed a copious Index. In five volumes. Volume I.",Charles Davenant,52,1771,5,5,"London : printed for R. Horsfield in Ludgate Street, T. Becket and P. A. Dehondt, and T. Cadell in the Strand, and T. Evans in King Street, Covent Garden, MDCCLXXI. [1771].",London,501,male,1656,1714,False
0691600400_000020,"The debate on a motion for the abolition of the slave-trade, in the House of Commons, on Monday the second of April, 1792, reported in detail.",Great Britain. Parliament. House of Commons,44,1792,1,1,"[London : s.n., 1792].",London,176,unknown,,,False
1116400117_000638,"Encyclopaedia; or, A dictionary of arts, sciences, and miscellaneous literature ... Compiled from the writings of the best authors, in several languages ... Illustrated with five hundred and forty-two copperplates. ...",,45,1798,17,18,"Philadelphia : Printed by Thomas Dobson, at the stone house, no 41, South Second Street, M.DCC.XCVIII. [1798] (Copy-right secured according to law).",Philadelphia,869,unknown,,,False
1075700300_000029,"A voyage to the River Sierra-Leone, on the coast of Africa; containing an account of the trade and productions of the country, and of the civil and religious customs and manners of the people; in a series of letters to a friend in England. By John Matthews, ... With an additional letter on the subject of the African slave trade. ... To which are added, eight plates ...","Matthews, John, lieutenant in the Royal Navy",63,1791,1,1,"London : printed for B. White and Son; and J. Sewell, 1791.",London,206,unknown,,,False
1365700100_000640,"A new, royal, authentic, complete, and universal system of geography; or, A modern history and description of the whole world. Containing new, full, accurate, authentic, and interesting accounts and descriptions of Europe, Asia, Africa, and America, as consisting of continents, islands, oceans, seas, rivers, lakes, promontories, capes, bays, peninsulas, isthmusses, gulphs, &c. And as divided into empires, kingdoms, states, and republics. Together with a description of their limits, boundaries, climate, soil, natural and artificial curiosities and productions, religions, laws, government, revenues, forces, antiquities, &c. Also the provinces, cities, towns, villages, forts, castles, harbours, sea-ports, aqueducts, mountains, mines, minerals, fossils, roads, public and private edifices, universities, &c. contained in each: and all that is interesting relative to the customs, manners, genius, tempers, habits, amusements, ceremonies, comemrce, arts, sciences, manufactures, and language of the inhabitants. Together with an accurate and lively description of all the various kinds of birds, beasts, reptiles, fishes, amphibious creatures, insects, &c. Including the substance and essence of the most remarkable voyages and travels, which have been performed by the navigators and travellers of different countries, particularly the late discoveries in the south seas, and towards the North pole; with every curiosity that has hitherto appeared respecting the different parts of the universe. Comprising every interesting discovery and circumstances in the narratives of Captain Cook's voyages round the world. Together with all the recent discoveries made in the Pelew Islands, New Holland, New South Wales, Botany Bay, Port Jackson, Norfolk Island, north and west coasts of America, the interior parts of America, Africa, China, Caffraria, India East and West, Arabia, Madagascar, Russia, &c. &c. Carefully written and compiled from the late journals of the voyages and travels of Captains Phillips, King, Ball, Hunter, White, Dixon, Portlock, Mears, Patterson, Bruce, Anbury, Rochon, Morse, Blyth, Ross, Imlay, Keate, Brissot, Hodges, &c. &c. Also compendious histories of every empire, kingdom, state, &c. with their various revolutions. To which will be added a new, complete, and easy guide to geogrphy, astronomy, the use of the globes, &c. With an account of the rise and progress of navigation, its improvements and utility to mankind. The whole embellished and and enriched with upwards of an hundred most elegant and superb copper-plates, engraved in such a manner as to do infinite honour to the respective artists by whom they are executed. These embellishments consist of views, maps, land and water perspectives; birds, beasts, fishes, &c. as also the various dresses of the inhabitants of different countries, with their strange ceremonies, customs, amusements, &c. &c. By George Augustus Baldwyn, Esq. Assisted by many gentlemen eminent for their knowledge in the science of geography; particularly by Charles Andrew Robertson, Esq.-Clement Walley Oulion, Esq.-and Henry Hogg, M.A. author of the New universal letter writer, and teacher of geography, astronomy, navigation, &c.","Baldwyn, George Augustus",44,1794,1,1,"London : Sold by Alex. Hogg, at (No. 16) Pater-Noster-Row, and by all the booksellers of Bristol, Bath, Birmingham, Cambridge, Coventry, Canterbury, Chester, Derby, Exeter, Gloucester, Hull, Hereford, Ipswich, Liverpool, Leeds, Leichester, Manchester, Norwich, Newcastle, Northampton, Nottingham, Oxford, Reading, Sherborn, Salisbury, Sheffeild, Shrewsbury, Winchester, Worcester, York; and by all other booksellers in England, Wales, Scotland, and Ireland, [1794?].",London,1036,unknown,,,False
0481701000_000004,"Three tracts respecting the conversion and instruction of the free indians, and negroe slaves in the colonies. Addressed to the venerable society for propagation of the gospel in foreign parts.",William Knox,54,1768,1,1,"[London, s.n., 1768?].",London,38,male,1732,1810,True
0464201000_000023,"Remarks on the slave trade, and the Slavery of the Negroes. In a series of letters.",Africanus,37,1788,1,1,"London : printed and sold by J. Phillips, George-Yard, Lombard-Street; and sold also by T. Payne and Sons, Meuse-Gate, Charing-Cross; and Chase and Co. Norwich, MDCCLXXXVIII. [1788].",London,89,unknown,,,False
0736802500_000003,"The speech of Mr. Beaufoy, Tuesday, the 18th June, 1788, in a committee of the whole House, on a bill for regulating the conveyance of negroes from Africa to the West-Indies. To which are added observations on the evidence adduced against the bill.","Beaufoy, Henry           1795",52,1789,1,1,"London : printed by J. Phillips, George-Yard, Lombard-Street, M,DCC,LXXXIX. [1789].",London,37,unknown,,,False
0663700100_000561,"A new dictionary of trade and commerce, compiled from the information of the most eminent merchants, and from the works of the best writers on commercial subjects, in all languages. Containing, among other Things, I. An Account of all the natural Productions, which are conducive to Trade, throughout the World. II. The different Manufactures established in each particular Country. III. Explanations of all the Terms used in Commerce. IV. Explanations of the principal Terms of Geography, Astronomy, and Navigation, so far as they are connected with Trade. V. An exact Account of the Coins, Weights, and Measures in use throughout the World, reduced to the English Standard. VI. A Description of the Established Banks, Trading Companies, and Staple Commodities, of different Countries. Vii. The State of the British Trade, National Debt, Funds, Customs, Excise, and other Taxes. Viii. The Laws relative to Trade and Commerce. For the Use of the Merchants and Tradesmen of Great Britain, as well as of private Gentlemen. By Mr. Rolt, with the assistance of several eminent merchants.",Richard Rolt,45,1756,1,1,"London : printed for T. Osborne and J. Shipton; J. Hodges; J. Newbery; G. Keith; and B. Collins, MDCCLVI. [1756].",London,926,male,1724,1770,False
0691600400_000056,"The debate on a motion for the abolition of the slave-trade, in the House of Commons, on Monday the second of April, 1792, reported in detail.",Great Britain. Parliament. House of Commons,55,1792,1,1,"[London : s.n., 1792].",London,176,unknown,,,False
1212500203_000036,"An inquiry into the nature and causes of the wealth of nations. By Adam Smith, LL.D. and F.R.S. of London and Edinburgh: one of the commissioners of His Majesty's Customs in Scotland; and formerly professor of moral philosophy in the University of Glasgow. In three volumes. ...",Thomas Dobson,59,1796,3,3,"Philadelphia : Printed by Thomas Dobson, at the stone house, no. 41, S. Second Street, 1796.",Philadelphia,447,male,1751,1823,False
0052203200_000040,"A looking-Glass for a right honourable mendicant; or, the real character of a certain great orator; with important political observations: in particular the marrow of the slave question, And Of That Respecting The Laws of Debtor and Creditor, &c. &c. By an old Member of Parliament.",Old Member of Parliament,44,1794,1,1,"London : printed for B. Crosby, NO. 4, Stationers-Court, M.DCC.XCIV. [1794].",London,136,unknown,,,False
0427001800_000038,"The debate on a motion for the abolition of the slave-trade, in the House of Commons, on Monday and Tuesday, April 18 and 19, 1791, reported in detail.",Great Britain. Parliament. House of Commons,47,1791,1,1,"London : printed by and for W. Woodfall, and sold at the printing-office of The Diary, Salisbury-Square, Fleet-Street, MDCCXCI. [1791].",London,128,unknown,,,False
0738900300_000015,"Objections to the abolition of the slave trade, with answers. To which are prefixed, strictures on a late publication, intituled, ""considerations on the emancipation of negroes, and the abolition of the slave trade, by a West India planter."" By the Rev James Ramsey, A.M.",James Ramsay,61,1788,1,1,"London : printed and sold by J. Phillips, George Yard, Lombard-Street, MDCCLXXXVIII. [1788].",London,83,male,1733,1789,False
1288900800_000027,"The debate on a motion for the abolition of the slave-trade, in the House of Commons on Monday and Tuesday, April 18 and 19, 1791, reported in detail.",Great Britain. Parliament. House of Commons,48,1792,1,1,"London : printed by James Phillips, George Yard Lombard Street, M.DCC.XCII. [1792].",London,138,unknown,,,False
1395300800_000007,"Considerations on the revival of the Royal-British-Assiento; between His Catholick-Majesty, and the Honourable the South-Sea Company. With an humble attempt to unite the African-Trade to that of the South-Sea Company, by act of Parliament. By Malachy Postlethwayt, Esq;",Malachy Postlethwayt,66,1749,1,1,"London : Printed for John and Paul Knapton, at the Crown in Ludgate-Street, 1749.",London,54,male,1707,1767,False
0519600105_000062,"A philosophical and political history of the settlements and trade of the Europeans in the East and West Indies. Revised, augmented, and published, in ten volumes, by the Abbé Raynal. Newly translated from the French, by J. O. Justamond, F.R.S. With a new set of maps Adapted to the Work, an a copious index. In Eight Volumes. ...",Guillaume Thomas François Raynal,44,1783,5,8,"London : printed for W. Strahan; and T. Cadell, in the Strand, MDCCLXXXIII. [1783].",London,506,male,1713,1796,True
1614301700_000007,"Substance of the speech of His Royal Highness the Duke of Clarence in the House of Lords, On the motion for the recommitment of the slave trade limitation bill, on the fifth day of July, 1799. Fourth edition, (Published at the request of the West India merchants and planters, and the mercantile interest of Liverpool.)",Great Britain. Parliament. House of Lords,43,1799,1,1,"London : Printed by C. Whitingham, Dean street, Fetter Lane; and sold by F. and C. Rivington, St. Paul's Church Yard, [1799].",London,72,unknown,,,False
0410800900_000004,"Remarks on the late decision of the House of Commons respecting the abolition of the slave trade. The second edition. By Thomas Gisborne, M.A.",Thomas Gisborne,50,1792,1,1,"London : printed for B. White and Sons, Horace's Head, Fleet-Street, 1792.",London,47,male,1758,1846,False
0213601400_000002,"Quashy, or the coal-black maid. A tale. By Captain Thomas Morris.","Morris, Thomas           1732?",37,1796,1,1,"London : printed for J. Ridgway, No. 1, York Street, St. James's Square, 1796.",London,24,unknown,,,False
0750300102_000032,"Britain's commercial interest explained and improved; in a series of dissertations on several important branches of her trade and police: Containing A Candid Enquiry into the secret Causes of the present Misfortunes of the Nation. With Proposals for their Remedy. Also The great Advantages which would accrue to this Kingdom from an Union with Ireland. By Malachy Postlethwayt, Esq; Author of the Universal Dictionary of Trade and Commerce, &c. ...",Malachy Postlethwayt,54,1757,2,2,"London : printed for D. Browne, without Temple-Bar; A. Millar, in the Strand; J. Whiston and B. White, and W. Sandby, in Fleet-Street, MDCCLVII. [1757].",London,563,male,1707,1767,False
1476400132_000074,"The Parliamentary register; or, History of the proceedings and debates of the House of Commons; Containing an account of the most interesting speeches and motions; accurate copies of the most remarkable letters and papers; of the most material evidence, petitions, &c. laid before and offered to the House, during the first session of the fifteenth Parliament of Great Britain. Begun to be holden at Westminster on the 31st day of October 1780.",Great Britain. Parliament. House of Lords,34,1781,32,45,"London : Printed for J. Almon and J. Debrett, opposite Burlington-House, in Piccadilly, MDCCLXXXI. [1781].",London,512,unknown,,,False
1203401000_000007,"The opening of the case in support of the petitions of the merchants of London and Liverpool, against the bill ""to prohibit the trading for slaves on the coast of Africa within certain limits."" By Edward Law, Esq. At The Bar Of The House Of Lords, on Tuesday, May 28, 1799.","Edward Law, 1st Baron Ellenborough",47,1799,1,1,"[London, s.n., 1799].",London,21,male,1750,1818,False
0792700101_000804,"A new and complete system of geography. Containing a full, accurate, authentic and interesting account and description of Europe, Asia, Africa, and America; ... By Charles Theodore Middleton, Esq. assisted by several gentlemen ...","Middleton, Charles Theodore",28,1777,1,2,"London : printed for J. Cooke, 1777.",London,640,unknown,,,False
1289500202_000080,"Narrative, of a five years' expedition; against the revolted negroes of Surinam, in Guiana, on the wild coast of South America; from the year 1772, to 1777: ... By Captn. J. G. Stedman. illustrated with 80 elegant engravings, ...",John Gabriel Stedman,29,1796,2,2,"London : printed for J. Johnson, & J. Edwards, 1796.",London,473,male,1744,1797,False
1592100700_000079,"Book-keeping methodiz'd: or A methodical treatise of merchant-accompts, according to the Italian form. Wherein, the theory of the art is fully explained, and reduced to practice, by variety of suitable examples in all the branches of trade. To which is added, a large appendix, containing, I. Descriptions and specimens of the subsidiary books used by merchants. II. Monies and exchanges, the nature of bills of exchange, promissory notes, and bills of parcels. III. Precedents of merchants writings, peculiar to England, Scotland, and common to both. IV. The commission, duty, and power of factors. V. A short history of the trading companies in Great Britain, with an account of her exports and imports. VI. A dictionary, explaining the abstruse words and terms that occur in merchandize. By John Mair, A.M.","Mair, John",60,1741,1,1,"Edinburgh : Printed by Sands, Brymer, Murray and Cochran. Sold by said W. Sands in the Parliament-close, and J. Hodges at the Looking-glass on London-bridge, MDCCXLI. [1741].",Edinburgh,266,male,1702,1769,False
0627301100_000014,"Objections to the abolition of the slave trade, with answers. To which are prefixed, strictures on a late publication, intitled, ""considerations on the emancipation of negroes, and the abolition of the slave trade, by a West India planter."" By the Rev. James Ramsay, A.M.",James Ramsay,38,1788,1,1,"London : printed and sold by James Phillips, George-Yard, Lombard-Street, M.DCC.LXXXVIII. [1788].",London,60,male,1733,1789,False
0463901900_000006,"The slave-Trade indispensable: in answer to the speech of William Wilberforce, Esq. on the 13th of May, 1789. By a West-India-Merchant.","Innes, William",33,1790,1,1,"London : sold by W. Richardson , Royal Exchange ; J. Murray , Fleet-Street ; and J. Debrett, Piccadilly, M.DCC.XC. [1790].",London,79,male,1720,1795,False
1180700800_000003,"Letter to the treasurer of the Society instituted for the purpose of effecting the abolition of the slave trade. From The Rev. Robert Boucher Nickolls, ...","Nickolls, Robert Boucher",37,1788,1,1,"London : printed by James Phillips, 1788.",London,58,unknown,,,False
0495200202_000055,"A descriptive account of the island of Jamaica: with remarks upon the cultivation of the sugar-cane, ... also observations and reflections upon what would probably be the consequences of an abolition of the slave-trade, and of the emancipation of the slaves. By William Beckford, Esq. ... In two volumes. ...","Beckford, William",28,1790,2,2,"London : printed for T. and J. Egerton, 1790.",London,413,unknown,,,False
0553800400_000391,"The american geography; or, a view of the present situation of the United States of America. Containing astronomical geography; geographical definitions, discovery, and general description Of their Boundaries; Mountains; Lakes; Bays, and Rivers; Natural History; Production; Population; Government; Agriculture; Commerce; Manufactures; and History. - A concise account of the War, and of the important Events which have succeeded: A Particular Description of Kentucky, the Western Territory, the Territory South of Ohio, and Vermong: Of their Extent; Civil Divisions; Chief Towns; Climates; Soils; Trade; Character; Constitutions; Courts of Justice; Colleges; Academies; Religion; Islands; Indians; Literary and Humane Societies; Springs; Curiosities; Histories; Mines; Minerals; Military Strength, &c. With a view of the British, Spanish, French, Portuguese, and Dutch Dominions, on the Continent, and in the West Indies. By Jedidiah Morse, A.M.",Jedidiah Morse,42,1794,1,1,"London : printed for John Stockdale, Piccadilly, 1794.",London,656,male,1761,1826,False
1476400132_000101,"The Parliamentary register; or, History of the proceedings and debates of the House of Commons; Containing an account of the most interesting speeches and motions; accurate copies of the most remarkable letters and papers; of the most material evidence, petitions, &c. laid before and offered to the House, during the first session of the fifteenth Parliament of Great Britain. Begun to be holden at Westminster on the 31st day of October 1780.",Great Britain. Parliament. House of Lords,57,1781,32,45,"London : Printed for J. Almon and J. Debrett, opposite Burlington-House, in Piccadilly, MDCCLXXXI. [1781].",London,512,unknown,,,False
1215800105_000071,"A philosophical and political history of the settlements and trade of the Europeans in the East and West Indies. Revised, augmented, and published, in ten volumes, by the abbé Raynal. Newly translated from the French, by J. O. Justamond, F.R.S. With a new set of maps Adapted To The Work, an a copious index. In eight volumes. ...",Guillaume Thomas François Raynal,45,1788,5,8,"London : printed for A. Strahan; and T. Cadell, In The Strand, MDCCLXXXVIII. [1788].",London,521,male,1713,1796,True
1424100100_000022,"A political essay upon commerce. Written in French by Monsieur M***** translated, with some annotations and remarks, by David Bindon, Esq;",Jean-François Melon,53,1739,1,1,"Printed at Dublin : And sold by T. Woodward, at the Half-Moon between the Two Temple-Gates in Fleetstreet; and T. Cox, under the Royal Exchange; in London, MDCCXXXIX. [1739].",Dublin,389,male,1675,1738,False
1010400100_000014,"A new dictionary of trade and commerce, compiled from the information of the most eminent merchants, and from the works of the best writers on commercial subjects, in all languages. Containing, among other Things, I. An Account of all the natural Productions, which are conducive to Trade, throughout the World. II. The different Manufactures established in each particular Country. III. Explanations of all the Terms used in Commerce. IV. Explanations of the principal Terms of Geography, Astronomy, and Navigation, so far as they are connected with Trade. V. An exact Account of the Coins, Weights, and Measures in use throughout the World, reduced to the English Standard. VI. A Description of the Established Banks, Trading Companies, and Staple Commodities, of different Countries. Vii. The State of the British Trade, National Debt, Funds, Customs, Excise, and other Taxes. Viii. The Laws relative to Trade and Commerce. For the Use of the Merchants and Tradesmen of Great Britain, as well as of private Gentlemen. By Mr. Rolt, with the assistance of several eminent merchants. The second edition, with the addition of a new and accurate set of maps of the world, Europe, Asia, Africa, and North and South America, by Mr. Bowen.",Richard Rolt,69,1761,1,1,"London : printed for G. Keith, at the Bible and Crown, in Grace-Church-Street; S. Crowder, at the Looking-Glass, and H. Woodgate and S. Brooks, at the Golden Ball, in Pater-Noster-Row, MDCCLXI. [1761].",London,926,male,1724,1770,False
1163900101_000076,"The history, civil and commercial, of the British colonies in the West Indies: in two volumes. By Bryan Edwards, ...",Bryan Edwards,31,1793,1,2,"London : printed for John Stockdale, 1793.",London,540,male,1743,1800,False
0390500200_000590,"A new geographical, historical, and commercial grammar; and present state of the several Kingdoms of the world. Containing I. The figures, motions, and distances of the planets, according to the Newtonian System, and the latest Observations. II. A general View of the Earth, considered as a Planet; with several useful Geographical Definitions and Problems. III. The grand Divisions of the Globe into Land and Water, Continents and Islands. IV. The Situation and Extent of Empires, Kingdoms, States, Provinces, and Colonies. V. Their Climate, Air, Soil, Vegetable Productions, Metals, Minerals, Natural Curiosities, Seas, Rivers, Bays, Capes, Promontories, and Lakes. VI. The Birds and Beasts peculiar to each Country. Vii. Observations on the Changes that have been any-where observed upon the Face of Nature, since the most early Periods of History. Viii. The History and Origin of Nations, their Forms of Government, Religion, Laws, Revenues, Taxes, Naval and Military Strength, Orders of Knighthood, &c. IX. The Genius, Manners, Customs, and Habits of the People. X. Their Language, Learning, Arts, Sciences, Manufactures, and Commerce. XI. The chief Cities, Structures, Ruins, and artificial Curiosities. XII. The longitude, latitude, bearings, and distances of principal places from London. To which are added, I. A geographical index, with the Names of Places alphabetically arranged. II. A Table of the Coins of all Nations, and their Value in English Money. III. A chronological table of remarkable Events, from the Creation to the present Time. By William Guthrie, Esq. The astronomical part by James Ferguson, F. R. S. To Which Have Been Added The Late Discoveries Of DR. Herschel, And Other Eminent Astronomers. Illustrated with A Correct Set Of maps, Engraved From The Most Recent Observations And Draughts Of Geographical Travellers. The eighteenth edition, corrected and considerably enlarged.",William Guthrie,42,1800,1,1,"London : printed for G.G. and J. Robinson, In Pater-Noster-Row; and J. Mawman (successor to Mr. Dilly) In The Poultry : by S. Hamilton, Falcon-Court, Fleet-Street, 1800.",London,1098,male,1708,1770,False
0301701000_000036,"The debate on a motion for the abolition of the slave-trade, in the House of Commons, on Monday and Tuesday, April 18 and 19, 1791, reported in detail.",Great Britain. Parliament. House of Commons,42,1791,1,1,"London : printed by and for W. Woodfall, and sold at the printing-office of The Diary, Salisbury-Square, Fleet-Street, MDCCXCI. [1791].",London,125,unknown,,,False
0442000200_000030,Extracts and original anecdotes; for the improvement of youth.,Mary Leadbeater,38,1794,1,1,"Dublin : printed by R. M. Jackson, NO. 20 Meath-Street, 1794.",Dublin,235,female,1758,1826,False
0630703000_000003,"The injustice and impolicy of the slave trade, and of the slavery of the Africans: illustrated in a sermon preached before the Connecticut Society for the Promotion of Freedom, and for the Relief of Persons Unlawfully Holden in Bondage, at their annual meeting in New-Haven, September 15, 1791. By Jonathan Edwards, D.D. Pastor of a church in New-Haven.","Connecticut Society for the Promotion of Freedom, and the Relief of Persons Unlawfully Holden in Bondage",48,1791,1,1,"[New Haven] : Printed by Thomas and Samuel Green, M,DCC,XCI. [1791].",New Haven,39,unknown,,,False
1213100200_000007,"Some observations on the assiento trade, as it has been exercised by the South-Sea Company; proving the damage, which will accrue thereby to the British commerce and plantations in America, and particularly to Jamaica. To which is annexed, A Sketch of the Advantages of that Island to Great Britain, by its annual Produce, and by its Situation for Trade or War. Addressed to His Grace the Duke of Newcastle, One of his Majesty's Principal Secretaries of State. By a person who resided several years at Jamaica.",Person who resided several years at Jamaica,49,1728,1,1,"London : printed for H. Whitridge, at the Corner of Castle-Alley in Cornhill, MDCCXXVIII. [1728].",London,43,unknown,,,False
0523501500_000001,"A detection of the proceedings and practices of the directors of the Royal African Company of England, From their first Establishment by Charter in the Year 1672, to the present Year 1748. With Remarks on the Use and Importance of the British Forts and Settlements on the Coast of Guiney, and the Necessity of speedily putting them upon a proper Establishment.",,51,1749,1,1,"London : printed for T. Warner, neat St. Paul's, MDCCXLIX. [1749].",London,57,unknown,,,False
0600000400_000002,"A very new pamphlet indeed! Being the truth: addressed to the people at large. Containing some strictures on the English Jacobins, and the evidence of Lord M'cartney, and others, before the House of Lords, respecting the slave trade.",,37,1792,1,1,"London : [s.n.], Printed in the Year 1792.",London,13,unknown,,,False
1667500116_000146,"The Modern part of the universal history. Compiled from original writers. By the authors of the antient. Which will perfect the work, and render it a complete body of history, from the earliest account of time, to the present. Vol. XIV.",,48,1763,16,16,"London : Printed for T. Osborne, C. Hitch and L. Hawes, A. Millar, J. Rivington, S. Crowder, B. Law and Co. T. Longman, C. Ware, and S. Bladon, M.DCC.LXIII. [1763].",London,680,unknown,,,False
0722400600_000003,"Answer, to Observations, occasioned by the attempts made in England to effect the abolition of the slave trade; addressed to the author of that pamphlet, by a sugar planter, of the island of Jamaica.",Sugar planter,34,1788,1,1,"Kingston, Jamaica : printed by Thomas Strupar and Joseph Preston in Harbour-Street, M,DCC,LXXXVIII. [1788].",Kingston,32,unknown,,,False
1212600602_000102,"An inquiry into the nature and causes of the wealth of nations. By Adam Smith, L. L. D. and F. R. S. of London and Edinburgh: One of the Commissioners of His Majesty's Customs in Scotland; and Formerly Professor of Moral Philosophy in the University of Glasgow.",Adam Smith,74,1793,2,2,"Dublin : printed by William Porter, for G. Burnet, L. White, W. Wilson, P. Byrne, W. McKenzie, J. Moore, and W. Jones, M.DCC.XCIII. [1793].",Dublin,559,male,1723,1790,True
0228000903_000087,"Jordan's Parliamentary journal, for the year MDCCXCIII. Being an accurate and impartial history of the debates and proceedings of both Houses of Parliament, from the opening of the session on the thirteenth day of December, 1792. Including All Motions, Resolutions, Protests, &c. And Papers of Every Kind.","Jordan, J. S. (Jeremiah Samuel)",60,1792,3,3,"London : printed for J. S. Jordan, No. 166, Fleet-Street, MDCCXCII. [1792]-93 [1793].",London,391,unknown,,,False
0155801700_000011,"An address to the inhabitants of the British settlements, on the slavery of the Negroes in America. To which is added, A vindication of the address, in answer to a pamphlet entitled, ""Slavery not forbidden in Scripture; or, A defence of the West India planters."" By a Pennsylvanian. [Fifteen lines of verse, signed Proteus].",Benjamin Rush,39,1773,1,1,"Philadelphia : Printed and sold by John Dunlap, M,DCC,LXXIII. [1773].",Philadelphia,85,male,1745,1813,False
0026103000_000002,"The African Companies considerations on the late act of Parliament for settling the trade to Africa, answer'd paragraph by paragraph.",,79,1708,1,1,"[London, 1708].",London,2,unknown,,,False
0691601900_000004,"On slavery and the slave trade, by T. Gisborne, M. A.",Thomas Gisborne,54,1792,1,1,"London : sold by J. Stockdale, J. Debrett, and J. Phillips, MDCCXCII. [1792].",London,21,male,1758,1846,False
0432500700_000002,"Report of the Lords of the Committee of Council appointed for the consideration of all matters relating to trade and foreign plantations; submitting to His Majesty's consideration the evidence and information they have collected in consequence of His Majesty's order in council dated the 11th of February 1788, concerning the present state of the trade to Africa, and particularly the trade in slaves; ...",Great Britain. Board of Trade,65,1789,1,1,"[London], 1789.",London,890,unknown,,,False
0775500100_000009,"A caution and warning to Great Britain and her colonies, in a short representation of the calamitous state of the enslaved Negroes in the British dominions. Collected from various authors, and submitted to the serious consideration of all, more especially of those in power. By Ant. Benezet.",John Henry Miller,36,1766,1,1,"Philadelphia : Printed by Henry Miller, in Second-Street, MDCCLXVI. [1766].",Philadelphia,34,male,1702,1782,False
1395300900_000008,"Detector detected: or, State of affairs on the Gold Coast, and conduct of the present managers consider'd. With a comparison of the trade in the late company's time, and benefits since received by the open plan for extending the same. Wrote on the coast, By J.S.G. last commandant of commenda, under the Royal African Company.","J. S. G., last Commandant of Commenda",38,1753,1,1,"London : Printed for the author; and sold by W. Owen, at Homer's-Head near Temple-Bar, and by the booksellers at the Royal-Exchange, 1753.",London,64,unknown,,,False
0643700500_000065,"The new annual register, or general repository of history, politics, and literature, for the year 1798. To which is prefixed, the history of knowledge, learning, and taste, in Great Britain, during the reign of King Charles II. - Part II.",,42,1799,1,1,"London : printed by S. Hamilton, Falcon-Court, Fleet-Street; for G. G. and J. Robinson, Pater-Noster-Row, MDCCXCIX. [1799].",London,939,unknown,,,False
0432000100_000558,"Lex mercatoria rediviva: or, the merchant's directory. Being a complete guide to all men in business, Whether AS Traders, Remitters, Owners, Freighters, Captains, Insurers, Brokers, Factors, Supercargoes, Agents, Containing an account of our mercantile companies; of our colonies and factories abroad; of our Commercial Treaties with Foreign Powers; of the duty of consuls, and of the Laws concerning Aliens, Naturalization, and Denization. To Which IS Added, a sketch of the present state of the commerce of the whole world; describing the Manufactures and Products of each particular Nation; with Tables of the Correspondence and Agreement of their respective Coins, Weights, and Measures. Extracted from the works of the most celebrated British And Foreign Commercial writers. The whole equally calculated for the Information and Service of the Merchant, Lawyer, Member of Parliament, and private Gentleman. By the late Wyndham Beawes, Esq; His Britannick Majesty's Consul at Seville and St. Lucar. The fourth edition, considerably improved, enlarged, and altered to render it suitable to the present Time, by Thomas Mortimer, Esq; Formerly his Majesty's Vice Consul at Ostend, and Author of several Commercial Treatises.",Thomas Mortimer,45,1783,1,1,"London : printed for J. Rivington, and Sons, T. Longman, B. Law, S. Crowder, T. Cadell, G. Robinson, J. Sewel, and R. Baldwin, MDCCLXXXIII. [1783].",London,973,male,1730,1810,False
0090700200_000077,"Essays historical and moral. By G. Gregory, F.A.S.",George Gregory,46,1788,1,1,"London : printed for J. Johnson, ST. Paul's Church-Yard, M.DCC.LXXXVIII. [1788].",London,428,male,1754,1808,False
0940000300_000009,"Abridgment of the minutes of the evidence, taken before a committee of the whole House, to whom it was referred to consider of the slave-trade, 1789.",Great Britain. Parliament. House of Commons,42,1789,1,1,"[London, 1789].",London,83,unknown,,,False
0610300302_000044,"Travels in North-America, in the years 1780, 1781, and 1782. By the Marquis de Chastellux, One of the forty Members of the French Academy, and Major General in the French Army, serving under the Count de Rochambeau. Translated from the French by an English gentleman, Who Resided in America at that Period. With Notes by the Translator. ...","Chastellux, François Jean, marquis de",39,1787,2,2,"Dublin : printed for Messrs. Colles, Moncrieffe, White, H. Whitestone, Byrne, Cash, Marchbank, Heery, and Moore, M,DCC,LXXXVII. [1787].",Dublin,449,male,1734,1788,False
0736700105_000043,"The political and commercial works of that celebrated writer Charles D'Avenant, LL.D. Relating to the Trade and Revenue of England, The Plantation Trade, The East-India Trade, And African Trade. Collected and revised by Sir Charles Whitworth, Member of Parliament. To which is annexed a copious Index. In five volumes. Volume I.",Charles Davenant,54,1771,5,5,"London : printed for R. Horsfield in Ludgate Street, T. Becket and P. A. Dehondt, and T. Cadell in the Strand, and T. Evans in King Street, Covent Garden, MDCCLXXI. [1771].",London,501,male,1656,1714,False
1163900102_000033,"The history, civil and commercial, of the British colonies in the West Indies: in two volumes. By Bryan Edwards, ...",Bryan Edwards,37,1793,2,2,"London : printed for John Stockdale, 1793.",London,503,male,1743,1800,False
0800701200_000006,"Remarks on a pamphlet, entitled Bengal sugar; and on the manner in which the trade of the East-India Company is carried on in the East-Indies by foreign shipping, In Violation Of The Laws Enacted for the Support of the Commerce and Navigation of Great Britain. By Gilb. Francklyn, Esq.","Francklyn, Gilbert",52,1795,1,1,"London : printed for John Stockdale, Piccadilly, [1795].",London,118,unknown,,,False
0115100101_000126,"The American universal geography, or, A view of the present state of all the empires, kingdoms, states, and republics in the known world, and of the United States in particular. In two parts. ... The whole comprehending a complete and improved system of modern geography. Calculated for Americans. Illustrated with twenty-eight maps and charts. By Jedidiah Morse, D.D. Minister of the congregation in Charlestown. Published according to act of Congress. Part I[-II].",Jedidiah Morse,27,1796,1,2,"Printed at Boston : by Isaiah Thomas and Ebenezer T. Andrews. Sold at their bookstore, Faust's Statue, no. 45, Newbury Street; by said Thomas, in Worcester; by S. Campbell, in New York; by M. Carey, in Philadelphia; by Thomas, Andrews and Butler, in Baltimore; and by other booksellers in different parts of the United States, June, 1796.",Boston|New York.|Worcester.,833,male,1761,1826,False
1613601200_000003,"The true state of the question, addressed to the petitioners for the abolition of the slave trade. By a plain man, who signed the petition at Derby.",Plain man,28,1792,1,1,"London : Printed for J. Bell, British Library, Strand, MDCCXCII. [1792].",London,14,male,,,False
0163100204_000028,"The history of the reign of George the Third, king of Great Britain, &c. from the conclusion of the seventh session of the sixteenth Parliament, in 1790, to the End of the Sixth Session of the Seventeenth Parliament of Great Britain, in 1796. By Robert Macfarlan, Esq. Vol.IV.",Robert Macfarlan,44,1796,4,4,"London : printed for the author, and sold by T. Evans, in Paternoster-Row, MDCCXCVI. [1796].",London,661,male,1734,1804,False
1213502102_000025,"An account of the European settlements in America. In six parts. I. A short History of the Discovery of that Part of the World. II. The Manners and Customs of the original Inhabitants. III. Of the Spanish Settlements. IV. Of the Portuguese. V. Of the French, Dutch, and Danish. VI. Of the English. Each Part contains An accurate Description of the Settlements in it, their Extent, Climate, Productions, Trade, Genius and Disposition of their Inhabitants: the Interests of the several Powers of Europe with respect to those Settlements; and their Political and Commercial Views with regard to each other. In two volumes. ...",Edmund Burke,37,1760,2,2,"London : printed for R. and J. Dodsley in Pall-Mall, MDCCLX. [1760].",London,320,male,1729,1797,True
0663700100_000552,"A new dictionary of trade and commerce, compiled from the information of the most eminent merchants, and from the works of the best writers on commercial subjects, in all languages. Containing, among other Things, I. An Account of all the natural Productions, which are conducive to Trade, throughout the World. II. The different Manufactures established in each particular Country. III. Explanations of all the Terms used in Commerce. IV. Explanations of the principal Terms of Geography, Astronomy, and Navigation, so far as they are connected with Trade. V. An exact Account of the Coins, Weights, and Measures in use throughout the World, reduced to the English Standard. VI. A Description of the Established Banks, Trading Companies, and Staple Commodities, of different Countries. Vii. The State of the British Trade, National Debt, Funds, Customs, Excise, and other Taxes. Viii. The Laws relative to Trade and Commerce. For the Use of the Merchants and Tradesmen of Great Britain, as well as of private Gentlemen. By Mr. Rolt, with the assistance of several eminent merchants.",Richard Rolt,33,1756,1,1,"London : printed for T. Osborne and J. Shipton; J. Hodges; J. Newbery; G. Keith; and B. Collins, MDCCLVI. [1756].",London,926,male,1724,1770,False
1285800303_000209,"An impartial report of the debates that occur in the two houses of Parliament, In the Course of the Sixth Session of the Seventeenth Parliament of Great Britain, called to meet at Westminster, on Thursday the 29th of October, 1795. With some account of the respective speakers, and Notes and Illustrations. including copies of all state papers, treaties, conventions, &c. By William Woodfall, and assistants. Vol. III.",William Woodfall,51,1796,3,3,"London : published by T. Chapman, No. 151, Fleet-Street, 1796.",London,667,male,1746,1803,False
1478900602_000031,"The history of America: containing the geographical, political, and commercial state of that continent; in which is given a succinct account of the trade, customs and policy of the French nation, and the foundation they have laid for obtaining the sole dominion in those colonies. Translated from the French of Mons. Du Bosque, late historographer to the French King. In two volumes.",Malachy Postlethwayt,54,1770,2,2,"London : printed by George Cave and William Jordon, in St. Paul's Church Yard, MDCCLXX. [1770]",London,386,male,1707,1767,False
0946700112_000198,"The history of England. Written in French by M. Rapin de Thoyras. Translated into English, with additional notes, by N. Tindal, M. A. Rector of Alverstoke, in Hampshire, and Chaplain of the Royal Hospital at Greenwich. Illustrated with Maps, Genealogical Tables, and the Heads and Monuments of the Kings.",Paul de Rapin,40,1759,12,12,"London : printed, by assignment from Mr. Knapton, for T. Osborne, J. Robinson, H. Woodfall, W. Strahan, J. Rivington, J. Ward, R. Baldwin, W. Owen, W. Johnston, J. Richardson, P. Davey and B. Law, G. Keith, T. Longman, T. Field, T. Caslon, S. Crowder and Co. H. Woodgate, M. Cooper, and C. Ware, MDCCLIX. [1759].",London,573,male,1661,1725,True
0464001400_000009,"A letter from Capt. J. S. Smith to the Revd Mr Hill on the state of the Negroe slaves. To which are added An Introduction, and Remarks on Free Negroes, &c. By the Editor.","Smith, John Samuel",35,1786,1,1,"London : printed and sold by J. Phillips, in George-Yard, Lombard-Street, 1786.",London,54,male,,,False
0800701100_000031,"Observations, occasioned by the attempts made in England to effect the abolition of the slave trade; shewing, the manner in which negroes are treated in the British Colonies In The West-Indies: and also, some particular remarks on a letter Addressed To The Treasurer Of The Society For Effecting Such Abolition, from the Rev. Robert Boucher Nicholls, Dean Of Middleham, By G. Francklyn, Esq.","Francklyn, Gilbert",36,1789,1,1,"[London] : Kingston, Jamaica, printed. London: reprinted at the Logographic Press, and sold by J. Walter, No. 169, Opposite Bond Street, Piccadilly; C. Stalker, Stationer's Court, Ludgate Street; and W. Richardson, under the Royal Exchange, M.DCC.LXXXIX. [1789].",London,106,unknown,,,False
0606000402_000031,"The history, civil and commercial, of the British colonies in the West Indies. In two volumes. By Bryan Edwards, ...",Bryan Edwards,39,1793,2,2,"Dublin : Luke White, 1793.",Dublin,493,male,1743,1800,False
0040501702_000022,"Tracts, on various subjects, chiefly relating to East-India affairs. Published at different periods, by John Prinsep. ...",John Prinsep,52,1800,2,2,"[London?, s.n., 1800?].",London,259,male,1746,1830,False
0160004100_000020,"Two letters and several calculations on the sugar colonies and trade; addressed to two committees nominated by the West-India merchants, &c. With an appendix: Containing, 1. Four Letters concerning the flourishing Condition, large Extent, and prodigious Increase of the French Sugar Colonies; the Poverty, Weakness and Decay of the British Sugar Colonies; and their vast Importance to the Trade, Navigation, Wealth and Power of this Nation. 2. Some Proposals formerly presented to a Great Minister of State, for the Preservation and Advancement of the British Sugar Colonies, and Interests in the West-Indies: With an Addition of several Notes thereon. By Mr. Bennett, late Agent in the West-Indies, to the South-Sea and Royal Assiento Company of Great Britain; and to the Society for the Propagation of the Gospel in Foreign Parts.","Bennet, John, merchant",45,1738,1,1,"London : printed for R. Montagu, at the Book Ware-House, the General Post-Office, in Great Wylde-Street, near that End of Great Queen-Street. next Drary Lane, 1738.",London,107,unknown,,,False
1236701302_000032,"The history of America containing the geographical, political, and commerical [sic] state of that continent: in which is given a succinct account of the trade, customs and policy of the French nation, and the foundation they have laid for obtaining the sole dominion in those colonies. Translated from the French of Mons. du Bosque late Historographer to the French King. In two volumes. ...",Malachy Postlethwayt,55,1771,2,2,"London : printed by James Lowndes in Paternoster-Row, MDCCLXXI. [1771].",London,391,male,1707,1767,False
0940000300_000026,"Abridgment of the minutes of the evidence, taken before a committee of the whole House, to whom it was referred to consider of the slave-trade, 1789.",Great Britain. Parliament. House of Commons,36,1789,1,1,"[London, 1789].",London,83,unknown,,,False
1134800501_000080,"A summary, historical and political, of the first planting, progressive improvements, and present state of the British settlements in North-America. ... By William Douglass, M.D. ...","Douglass, William",42,1749,1,2,"Boston, New-England : Printed and sold by Rogers and Fowle in Queen-Street, MD,CC,XLIX. [1749-1752].",Boston,278,male,1691,1752,False
1116400117_000637,"Encyclopaedia; or, A dictionary of arts, sciences, and miscellaneous literature ... Compiled from the writings of the best authors, in several languages ... Illustrated with five hundred and forty-two copperplates. ...",,36,1798,17,18,"Philadelphia : Printed by Thomas Dobson, at the stone house, no 41, South Second Street, M.DCC.XCVIII. [1798] (Copy-right secured according to law).",Philadelphia,869,unknown,,,False
0600600500_000002,"The African trade, the great pillar and support of the British plantation trade in America: ...",Malachy Postlethwayt,53,1745,1,1,"London : printed for J. Robinson, 1745.",London,47,male,1707,1767,False
0684801700_000004,"Considerations on the present peace, As far as it is relative to the colonies, and the African trade.","Roberts, John, governor of Cape Coast Castle",42,1763,1,1,"London : printed for W. Bristow, at the West End of St. Paul's Church-Yard, MDCCLXIII. [1763].",London,79,unknown,,,False
1699002700_000001,"Observations on the advantages which would arise to this country from opening a trade with the coast of Africa; With a plan for the same, by which the slave trade may be ultimately abolished.",,49,1795,1,1,"Dublin : Printed by J. Chambers, No. 5, Abbey-Street, 1795.",Dublin,31,unknown,,,False
